system:index,apn_perc,area_m2,available_area_m2,cell_size_m,coast_len,elev_mean,fires_perc,grid_id,id,lat,lon,no_urbano_perc_2017,no_urbano_perc_2018,no_urbano_perc_2019,no_urbano_perc_2020,no_urbano_perc_2021,no_urbano_perc_2022,no_urbano_perc_2023,no_urbano_perc_2024,non_apn_perc,precip_mean,retama_perc_2017,retama_perc_2018,retama_perc_2019,retama_perc_2020,retama_perc_2021,retama_perc_2022,retama_perc_2023,retama_perc_2024,rivers_len,roads_len,temp_mean,urbano_perc_2017,urbano_perc_2018,urbano_perc_2019,urbano_perc_2020,urbano_perc_2021,urbano_perc_2022,urbano_perc_2023,urbano_perc_2024,.geo
00000000000000000000,99.89028792826228,946525.585955503,683183.3798624082,7000,0,1329.25,0.0,"37,745","37,745",-43.12276590629423,-71.88232533707051,100.0,100.0,100.0,100.0,100.0,100.0,100.0,100.0,0.10971207173771455,101.17708333333333,0.0,0.0,0.0,0.0,0.0,0.0,0.0,0.0,0,0,7.313021087646485,0.0,0.0,0.0,0.0,0.0,0.0,0.0,0.0,"{""type"":""Polygon"",""coordinates"":[[[-71.87678434987883,-43.128310871537565],[-71.87632810836061,-43.118585078395306],[-71.8890555761769,-43.118264157576796],[-71.8886008000716,-43.11893685577361],[-71.88865942253106,-43.12021033033013],[-71.88854208713434,-43.12102791936886],[-71.88881728696963,-43.12397267117993],[-71.88806985016394,-43.12575918942067],[-71.88780731504819,-43.12591975811237],[-71.88667756113655,-43.126593302948365],[-71.88637178142663,-43.12701748976403],[-71.88335314060305,-43.12651847665211],[-71.88276744834342,-43.1265759784446],[-71.881663097899,-43.12668658176103],[-71.88096675892182,-43.127159466391284],[-71.87933623220255,-43.12808714265024],[-71.87865255378738,-43.128314243575176],[-71.87737720049375,-43.12851844243008],[-71.87678434987883,-43.128310871537565]]]}"
00000000000000000001,99.95889601626196,1.83020808894089E7,2843063.542702017,7000,0,1275.5149253731342,0.0,"38,745","38,745",-43.1333391784889,-71.82545613235108,100.0,100.0,100.0,100.0,100.0,100.0,100.0,100.0,0.041103983738034,82.97864842454393,0.0,0.0,0.0,0.0,0.0,0.0,0.0,0.0,6510.892539231357,0,5.0187890038561465,0.0,0.0,0.0,0.0,0.0,0.0,0.0,0.0,"{""type"":""Polygon"",""coordinates"":[[[-71.7920798381283,-43.15792258031147],[-71.7903855972425,-43.12071484040967],[-71.87632810836061,-43.118585078395306],[-71.87678434987883,-43.128310871537565],[-71.87673712443433,-43.12829434751512],[-71.87651167259705,-43.128142185545315],[-71.87588254169023,-43.12854359468993],[-71.87515615356796,-43.128757314208805],[-71.87446649493118,-43.12893977155169],[-71.87368536851487,-43.12904610156871],[-71.8712696906136,-43.129043394847315],[-71.87081208397296,-43.12906077166125],[-71.86984213300838,-43.129059711297906],[-71.86917752351471,-43.12890256157447],[-71.86847654262958,-43.12866495935583],[-71.86695216616114,-43.128328063728176],[-71.86609846143516,-43.128193010761024],[-71.86543384400156,-43.12804034913594],[-71.86431124713033,-43.128114947935124],[-71.8638353545941,-43.12815015241586],[-71.86294382317361,-43.12856911193529],[-71.8624062250648,-43.12891244221174],[-71.86198479527403,-43.129139858767694],[-71.8614900804911,-43.12938946463317],[-71.86101409320197,-43.1294693381603],[-71.86021474778477,-43.12952644072914],[-71.85976336779292,-43.12952586987257],[-71.8591656886577,-43.129467067410346],[-71.8584277714023,-43.12933210965595],[-71.8577569853803,-43.129259771703644],[-71.85724462115141,-43.129201008235256],[-71.85648851369942,-43.12908390914858],[-71.85631190439754,-43.1289228642582],[-71.85578840923449,-43.12845301125149],[-71.85535647530689,-43.12795206061649],[-71.85515543673274,-43.12785349721716],[-71.85509445560969,-43.127826619677585],[-71.85482022136271,-43.12771014137815],[-71.85469228752136,-43.1276518991109],[-71.85451576768737,-43.127490791382534],[-71.85443053870081,-43.1274147446426],[-71.85429057130227,-43.12728497301146],[-71.85416245629209,-43.127258006331246],[-71.8538332113338,-43.12719499857956],[-71.85328446897103,-43.127087069923654],[-71.85298553291025,-43.127104594506214],[-71.85277164507022,-43.12727858649943],[-71.85262452923804,-43.12756436271823],[-71.85290917026325,-43.12843595637558],[-71.85326754977662,-43.129066433919284],[-71.85385691625848,-43.13007250545648],[-71.85397118844675,-43.13074284705852],[-71.85404221270753,-43.13164550443035],[-71.8540481841733,-43.131717038771065],[-71.85414445142419,-43.132284561199725],[-71.85406347474425,-43.13299042383109],[-71.85372644867373,-43.133620023960404],[-71.85362828128059,-43.13383884390331],[-71.85368238644668,-43.13419186874761],[-71.85376707277491,-43.13448685911845],[-71.85442501962551,-43.13488088854365],[-71.8550338363807,-43.1354089162613],[-71.85519217016318,-43.13553866532103],[-71.85635605673232,-43.13614784185628],[-71.8575258199169,-43.13684627802194],[-71.85799493634507,-43.13712839540703],[-71.85825695362486,-43.13728060327813],[-71.85852485159143,-43.1375177882076],[-71.85893153854418,-43.13844319610206],[-71.85914424601546,-43.13877406173687],[-71.86022859045616,-43.13951707123391],[-71.86070367418768,-43.13990191918035],[-71.86060559944842,-43.14010290361765],[-71.86042799723656,-43.14037518619746],[-71.8600310835248,-43.1405311143639],[-71.85946271886357,-43.14093253308838],[-71.85851508024105,-43.14175795138085],[-71.85802008856581,-43.14208797829544],[-71.85759231958818,-43.14236002135956],[-71.85733554935116,-43.142574147751645],[-71.85663345630029,-43.14276989214272],[-71.85637722813654,-43.14272040708012],[-71.85542017066992,-43.14234391229393],[-71.85451133433303,-43.142231040341656],[-71.85344922749572,-43.14238608278526],[-71.85272287789854,-43.14251473652678],[-71.85216752875738,-43.142527400721185],[-71.85120973466528,-43.14248591521716],[-71.85058136731934,-43.14243148354077],[-71.84972119417678,-43.14234550645828],[-71.8488794762467,-43.14225502129901],[-71.84826359027416,-43.14207549836863],[-71.84762327387716,-43.14194504292538],[-71.8467266296827,-43.14184111501516],[-71.84629956919005,-43.14180920566993],[-71.8454449940736,-43.14192871557655],[-71.84475454635675,-43.142307533658816],[-71.84385671777068,-43.142681700312906],[-71.8434534495798,-43.14288219151724],[-71.84300132171786,-43.14313627229578],[-71.84226825251343,-43.14345244019706],[-71.84178508822164,-43.14390753156213],[-71.8416138090171,-43.14406819999938],[-71.84144252971967,-43.144224284281655],[-71.84129730868948,-43.14374599904996],[-71.84078618442031,-43.14322258131843],[-71.84024375299809,-43.14295370308376],[-71.83996932486953,-43.14290864710619],[-71.83924348710751,-43.142809332148225],[-71.83851692382854,-43.14298703442854],[-71.83798607012527,-43.14299073540188],[-71.83625922862156,-43.14301063289482],[-71.83575877308095,-43.14303669940077],[-71.83525813578429,-43.143152176213874],[-71.83507472842888,-43.14327697474266],[-71.83489086855592,-43.14358058225481],[-71.83476184084505,-43.14393784864253],[-71.83456477036883,-43.14460779030127],[-71.83443556156023,-43.14499631147868],[-71.83409308557633,-43.145290693764046],[-71.83373215077631,-43.14560295972818],[-71.83318798808119,-43.14601769523778],[-71.83283248121933,-43.14658905189039],[-71.83253271144272,-43.14687458335509],[-71.83163611490544,-43.14672133172039],[-71.83078855784716,-43.14650564283329],[-71.82991014359108,-43.146401610897236],[-71.82926852323361,-43.146731252601064],[-71.82848493209144,-43.147614762176815],[-71.82781724938081,-43.14854314861828],[-71.82710160849754,-43.149113956447025],[-71.82594041913987,-43.14975561451557],[-71.82510388602886,-43.14991966407908],[-71.82410818706411,-43.150257677858605],[-71.8236990121565,-43.15037773411133],[-71.82310524612706,-43.151006820581465],[-71.82217224761305,-43.15077750071829],[-71.8218795256639,-43.150705557002155],[-71.82187355359042,-43.15066083254968],[-71.82151423362907,-43.15041902991603],[-71.82144528323997,-43.148948909798094],[-71.82121391023698,-43.14877431698569],[-71.82107980973339,-43.148702583409076],[-71.82051318471349,-43.14840682847995],[-71.8202695953653,-43.14823216416509],[-71.8188813496839,-43.147211277080466],[-71.81838294791723,-43.14654024970133],[-71.81781731344797,-43.14590932016646],[-71.81748232996208,-43.1457032697774],[-71.81728135779862,-43.1455733836326],[-71.81666613425406,-43.145197099706124],[-71.81617152949444,-43.14532139866986],[-71.8150781661165,-43.145677075081466],[-71.81383775561123,-43.14624699313306],[-71.81264602313738,-43.14686610540619],[-71.81024444696013,-43.147961304200344],[-71.8097425930733,-43.1484385612609],[-71.80903324577929,-43.14891543924066],[-71.80843945238016,-43.14953103178831],[-71.80791334435143,-43.14993676803082],[-71.80729529751942,-43.1504718974588],[-71.80640858372871,-43.15106912961963],[-71.80614471373426,-43.15154232611824],[-71.80583786052733,-43.15207347259545],[-71.8055860253099,-43.15258685929602],[-71.8054012434681,-43.153113813110956],[-71.80521094158678,-43.1534664664357],[-71.80478273931631,-43.153796350681304],[-71.80405600671814,-43.15396043617336],[-71.80352500493943,-43.15395953661398],[-71.80292712918065,-43.15390485578423],[-71.80216428622896,-43.15390357684282],[-71.80161418755377,-43.15416175942586],[-71.80137492736397,-43.15455010108636],[-71.80126950441714,-43.1550636916696],[-71.80090038809146,-43.155961166889064],[-71.80040467297316,-43.15638924045816],[-71.79945079474942,-43.15694157272614],[-71.79872966056145,-43.157235220518366],[-71.79794762312915,-43.157501902451536],[-71.79745326082687,-43.15750998110717],[-71.79672108197742,-43.15742828455436],[-71.79623965831345,-43.157226384399365],[-71.79530612870909,-43.157139770076114],[-71.7946165674821,-43.15710728514993],[-71.79376176288139,-43.15722641517201],[-71.7933953527155,-43.15728825604335],[-71.79225241092823,-43.15778662895475],[-71.7920798381283,-43.15792258031147]]]}"
00000000000000000002,79.2373116719909,4.06601947837969E7,2.813940550421971E7,7000,0,817.5970819304154,0.0,"39,745","39,745",-43.14848189664956,-71.7456805068782,100.0,100.0,100.0,100.0,100.0,100.0,100.0,100.0,20.762561355905888,91.62328335201794,0.3412030034815436,0.4658199715110137,0.6311073575132515,0.5826597505657436,0.5373181717831927,0.4896506036983115,0.35519024997274246,0.16606157510500996,15763.811909924127,13234.100142118947,7.787172576664809,0.0,0.0,0.0,0.0,0.0,0.0,0.0,0.0,"{""type"":""Polygon"",""coordinates"":[[[-71.70700986736512,-43.18113083364986],[-71.70443380170255,-43.12278016129672],[-71.7903855972425,-43.12071484040967],[-71.7920798381283,-43.15792258031147],[-71.79149967791881,-43.15837951935868],[-71.79035012324297,-43.15899844805566],[-71.78954254572284,-43.1595689146216],[-71.78897378332864,-43.15990743982262],[-71.78856881664966,-43.16052328884556],[-71.78828058865723,-43.160924888197954],[-71.78794847005285,-43.161665978975755],[-71.78770847568663,-43.16221505032652],[-71.78718812529418,-43.16266540981872],[-71.78628624294609,-43.163999706176085],[-71.78597801325837,-43.1648569493344],[-71.78578480395208,-43.166018325602245],[-71.78566625392205,-43.16673298458407],[-71.7852850836052,-43.16751865668201],[-71.78480662915064,-43.16818793566902],[-71.78370573776603,-43.168775672180416],[-71.78229289900439,-43.16783912246986],[-71.78213470990676,-43.16769585153544],[-71.78203751588026,-43.167561666946064],[-71.78186747151177,-43.16732899738513],[-71.78166765342685,-43.16685942609582],[-71.7815460249665,-43.16673410800587],[-71.78113254215566,-43.16629542299851],[-71.78096177332813,-43.166250415394],[-71.78073607236443,-43.16619638541873],[-71.77993733945404,-43.16596250196416],[-71.77782737548354,-43.16539099279278],[-71.77724836600945,-43.165170924843885],[-71.7768394026101,-43.165161208989346],[-71.77555730486843,-43.16523462275371],[-71.77512996798659,-43.165260597724],[-71.77448045466006,-43.165929569369325],[-71.7741986394974,-43.16621496322156],[-71.77381745559036,-43.16696034672323],[-71.7733946413844,-43.16739738816726],[-71.77313146822095,-43.16758457240605],[-71.7724833083649,-43.16789154615153],[-71.77204936090239,-43.16804257632162],[-71.77082281134984,-43.16791951722796],[-71.77043899893634,-43.16772663189313],[-71.77014061863319,-43.16752939409946],[-71.77012242801436,-43.167507083283354],[-71.76980603778306,-43.16722494731509],[-71.76978775664465,-43.16721149500343],[-71.76962983290588,-43.16701901854097],[-71.7694414103267,-43.16679526586918],[-71.7692158822919,-43.166709896224724],[-71.76866120211676,-43.16649879498351],[-71.76844255161768,-43.16619901022492],[-71.7666376838317,-43.16569932625886],[-71.76445577408609,-43.16484593774148],[-71.7642361252149,-43.164827646879324],[-71.76348006858537,-43.16459822308852],[-71.76307733240716,-43.16457501892174],[-71.76097133078338,-43.16462427357026],[-71.7605257834309,-43.16461441474273],[-71.76014042022487,-43.16481911714953],[-71.75971025732525,-43.16555988258976],[-71.75906731974777,-43.16762725439285],[-71.75868991913906,-43.16890436839134],[-71.75835215879668,-43.16941296176991],[-71.7568912417036,-43.17144736288181],[-71.75656877472703,-43.17273346416698],[-71.7555449874637,-43.17685528426656],[-71.75422090136658,-43.17973886477955],[-71.72550256320731,-43.180795020189514],[-71.70700986736512,-43.18113083364986]]]}"
00000000000000000003,82.56590111366138,4.49678169474501E7,4.248224154791879E7,7000,6704.207876117981,504.58847320525786,0.0,"40,745","40,745",-43.15274047716692,-71.66288152765945,99.96561517493494,99.96561517493494,99.96561517493494,99.96561517493494,99.96561517493494,99.96561517493494,99.96561517493494,99.96561517493494,17.43343346341896,94.60925949260752,0.6075009232774795,0.6665044406439903,1.043904936999198,1.0349004958191497,1.1492757870371282,1.1403110650958117,0.9873327847871791,0.7462412807112768,14083.161233513776,17765.626495448465,9.153563325635849,0.03438482506505647,0.03438482506505647,0.03438482506505647,0.03438482506505647,0.03438482506505647,0.03438482506505647,0.03438482506505647,0.03438482506505647,"{""type"":""Polygon"",""coordinates"":[[[-71.62090363769084,-43.18164242282688],[-71.6184731321858,-43.12478093245226],[-71.70443380170255,-43.12278016129672],[-71.70700986736512,-43.18113083364986],[-71.65558170043734,-43.182049053985125],[-71.62090363769084,-43.18164242282688]]]}"
00000000000000000004,39.01646674257645,4.29933218221112E7,4.2547853344179E7,7000,0,380.07127882599593,3.16263677599126,"41,745","41,745",-43.1534378947432,-71.57704026378579,97.72886107703711,97.71034637640129,97.7010887211522,97.68103166217747,97.66097415429199,97.60388922884165,97.60388922884165,97.60234637457606,60.98281780129137,94.67271856495995,1.307024511255367,1.50843835588381,1.6508384872459119,1.2623812835693289,1.6608085761319828,1.9262886378031214,2.1653152477490893,2.0453479786836404,19568.16227095207,42401.899649690764,10.460014133592884,2.2711389229628898,2.2896536235987157,2.298911278847803,2.3189683378225237,2.3390258457080053,2.396110771158343,2.396110771158343,2.397653625423937,"{""type"":""Polygon"",""coordinates"":[[[-71.53473071074787,-43.180586729877966],[-71.53250372700727,-43.126717215622534],[-71.6184731321858,-43.12478093245226],[-71.62090363769084,-43.18164242282688],[-71.53473071074787,-43.180586729877966]]]}"
00000000000000000005,0.0,4.0670007034197E7,4.074279567489704E7,7000,0,434.2689732142857,11.973220829278388,"42,745","42,745",-43.15384607593154,-71.49098926530748,100.0,100.0,100.0,100.0,100.0,100.0,100.0,100.0,99.99894203634918,80.08662709497207,0.0,0.0,0.0,0.0,0.0,0.0,0.0,0.0,25097.40870168974,26374.820650763802,10.235284525269238,0.0,0.0,0.0,0.0,0.0,0.0,0.0,0.0,"{""type"":""Polygon"",""coordinates"":[[[-71.44855776570037,-43.179466234592866],[-71.44652599553518,-43.12858904623211],[-71.53250372700727,-43.126717215622534],[-71.53473071074787,-43.180586729877966],[-71.44855776570037,-43.179466234592866]]]}"
00000000000000000006,0.0,3.83465324404255E7,3.841518693292643E7,7000,0,688.2918660287081,6.3337936925017395,"43,745","43,745",-43.15418963642715,-71.40493683566007,100.0,100.0,100.0,100.0,100.0,100.0,100.0,100.0,99.9992209335851,64.81520061728395,0.0,0.0,0.0,0.0,0.0,0.0,0.0,0.0,6948.571118155843,10338.732022219008,9.321085951063369,0.0,0.0,0.0,0.0,0.0,0.0,0.0,0.0,"{""type"":""Polygon"",""coordinates"":[[[-71.36238513105307,-43.17828112757342],[-71.36054007487367,-43.13039620019118],[-71.44652599553518,-43.12858904623211],[-71.44855776570037,-43.179466234592866],[-71.36238513105307,-43.17828112757342]]]}"
00000000000000000007,0.0,3.60229119306725E7,3.605423399699961E7,7000,1847.32776166453,848.8320209973751,0.0,"44,745","44,745",-43.15446859526184,-71.318883927225,100.0,100.0,100.0,100.0,100.0,100.0,100.0,100.0,99.99912788366623,53.87516404199475,0.0,0.0012137415033075156,0.0,0.0,0.0,0.0026297729291725864,0.003236472753788118,0.0014160308333603265,850.550763352563,5924.083718049683,8.257701069789295,0.0,0.0,0.0,0.0,0.0,0.0,0.0,0.0,"{""type"":""Polygon"",""coordinates"":[[[-71.2762131344358,-43.17703124262546],[-71.27454646394797,-43.132138872224566],[-71.36054007487367,-43.13039620019118],[-71.36238513105307,-43.17828112757342],[-71.2762131344358,-43.17703124262546]]]}"
00000000000000000008,0.0,1.81016253481994E7,1.6028059321128082E7,7000,0,893.2079207920793,53.98396061460167,"45,745","45,745",-43.15562870734338,-71.25265611580568,100.0,100.0,100.0,100.0,100.0,100.0,100.0,100.0,99.99998573223944,51.3216532590759,0.0,0.0,0.0,0.0,0.0,0.0,0.0,0.0,3808.7950166177025,4096.076342577665,7.920471141361954,0.0,0.0,0.0,0.0,0.0,0.0,0.0,0.0,"{""type"":""Polygon"",""coordinates"":[[[-71.23545047974768,-43.13290972223933],[-71.27454646394797,-43.132138872224566],[-71.2762131344358,-43.17703124262546],[-71.22432587369408,-43.17624743593055],[-71.23545047974768,-43.13290972223933]]]}"
00000000000000000009,100.0,2.89579169673501E7,5089353.578877803,7000,0,1276.2178861788618,0.0,"37,746","37,746",-43.0812380187807,-71.90366521755858,100.0,100.0,100.0,100.0,100.0,100.0,100.0,100.0,0.0,92.03286169923994,0.0,0.0,0.0,0.0,0.0,0.0,0.0,0.0,5177.102963248997,0,5.363945447194848,0.0,0.0,0.0,0.0,0.0,0.0,0.0,0.0,"{""type"":""Polygon"",""coordinates"":[[[-71.8890555761769,-43.118264157576796],[-71.87632810836061,-43.118585078395306],[-71.87338156644688,-43.05562990043499],[-71.9354936877084,-43.054052167064],[-71.93545072250473,-43.05413581201908],[-71.93524286128718,-43.054801452213326],[-71.9348208971559,-43.05623100134082],[-71.93480217333214,-43.056686780013294],[-71.93470330790569,-43.05794223624681],[-71.93461095508611,-43.058876037893626],[-71.93455405994642,-43.060739199895636],[-71.93430911222949,-43.061905274746486],[-71.93417397481612,-43.06292839867903],[-71.9343068508944,-43.063996332611374],[-71.93489660651858,-43.0653460785017],[-71.93667373598508,-43.06759458619941],[-71.93693442057483,-43.06885024064667],[-71.936951606574,-43.069994150395395],[-71.93738948741826,-43.07086564868849],[-71.93745000013197,-43.07130800738255],[-71.93729713540618,-43.07180388461694],[-71.93705291349703,-43.072223772601795],[-71.93674148505484,-43.072791043473565],[-71.93596033465981,-43.07376020822742],[-71.93567956867824,-43.0741622190742],[-71.93512418676048,-43.07484994385899],[-71.93478824353016,-43.07556912893296],[-71.93476354978873,-43.0758551219726],[-71.93474482596149,-43.076292935037955],[-71.93478679627798,-43.076940891048565],[-71.93476146936354,-43.077794294421935],[-71.93459648255555,-43.07823203231345],[-71.93441901309413,-43.07888427913282],[-71.93390605160272,-43.07975526966759],[-71.93387475468276,-43.080479120722075],[-71.93414267792343,-43.08076966790153],[-71.93413652708865,-43.08078308358717],[-71.93467237288009,-43.08135979708817],[-71.93511070923893,-43.08184704867323],[-71.93610315978201,-43.08298252788822],[-71.93623712046008,-43.08308537035755],[-71.9372360799471,-43.083845488663904],[-71.93892844232465,-43.086089454393225],[-71.93889741727256,-43.08670605650046],[-71.9390493766815,-43.08710822490468],[-71.93950624942751,-43.08750168888899],[-71.93968887170293,-43.087716210524036],[-71.94030412435404,-43.08824379524276],[-71.94066945829803,-43.08871314888192],[-71.94091259191221,-43.089405802975364],[-71.94072291514713,-43.09018767715083],[-71.94077718605041,-43.09078196604474],[-71.94089251168799,-43.091309233701026],[-71.94175767871577,-43.09190841441014],[-71.94237953014256,-43.091846205860016],[-71.94314139817891,-43.09211462179016],[-71.94329959658758,-43.0924185893634],[-71.94300662645705,-43.09275795817078],[-71.94257372843155,-43.09283820911075],[-71.94148234511407,-43.092873376919265],[-71.9403054811286,-43.09308279075796],[-71.93947015912842,-43.09321638203061],[-71.93878100546017,-43.093408165005776],[-71.93815263417683,-43.09375188273473],[-71.9378103625927,-43.09458722205469],[-71.93750499523364,-43.095176864768234],[-71.93670602759963,-43.095422170300424],[-71.93602265671306,-43.09586410188868],[-71.93551024061686,-43.09610955380224],[-71.93501591430552,-43.09656502180771],[-71.9345703415455,-43.097060752862525],[-71.93432629837551,-43.09714106744876],[-71.93392341867833,-43.097574185731],[-71.93360601712608,-43.09797173522902],[-71.93335555097906,-43.098413871800645],[-71.93331864587405,-43.09869982502261],[-71.93322041314651,-43.09930747253379],[-71.93316496500927,-43.099798899252725],[-71.93312742670514,-43.10073273495429],[-71.93309006930394,-43.10140288855467],[-71.93308952658138,-43.10193463229441],[-71.93290029725397,-43.102122144532345],[-71.93252201915762,-43.10225601697974],[-71.9320281403114,-43.10224231057764],[-71.93144896233174,-43.10218388989641],[-71.93084527011435,-43.102165639032066],[-71.92912608857506,-43.101874180241175],[-71.92845554547154,-43.10173075360176],[-71.92632857634158,-43.10079106730218],[-71.92543233948024,-43.100732468471016],[-71.92290788276506,-43.100775439828276],[-71.92220051014866,-43.10081072933197],[-71.92018159465084,-43.10130524258732],[-71.91938249160205,-43.101572833717334],[-71.91827872372176,-43.10163012941728],[-71.91641256728273,-43.10185664463415],[-71.91554018277134,-43.10216430485082],[-71.91410649615713,-43.10265915577964],[-71.9129297084791,-43.10260018098388],[-71.91140509735244,-43.10278667729726],[-71.9095635951848,-43.102736119378775],[-71.90813603222566,-43.103208563776064],[-71.90669009900218,-43.10374357569151],[-71.90529879802591,-43.10437247824234],[-71.90394530404794,-43.1042194254809],[-71.9026889610807,-43.104312155290586],[-71.90202405976957,-43.10446352618518],[-71.90135897610733,-43.104748907841966],[-71.89993155629116,-43.105055987408626],[-71.8981989950732,-43.10547448731078],[-71.89689929642375,-43.10599157452578],[-71.89574017449917,-43.106254167704236],[-71.8926776582298,-43.10701541095113],[-71.8923535198805,-43.10756912912576],[-71.89233416022518,-43.10814102473364],[-71.8917656733606,-43.10893582566363],[-71.89122722017213,-43.10992723204959],[-71.89083550212938,-43.110708762355465],[-71.89073707497785,-43.11122700971468],[-71.89058346342367,-43.111847908800236],[-71.89044794504026,-43.112629709121194],[-71.89054890533684,-43.11415341973158],[-71.89034056160644,-43.11466702542625],[-71.89020495265098,-43.11547119633615],[-71.88963519536676,-43.11689598772695],[-71.88907774050165,-43.11823137091084],[-71.8890555761769,-43.118264157576796]]]}"
0000000000000000000a,100.0,4.8888161176532E7,1.6200415131619832E7,7000,0,1334.369014084507,26.90826769336424,"38,746","38,746",-43.088179224336656,-71.83190522039502,100.0,100.0,100.0,100.0,100.0,100.0,100.0,100.0,0.0,88.86589151827555,0.0,0.0,0.0,0.0,0.0,0.0,0.0,0.0,9635.74859701296,0,5.605076603768805,0.0,0.0,0.0,0.0,0.0,0.0,0.0,0.0,"{""type"":""Polygon"",""coordinates"":[[[-71.87632810836061,-43.118585078395306],[-71.7903855972425,-43.12071484040967],[-71.7875267603759,-43.05775497927017],[-71.87338156644688,-43.05562990043499],[-71.87632810836061,-43.118585078395306]]]}"
0000000000000000000b,100.0,4.88919597207948E7,1.5977129096257074E7,7000,10815.949370486096,1148.9617180205416,0.0,"39,746","39,746",-43.090274483958396,-71.7460019758079,100.0,100.0,100.0,100.0,100.0,100.0,100.0,100.0,0.0,87.06474328963796,0.0,0.0,0.0,0.0,0.0,0.0,0.0,0.0,0,0,6.827977769830254,0.0,0.0,0.0,0.0,0.0,0.0,0.0,0.0,"{""type"":""Polygon"",""coordinates"":[[[-71.7903855972425,-43.12071484040967],[-71.70443380170255,-43.12278016129672],[-71.70166282722306,-43.05981582450658],[-71.7875267603759,-43.05775497927017],[-71.7903855972425,-43.12071484040967]]]}"
0000000000000000000c,100.00000000000003,4.88956415029729E7,2.0246356355790004E7,7000,21499.607963134506,752.2448405253283,0.0,"40,746","40,746",-43.09230530681087,-71.66008964761878,100.0,100.0,100.0,100.0,100.0,100.0,100.0,100.0,0.0,90.68357544517339,0.018379616982763865,0.04829056042065856,0.04000338447691868,0.02811100669092059,0.038200789961866044,0.05658103202696206,0.06631034017477723,0.033875981604410826,2652.9331920843065,9574.122475575981,8.465003629789916,0.0,0.0,0.0,0.0,0.0,0.0,0.0,0.0,"{""type"":""Polygon"",""coordinates"":[[[-71.70443380170255,-43.12278016129672],[-71.6184731321858,-43.12478093245226],[-71.6157899040712,-43.06181221104732],[-71.70166282722306,-43.05981582450658],[-71.70443380170255,-43.12278016129672]]]}"
0000000000000000000d,24.318092517521947,4.88992064879727E7,4.245882141640047E7,7000,2798.9285301593786,613.7196261682244,39.13862157909217,"41,746","41,746",-43.094271701371426,-71.57416853871194,100.0,100.0,100.0,100.0,100.0,100.0,100.0,100.0,75.68190748247805,76.64954870837224,0.11202209768561577,0.20729594621078257,0.2304645109941801,0.15856331698319315,0.12867732738911633,0.22071959209228015,0.2527295312220349,0.1473260228988942,0,10586.637354415587,8.361854624102651,0.0,0.0,0.0,0.0,0.0,0.0,0.0,0.0,"{""type"":""Polygon"",""coordinates"":[[[-71.6184731321858,-43.12478093245226],[-71.53250372700727,-43.126717215622534],[-71.52990839898827,-43.06374431738638],[-71.6157899040712,-43.06181221104732],[-71.6184731321858,-43.12478093245226]]]}"
0000000000000000000e,0.0,4.89026546418842E7,4.898363135613318E7,7000,344.40524438351315,382.85553470919325,1.3433362526238068,"42,746","42,746",-43.09617365846231,-71.48823890126761,86.63638462428172,86.57871838933058,86.48886873937835,86.19652821300167,86.09326615095256,86.0248747737396,86.0248747737396,86.0007356825566,100.0,80.58653545766947,0.004468396885998629,0.0019363048297561796,0.019065379663125367,0.0186185945865363,0.02278914088632309,0.022189999805613776,0.02114734689986443,0.0047663417033559285,11556.181908681117,166735.7404148231,10.396386368384176,13.363615375718277,13.42128161066943,13.511131260621653,13.803471786998337,13.906733849047434,13.975125226260404,13.975125226260404,13.99926431744341,"{""type"":""Polygon"",""coordinates"":[[[-71.53250372700727,-43.126717215622534],[-71.44652599553518,-43.12858904623211],[-71.44401853843144,-43.06561193413078],[-71.52990839898827,-43.06374431738638],[-71.53250372700727,-43.126717215622534]]]}"
0000000000000000000f,0.0,4.89059859318289E7,4.899292223298331E7,7000,0,467.939309056956,0.0,"43,746","43,746",-43.09801113858366,-71.40230108124844,100.0,100.0,100.0,100.0,100.0,100.0,100.0,100.0,100.0,71.14860330836454,0.0,0.0,0.0,0.0,0.0,0.0,0.0,0.0,19541.338135254682,24870.586303823995,10.300105243497125,0.0,0.0,0.0,0.0,0.0,0.0,0.0,0.0,"{""type"":""Polygon"",""coordinates"":[[[-71.44652599553518,-43.12858904623211],[-71.36054007487367,-43.13039620019118],[-71.3581206388528,-43.06741522551724],[-71.44401853843144,-43.06561193413078],[-71.44652599553518,-43.12858904623211]]]}"
00000000000000000010,0.0,4.89092003260909E7,4.896481339984233E7,7000,1751.3094561826808,576.7795497185742,1.0750925030306704,"44,746","44,746",-43.09978411704915,-71.31635528923853,100.0,100.0,100.0,100.0,100.0,100.0,100.0,100.0,100.0,58.46087897940075,0.0,0.0,0.0,0.0,0.0,0.0,0.0,0.0,16430.2465385144,17096.823740898162,9.634725253501635,0.0,0.0,0.0,0.0,0.0,0.0,0.0,0.0,"{""type"":""Polygon"",""coordinates"":[[[-71.36054007487367,-43.13039620019118],[-71.27454646394797,-43.132138872224566],[-71.27221492554884,-43.06915405440725],[-71.3581206388528,-43.06741522551724],[-71.36054007487367,-43.13039620019118]]]}"
00000000000000000011,0.0,1.69623277765379E7,1.6993111179145906E7,7000,0,646.7717391304348,1.554416956854672,"45,746","45,746",-43.10421466497558,-71.25811550796953,100.0,100.0,100.0,100.0,100.0,100.0,100.0,100.0,100.0,52.06693202348689,0.0,0.0,0.0,0.0,0.0,0.0,0.0,0.0,2115.280456295299,11610.672265619802,9.336996284216074,0.0,0.0,0.0,0.0,0.0,0.0,0.0,0.0,"{""type"":""Polygon"",""coordinates"":[[[-71.25168333875173,-43.06956006280458],[-71.27221492554884,-43.06915405440725],[-71.27454646394797,-43.132138872224566],[-71.23545047974768,-43.13290972223933],[-71.25168333875173,-43.06956006280458]]]}"
00000000000000000012,99.99999999999999,3.10123324864142E7,1.160245923787806E7,7000,9615.54226205641,1052.0597667638485,0.0,"36,747","36,747",-43.01165856566913,-71.99302012893992,100.0,100.0,100.0,100.0,100.0,100.0,100.0,100.0,0.0,109.74010187896536,0.0,0.0,0.0,0.0,0.0,0.0,0.0,0.0,2997.9558726004952,0,7.077600319947541,0.0,0.0,0.0,0.0,0.0,0.0,0.0,0.0,"{""type"":""Polygon"",""coordinates"":[[[-71.95859326109918,-43.04026411507829],[-71.95620230561055,-42.99048917624707],[-72.04195051047144,-42.98824036923283],[-72.04200385899799,-42.98932102611342],[-72.04160627661388,-42.98947390354586],[-72.04069374301466,-42.99007744710842],[-72.03933750604322,-42.99175351412999],[-72.03814501790522,-42.99255373366321],[-72.0374701948223,-42.993912276737575],[-72.03721511256552,-42.994810467836],[-72.03762970024182,-42.996007815320304],[-72.03766017263936,-42.996101645507416],[-72.03778839177359,-42.99661547357428],[-72.03822106312816,-42.99745083378127],[-72.0378261883767,-42.99868870962259],[-72.03906289420635,-43.00021193002337],[-72.03925793464465,-43.00062743469479],[-72.03951391937505,-43.001069677778794],[-72.03992832301378,-43.00178890523833],[-72.04003800470092,-43.00201676331124],[-72.04019651410827,-43.00232495130355],[-72.04029426002712,-43.00288345017328],[-72.04033097125203,-43.003057755094346],[-72.04013050620787,-43.00375486733739],[-72.0396804766126,-43.00444309240842],[-72.03964394615151,-43.00454138064644],[-72.03932783088567,-43.00522515870182],[-72.03892644720362,-43.00592229955675],[-72.03881730764094,-43.006619400924215],[-72.03875663434566,-43.00695456597292],[-72.03799681556606,-43.008920765207236],[-72.03782645964417,-43.009104030735344],[-72.03762563122707,-43.00932303524775],[-72.03726077601283,-43.009984481071676],[-72.03726095685815,-43.01027047276697],[-72.03726104728081,-43.01045363184961],[-72.03726719602169,-43.010489401260635],[-72.03728564224357,-43.01078876193147],[-72.03729793972418,-43.01098531711661],[-72.03723138864655,-43.01168685789146],[-72.03696382784634,-43.01235272168696],[-72.03653196847536,-43.013018587871564],[-72.036160691892,-43.01338509085287],[-72.03592333143786,-43.013510295140385],[-72.03531460273662,-43.01382322894442],[-72.03382939715681,-43.01458781886663],[-72.03368318199821,-43.01459678588366],[-72.03286122903312,-43.01465062585986],[-72.03206350750328,-43.01448552355866],[-72.031387495164,-43.014271206894215],[-72.03060803548671,-43.0141239908929],[-72.02951199600038,-43.014124267661416],[-72.0278012404264,-43.01455368225901],[-72.025238027587,-43.015099352794515],[-72.02356387044944,-43.015979994039185],[-72.02280292794327,-43.01654755669502],[-72.02190191164472,-43.017079501321675],[-72.02103733494887,-43.01734772885781],[-72.02051972712408,-43.01733441385261],[-72.02000220883387,-43.017580220214015],[-72.0194360393654,-43.018018204721955],[-72.01913780751792,-43.0184114885183],[-72.01904656551383,-43.01871982420949],[-72.01893705698669,-43.01908173292585],[-72.0184075994234,-43.02008269046716],[-72.01790843447749,-43.020878136988195],[-72.01767720869493,-43.021280298100194],[-72.0176106532548,-43.02284413888861],[-72.01727579597281,-43.02317484329561],[-72.0165086883474,-43.02401052020039],[-72.01599731231799,-43.0245512295437],[-72.01594251228865,-43.02461382136993],[-72.01544325281483,-43.0252081220671],[-72.01537027640128,-43.025574524663334],[-72.01524249981293,-43.02624476319182],[-72.01477986310483,-43.026776594105655],[-72.01444491223666,-43.02717424854915],[-72.01394565027373,-43.02774178706844],[-72.01367788781056,-43.028644419071725],[-72.01301422291264,-43.029605148518066],[-72.01271589425721,-43.029922449445834],[-72.01244794983808,-43.03020840099002],[-72.01181466682087,-43.03060617020923],[-72.01077932805413,-43.03103963592235],[-72.00954910693137,-43.031705499699925],[-72.00881218362156,-43.0319379352022],[-72.0074966774311,-43.03246972609704],[-72.00698501477784,-43.03274229599917],[-72.00606541246452,-43.03372093393595],[-72.00508485593566,-43.03490501123741],[-72.00414698042663,-43.03583444455112],[-72.00338562702038,-43.0367057833563],[-72.00261812223962,-43.03739831644212],[-72.00185061550467,-43.03770216637344],[-72.00023040752671,-43.038149053093484],[-71.9991156277603,-43.038537746741355],[-71.99832378526206,-43.03848859145039],[-71.99745271994054,-43.03853328245054],[-71.99544271265086,-43.03721062675504],[-71.99490055281021,-43.03679955074008],[-71.99475440914038,-43.03668337609156],[-71.99453510306755,-43.03652245392465],[-71.99303676354505,-43.03605326752723],[-71.9914288980662,-43.03503890605692],[-71.99063097616076,-43.0349360071029],[-71.9889803211041,-43.034815219682926],[-71.98471038958502,-43.03530627439865],[-71.98451549463324,-43.03525706607367],[-71.98329737573475,-43.0350692121775],[-71.98246271411276,-43.03547122293045],[-71.98162823107153,-43.03573920002556],[-71.98045857627186,-43.03614118113248],[-71.98012340643959,-43.0366593867466],[-71.98009898768396,-43.03670410339643],[-71.98065899065196,-43.0379954944655],[-71.98054304696987,-43.038705911083255],[-71.98048815006281,-43.039090152814595],[-71.98036008738764,-43.03953696954648],[-71.97992715194064,-43.040698616938045],[-71.97939708327924,-43.04119892444432],[-71.9791592258584,-43.04189589572767],[-71.97912874753662,-43.04196740648784],[-71.97923212058589,-43.04260193455665],[-71.97940241924206,-43.04337940674953],[-71.97943280709632,-43.0435000609639],[-71.97933513183969,-43.04423281332581],[-71.97906688648241,-43.044831486799254],[-71.97876825297026,-43.045162125479315],[-71.9782685702553,-43.045528399856295],[-71.97786638159741,-43.045698079736795],[-71.9770988120638,-43.045662230134354],[-71.9765323812225,-43.0454610391136],[-71.97637401916171,-43.04539398752245],[-71.97583191562822,-43.04511684420718],[-71.9747841535542,-43.0450316937741],[-71.9741320701975,-43.045429196337814],[-71.97376650496291,-43.04556316777505],[-71.973102390647,-43.04576409888496],[-71.97233489951857,-43.0455628359962],[-71.97170153247228,-43.04516504841294],[-71.97110470288597,-43.04463313609609],[-71.9696797776877,-43.04348895529738],[-71.96958843030357,-43.04337721193462],[-71.96871791549002,-43.04212589308177],[-71.96779846825687,-43.04149115834261],[-71.96761577233191,-43.04135703825259],[-71.96744528618424,-43.04122296214798],[-71.96620928136971,-43.04015028601533],[-71.96560629081078,-43.03994007642405],[-71.96467435285176,-43.03990853237482],[-71.96337068408045,-43.04003771001088],[-71.96284067700533,-43.0400374779665],[-71.96203680103451,-43.03975577936805],[-71.96140947240951,-43.03964827143436],[-71.96100726146601,-43.03986707149939],[-71.96007503811032,-43.04017061749612],[-71.95954502530778,-43.04026871577611],[-71.95859326109918,-43.04026411507829]]]}"
00000000000000000013,100.0,4.72426229834562E7,2.7573963922566894E7,7000,29070.697285644423,806.4358727097397,0.0,"37,747","37,747",-43.02217019897857,-71.91357330423143,100.0,100.0,100.0,100.0,100.0,100.0,100.0,100.0,0.0,105.70385757867695,0.0,0.0,0.0,0.0,0.0,0.0,0.0,0.0,2228.5066519978836,0,7.115893106331946,0.0,0.0,0.0,0.0,0.0,0.0,0.0,0.0,"{""type"":""Polygon"",""coordinates"":[[[-71.9354936877084,-43.054052167064],[-71.87338156644688,-43.05562990043499],[-71.87044449634323,-42.99267384593953],[-71.95620230561055,-42.99048917624707],[-71.95859326109918,-43.04026411507829],[-71.95854604816275,-43.04026390988183],[-71.95839979654896,-43.04029958699315],[-71.95731516272814,-43.04079965425019],[-71.9566144720363,-43.041103232339076],[-71.95577964676923,-43.041402232959165],[-71.95534721904646,-43.04138867021704],[-71.95382399407559,-43.041714248356456],[-71.9535069749201,-43.04205818232754],[-71.95317693094786,-43.04347888458028],[-71.9519761431305,-43.04440779884943],[-71.95185449029027,-43.044224581487995],[-71.95155601099769,-43.04413952860233],[-71.95077028547945,-43.043969385539064],[-71.95050228631743,-43.04393357278617],[-71.95011842210705,-43.044036122802574],[-71.94841237322366,-43.04435260352405],[-71.94780907617246,-43.044580251712816],[-71.94707779172123,-43.04488369806847],[-71.94598099744512,-43.04522725890808],[-71.94502421625249,-43.04555301648481],[-71.9441343654549,-43.04599041797698],[-71.94356136095641,-43.04635207552892],[-71.94306749986627,-43.04680310841261],[-71.94283576477281,-43.0470889788188],[-71.94243922781318,-43.04760707364314],[-71.94199402763206,-43.048120690574805],[-71.94169490557077,-43.04873269983943],[-71.94161521802958,-43.04924201633234],[-71.94129791487927,-43.049831674062666],[-71.94077953778934,-43.05038545951932],[-71.9405355900056,-43.05063550984516],[-71.94013289935761,-43.051167046258165],[-71.9397730823342,-43.051546656335574],[-71.93929115480029,-43.052212121139206],[-71.93876056328808,-43.052707826434784],[-71.93821215176536,-43.05276558698266],[-71.93676816859625,-43.052787156847444],[-71.93630514098459,-43.05276457098467],[-71.9357925444536,-43.05347021343003],[-71.9354936877084,-43.054052167064]]]}"
00000000000000000014,100.00000000000003,4.88888800680773E7,2.7734695421134006E7,7000,24253.463145270598,835.4033771106942,0.0,"38,747","38,747",-43.02522126873343,-71.82900722889147,100.0,100.0,100.0,100.0,100.0,100.0,100.0,100.0,0.0,98.56020148669798,0.0,0.0,0.0,0.0,0.0,0.0,0.0,0.0,983.115040047054,0,7.283289886617886,0.0,0.0,0.0,0.0,0.0,0.0,0.0,0.0,"{""type"":""Polygon"",""coordinates"":[[[-71.87338156644688,-43.05562990043499],[-71.7875267603759,-43.05775497927017],[-71.78467721917947,-42.99479429632929],[-71.87044449634323,-42.99267384593953],[-71.87338156644688,-43.05562990043499]]]}"
00000000000000000015,100.0,4.88926787806535E7,2.9678541329788547E7,7000,43347.80746866471,625.0196629213485,0.0,"39,747","39,747",-43.027311931166835,-71.74319159727702,100.0,100.0,100.0,100.0,100.0,100.0,100.0,100.0,0.0,95.94285937012786,0.0,0.0,0.0,0.0,0.0,0.0,0.0,0.0,2174.430224054629,0,8.380377911317003,0.0,0.0,0.0,0.0,0.0,0.0,0.0,0.0,"{""type"":""Polygon"",""coordinates"":[[[-71.7875267603759,-43.05775497927017],[-71.70166282722306,-43.05981582450658],[-71.69890070042653,-42.996850603830445],[-71.78467721917947,-42.99479429632929],[-71.7875267603759,-43.05775497927017]]]}"
00000000000000000016,99.99999999999999,4.88963607259925E7,1.4495246144449506E7,7000,4590.121571980837,1290.5962441314555,0.0,"40,747","40,747",-43.02933834693812,-71.6573669567118,100.0,100.0,100.0,100.0,100.0,100.0,100.0,100.0,0.0,81.75267269736844,0.0,0.0,0.0,0.0,0.0,0.0,0.0,0.0,2443.915291366718,0,6.515687749260351,0.0,0.0,0.0,0.0,0.0,0.0,0.0,0.0,"{""type"":""Polygon"",""coordinates"":[[[-71.70166282722306,-43.05981582450658],[-71.6157899040712,-43.06181221104732],[-71.61311543740372,-42.99884267463598],[-71.69890070042653,-42.996850603830445],[-71.70166282722306,-43.05981582450658]]]}"
00000000000000000017,7.833284709232631,4.88999258690027E7,3.0339230552684866E7,7000,0,969.9335205992511,1.1571891220623645,"41,747","41,747",-43.03130043240314,-71.57153353714017,100.0,100.0,100.0,100.0,100.0,100.0,100.0,100.0,92.16671529076739,70.70837234706617,0.0,0.0,0.0,0.0,0.0,0.0,0.0,0.0,8532.225292128847,0,7.1949286800198795,0.0,0.0,0.0,0.0,0.0,0.0,0.0,0.0,"{""type"":""Polygon"",""coordinates"":[[[-71.6157899040712,-43.06181221104732],[-71.52990839898827,-43.06374431738638],[-71.52732147425725,-43.000770484207685],[-71.61311543740372,-42.99884267463598],[-71.6157899040712,-43.06181221104732]]]}"
00000000000000000018,0.0,4.89033741757451E7,4.885687252373628E7,7000,2653.6014313247124,527.0948356807513,6.281709750303016,"42,747","42,747",-43.033198213437096,-71.48569166330638,99.4584661209017,99.4584661209017,99.4584661209017,99.4571209129699,99.45443048548815,99.44635898731052,99.44635898731052,99.44635898731052,100.0,72.82607589984353,0.0,0.0,0.001944211721927602,0.0,0.001495547747478201,0.0010469635697985165,0.001196530168834796,0.0,11028.117177638707,38282.78074782594,9.58869518154664,0.5415338790982993,0.5415338790982993,0.5415338790982993,0.5428790870300969,0.5455695145118519,0.5536410126894796,0.5536410126894796,0.5536410126894796,"{""type"":""Polygon"",""coordinates"":[[[-71.52990839898827,-43.06374431738638],[-71.44401853843144,-43.06561193413078],[-71.44151921669082,-43.00263406816412],[-71.52732147425725,-43.000770484207685],[-71.52990839898827,-43.06374431738638]]]}"
00000000000000000019,0.0,4.89067056133568E7,4.8992907277446344E7,7000,0,572.844277673546,11.441218024522879,"43,747","43,747",-43.03503167459799,-71.39984158122004,100.0,100.0,100.0,100.0,100.0,100.0,100.0,100.0,100.00000000000003,65.3671459311424,0.0,0.0,0.0,0.0,0.0,0.0,0.0,0.0,11284.483130837622,20837.991046167845,9.753434308549052,0.0,0.0,0.0,0.0,0.0,0.0,0.0,0.0,"{""type"":""Polygon"",""coordinates"":[[[-71.44401853843144,-43.06561193413078],[-71.3581206388528,-43.06741522551724],[-71.35570888875327,-43.00443343236656],[-71.44151921669082,-43.00263406816412],[-71.44401853843144,-43.06561193413078]]]}"
0000000000000000001a,0.0,4.80627517207846E7,4.0566222590346694E7,7000,0,789.0114068441064,0.0,"44,747","44,747",-43.03718135372891,-71.31471432587138,100.0,100.0,100.0,100.0,100.0,100.0,100.0,100.0,100.0,54.76667853751187,0.0,0.0,0.0,0.0,0.0,0.0,0.0,0.0,858.4900234640229,4019.1290680536367,8.37923944261339,0.0,0.0,0.0,0.0,0.0,0.0,0.0,0.0,"{""type"":""Polygon"",""coordinates"":[[[-71.27626551797881,-43.00604174929871],[-71.35570888875327,-43.00443343236656],[-71.3581206388528,-43.06741522551724],[-71.27221492554884,-43.06915405440725],[-71.27076747218173,-43.02994053845357],[-71.27356032446652,-43.02430226280425],[-71.2739902710829,-43.021405184912155],[-71.27626551797881,-43.00604174929871]]]}"
0000000000000000001b,0.0,3782180.94658253,3169142.9905768,7000,0,865.1904761904761,0.0,"45,747","45,747",-43.05628198296161,-71.2645875327405,100.0,100.0,100.0,100.0,100.0,100.0,100.0,100.0,100.0,50.55697791164659,0.0,0.0,0.0,0.0,0.0,0.0,0.0,0.0,0,0,8.138591692821091,0.0,0.0,0.0,0.0,0.0,0.0,0.0,0.0,"{""type"":""Polygon"",""coordinates"":[[[-71.27076747218173,-43.02994053845357],[-71.27221492554884,-43.06915405440725],[-71.25168333875173,-43.06956006280458],[-71.25337249613212,-43.062960307649035],[-71.25521635827364,-43.06014847114879],[-71.25757519093995,-43.0565580111823],[-71.27076747218173,-43.02994053845357]]]}"
0000000000000000001c,100.00000000000003,2.29971173158509E7,6630937.113955238,7000,6505.131494879527,1061.8064516129032,0.0,"35,748","35,748",-42.945085516886024,-72.0680583718921,100.0,100.0,100.0,100.0,100.0,100.0,100.0,100.0,0.0,113.58952020202021,0.0,0.0,0.0,0.0,0.0,0.0,0.0,0.0,0,0,6.493290353640162,0.0,0.0,0.0,0.0,0.0,0.0,0.0,0.0,"{""type"":""Polygon"",""coordinates"":[[[-72.04667760495802,-42.98811451962181],[-72.04195051047144,-42.98824036923283],[-72.03884859371684,-42.925293178513606],[-72.11412272979142,-42.92326828770718],[-72.11415699106007,-42.92337509279701],[-72.11428571937923,-42.923946896746585],[-72.11468229987672,-42.924665897192575],[-72.11565770300432,-42.92602327131479],[-72.11709621327597,-42.927920803072055],[-72.11726769863151,-42.928564082671144],[-72.11745120683399,-42.92915818092725],[-72.11751303912847,-42.92971664229894],[-72.1176235959615,-42.930283945597424],[-72.11775865061325,-42.930963012657166],[-72.11809420781753,-42.93153461860626],[-72.11839875818977,-42.93178451766789],[-72.11895325781401,-42.93237377811564],[-72.11890516626785,-42.932699952300666],[-72.118669680293,-42.933567048115876],[-72.11815396082449,-42.93414402920178],[-72.1176862418017,-42.93443045367614],[-72.11737048131873,-42.93465869675276],[-72.11715198896671,-42.93490014171685],[-72.1168311656016,-42.93568241844543],[-72.11669177140072,-42.93594176648409],[-72.11618770984408,-42.936317613977884],[-72.11530062809454,-42.93673847942865],[-72.11448613407221,-42.936940415241935],[-72.11386048179462,-42.9373118561471],[-72.1122429642158,-42.937402876428024],[-72.11154390240416,-42.93758226591444],[-72.1094467973442,-42.938116018285776],[-72.10822982225106,-42.93772397848298],[-72.10760325257822,-42.93762626664692],[-72.10591807996471,-42.93727036930009],[-72.1053831728165,-42.93741828073419],[-72.10515255765372,-42.937673194876595],[-72.10507969371116,-42.937753725361006],[-72.10498278283143,-42.93799058457669],[-72.10487981498657,-42.9382230846041],[-72.10501460431786,-42.93881721796383],[-72.10506513900084,-42.93992082467446],[-72.10506577181437,-42.940264848125544],[-72.104938847478,-42.94072966667389],[-72.10476337720446,-42.94127496217532],[-72.10409539589725,-42.941860899833515],[-72.10371877997002,-42.94215617405849],[-72.10286158368127,-42.94238037977572],[-72.1024055021621,-42.942394143211736],[-72.10188848837875,-42.942394636548855],[-72.10156611142638,-42.942345736042114],[-72.1012864043836,-42.94235940513235],[-72.10045849167021,-42.941877544192955],[-72.10014759438383,-42.94143995197016],[-72.0993506869241,-42.94134684651398],[-72.09907694441803,-42.941297928881504],[-72.09837757997347,-42.94131192042925],[-72.09764810925992,-42.94156277509842],[-72.09713804822938,-42.94205916716105],[-72.09659155328474,-42.942582421657185],[-72.09605111443845,-42.943177160953276],[-72.09591749624984,-42.943280048839],[-72.09552947881086,-42.94404893154813],[-72.09453999585939,-42.94529638614904],[-72.09432754362616,-42.94560480245722],[-72.09398825257088,-42.94644962831701],[-72.09381322777527,-42.9473434282434],[-72.09384486966235,-42.948161076450695],[-72.09382669817904,-42.9482057798436],[-72.0937549162887,-42.948978832078474],[-72.0934215009309,-42.949711870005046],[-72.09249818793484,-42.950592870105766],[-72.09230390580417,-42.95079855425602],[-72.09066936329741,-42.951992891666336],[-72.0898849966431,-42.95215885316369],[-72.08953222986109,-42.952239551027105],[-72.08862635320389,-42.952544119010106],[-72.08752573643531,-42.95277728203002],[-72.08682616369032,-42.952777816250034],[-72.08641218725491,-42.952505609290334],[-72.08633299012428,-42.95245204984848],[-72.08622341597693,-42.952380643296976],[-72.0861745053914,-42.95224656962521],[-72.08605851223277,-42.95191160560749],[-72.08579063385943,-42.951724099236436],[-72.08489559466547,-42.95110367015183],[-72.08476160977634,-42.951009979384274],[-72.08443161974232,-42.94987975102514],[-72.08436426556668,-42.94958038617057],[-72.08402848894987,-42.94864676450418],[-72.08386376479388,-42.948311763674276],[-72.08352880128375,-42.947981400664865],[-72.08285977720892,-42.94801317731973],[-72.08245854285286,-42.94817878541937],[-72.08221552367131,-42.9483755155314],[-72.08219726106103,-42.94837105973302],[-72.0818383372532,-42.948326635884676],[-72.08159477510551,-42.94808108511577],[-72.08095612418306,-42.94807709566685],[-72.08042686740174,-42.94801491115095],[-72.08029306130047,-42.94804182500647],[-72.07891241385605,-42.94810529281035],[-72.07800614291,-42.94807020813511],[-72.07753157913065,-42.947963301573566],[-72.07680784303534,-42.948079958240854],[-72.0755611684172,-42.948250532295255],[-72.07435734352742,-42.948666860484764],[-72.07426611844471,-42.94868926705173],[-72.07320278812374,-42.9496059482127],[-72.07260227287216,-42.95098705041902],[-72.07203846370557,-42.9526183348585],[-72.07165602037789,-42.95327982613182],[-72.07168061249327,-42.953498745178216],[-72.07163893247296,-42.9542852012504],[-72.0715972524468,-42.955071645043745],[-72.07128144242633,-42.9555052428171],[-72.07097774733042,-42.9559433075596],[-72.07034567356602,-42.95644864963362],[-72.07002353332064,-42.956640950771295],[-72.06823615941762,-42.95770993204058],[-72.06697706198756,-42.95780451170811],[-72.06568758009456,-42.95802867907715],[-72.0653779119268,-42.95859189341391],[-72.06563405499206,-42.959181552719606],[-72.06596289064626,-42.959476238736215],[-72.06596931003537,-42.95974434326443],[-72.0659755485965,-42.95993646187407],[-72.06597591025222,-42.96026709780379],[-72.06579390695866,-42.960718477630955],[-72.06544771161215,-42.96126382429446],[-72.06511399301966,-42.9621129714607],[-72.06417847590392,-42.963431631179475],[-72.06391093934587,-42.963619455133404],[-72.06374159282926,-42.96461152575278],[-72.06321375186451,-42.966010366184186],[-72.0630314756295,-42.966238333696154],[-72.0626913348555,-42.96686404571439],[-72.06212606016994,-42.967360339681676],[-72.06185861217435,-42.96768666246422],[-72.06149378667979,-42.96787903086335],[-72.06075780525764,-42.96813854132623],[-72.0603444252106,-42.96848731444907],[-72.0602482229473,-42.969684812555535],[-72.06024876544134,-42.97020316992619],[-72.06030979601604,-42.970372883996],[-72.06043185712774,-42.97078393382999],[-72.06073040935372,-42.971203775028656],[-72.0606641347638,-42.9718696019322],[-72.06047588953126,-42.972294174722954],[-72.06022064616492,-42.9725445491358],[-72.05993475163406,-42.97268764667511],[-72.05941160552041,-42.97285326513544],[-72.05894316021372,-42.972893677629735],[-72.05797615873264,-42.973497356761165],[-72.05753854318851,-42.97397122731413],[-72.05709459783473,-42.974252944212296],[-72.0567294952316,-42.97430679690057],[-72.05624305272991,-42.97462874055163],[-72.05624305272991,-42.97465103091712],[-72.05609775274259,-42.97548221140303],[-72.05628066615623,-42.975911103223986],[-72.05665227931893,-42.97629518714162],[-72.05703591743178,-42.97666582291819],[-72.05739550424887,-42.97725100701326],[-72.05771250448622,-42.977795945131774],[-72.05781033506726,-42.978363361356486],[-72.05781042548368,-42.978376821180525],[-72.05784134789722,-42.97899338925587],[-72.05793917843579,-42.979426774839425],[-72.05834098855358,-42.979591891719714],[-72.05853004888658,-42.98004302543952],[-72.05857290616197,-42.98028433165212],[-72.05786811115313,-42.981571549203046],[-72.05723031317525,-42.98281849933442],[-72.05716349530384,-42.982939128389845],[-72.0569141261732,-42.98317161450877],[-72.05667705351324,-42.98339069961938],[-72.05640941977182,-42.98355617595299],[-72.05574612105401,-42.98362352270639],[-72.05372556442674,-42.98367809274327],[-72.05207652252732,-42.983893288303314],[-72.05180888464159,-42.984049832254236],[-72.05048859449187,-42.984599985559335],[-72.04916856973809,-42.98540485109032],[-72.04797630178183,-42.98617835025459],[-72.04733188194675,-42.987049913049475],[-72.04696098049146,-42.98751480125871],[-72.04667760495802,-42.98811451962181]]]}"
0000000000000000001d,100.0,4.88816509322549E7,2.5359540400784146E7,7000,20202.070148132887,961.697083725306,0.0,"36,748","36,748",-42.957897952517435,-71.99754695672794,100.0,100.0,100.0,100.0,100.0,100.0,100.0,100.0,0.0,105.60936030103481,0.0,0.0,0.0,0.0,0.0,0.0,0.0,0.0,0,0,6.605522371796315,0.0,0.0,0.0,0.0,0.0,0.0,0.0,0.0,"{""type"":""Polygon"",""coordinates"":[[[-72.04195051047144,-42.98824036923283],[-71.95620230561055,-42.99048917624707],[-71.95318760379222,-42.927537100905845],[-72.03884859371684,-42.925293178513606],[-72.04195051047144,-42.98824036923283]]]}"
0000000000000000001e,100.00000000000003,4.88856832483533E7,1.161000153455495E7,7000,0,1301.7542213883678,0.0,"37,748","37,748",-42.96011226319529,-71.91183753145833,100.0,100.0,100.0,100.0,100.0,100.0,100.0,100.0,0.0,90.04215525328331,0.0,0.0,0.0,0.0,0.0,0.0,0.0,0.0,10533.538893811532,0,4.828530480132542,0.0,0.0,0.0,0.0,0.0,0.0,0.0,0.0,"{""type"":""Polygon"",""coordinates"":[[[-71.95620230561055,-42.99048917624707],[-71.87044449634323,-42.99267384593953],[-71.86751689834024,-42.929716976178476],[-71.95318760379222,-42.927537100905845],[-71.95620230561055,-42.99048917624707]]]}"
0000000000000000001f,100.0,4.88895988655131E7,1378934.7637057134,7000,0,1432.3173708920192,0.0,"38,748","38,748",-42.96226245880413,-71.82611856354269,100.0,100.0,100.0,100.0,100.0,100.0,100.0,100.0,0.0,80.03075023518348,0.0,0.0,0.0,0.0,0.0,0.0,0.0,0.0,1155.3002181547033,0,4.129188225747052,0.0,0.0,0.0,0.0,0.0,0.0,0.0,0.0,"{""type"":""Polygon"",""coordinates"":[[[-71.87044449634323,-42.99267384593953],[-71.78467721917947,-42.99479429632929],[-71.78183679292802,-42.931832751728855],[-71.86751689834024,-42.929716976178476],[-71.87044449634323,-42.99267384593953]]]}"
00000000000000000020,100.0,4.8893397746413E7,3.442029579671919E7,7000,5461.663870081762,897.1857410881803,0.0,"39,748","39,748",-42.9643485506925,-71.7403902826283,100.0,100.0,100.0,100.0,100.0,100.0,100.0,100.0,0.0,83.46095215759851,0.0,0.0,0.0,0.0,0.0,0.0,0.0,0.0,16169.693163319807,0,6.584719872251015,0.0,0.0,0.0,0.0,0.0,0.0,0.0,0.0,"{""type"":""Polygon"",""coordinates"":[[[-71.78467721917947,-42.99479429632929],[-71.69890070042653,-42.996850603830445],[-71.69614751207641,-42.933884576153986],[-71.78183679292802,-42.931832751728855],[-71.78467721917947,-42.99479429632929]]]}"
00000000000000000021,100.0,4.88970798548985E7,7616075.604736806,7000,0,1350.4266917293232,26.30426905420083,"40,748","40,748",-42.966370521805274,-71.65465300841099,100.0,100.0,100.0,100.0,100.0,100.0,100.0,100.0,0.0,73.80829025689223,0.0,0.0,0.0,0.0,0.0,0.0,0.0,0.0,6193.950751094231,0,5.252924771416456,0.0,0.0,0.0,0.0,0.0,0.0,0.0,0.0,"{""type"":""Polygon"",""coordinates"":[[[-71.69890070042653,-42.996850603830445],[-71.61311543740372,-42.99884267463598],[-71.61044946077611,-42.93587226876508],[-71.69614751207641,-42.933884576153986],[-71.69890070042653,-42.996850603830445]]]}"
00000000000000000022,33.64379858418007,4.89006451558926E7,4.790706782931911E7,7000,8611.738630507842,756.9522471910112,37.07615004627814,"41,748","41,748",-42.968328332384154,-71.56890705620744,100.0,100.0,100.0,100.0,100.0,100.0,100.0,100.0,66.35620141581992,74.36149835988756,0.0035101306786370764,0.007784385376581881,0.00778451371942003,0.006257734337570569,0.011140821087233256,0.015872336107594153,0.01923128309534542,0.015262345944505977,17977.42611817059,26787.107629101993,8.449539582128267,0.0,0.0,0.0,0.0,0.0,0.0,0.0,0.0,"{""type"":""Polygon"",""coordinates"":[[[-71.61311543740372,-42.99884267463598],[-71.52732147425725,-43.000770484207685],[-71.52474286245103,-42.93779590700551],[-71.61044946077611,-42.93587226876508],[-71.61311543740372,-42.99884267463598]]]}"
00000000000000000023,0.0,4.89040936154512E7,4.521741371218332E7,7000,11773.960764235477,647.4529190207155,61.29026010619935,"42,748","42,748",-42.97022196690642,-71.48315262512935,100.0,100.0,100.0,100.0,100.0,100.0,100.0,100.0,99.99999999999999,64.26982495300753,0.0,0.0,0.0,0.0,0.0,0.0,0.0,0.0,10818.341543823064,24421.17537888855,8.831590142644439,0.0,0.0,0.0,0.0,0.0,0.0,0.0,0.0,"{""type"":""Polygon"",""coordinates"":[[[-71.52732147425725,-43.000770484207685],[-71.44151921669082,-43.00263406816412],[-71.43902793990955,-42.93965542473761],[-71.52474286245103,-42.93779590700551],[-71.52732147425725,-43.000770484207685]]]}"
00000000000000000024,0.0,4.89074252007192E7,4.8992884752684E7,7000,0,633.3198494825963,13.346872012397181,"43,748","43,748",-42.97205144047622,-71.39739002110558,100.0,100.0,100.0,100.0,100.0,100.0,100.0,100.0,100.0,60.57811520989975,0.0,0.0,0.0,0.0,8.959426046539565E-4,0.0,0.002389181576781733,0.0022398565194211182,15222.120648201339,16223.818923202312,9.49483716003877,0.0,0.0,0.0,0.0,0.0,0.0,0.0,0.0,"{""type"":""Polygon"",""coordinates"":[[[-71.44151921669082,-43.00263406816412],[-71.35570888875327,-43.00443343236656],[-71.35330500595977,-42.941450843045175],[-71.43902793990955,-42.93965542473761],[-71.44151921669082,-43.00263406816412]]]}"
00000000000000000025,0.0,4.44831940885165E7,2.9257502664374877E7,7000,0,1108.460905349794,0.937964658004038,"44,748","44,748",-42.97334511688347,-71.3154308348349,100.0,100.0,100.0,100.0,100.0,100.0,100.0,100.0,99.99999215516662,53.12596549948507,0.0,0.0,0.0,0.0,0.0012496303009328356,0.0,0.0,0.0,6004.599475080578,8116.64233539034,8.40695486923202,0.0,0.0,0.0,0.0,0.0,0.0,0.0,0.0,"{""type"":""Polygon"",""coordinates"":[[[-71.26832225947449,-42.94316725722119],[-71.35330500595977,-42.941450843045175],[-71.35570888875327,-43.00443343236656],[-71.27626551797881,-43.00604174929871],[-71.2767746711387,-43.00260286851649],[-71.28081252689101,-42.9753187653229],[-71.26832225947449,-42.94316725722119]]]}"
00000000000000000026,100.0,4953527.39971557,144265.7918594959,7000,0,1087.8440366972477,0.0,"34,749","34,749",-42.88901060147505,-72.12955233017539,100.0,100.0,100.0,100.0,100.0,100.0,100.0,100.0,0.0,113.59715909090907,0.0,0.0,0.0,0.0,0.0,0.0,0.0,0.0,0,0,5.561884619972922,0.0,0.0,0.0,0.0,0.0,0.0,0.0,0.0,"{""type"":""MultiPolygon"",""coordinates"":[[[[-72.12207937210408,-42.87507319067512],[-72.121320852685,-42.86004228174753],[-72.13458503050992,-42.85967948005457],[-72.13458114362021,-42.85974236221499],[-72.13449310103465,-42.861154464644294],[-72.13444627755426,-42.86194092651643],[-72.13455050046461,-42.86240551893631],[-72.13478389456537,-42.86357151909762],[-72.13511400859697,-42.8645719778417],[-72.13509095847826,-42.86513949079294],[-72.13507929782926,-42.86533611785532],[-72.13501484787717,-42.86643984562338],[-72.13487736062444,-42.867467737309376],[-72.13464731113102,-42.86783437893843],[-72.13452609440915,-42.86794628749548],[-72.13404710255794,-42.868371293317004],[-72.13338009220911,-42.86893508074218],[-72.13250074623647,-42.86960634381405],[-72.13184530272531,-42.869901986954666],[-72.13037106919025,-42.870824163906356],[-72.12998309748225,-42.87119996739614],[-72.12978884025144,-42.871262714313865],[-72.12945492361024,-42.871365923021145],[-72.12898731311653,-42.87143343883948],[-72.12848399597517,-42.87186743580111],[-72.12812024755684,-42.87226549172369],[-72.12787148098117,-42.872408757639036],[-72.12668133969169,-42.87267818150062],[-72.1261351711432,-42.87295587085997],[-72.12528545306014,-42.873363387730066],[-72.12432011607335,-42.87363252972093],[-72.12328824422525,-42.87409835323382],[-72.12280299652518,-42.87446529182383],[-72.12271802385676,-42.87453240616964],[-72.12207937210408,-42.87507319067512]]],[[[-72.12415125634857,-42.91609331734757],[-72.12250043947478,-42.883413499017955],[-72.1227904314194,-42.883459996477264],[-72.1241217872431,-42.88382491602871],[-72.12565345361082,-42.88406006508109],[-72.12721557506637,-42.88432199154665],[-72.12864932779738,-42.88419083431373],[-72.12918392113843,-42.88415891212077],[-72.13015050751851,-42.8843901785443],[-72.13106882036116,-42.88476000762656],[-72.13160377083138,-42.884893411609816],[-72.13178663725004,-42.88513902633323],[-72.13196923237295,-42.885321986111],[-72.13221275262082,-42.88550486802429],[-72.13251719784056,-42.88580835225577],[-72.13269970211132,-42.885928829130066],[-72.13297386507246,-42.886263610639205],[-72.13394785108109,-42.8870891207984],[-72.13451479530872,-42.887924048073415],[-72.13487989161983,-42.888155924881055],[-72.1354824486778,-42.88859310829702],[-72.13598304193489,-42.88965595521263],[-72.13585839085964,-42.890987656830426],[-72.13585848125201,-42.89103233714198],[-72.13575064311405,-42.891751913812776],[-72.13579339872594,-42.891827800047686],[-72.13591533805801,-42.892019789872734],[-72.13688217323332,-42.89228675904779],[-72.13734380516087,-42.892183437212],[-72.1382564909924,-42.89273194122655],[-72.13834173029714,-42.8927854043574],[-72.13843311620477,-42.892901521021756],[-72.13854285156916,-42.89305329187144],[-72.13915796542607,-42.893651290726034],[-72.139888869043,-42.89437875258177],[-72.14040626742344,-42.8947534216082],[-72.14178120122796,-42.89539070062982],[-72.14259381106875,-42.89728425358232],[-72.14271032412846,-42.89771306252726],[-72.14271149920174,-42.89821799084938],[-72.14269396349218,-42.89853075048178],[-72.14267715090365,-42.899151849982395],[-72.14254509069865,-42.899858007697766],[-72.14207334331498,-42.900881831235424],[-72.14184302835261,-42.901150232684685],[-72.14143627071171,-42.90137414947936],[-72.14044612983902,-42.90161662183787],[-72.13850262732589,-42.9022311801229],[-72.13791354490473,-42.90244637451559],[-72.13748870338038,-42.902728364079124],[-72.13717992455473,-42.90324709309751],[-72.13681645819199,-42.90381053982069],[-72.13622791470365,-42.90428933289461],[-72.13545099208464,-42.90478177287497],[-72.13503853075044,-42.90514415453129],[-72.13479627836797,-42.905560032273726],[-72.13448740628743,-42.906060840332344],[-72.13412936013148,-42.90632039388989],[-72.1338864742401,-42.906463634654855],[-72.1337046034658,-42.9066649346792],[-72.1332186499838,-42.90683528652644],[-72.13301833856502,-42.906951733781156],[-72.13271470741032,-42.9071040009154],[-72.13208348985688,-42.90754259284829],[-72.13199291549435,-42.90780191433057],[-72.13188408159228,-42.9080924348144],[-72.13178184638637,-42.90857514498992],[-72.13172851412499,-42.909249926732464],[-72.1317776882782,-42.90950455501396],[-72.13193054391094,-42.90990648380921],[-72.13233243361815,-42.910227748478825],[-72.13246061155009,-42.91047786133451],[-72.13249134531945,-42.91064756861545],[-72.13247995574648,-42.91099168843951],[-72.13247417056637,-42.9111524989846],[-72.1322861521507,-42.91134039968957],[-72.13191011495462,-42.91173852076901],[-72.13117557550993,-42.91218622567915],[-72.13110262766907,-42.91220863114017],[-72.1304833386327,-42.912553371843856],[-72.13021667603758,-42.91296027231697],[-72.12986504261477,-42.91339858400222],[-72.12956131777383,-42.913528476044775],[-72.12873529307625,-42.91384225657615],[-72.12817629232288,-42.91399921492312],[-72.12759912111078,-42.91416073588349],[-72.12676215302446,-42.91509551271379],[-72.12640961147534,-42.91512724241589],[-72.12595401868744,-42.91528410459345],[-72.12500043536505,-42.9157096641923],[-72.12415125634857,-42.91609331734757]]]]}"
00000000000000000027,100.0,4.83656296547708E7,3.0980850424381144E7,7000,15459.206440682825,992.0302171860245,0.0,"35,749","35,749",-42.8925293651987,-72.07967370473102,100.0,100.0,100.0,100.0,100.0,100.0,100.0,100.0,0.0,115.45658081285445,0.0,0.0,0.0,0.0,0.0,0.0,0.0,0.0,12268.607452756867,0,6.636434687738834,0.0,0.0,0.0,0.0,0.0,0.0,0.0,0.0,"{""type"":""Polygon"",""coordinates"":[[[-72.11412272979142,-42.92326828770718],[-72.03884859371684,-42.925293178513606],[-72.03575659125747,-42.862345062980175],[-72.121320852685,-42.86004228174753],[-72.12207937210408,-42.87507319067512],[-72.12152930786677,-42.87553900218338],[-72.12125034309284,-42.87579404265443],[-72.12095926485246,-42.876066876189974],[-72.12052291813868,-42.87663036849137],[-72.12055392435929,-42.87696545153515],[-72.12060355238481,-42.877479274204696],[-72.12062199339759,-42.877595441311485],[-72.12059243353828,-42.878006522493955],[-72.12055690746487,-42.87849806300766],[-72.12019332994578,-42.87899440063365],[-72.12018121671383,-42.878998937002336],[-72.11951977924714,-42.879428546081385],[-72.11899212879479,-42.8799250609342],[-72.11884758295872,-42.88057311885892],[-72.11875727567397,-42.88099327768659],[-72.11829073278984,-42.88169528855505],[-72.11829163676828,-42.88215993903458],[-72.11835310729343,-42.88250845974206],[-72.1183591639474,-42.882530760626565],[-72.11882778586866,-42.88292792042036],[-72.11975734367587,-42.88289121200091],[-72.1207421311436,-42.883131472592076],[-72.12250043947478,-42.883413499017955],[-72.12415125634857,-42.91609331734757],[-72.1239496731443,-42.916184381203614],[-72.12283219457468,-42.91675311130154],[-72.12175150320866,-42.9174691457592],[-72.12090755775577,-42.91803755038527],[-72.12031274469061,-42.9185653784333],[-72.1195420170215,-42.91924092934119],[-72.11843681566423,-42.91990339797202],[-72.1179284180186,-42.92113710756263],[-72.1175525430875,-42.921709460821084],[-72.11655599306846,-42.921965160816725],[-72.11595448164148,-42.92219363403963],[-72.11514595576396,-42.92222133309646],[-72.11412517056795,-42.92260211156748],[-72.11401642039398,-42.92293736897896],[-72.11412272979142,-42.92326828770718]]]}"
00000000000000000028,100.0,4.88823692800843E7,1.6941043270453863E7,7000,0,1218.2551789077215,0.0,"36,749","36,749",-42.89494782383953,-71.99449350911024,100.0,100.0,100.0,100.0,100.0,100.0,100.0,100.0,0.0,99.66071428571429,0.0,0.0,0.0,0.0,0.0,0.0,0.0,0.0,0,0,5.601633988287216,0.0,0.0,0.0,0.0,0.0,0.0,0.0,0.0,"{""type"":""Polygon"",""coordinates"":[[[-72.03884859371684,-42.925293178513606],[-71.95318760379222,-42.927537100905845],[-71.95018245980803,-42.86458405576829],[-72.03575659125747,-42.862345062980175],[-72.03884859371684,-42.925293178513606]]]}"
00000000000000000029,100.0,4.88864017748008E7,5996635.3927200325,7000,0,1521.2396616541353,0.0,"37,749","37,749",-42.89715730817794,-71.90887112257613,100.0,100.0,100.0,100.0,100.0,100.0,100.0,100.0,0.0,88.30310150375941,0.0,0.0,0.0,0.0,0.0,0.0,0.0,0.0,4863.093724124564,0,4.192641751569018,0.0,0.0,0.0,0.0,0.0,0.0,0.0,0.0,"{""type"":""Polygon"",""coordinates"":[[[-71.95318760379222,-42.927537100905845],[-71.86751689834024,-42.929716976178476],[-71.86459868225351,-42.86675919251457],[-71.95018245980803,-42.86458405576829],[-71.95318760379222,-42.927537100905845]]]}"
0000000000000000002a,100.0,4.88903175654012E7,1.769521070381707E7,7000,0,1368.0602636534838,0.0,"38,749","38,749",-42.899302805441316,-71.82323918773811,100.0,100.0,100.0,100.0,100.0,100.0,100.0,100.0,0.0,83.34856146127314,0.0,0.0,0.0,0.0,0.0,0.0,0.0,0.0,4251.607911845914,0,4.926400840809519,0.0,0.0,0.0,0.0,0.0,0.0,0.0,0.0,"{""type"":""Polygon"",""coordinates"":[[[-71.86751689834024,-42.929716976178476],[-71.78183679292802,-42.931832751728855],[-71.77900548188487,-42.8688704058307],[-71.86459868225351,-42.86675919251457],[-71.86751689834024,-42.929716976178476]]]}"
0000000000000000002b,100.00000000000003,4.88941166145819E7,3.1296437548479363E7,7000,13245.478436499363,969.3220657276994,0.0,"39,749","39,749",-42.901384339372406,-71.73759796189631,100.0,100.0,100.0,100.0,100.0,100.0,100.0,100.0,0.0,84.06464978111319,0.0,0.0,0.0,0.0,0.0,0.0,0.0,0.0,13812.391929151887,2369.28391575109,6.618634624015994,0.0,0.0,0.0,0.0,0.0,0.0,0.0,0.0,"{""type"":""Polygon"",""coordinates"":[[[-71.78183679292802,-42.931832751728855],[-71.69614751207641,-42.933884576153986],[-71.69340317189439,-42.870917715424426],[-71.77900548188487,-42.8688704058307],[-71.78183679292802,-42.931832751728855]]]}"
0000000000000000002c,100.00000000000003,4.88977988861938E7,1.6023430334885761E7,7000,3872.8622305411645,1141.662276575729,71.95427830892926,"40,749","40,749",-42.90340188143444,-71.65194778699477,99.99177444914211,99.99177444914211,99.99177444914211,99.99177444914211,99.99177444914211,99.99177444914211,99.99177444914211,99.99177444914211,0.0,74.35954143170424,0.9230320215163155,1.3717416721067122,1.4184825826967087,1.499586767031714,1.2922211594466517,1.1692845158330252,1.768156218347866,1.9840075527765368,8108.673269688367,17147.27300338134,5.649369496510441,0.008225550857885094,0.008225550857885094,0.008225550857885094,0.008225550857885094,0.008225550857885094,0.008225550857885094,0.008225550857885094,0.008225550857885094,"{""type"":""Polygon"",""coordinates"":[[[-71.69614751207641,-42.933884576153986],[-71.61044946077611,-42.93587226876508],[-71.60779206495167,-42.87290106949319],[-71.69340317189439,-42.870917715424426],[-71.69614751207641,-42.933884576153986]]]}"
0000000000000000002d,38.97725749992195,4.89013643451685E7,4.115235098894936E7,7000,16783.194924105024,865.2164948453609,31.190082981175426,"41,749","41,749",-42.905355410108314,-71.5662889563262,100.0,100.0,100.0,100.0,100.0,100.0,100.0,100.0,61.02274250007804,72.06463023764853,0.07524679300561075,0.16651323215084768,0.15525074284358015,0.1521339648942776,0.08432090038823013,0.11687888053997664,0.2555117462069605,0.29725619130653597,10284.38908195092,54380.625375977994,8.285771221067847,0.0,0.0,0.0,0.0,0.0,0.0,0.0,0.0,"{""type"":""Polygon"",""coordinates"":[[[-71.61044946077611,-42.93587226876508],[-71.52474286245103,-42.93779590700551],[-71.52217247320289,-42.87482048865923],[-71.60779206495167,-42.87290106949319],[-71.61044946077611,-42.93587226876508]]]}"
0000000000000000002e,0.0,4.89048129575247E7,3.4633003795733236E7,7000,0,874.871119473189,6.202250675516512,"42,749","42,749",-42.90724491104201,-71.48062172071329,100.0,100.0,100.0,100.0,100.0,100.0,100.0,100.0,100.0,60.05696859335839,0.0,0.0,0.0,0.0,0.0,0.0,0.0,0.0,12174.095299168526,23618.07075813756,8.107575033661115,0.0,0.0,0.0,0.0,0.0,0.0,0.0,0.0,"{""type"":""Polygon"",""coordinates"":[[[-71.52474286245103,-42.93779590700551],[-71.43902793990955,-42.93965542473761],[-71.43654461768052,-42.87667590691232],[-71.52217247320289,-42.87482048865923],[-71.52474286245103,-42.93779590700551]]]}"
0000000000000000002f,0.0,4.89081446904173E7,4.785465605308151E7,7000,9464.777660219468,719.4383819379117,1.0652602953444816,"43,749","43,749",-42.90907037013009,-71.39494633039979,99.19242828050267,99.18632676236976,99.16017211556355,99.13952348218739,99.11606781487991,99.09614239402781,99.09614239402781,99.09063581092796,99.99999999999999,57.60435285355911,0.0,0.002600039403931949,0.0015290749033652201,9.174464597781534E-4,0.002905935986472379,0.001223261351171255,0.002752335600879754,0.0,1762.4562390044032,24050.253607121776,9.107524859624881,0.8075717194973304,0.8136732376302358,0.8398278844364415,0.8604765178126105,0.8839321851200936,0.9038576059721961,0.9038576059721961,0.9093641890720372,"{""type"":""Polygon"",""coordinates"":[[[-71.43902793990955,-42.93965542473761],[-71.35330500595977,-42.941450843045175],[-71.35090871880661,-42.8784674021536],[-71.43654461768052,-42.87667590691232],[-71.43902793990955,-42.93965542473761]]]}"
00000000000000000030,0.0,4.89040969141601E7,4.8113382624917336E7,7000,6002.429493696278,736.9550561797753,5.571124945998025,"44,749","44,749",-42.910827083908835,-71.30926922323141,75.81772695760114,75.66770915732081,75.5444816964551,75.45000757192219,75.29535774979588,75.19605900227484,75.15634370726724,75.06460876538426,99.99999940363503,52.83577915497349,0.0047166335187617744,0.01673578773188303,0.009585787971071773,0.018561518578333304,0.004717030834641331,0.014757261370076963,0.014453192765142854,0.009279744980861504,17227.259294886553,243448.2684427655,9.101094773152477,24.182273042398858,24.332290842679193,24.455518303544906,24.549992428077818,24.70464225020412,24.80394099772517,24.843656292732767,24.935391234615743,"{""type"":""Polygon"",""coordinates"":[[[-71.26749561450788,-42.941038054672816],[-71.26526517766146,-42.88019486744668],[-71.35090871880661,-42.8784674021536],[-71.35330500595977,-42.941450843045175],[-71.26832225947449,-42.94316725722119],[-71.26749561450788,-42.941038054672816]]]}"
00000000000000000031,0.0,3598636.6662432,3465274.409068304,7000,1318.7339923185734,778.5526315789474,0.0,"45,749","45,749",-42.9039128807517,-71.26233935455174,98.15783398816103,98.15783398816103,98.15783398816103,98.15783398816103,98.15783398816103,98.15783398816103,98.15783398816103,98.15783398816103,99.99992543628707,50.36759868421052,0.0,0.0,0.0,0.0,0.0,0.0,0.0,0.0,0,8468.541808858532,8.907195723684211,1.8421660118389713,1.8421660118389713,1.8421660118389713,1.8421660118389713,1.8421660118389713,1.8421660118389713,1.8421660118389713,1.8421660118389713,"{""type"":""Polygon"",""coordinates"":[[[-71.2551613434439,-42.88039443672627],[-71.26526517766146,-42.88019486744668],[-71.26749561450788,-42.941038054672816],[-71.26127872635291,-42.925020799421794],[-71.2551613434439,-42.88039443672627]]]}"
00000000000000000032,99.99790077545514,1.88116327033937E7,1.1956758403279312E7,7000,0,1001.078239608802,0.0,"34,750","34,750",-42.823571315914556,-72.13732457925661,100.0,100.0,100.0,100.0,100.0,100.0,100.0,100.0,0.0020992245448601806,121.4006469030155,0.0,0.0,0.0,0.0,0.0,0.0,0.0,0.0,3885.9784141048126,0,6.394795501261294,0.0,0.0,0.0,0.0,0.0,0.0,0.0,0.0,"{""type"":""Polygon"",""coordinates"":[[[-72.13458503050992,-42.85967948005457],[-72.121320852685,-42.86004228174753],[-72.1181523336626,-42.797098319754454],[-72.14536254280259,-42.79635342664179],[-72.14595450254878,-42.79662213833339],[-72.14648318873884,-42.79695661484345],[-72.14690277452733,-42.797353756074735],[-72.1473893378117,-42.79782227436426],[-72.14825227833774,-42.798388675945624],[-72.14936938795219,-42.798682134807414],[-72.15201404348784,-42.79828541483643],[-72.15368258913803,-42.7982563785893],[-72.15790461739412,-42.7978172304872],[-72.15865083917278,-42.7977804159922],[-72.16052442941705,-42.7972594969459],[-72.16168370107465,-42.79739192417051],[-72.16205454771404,-42.79766845779401],[-72.16230988298554,-42.797855724402254],[-72.16291084641912,-42.79798894022616],[-72.16325719746361,-42.798149301960954],[-72.16328151071286,-42.798158182359145],[-72.16380853829934,-42.797858083952],[-72.16444610391174,-42.79801354683142],[-72.16501118073244,-42.79830765434902],[-72.16501271724819,-42.798906399294154],[-72.16496454295616,-42.799027148000825],[-72.16477753985885,-42.79945186791632],[-72.16471309652076,-42.80031883032137],[-72.16450774542298,-42.80069000042103],[-72.1640125341413,-42.801584340168404],[-72.16358339252149,-42.80220612538621],[-72.16311186022838,-42.80288598143008],[-72.16254307393865,-42.80352128225299],[-72.16217521060501,-42.80438416456317],[-72.16217683752006,-42.805018715527794],[-72.16225971979074,-42.806546727587744],[-72.16226595629651,-42.806613759986064],[-72.16225456789458,-42.806886379488965],[-72.16204469583529,-42.8078518335634],[-72.16168876259671,-42.80867000365341],[-72.16161030899494,-42.80884886523892],[-72.16114473885239,-42.80951527747713],[-72.16038216388574,-42.81031622971838],[-72.15945427274684,-42.81057224091591],[-72.15864885069676,-42.811261434497176],[-72.15760327195768,-42.812983236109616],[-72.15699795895354,-42.813591778554915],[-72.1564468762636,-42.81407956632187],[-72.15631382809562,-42.814276335578526],[-72.15616261227049,-42.814491040416065],[-72.15591468322398,-42.81484881485626],[-72.155934748944,-42.81557716669189],[-72.15594794531769,-42.81601053458427],[-72.15582167588188,-42.81647093923955],[-72.15568320425389,-42.816940347666346],[-72.15590609654156,-42.81867818086855],[-72.15591251395688,-42.81882567013935],[-72.15597361497434,-42.81898193518845],[-72.15606508570413,-42.819151659300466],[-72.15641876622779,-42.81980795833083],[-72.15655335090824,-42.82020550928856],[-72.1572408254703,-42.82084350679089],[-72.157380832908,-42.82097289352531],[-72.15818427001629,-42.82183870534102],[-72.15865825076507,-42.8220659049472],[-72.15947388629584,-42.82294057806901],[-72.15947397668086,-42.82297183027717],[-72.159498742174,-42.823155005723855],[-72.15954827315389,-42.82353924589751],[-72.15947569399614,-42.823633143200006],[-72.15931236822824,-42.823838942801814],[-72.15884607129654,-42.82430423820344],[-72.1588480597712,-42.82507284757356],[-72.159219904291,-42.82568445066858],[-72.15938449550183,-42.825934490460604],[-72.15933062601098,-42.82623842098143],[-72.15927675651007,-42.82653787704892],[-72.15912572300678,-42.82683739377381],[-72.15848968218594,-42.827356642873745],[-72.15752002680718,-42.827988037068614],[-72.1579264003004,-42.827848963982284],[-72.15576753456787,-42.828750061231844],[-72.15443379308526,-42.82949355492636],[-72.15320200197677,-42.8297276144771],[-72.15233482801183,-42.83012643667624],[-72.15186806788223,-42.830390664095916],[-72.15123779589229,-42.830860677717126],[-72.15080239853562,-42.831558300928336],[-72.1508036639638,-42.832058783665076],[-72.1508356612175,-42.832760236023276],[-72.1507422003027,-42.834279630792885],[-72.15022400688795,-42.83588440926195],[-72.15020737551234,-42.836554706354676],[-72.15026892967495,-42.83687189657408],[-72.15037423155269,-42.837765423633144],[-72.15041761772295,-42.838118345716246],[-72.15023810740132,-42.839186516431525],[-72.14998574426336,-42.84030390442232],[-72.14994488889225,-42.840978691516504],[-72.14990376235134,-42.84153732236171],[-72.14977044000821,-42.84165812526538],[-72.14946149348819,-42.84194449844533],[-72.14932853249407,-42.84221275680647],[-72.14847897266755,-42.84244174041156],[-72.14843757475293,-42.842915432550754],[-72.1489749336863,-42.84415693609156],[-72.1488426955754,-42.84472902283323],[-72.14881250586832,-42.84480508203103],[-72.1486740308842,-42.84528335555047],[-72.14857144004057,-42.845547095765056],[-72.14837222388442,-42.84604783990594],[-72.14831790039882,-42.846168549719266],[-72.14814281781429,-42.8465843263745],[-72.14814336014564,-42.84684796276013],[-72.14816903049503,-42.84741537640006],[-72.14816975360343,-42.8477147296536],[-72.14817192292861,-42.848617393674516],[-72.14804691553803,-42.8496675467926],[-72.14787165201234,-42.85001635275643],[-72.14744167291843,-42.85051286900527],[-72.14739313414101,-42.850557636003124],[-72.14682992102817,-42.85120621982361],[-72.14670274372209,-42.85134492040214],[-72.14597465934891,-42.851649701948496],[-72.14576821026253,-42.851645529840276],[-72.14527631127734,-42.85164612598714],[-72.14503949081393,-42.85166879800247],[-72.14248886792372,-42.85165853946299],[-72.13909505303268,-42.852091685870846],[-72.13894925170068,-42.85208296813936],[-72.13822069590046,-42.85216871777246],[-72.13760738789433,-42.85220073924936],[-72.13710950919695,-42.85227278921102],[-72.1365451010138,-42.85244776838006],[-72.13645407608078,-42.852474668490174],[-72.13637525407006,-42.852501582827294],[-72.13441364574203,-42.85251286758264],[-72.1342924289227,-42.852606791790116],[-72.13423783162142,-42.85264711381736],[-72.13414689635842,-42.85271425461099],[-72.13394767029513,-42.853281915243876],[-72.13424723248197,-42.854175279589946],[-72.13451569923677,-42.854778149331246],[-72.13429233852982,-42.85539503958183],[-72.13401456109385,-42.856141587879364],[-72.13383341354385,-42.85659756405288],[-72.13371246766168,-42.85687469937827],[-72.13355039286922,-42.8577417494184],[-72.13398337552069,-42.85857235980828],[-72.13424515344552,-42.8588402059975],[-72.13428772849318,-42.85888035222173],[-72.13461639680406,-42.8591748776454],[-72.13458503050992,-42.85967948005457]]]}"
00000000000000000033,100.00000000000003,4.8878938182723E7,2.1960339525118005E7,7000,0,1117.893796992481,0.0,"35,750","35,750",-42.82972839418258,-72.07697578743011,100.0,100.0,100.0,100.0,100.0,100.0,100.0,100.0,0.0,111.79901212832547,0.0,0.0,0.0,0.0,0.0,0.0,0.0,0.0,12022.149486804075,0,6.0430291321803695,0.0,0.0,0.0,0.0,0.0,0.0,0.0,0.0,"{""type"":""Polygon"",""coordinates"":[[[-72.121320852685,-42.86004228174753],[-72.03575659125747,-42.862345062980175],[-72.03267459385351,-42.79939609506935],[-72.1181523336626,-42.797098319754454],[-72.121320852685,-42.86004228174753]]]}"
00000000000000000034,100.0,4.88830875269083E7,1.651425460043508E7,7000,0,1256.3345900094255,0.0,"36,750","36,750",-42.83199681085596,-71.9914498759444,100.0,100.0,100.0,100.0,100.0,100.0,100.0,100.0,0.0,100.48193007212292,0.0,0.0,0.0,0.0,0.0,0.0,0.0,0.0,7030.363068378707,0,5.745270717401945,0.0,0.0,0.0,0.0,0.0,0.0,0.0,0.0,"{""type"":""Polygon"",""coordinates"":[[[-72.03575659125747,-42.862345062980175],[-71.95018245980803,-42.86458405576829],[-71.94718705486463,-42.8016302003785],[-72.03267459385351,-42.79939609506935],[-72.03575659125747,-42.862345062980175]]]}"
00000000000000000035,100.0,4.88871202002069E7,2.576361794124287E7,7000,1486.37098676593,1150.7904135338345,0.0,"37,750","37,750",-42.83420145532671,-71.90591421651938,100.0,100.0,100.0,100.0,100.0,100.0,100.0,100.0,0.0,96.46572769953055,0.0,0.0,0.0,0.0,0.0,0.0,0.0,0.0,9471.416724087132,0,5.8370983954774385,0.0,0.0,0.0,0.0,0.0,0.0,0.0,0.0,"{""type"":""Polygon"",""coordinates"":[[[-71.95018245980803,-42.86458405576829],[-71.86459868225351,-42.86675919251457],[-71.86168984836854,-42.80380055345603],[-71.94718705486463,-42.8016302003785],[-71.95018245980803,-42.86458405576829]]]}"
00000000000000000036,100.0,4.88910361642272E7,2.905977638678051E7,7000,8994.980249343962,950.5517890772127,0.0,"38,750","38,750",-42.836342288649895,-71.82036904441783,100.0,100.0,100.0,100.0,100.0,100.0,100.0,100.0,0.0,93.58691988084041,0.0,0.0,0.0,0.0,0.0,0.0,0.0,0.0,11100.359807289438,0,7.114575927031008,0.0,0.0,0.0,0.0,0.0,0.0,0.0,0.0,"{""type"":""Polygon"",""coordinates"":[[[-71.86459868225351,-42.86675919251457],[-71.77900548188487,-42.8688704058307],[-71.77618328631226,-42.80590717374314],[-71.86168984836854,-42.80380055345603],[-71.86459868225351,-42.86675919251457]]]}"
00000000000000000037,100.0,4.88948353816892E7,2.8726253366877396E7,7000,27512.902352673,821.3577464788732,0.0,"39,750","39,750",-42.8384192860811,-71.7348146311621,100.0,100.0,100.0,100.0,100.0,100.0,100.0,100.0,0.0,86.74699726134585,0.0,0.0,0.0,0.0,0.0,0.0,0.0,0.0,838.753690251806,11421.6714602373,7.68146426348619,0.0,0.0,0.0,0.0,0.0,0.0,0.0,0.0,"{""type"":""Polygon"",""coordinates"":[[[-71.77900548188487,-42.8688704058307],[-71.69340317189439,-42.870917715424426],[-71.69066768012061,-42.807950009056135],[-71.77618328631226,-42.80590717374314],[-71.77900548188487,-42.8688704058307]]]}"
00000000000000000038,100.0,4.88985178164062E7,2.1385230455628585E7,7000,23415.969576909494,836.964252116651,20.57721196539227,"40,750","40,750",-42.84043240400731,-71.64925127207952,100.0,100.0,100.0,100.0,100.0,100.0,100.0,100.0,0.0,80.47230714957666,0.0,0.025788980393056278,0.018793614644426714,0.011729739232706319,0.003768245143345098,0.007199363052276824,0.012518038267983313,0.03203158330258511,5883.123943128858,17588.756028873573,7.665573196913539,0.0,0.0,0.0,0.0,0.0,0.0,0.0,0.0,"{""type"":""Polygon"",""coordinates"":[[[-71.69340317189439,-42.870917715424426],[-71.60779206495167,-42.87290106949319],[-71.60514325014984,-42.809928992716095],[-71.69066768012061,-42.807950009056135],[-71.69340317189439,-42.870917715424426]]]}"
00000000000000000039,69.00248962994027,4.89020834333162E7,2.3346526377123613E7,7000,5171.814578710583,1113.5549295774647,0.0,"41,750","41,750",-42.84238165542666,-71.56367929123415,100.0,100.0,100.0,100.0,100.0,100.0,100.0,100.0,30.997510370059718,68.65047490619136,0.050544221184955204,0.13553438496710532,0.14979283966822682,0.06177031612854955,0.07471044551685216,0.05932444015380811,0.12979152203181807,0.1681127315320168,8703.161948065223,5080.220052423516,6.83352043982071,0.0,0.0,0.0,0.0,0.0,0.0,0.0,0.0,"{""type"":""Polygon"",""coordinates"":[[[-71.60779206495167,-42.87290106949319],[-71.52217247320289,-42.87482048865923],[-71.51961039727898,-42.81184423241009],[-71.60514325014984,-42.809928992716095],[-71.60779206495167,-42.87290106949319]]]}"
0000000000000000003a,0.0,4.89055321984583E7,1.877000653691156E7,7000,4597.619029549344,1076.1580432737537,0.0,"42,750","42,750",-42.844267025119876,-71.47809894175938,100.0,100.0,100.0,100.0,100.0,100.0,100.0,100.0,99.99999999999997,58.48797624647225,0.0,0.0,0.0,0.0,0.0,0.0,0.0,0.0,250.3701843617015,23855.1475670098,6.865562812180756,0.0,0.0,0.0,0.0,0.0,0.0,0.0,0.0,"{""type"":""Polygon"",""coordinates"":[[[-71.52217247320289,-42.87482048865923],[-71.43654461768052,-42.87667590691232],[-71.43406925018344,-42.81369564701056],[-71.51961039727898,-42.81184423241009],[-71.52217247320289,-42.87482048865923]]]}"
0000000000000000003b,0.0,4.89088640789708E7,4.817360374439974E7,7000,0,836.5757290686736,0.0,"43,750","43,750",-42.846088486331155,-71.39251044827436,100.0,100.0,100.0,100.0,100.0,100.0,100.0,100.0,100.0,55.559368127552624,0.0,0.0,0.0,0.0,0.0,9.122396723859188E-4,0.0,0.0,15880.656086421975,15090.428274443351,8.45311037831212,0.0,0.0,0.0,0.0,0.0,0.0,0.0,0.0,"{""type"":""Polygon"",""coordinates"":[[[-71.43654461768052,-42.87667590691232],[-71.35090871880661,-42.8784674021536],[-71.34852020867761,-42.81548312907405],[-71.43406925018344,-42.81369564701056],[-71.43654461768052,-42.87667590691232]]]}"
0000000000000000003c,0.0,4.7172351701278E7,2.9932485518806893E7,7000,0,1026.5043562439496,0.0,"44,750","44,750",-42.84869201412701,-71.3083237486338,100.0,100.0,100.0,100.0,100.0,100.0,100.0,100.0,100.0,50.913759689922486,0.0,0.0,0.0,0.0,0.0,0.0,0.0,0.0,14721.580567534802,34442.17132577662,7.51853656214337,0.0,0.0,0.0,0.0,0.0,0.0,0.0,0.0,"{""type"":""Polygon"",""coordinates"":[[[-71.27934308372228,-42.8168817832902],[-71.34852020867761,-42.81548312907405],[-71.35090871880661,-42.8784674021536],[-71.26526517766146,-42.88019486744668],[-71.263818332231,-42.840614073973825],[-71.26744495174393,-42.83506944696965],[-71.27934308372228,-42.8168817832902]]]}"
0000000000000000003d,0.0,3216616.22665452,563487.5276681042,7000,0,1341.661971830986,0.0,"45,750","45,750",-42.86390326867862,-71.25950853043001,100.0,100.0,100.0,100.0,100.0,100.0,100.0,100.0,99.99994902822455,49.10654761904761,0.0,0.0,0.0,0.0,0.0,0.0,0.0,0.0,0,1340.1024941965609,7.317232077462331,0.0,0.0,0.0,0.0,0.0,0.0,0.0,0.0,"{""type"":""Polygon"",""coordinates"":[[[-71.263818332231,-42.840614073973825],[-71.26526517766146,-42.88019486744668],[-71.2551613434439,-42.88039443672627],[-71.25215482078755,-42.85843806766484],[-71.263818332231,-42.840614073973825]]]}"
0000000000000000003e,100.00000000000003,1.23281542946573E7,4034985.13129413,7000,0,1221.9622641509436,0.0,"34,751","34,751",-42.76388931424391,-72.12778744438023,100.0,100.0,100.0,100.0,100.0,100.0,100.0,100.0,0.0,117.21306818181819,0.0,0.0,0.0,0.0,0.0,0.0,0.0,0.0,1801.738473622706,0,5.894714849645442,0.0,0.0,0.0,0.0,0.0,0.0,0.0,0.0,"{""type"":""Polygon"",""coordinates"":[[[-72.14536254280259,-42.79635342664179],[-72.1181523336626,-42.797098319754454],[-72.11499390491848,-42.73415348982841],[-72.13228949671011,-42.7336813319134],[-72.13309689030662,-42.7340982929155],[-72.13390934366838,-42.7342135099351],[-72.13470480092326,-42.734838162687396],[-72.13479239148108,-42.73611602510947],[-72.13529678241481,-42.736678432089846],[-72.1354608448685,-42.736892727505406],[-72.13584926122837,-42.73708887228324],[-72.13586743009822,-42.7370977883102],[-72.13626190219603,-42.737293964764184],[-72.1370267101151,-42.737762205077004],[-72.1378455703026,-42.738002485009915],[-72.13802761926773,-42.738060412478205],[-72.13869461894463,-42.73815786646671],[-72.13932464704614,-42.7379962674538],[-72.13959121089138,-42.73792889135181],[-72.14059174963705,-42.738061766782224],[-72.14131993792152,-42.73839150609367],[-72.14222492806284,-42.73915895622946],[-72.14362100449847,-42.739961535036976],[-72.14445801440469,-42.74015706081654],[-72.14495524776272,-42.74022345938386],[-72.1457620637901,-42.74045928540038],[-72.14598650033845,-42.7405260271943],[-72.1466545663769,-42.74102562074829],[-72.14715288063127,-42.74155669671668],[-72.14715360374221,-42.741851602584475],[-72.14715387490882,-42.74195886826035],[-72.14680913156475,-42.742307842946836],[-72.14679096338028,-42.74232573455739],[-72.14677894164565,-42.74234808100623],[-72.14625351000478,-42.74322458658681],[-72.14526781466864,-42.74425359915491],[-72.14509851516891,-42.74447271032452],[-72.14482788885445,-42.74538465664984],[-72.14472140989457,-42.74655549850242],[-72.14468624832793,-42.74705599898052],[-72.14505729755015,-42.747587257868226],[-72.14528878502158,-42.74805167361897],[-72.1454175899578,-42.748686056282814],[-72.14502548043694,-42.7495534253455],[-72.14440820967121,-42.750054630050094],[-72.14418431423913,-42.750233664701845],[-72.14195538375152,-42.751210562297445],[-72.141512921973,-42.751300449758126],[-72.13962176312386,-42.75154853319705],[-72.1391246110123,-42.751549152220164],[-72.13819222252872,-42.752153530447764],[-72.13735682159778,-42.752748836992346],[-72.13689726870838,-42.7533168854961],[-72.13646239216322,-42.75408146017333],[-72.13642750077221,-42.754778599870505],[-72.13642750077221,-42.754783078223106],[-72.13609558038692,-42.75548052327734],[-72.13575055272163,-42.75573561049157],[-72.13471456333968,-42.75616137661879],[-72.13423620454937,-42.756488061585806],[-72.1341222190903,-42.757037821787286],[-72.13401419952201,-42.75756527707327],[-72.13403950954998,-42.75805225128394],[-72.13406454839692,-42.758414154658794],[-72.13446028844203,-42.75914654625868],[-72.13466692636015,-42.7593473805266],[-72.13499505188622,-42.759677658391084],[-72.13504973943786,-42.759744585349374],[-72.13542676688986,-42.76021336982354],[-72.13546961294193,-42.76039200119652],[-72.13549410931063,-42.76051264978756],[-72.13548805301302,-42.76053052704892],[-72.13538545750458,-42.76072724647437],[-72.13536132269691,-42.760780930580346],[-72.13502867795225,-42.76117902183655],[-72.13485367773805,-42.76158582557222],[-72.13469675596875,-42.76194345858448],[-72.13475225711112,-42.76236345679532],[-72.1347644601296,-42.76241257742979],[-72.13458322265426,-42.76273004279269],[-72.13449870538894,-42.76287758577914],[-72.13413035445365,-42.763610862561166],[-72.134149608146,-42.764124683847804],[-72.1341624439402,-42.76444638180998],[-72.13421749322013,-42.764669712376644],[-72.13429712935212,-42.76501369489496],[-72.13442657191739,-42.76597424082374],[-72.13459208114695,-42.76680964026984],[-72.13453847822274,-42.76726998529834],[-72.1344296452737,-42.76740414710276],[-72.1343872510325,-42.76743546409299],[-72.1338300690022,-42.76780701762127],[-72.13349832643596,-42.768643004463605],[-72.13352996402672,-42.769273002505926],[-72.13342809097215,-42.76984059697188],[-72.13329729206443,-42.771069515869996],[-72.13352942166806,-42.77183784513066],[-72.13379129039478,-42.77233800277918],[-72.13378830742478,-42.77374552948848],[-72.13282019644821,-42.77487266124213],[-72.13223345273641,-42.77561512322764],[-72.13196109694911,-42.775870124220475],[-72.13143473454377,-42.776532088541195],[-72.1312774493537,-42.77671994541817],[-72.13132680437079,-42.77712201377896],[-72.13165493366697,-42.777380802466894],[-72.13173384735157,-42.77743875298336],[-72.13218328433143,-42.77770634839988],[-72.13231697633198,-42.7778045075215],[-72.13263290140343,-42.77803649384769],[-72.13276650280389,-42.77811232827054],[-72.1344610115846,-42.779102331399635],[-72.13548154475276,-42.779802655523326],[-72.13582774783873,-42.77999436958768],[-72.13649520452971,-42.78006507423149],[-72.1370295122678,-42.78030129979611],[-72.13769154268786,-42.78069817309293],[-72.13802563065008,-42.780898833947155],[-72.13853616259426,-42.7813361210104],[-72.13872453853102,-42.7814967660241],[-72.13936197865398,-42.78170601064282],[-72.1399445499752,-42.78180803633293],[-72.14027221758221,-42.781852366016],[-72.14071522359849,-42.78190987804767],[-72.14092863637572,-42.78241457601223],[-72.14092330331798,-42.78273180618686],[-72.14089356473993,-42.78297761359936],[-72.14086970156262,-42.783156357566725],[-72.1406593620324,-42.7840636742835],[-72.13977054702657,-42.78534277797343],[-72.1395839795933,-42.786035568967364],[-72.13902716909861,-42.786603761190015],[-72.13879133783816,-42.78696146544098],[-72.138628813922,-42.787502385764256],[-72.13875156558679,-42.78816802623651],[-72.13871052784896,-42.78880705837438],[-72.1387180303433,-42.78942811045869],[-72.13901071786321,-42.7901069502044],[-72.13912641883971,-42.79029451662384],[-72.14022846832863,-42.79202684380003],[-72.1403266329669,-42.79249150157794],[-72.14075906316953,-42.793259515450615],[-72.14081384002628,-42.79332641811456],[-72.14148923962793,-42.794156759255976],[-72.14152566705103,-42.79419689472163],[-72.14214005146066,-42.79487977969083],[-72.14269920612709,-42.79527229580221],[-72.14375568552128,-42.79562399850947],[-72.14536254280259,-42.79635342664179]]]}"
0000000000000000003f,100.00000000029546,4.8879656141331E7,2.392127437383346E7,7000,0,1178.3593603010347,0.0,"35,751","35,751",-42.76678149809134,-72.07385553685353,100.0,100.0,100.0,100.0,100.0,100.0,100.0,100.0,0.0,113.06301936343681,0.0,0.0,0.0,0.0,0.0,0.0,0.0,0.0,16199.290193893223,0,6.52814407420405,0.0,0.0,0.0,0.0,0.0,0.0,0.0,0.0,"{""type"":""Polygon"",""coordinates"":[[[-72.1181523336626,-42.797098319754454],[-72.03267459385351,-42.79939609506935],[-72.02960251141741,-42.736446316861745],[-72.11499390491848,-42.73415348982841],[-72.1181523336626,-42.797098319754454]]]}"
00000000000000000040,100.0,4.88838056692282E7,2.9065903537810516E7,7000,11514.484504998825,1045.9971698113206,0.0,"36,751","36,751",-42.76904496091818,-71.98841603682114,100.0,100.0,100.0,100.0,100.0,100.0,100.0,100.0,0.0,106.95895185359723,0.0,0.0,0.0,0.0,0.0,0.0,0.0,0.0,12876.642980070656,0,6.948035516118688,0.0,0.0,0.0,0.0,0.0,0.0,0.0,0.0,"{""type"":""Polygon"",""coordinates"":[[[-72.03267459385351,-42.79939609506935],[-71.94718705486463,-42.8016302003785],[-71.9442012083724,-42.73867549031271],[-72.02960251141741,-42.736446316861745],[-72.03267459385351,-42.79939609506935]]]}"
00000000000000000041,100.0,4.88878385210774E7,2.2949705285065487E7,7000,20706.777115974775,925.8186090225563,0.0,"37,751","37,751",-42.77124477421798,-71.90296681372128,100.0,100.0,100.0,100.0,100.0,100.0,100.0,100.0,0.0,101.1190322201317,0.0,0.0,0.0,0.0,0.0,0.0,0.0,0.0,8511.282257457662,0,6.795757478873683,0.0,0.0,0.0,0.0,0.0,0.0,0.0,0.0,"{""type"":""Polygon"",""coordinates"":[[[-71.94718705486463,-42.8016302003785],[-71.86168984836854,-42.80380055345603],[-71.85879030649411,-42.74084110161704],[-71.9442012083724,-42.73867549031271],[-71.94718705486463,-42.8016302003785]]]}"
00000000000000000042,100.0,4.88917546585045E7,1.4208617170571698E7,7000,0,1239.4538606403014,1.647647727365587,"38,751","38,751",-42.77338092239861,-71.81750810483129,100.0,100.0,100.0,100.0,100.0,100.0,100.0,100.0,0.0,89.44211871069183,0.0,0.0,0.0,0.0,0.0,0.0,0.0,0.0,4964.211032054791,0,6.374952693795256,0.0,0.0,0.0,0.0,0.0,0.0,0.0,0.0,"{""type"":""Polygon"",""coordinates"":[[[-71.86168984836854,-42.80380055345603],[-71.77618328631226,-42.80590717374314],[-71.77337011597145,-42.74294309821639],[-71.85879030649411,-42.74084110161704],[-71.86168984836854,-42.80380055345603]]]}"
00000000000000000043,99.99999999999999,4.8895554044225E7,2.541619341512442E7,7000,22782.421019085457,905.0028169014083,0.0,"39,751","39,751",-42.775453370692446,-71.73204022911715,100.0,100.0,100.0,100.0,100.0,100.0,100.0,100.0,0.0,85.0616001564945,0.0066386987400413044,0.00952510357234188,0.010968339803598936,0.005484146803064752,0.009525139053439262,0.00750464256803782,0.01529793001692056,0.012411521942692303,2975.6602496219593,21730.514315050856,7.2185113077656196,0.0,0.0,0.0,0.0,0.0,0.0,0.0,0.0,"{""type"":""Polygon"",""coordinates"":[[[-71.77618328631226,-42.80590717374314],[-71.69066768012061,-42.807950009056135],[-71.68794094647083,-42.74498142806632],[-71.77337011597145,-42.74294309821639],[-71.77618328631226,-42.80590717374314]]]}"
00000000000000000044,100.00000000000003,4.8899236642035E7,2.592868944179069E7,7000,2357.138315294988,960.2937853107347,0.0,"40,751","40,751",-42.777462085823515,-71.64656344303748,100.0,100.0,100.0,100.0,100.0,100.0,100.0,100.0,0.0,75.41899787535412,0.0014139871391877176,0.001979581418142052,0.005938738251822408,0.002827972277507519,0.004524755143795051,0.007918307164539983,0.008766695169726215,0.007918307135115455,21163.77074123305,5400.18609918455,6.41839892393694,0.0,0.0,0.0,0.0,0.0,0.0,0.0,0.0,"{""type"":""Polygon"",""coordinates"":[[[-71.69066768012061,-42.807950009056135],[-71.60514325014984,-42.809928992716095],[-71.60250292604266,-42.746956153819845],[-71.68794094647083,-42.74498142806632],[-71.69066768012061,-42.807950009056135]]]}"
00000000000000000045,100.0,4.89028024168778E7,4554943.282024309,7000,0,1541.1981220657276,0.0,"41,751","41,751",-42.77940708313178,-71.56107802000463,100.0,100.0,100.0,100.0,100.0,100.0,100.0,100.0,0.0,66.1449317968015,0.0,0.0,0.0,0.0,0.0,0.0,0.0,0.0,10593.851865513536,0,5.0496657686421935,0.0,0.0,0.0,0.0,0.0,0.0,0.0,0.0,"{""type"":""Polygon"",""coordinates"":[[[-71.60514325014984,-42.809928992716095],[-71.51961039727898,-42.81184423241009],[-71.51705654430938,-42.74886718193508],[-71.60250292604266,-42.746956153819845],[-71.60514325014984,-42.809928992716095]]]}"
00000000000000000046,0.0,4.89062513347788E7,8300759.220494435,7000,0,1257.7886792452834,0.0,"42,751","42,751",-42.78128833671175,-71.47558427689738,100.0,100.0,100.0,100.0,100.0,100.0,100.0,100.0,100.0,59.408647798742145,0.0,0.0,0.0,0.0,0.0,0.0,0.0,0.0,16161.878252595956,0,6.090493314851007,0.0,0.0,0.0,0.0,0.0,0.0,0.0,0.0,"{""type"":""Polygon"",""coordinates"":[[[-71.51961039727898,-42.81184423241009],[-71.43406925018344,-42.81369564701056],[-71.43160192818802,-42.75071450354121],[-71.51705654430938,-42.74886718193508],[-71.51961039727898,-42.81184423241009]]]}"
00000000000000000047,0.0,4.89095833628916E7,4.39914367701747E7,7000,0,979.1789077212809,0.0,"43,751","43,751",-42.783105796731945,-71.39008246039941,100.0,100.0,100.0,100.0,100.0,100.0,100.0,100.0,100.0,54.96366917765224,0.0,0.0010006842817308654,0.0,0.0,0.0,0.0,0.0,0.0,26565.61752006417,9054.202866175065,7.8014569557319255,0.0,0.0,0.0,0.0,0.0,0.0,0.0,0.0,"{""type"":""Polygon"",""coordinates"":[[[-71.43406925018344,-42.81369564701056],[-71.34852020867761,-42.81548312907405],[-71.34613938512443,-42.752498140040835],[-71.43160192818802,-42.75071450354121],[-71.43406925018344,-42.81369564701056]]]}"
00000000000000000048,0.0,1.80699548642099E7,1876564.8569157314,7000,0,1295.542288557214,0.0,"44,751","44,751",-42.796560400390035,-71.32483514646016,100.0,100.0,100.0,100.0,100.0,100.0,100.0,100.0,100.00000000000003,51.63169270833334,0.0,0.0,0.0,0.0,0.0,0.0,0.0,0.0,4495.859779353107,0,6.438606682777406,0.0,0.0,0.0,0.0,0.0,0.0,0.0,0.0,"{""type"":""Polygon"",""coordinates"":[[[-71.34062170531217,-42.752611111691806],[-71.34613938512443,-42.752498140040835],[-71.34852020867761,-42.81548312907405],[-71.27934308372228,-42.8168817832902],[-71.28272948277514,-42.811703108153594],[-71.30271247874354,-42.796772777446854],[-71.32269196383226,-42.78183878220804],[-71.34125518295532,-42.76229077044576],[-71.34062170531217,-42.752611111691806]]]}"
00000000000000000049,99.99145351177656,2.30985400077284E7,1.1525805515026089E7,7000,0,1132.4521912350597,0.0,"34,752","34,752",-42.697641911870406,-72.1387968993873,100.0,100.0,100.0,100.0,100.0,100.0,100.0,100.0,0.008546488223446174,113.90535416666668,0.0,0.0,0.0,0.0,0.0,0.0,0.0,0.0,5119.611945075682,0,5.516658374786378,0.0,0.0,0.0,0.0,0.0,0.0,0.0,0.0,"{""type"":""Polygon"",""coordinates"":[[[-72.13228949671011,-42.7336813319134],[-72.11499390491848,-42.73415348982841],[-72.11184565720988,-42.67120778926889],[-72.1224377946683,-42.670919312038],[-72.12243851784075,-42.67126610092444],[-72.12263449750746,-42.67240532046236],[-72.12263458790396,-42.67244107206306],[-72.12331355518594,-42.672815706154005],[-72.12336806414027,-42.67281115695481],[-72.12532956614503,-42.672594566920694],[-72.12640653803432,-42.672128644687945],[-72.12707220844443,-42.67191788764416],[-72.1274352350122,-42.671801298030445],[-72.12846456111839,-42.67173758963357],[-72.12942717253483,-42.67163377813807],[-72.13019651814332,-42.67180268170182],[-72.13132933539707,-42.671997999753025],[-72.1317295084554,-42.67226565311366],[-72.13209415629693,-42.6728684832135],[-72.13251900570909,-42.67331929047239],[-72.13263425730428,-42.67343532468599],[-72.13313774805104,-42.67384139187691],[-72.13329548420076,-42.673966347502926],[-72.13387743493989,-42.67425609846847],[-72.13409573396137,-42.67436755915577],[-72.13439981563768,-42.675001725104686],[-72.13453965332911,-42.67525625926965],[-72.13493475997849,-42.675934985272114],[-72.1352141636014,-42.67633237945215],[-72.13541682371233,-42.6775967237216],[-72.13526171009865,-42.6786961511882],[-72.13529325710488,-42.679294883094265],[-72.13542739963752,-42.67969684338428],[-72.13565781008309,-42.67983953500831],[-72.13569423823802,-42.67986187867683],[-72.13579141009296,-42.67999582709727],[-72.13589463820465,-42.680129735246716],[-72.13614312673991,-42.6801831018969],[-72.13618552072488,-42.68019193655923],[-72.13654907826941,-42.68026747352499],[-72.13768684231334,-42.67992650201635],[-72.13925540729585,-42.67992906675713],[-72.13936450961029,-42.67993790703297],[-72.13989176155921,-42.680098167381495],[-72.14069190275183,-42.680427819787674],[-72.14138899639778,-42.68069505851806],[-72.14202534598115,-42.68090429128961],[-72.14360084753464,-42.68127768543771],[-72.14665312015252,-42.6812112707926],[-72.14718641489912,-42.68136248221958],[-72.14811913601105,-42.681392548546306],[-72.14912443589343,-42.68136444998433],[-72.15032867606693,-42.68097858730175],[-72.1503529000166,-42.68096959877154],[-72.15273578556965,-42.67963039481188],[-72.15491157621881,-42.67782220269605],[-72.15504462503252,-42.677755000775235],[-72.15531686874576,-42.67762953975936],[-72.15581326996902,-42.677566299842546],[-72.15618294913143,-42.67766409333636],[-72.1572490505702,-42.67777883471949],[-72.16037411964457,-42.67783257749558],[-72.16404163765685,-42.67693366790462],[-72.16598831271618,-42.67566189022203],[-72.16610879319472,-42.67541590301591],[-72.16640904515081,-42.67446373199324],[-72.1668081755026,-42.67426653589696],[-72.16733971576686,-42.67376527182232],[-72.16787785296401,-42.673465110407314],[-72.16847654523102,-42.67316929640994],[-72.1696360560465,-42.67200128006575],[-72.17014391109385,-42.671701156446325],[-72.17073708537754,-42.67163328949214],[-72.17166954962572,-42.67160062431018],[-72.1722388601781,-42.67163550335119],[-72.17263915739774,-42.67187172012241],[-72.17323467643453,-42.67260366951027],[-72.17330770402938,-42.67275096582114],[-72.17336862059801,-42.67288937480503],[-72.17356971748741,-42.67333148912841],[-72.173771808422,-42.674135525149225],[-72.17360451401356,-42.67496688622825],[-72.1736374125435,-42.6758962990544],[-72.17400941873542,-42.67682071317815],[-72.17410359515371,-42.678031508105285],[-72.17407187162277,-42.679662540017674],[-72.17403942504478,-42.68106118290507],[-72.17422407223502,-42.68211102267333],[-72.17427332954179,-42.682414794299355],[-72.17434671839422,-42.682655949825254],[-72.17471113172871,-42.68302186966096],[-72.17514278740222,-42.683633306097605],[-72.17519150227105,-42.68372263972507],[-72.17522801582224,-42.6837762352554],[-72.17562351874287,-42.68442802204682],[-72.17635984322841,-42.68564229825638],[-72.17654204867706,-42.685825211199116],[-72.17673067096173,-42.686133209783996],[-72.1769558064542,-42.68650376905569],[-72.17719892728165,-42.68679387622232],[-72.17741159005233,-42.68703924438855],[-72.17761214183672,-42.687280283755776],[-72.17829893347952,-42.688092480372674],[-72.17834773819227,-42.68822645140352],[-72.17846387529943,-42.68859262502894],[-72.1786957878569,-42.68919109064644],[-72.17873519308966,-42.6902544723676],[-72.17823349899979,-42.690626164268565],[-72.178197256968,-42.6906530512605],[-72.1777378594454,-42.69098891044802],[-72.1773332311152,-42.69142293966928],[-72.17700714202152,-42.691771974784814],[-72.17690447087772,-42.691888319938926],[-72.17676637090106,-42.69232200773359],[-72.17680442070491,-42.692920688551155],[-72.17693999003636,-42.69372036198368],[-72.17699485040765,-42.69385876154663],[-72.17768634325007,-42.69417945036976],[-72.17862050215632,-42.694615896044716],[-72.17872380533947,-42.694727410693794],[-72.17920389803535,-42.69528521979415],[-72.17941032318716,-42.69542793612933],[-72.17973198099781,-42.69565529015597],[-72.17979307696157,-42.69582947179471],[-72.1798969219944,-42.69611978327638],[-72.17989710275161,-42.69619568007191],[-72.17989131852102,-42.696285085885584],[-72.17986854311188,-42.696785603772426],[-72.17973035418203,-42.69718351559409],[-72.17890139996379,-42.697519932813805],[-72.17823566809881,-42.697748841406224],[-72.17690401898,-42.698117365738696],[-72.17598458640465,-42.69861917972727],[-72.17575484077598,-42.698771479110114],[-72.17493247283657,-42.699317899079496],[-72.17419099301142,-42.70061938204035],[-72.17380479731332,-42.701182948323584],[-72.17323648404849,-42.70161723366332],[-72.17240687842869,-42.70175255379621],[-72.17174022770762,-42.70164635110727],[-72.1709403532608,-42.70158047319778],[-72.17074042949238,-42.70158082297019],[-72.1701656930753,-42.70188099541001],[-72.16962195648087,-42.70242700505412],[-72.16900627477524,-42.703281376286455],[-72.16844418840421,-42.70376476198457],[-72.16807542878031,-42.704082595007925],[-72.16739765097529,-42.70436512434988],[-72.16727662874038,-42.70441441463559],[-72.16658556278628,-42.70429479107492],[-72.16652500631318,-42.7042814660923],[-72.1658763281902,-42.70414831535001],[-72.16501036728292,-42.70427917244434],[-72.1637449081977,-42.7045803795149],[-72.16214511267515,-42.704479856222534],[-72.16074523912123,-42.704347815896334],[-72.16001230932999,-42.70441138623062],[-72.1574815225275,-42.70508068641542],[-72.1570034724867,-42.705318161807924],[-72.1569490602368,-42.70534956190629],[-72.15564741131577,-42.70574454730991],[-72.15471507602456,-42.70601388624098],[-72.1546241471866,-42.70600956357417],[-72.15411518017075,-42.7059789432596],[-72.1534850034656,-42.70597977238941],[-72.15303722646938,-42.70621275017626],[-72.15278314841848,-42.70634716850749],[-72.1522504966964,-42.70658018509333],[-72.15221425139676,-42.70661153201338],[-72.15182124720799,-42.70694720931984],[-72.15134987648422,-42.70744382805177],[-72.15112119587553,-42.70807865540407],[-72.15130423076451,-42.70861463446979],[-72.15135304004868,-42.70874862998318],[-72.15148726553767,-42.70914164331691],[-72.15108169647937,-42.70927624336491],[-72.15033021266082,-42.709210221026375],[-72.1503181006853,-42.70921022915402],[-72.14945155079191,-42.709180100904],[-72.14891853138255,-42.709247819248986],[-72.14836146765431,-42.70943168888829],[-72.14674387071771,-42.70950531770748],[-72.1456229546219,-42.70950669064096],[-72.14459278542822,-42.70944099765107],[-72.1439568934294,-42.7095758898016],[-72.14305552429967,-42.7102115231407],[-72.14252267390222,-42.71034176415075],[-72.14145055243411,-42.71051286052684],[-72.14105681051377,-42.71057592977081],[-72.13952405020336,-42.71064035306577],[-72.13867626946866,-42.710873758843995],[-72.13821030086031,-42.71115582854099],[-72.13815028079507,-42.71139270541209],[-72.1376606286849,-42.71194292496252],[-72.13775951732605,-42.71280966991474],[-72.13778401350159,-42.71291242494535],[-72.13796145252698,-42.71367632557235],[-72.13819348801195,-42.71447587577559],[-72.13822404039156,-42.71460540715986],[-72.13829752879442,-42.714940480251045],[-72.13851636684332,-42.7152708490514],[-72.13869877695379,-42.71553876471636],[-72.13948265100974,-42.71652088802466],[-72.13955559674652,-42.71661905662507],[-72.13955559674652,-42.71663250168669],[-72.13954366510309,-42.716686100484466],[-72.13959310910712,-42.717137364532654],[-72.13962510759882,-42.71790589541234],[-72.13935989965417,-42.71854073856498],[-72.13918499244147,-42.71890289942207],[-72.13896181610849,-42.71937237649562],[-72.13886157200514,-42.72060578828175],[-72.1387552716377,-42.72185258045348],[-72.13854474979173,-42.722558814954795],[-72.13812786365908,-42.72316706103695],[-72.13789248362679,-42.723600779479156],[-72.13742226534112,-42.72473627943457],[-72.13633421599637,-42.7260423653255],[-72.13551209741769,-42.72699963330538],[-72.13416859065835,-42.727926151353714],[-72.1320683037382,-42.729273603364035],[-72.13191083810355,-42.72932736031431],[-72.13057174400859,-42.72951209993885],[-72.12962052606383,-42.72970531589893],[-72.12894265821855,-42.73013951510677],[-72.12849547609927,-42.730796928214005],[-72.12842325074409,-42.7310472001127],[-72.1284303015305,-42.73151189463367],[-72.1286975081303,-42.73179756555669],[-72.12917072354664,-42.73199364299463],[-72.12940122934468,-42.73208278760234],[-72.12983195831713,-42.73226553034038],[-72.13006237319718,-42.732296488597065],[-72.13069928995859,-42.73253259508137],[-72.13153100388539,-42.733166143105066],[-72.13189510961412,-42.73333108897058],[-72.13191327873113,-42.73334448617376],[-72.13225948606747,-42.733665815344345],[-72.13228949671011,-42.7336813319134]]]}"
0000000000000000004a,100.00000000000003,4.88803739919896E7,2.9012319171876583E7,7000,0,941.6305372290293,0.0,"35,752","35,752",-42.70383372580707,-72.07074527654385,100.0,100.0,100.0,100.0,100.0,100.0,100.0,100.0,0.0,110.41250392711277,0.0,0.0,0.0,0.0,0.0,0.0,0.0,0.0,15027.267112255313,0,6.299503729458016,0.0,0.0,0.0,0.0,0.0,0.0,0.0,0.0,"{""type"":""Polygon"",""coordinates"":[[[-72.11499390491848,-42.73415348982841],[-72.02960251141741,-42.736446316861745],[-72.02654025385635,-42.67349562468395],[-72.11184565720988,-42.67120778926889],[-72.11499390491848,-42.73415348982841]]]}"
0000000000000000004b,100.0,4.88845237035726E7,2.1268620071234267E7,7000,9868.334665781918,939.4796978281398,0.0,"36,752","36,752",-42.70609225341973,-71.98539192234428,100.0,100.0,100.0,100.0,100.0,100.0,100.0,100.0,0.0,101.82621855345911,0.0,0.0,0.0,0.0,0.0,0.0,0.0,0.0,7140.830833640641,0,6.19402751346804,0.0,0.0,0.0,0.0,0.0,0.0,0.0,0.0,"{""type"":""Polygon"",""coordinates"":[[[-72.02960251141741,-42.736446316861745],[-71.9442012083724,-42.73867549031271],[-71.94122492063605,-42.675719909074466],[-72.02654025385635,-42.67349562468395],[-72.02960251141741,-42.736446316861745]]]}"
0000000000000000004c,99.99999999999999,4.8888556733972E7,1.5452674333783478E7,7000,23551.467711689336,1178.0894538606403,0.0,"37,752","37,752",-42.70828723354479,-71.90002882819192,100.0,100.0,100.0,100.0,100.0,100.0,100.0,100.0,0.0,101.31534447583178,0.0,0.0,0.0,0.0,0.0,0.0,0.0,0.0,2213.795672355942,0,7.073414772378524,0.0,0.0,0.0,0.0,0.0,0.0,0.0,0.0,"{""type"":""Polygon"",""coordinates"":[[[-71.9442012083724,-42.73867549031271],[-71.85879030649411,-42.74084110161704],[-71.85590005691066,-42.677880748737],[-71.94122492063605,-42.675719909074466],[-71.9442012083724,-42.73867549031271]]]}"
0000000000000000004d,100.00000000166737,4.88924730447709E7,1.8302629659892134E7,7000,21563.527491111072,870.2681775259679,0.0,"38,752","38,752",-42.71041870155654,-71.81465633218063,100.0,100.0,100.0,100.0,100.0,100.0,100.0,100.0,0.0,95.78738786591126,0.0,0.002005356295391839,0.0,0.0,0.002005356295391839,0.002005356295391839,0.0,0.0,4684.482659628724,0,7.992957097702819,0.0,0.0,0.0,0.0,0.0,0.0,0.0,0.0,"{""type"":""Polygon"",""coordinates"":[[[-71.85879030649411,-42.74084110161704],[-71.77337011597145,-42.74294309821639],[-71.77056597111992,-42.67997816349719],[-71.85590005691066,-42.677880748737],[-71.85879030649411,-42.74084110161704]]]}"
0000000000000000004e,99.99999999997692,4.88962725987254E7,3.304798098005487E7,7000,21010.97793200198,971.752587017874,0.0,"39,752","39,752",-42.712486614518674,-71.72927471039034,100.0,100.0,100.0,100.0,100.0,100.0,100.0,100.0,0.0,85.37745962684225,0.025549998268258912,0.03621427800733554,0.03532564729997588,0.020662147042116746,0.01244171353554901,0.024883282369232713,0.024439081994436125,0.01799603807501211,6902.310362659412,37600.99276469685,7.4971688867176,0.0,0.0,0.0,0.0,0.0,0.0,0.0,0.0,"{""type"":""Polygon"",""coordinates"":[[[-71.77337011597145,-42.74294309821639],[-71.68794094647083,-42.74498142806632],[-71.6852228806567,-42.68201208644134],[-71.77056597111992,-42.67997816349719],[-71.77337011597145,-42.74294309821639]]]}"
0000000000000000004f,100.0,4.88999553595958E7,3.52021685262617E7,7000,3267.719345110489,1076.099150141643,0.0,"40,752","40,752",-42.71449096258921,-71.64388419366972,100.0,100.0,100.0,100.0,100.0,100.0,100.0,100.0,0.0,78.25179834905663,0.0,0.0,0.0,0.0,0.0,0.0,0.0,0.0,20565.30324352863,0,7.429030661313041,0.0,0.0,0.0,0.0,0.0,0.0,0.0,0.0,"{""type"":""Polygon"",""coordinates"":[[[-71.68794094647083,-42.74498142806632],[-71.60250292604266,-42.746956153819845],[-71.59987109284546,-42.68398246586144],[-71.6852228806567,-42.68201208644134],[-71.68794094647083,-42.74498142806632]]]}"
00000000000000000050,100.0,4.89035212923456E7,5964503.416629916,7000,76.57385060263994,1526.3330197554094,0.0,"41,752","41,752",-42.71643169766295,-71.55848508907319,100.0,100.0,100.0,100.0,100.0,100.0,100.0,100.0,0.0,67.5275066635309,0.0,0.0,0.0,0.0,0.0,0.0,0.0,0.0,7892.784362298298,389.01320005713956,5.847042018427449,0.0,0.0,0.0,0.0,0.0,0.0,0.0,0.0,"{""type"":""Polygon"",""coordinates"":[[[-71.60250292604266,-42.746956153819845],[-71.51705654430938,-42.74886718193508],[-71.5145108239207,-42.68588930763186],[-71.59987109284546,-42.68398246586144],[-71.60250292604266,-42.746956153819845]]]}"
00000000000000000051,0.0,4.89069703629886E7,2.7674340521283656E7,7000,0,1153.7698113207548,0.0,"42,752","42,752",-42.7183088206497,-71.47307769253818,100.0,100.0,100.0,100.0,100.0,100.0,100.0,100.0,100.00000000000003,60.110662342767306,0.0,5.309197905012054E-4,0.0,0.0,0.0,0.0,0.0,0.0,24683.796084693393,0,6.811836708716628,0.0,0.0,0.0,0.0,0.0,0.0,0.0,0.0,"{""type"":""Polygon"",""coordinates"":[[[-71.51705654430938,-42.74886718193508],[-71.43160192818802,-42.75071450354121],[-71.42914247069142,-42.687732575914225],[-71.5145108239207,-42.68588930763186],[-71.51705654430938,-42.74886718193508]]]}"
00000000000000000052,0.0,4.89103025386887E7,3.2940708905613855E7,7000,0,1068.0813623462632,0.10034436222776327,"43,752","43,752",-42.72012231348247,-71.38766224848571,100.0,100.0,100.0,100.0,100.0,100.0,100.0,100.0,99.99999999999999,55.18044418238995,0.0,0.001783870691689258,0.0,0.0026757963446592723,0.0,0.0,0.0,0.0,17919.793971764277,0,6.965990478227725,0.0,0.0,0.0,0.0,0.0,0.0,0.0,0.0,"{""type"":""Polygon"",""coordinates"":[[[-71.43160192818802,-42.75071450354121],[-71.34613938512443,-42.752498140040835],[-71.34376615769567,-42.68951233417737],[-71.42914247069142,-42.687732575914225],[-71.43160192818802,-42.75071450354121]]]}"
00000000000000000053,0.0,3505882.13785597,439303.0604147221,7000,0,1312.2,0.0,"44,752","44,752",-42.72066990472155,-71.34186203958029,100.0,100.0,100.0,100.0,100.0,100.0,100.0,100.0,100.0,53.10526315789474,0.0,0.0,0.0,0.0,0.0,0.0,0.0,0.0,1199.241095347697,0,6.47154605263158,0.0,0.0,0.0,0.0,0.0,0.0,0.0,0.0,"{""type"":""Polygon"",""coordinates"":[[[-71.33957067915091,-42.68959810852813],[-71.34376615769567,-42.68951233417737],[-71.34613938512443,-42.752498140040835],[-71.34062170531217,-42.752611111691806],[-71.33794860076588,-42.711729803557745],[-71.33776429176216,-42.6931625413927],[-71.33957067915091,-42.68959810852813]]]}"
00000000000000000054,100.0,2180911.03061513,150953.73052092904,7000,0,1272.5909090909092,0.0,"34,753","34,753",-42.64148896030245,-72.11390446504812,100.0,100.0,100.0,100.0,100.0,100.0,100.0,100.0,0.0,109.60998062015503,0.0,0.0,0.0,0.0,0.0,0.0,0.0,0.0,36.07660122625958,0,5.354396864425304,0.0,0.0,0.0,0.0,0.0,0.0,0.0,0.0,"{""type"":""MultiPolygon"",""coordinates"":[[[[-72.1224377946683,-42.670919312038],[-72.11184565720988,-42.67120778926889],[-72.1110296167586,-42.6548509272359],[-72.11151596882492,-42.65508799321361],[-72.11191580747361,-42.65522170069713],[-72.1124439227074,-42.656052268296776],[-72.11275959811566,-42.656516661147165],[-72.11277776842518,-42.65655243575635],[-72.11278997236376,-42.65656134527335],[-72.11311152336226,-42.65698550509417],[-72.11331202925986,-42.657351770463514],[-72.11354905634282,-42.657856470806905],[-72.1138337236266,-42.657950009984596],[-72.11399128942533,-42.65800349817785],[-72.11473057291626,-42.658413853925246],[-72.11571194219295,-42.65872116304313],[-72.11647571929772,-42.65925215818966],[-72.1167850624686,-42.65953778924121],[-72.11703980478697,-42.65978779401022],[-72.11787643919091,-42.66041695528409],[-72.11859220943361,-42.661113356839884],[-72.11861046977806,-42.661149070376474],[-72.11876884657889,-42.66167169539199],[-72.11881151428679,-42.661819143213],[-72.11893987896362,-42.662484758327786],[-72.11900704440231,-42.662766236542915],[-72.11907420982554,-42.663052126940336],[-72.11940849995239,-42.66371313837657],[-72.11957211937191,-42.66382467609197],[-72.12020887827263,-42.66431551043046],[-72.12060382357618,-42.66503010251887],[-72.12074981489543,-42.66540975976711],[-72.12122313361746,-42.665918654447786],[-72.12183674734898,-42.6670038625627],[-72.12200181175349,-42.66780351827619],[-72.12210640070624,-42.66867027396448],[-72.12210124809666,-42.66913499855791],[-72.1223326634549,-42.66980052519142],[-72.1224371618924,-42.67060472878955],[-72.1224377946683,-42.670919312038]]],[[[-72.10980903223053,-42.6303697426359],[-72.1087075004946,-42.608261257256096],[-72.11462607171948,-42.6081003713635],[-72.11450556986055,-42.608331237803846],[-72.11411368987818,-42.60908231911306],[-72.11391029175627,-42.610315851369705],[-72.1139478978197,-42.61104861554728],[-72.11414279839782,-42.61175002699786],[-72.11445856237022,-42.6123976442547],[-72.11451325377652,-42.612549474094784],[-72.11451343457455,-42.612612076628814],[-72.11451442896366,-42.613179522384854],[-72.11374883874629,-42.61464598505739],[-72.11344726670373,-42.61518249552043],[-72.11307943155795,-42.61584419915321],[-72.11305014213346,-42.61638044956359],[-72.11309272027734,-42.61651895121292],[-72.1131840237072,-42.616804835440554],[-72.11321448831062,-42.616912059315865],[-72.1135779841201,-42.61717979633032],[-72.11394762662215,-42.617514563184734],[-72.11411206269376,-42.618113160865015],[-72.11434348438601,-42.61894411121126],[-72.11441128367521,-42.61960985039994],[-72.11467877431735,-42.620311094896124],[-72.11491019556075,-42.6211063136658],[-72.1149112803474,-42.621709525949015],[-72.11484682593381,-42.62284012118923],[-72.11506089046719,-42.6241089542825],[-72.1150611616637,-42.62424751265791],[-72.115085388552,-42.62426531038253],[-72.11544463329422,-42.62547143706433],[-72.11594743055339,-42.625792667502566],[-72.1161776756113,-42.62593988836904],[-72.11621401580409,-42.625962239682416],[-72.11664422187212,-42.62630582376364],[-72.11687491837206,-42.62670334396423],[-72.11699080894314,-42.627163494898085],[-72.11707614487248,-42.627507446213436],[-72.11711257535167,-42.627592295050455],[-72.11731325929945,-42.62810596507219],[-72.11745898107057,-42.62837838427058],[-72.11754395527078,-42.62853467750016],[-72.11754413606693,-42.62860175050139],[-72.11764773223919,-42.629003798406515],[-72.11761175381704,-42.62918256405495],[-72.11761184421509,-42.62920495043841],[-72.11757559459433,-42.62923177519065],[-72.11701367969783,-42.62970601013342],[-72.11630586064928,-42.629800571337974],[-72.11556242280527,-42.63029729571445],[-72.11368763844987,-42.63089348866941],[-72.112113873398,-42.63067167184823],[-72.10980903223053,-42.6303697426359]]]]}"
00000000000000000055,100.00000000000003,4.70444230160582E7,8368153.827671084,7000,0,1292.8021547502447,0.0,"35,753","35,753",-42.64090968411789,-72.06618033666847,100.0,100.0,100.0,100.0,100.0,100.0,100.0,100.0,0.0,105.58777723418135,0.0,0.0,0.0,0.0,0.0,0.0,0.0,0.0,13057.13911372691,0,5.283477639498777,0.0,0.0,0.0,0.0,0.0,0.0,0.0,0.0,"{""type"":""Polygon"",""coordinates"":[[[-72.1110296167586,-42.6548509272359],[-72.11184565720988,-42.67120778926889],[-72.02654025385635,-42.67349562468395],[-72.02348773107236,-42.610543985453035],[-72.1087075004946,-42.608261257256096],[-72.10980903223053,-42.6303697426359],[-72.10926897935593,-42.63029901871418],[-72.10762259842282,-42.630072693421425],[-72.10738665135209,-42.6300684733295],[-72.10658759394038,-42.62990387033513],[-72.10598244594408,-42.629904393029626],[-72.10451829721842,-42.63007112956519],[-72.10405236443319,-42.6300715244008],[-72.10381053833582,-42.63021027299929],[-72.10312131026298,-42.63060411065306],[-72.10272272524035,-42.63110494071055],[-72.10228770735513,-42.63153879990574],[-72.10208882115768,-42.63201709477004],[-72.10156358014213,-42.63276826654736],[-72.10111671772503,-42.63336293109724],[-72.10059093254847,-42.63383260640485],[-72.10018610624935,-42.634235162935724],[-72.09989021565988,-42.63463309547475],[-72.09998785145109,-42.63513793804014],[-72.0997888732904,-42.63559836683096],[-72.09975388711187,-42.63639825644245],[-72.09975533356896,-42.63731880014025],[-72.09938721001326,-42.638007209485515],[-72.09789238135029,-42.6380085082737],[-72.09758446468487,-42.63848690627946],[-72.09719129640037,-42.638630269583935],[-72.09692568827992,-42.63906393270065],[-72.09721706164093,-42.63966687122364],[-72.09721787528007,-42.64018076067554],[-72.09664986420819,-42.64075767971448],[-72.09625678507682,-42.640963579311936],[-72.09588829551447,-42.64142864114124],[-72.09585810032375,-42.64149565168734],[-72.09602236573996,-42.64203170894782],[-72.09602842285591,-42.64203174315729],[-72.09682796106553,-42.642401978680795],[-72.0971186112885,-42.64252678959005],[-72.097591064194,-42.64272747573191],[-72.09875366033697,-42.643057197576745],[-72.09946242586571,-42.64340064064922],[-72.09952299630982,-42.64343188554438],[-72.09978968692239,-42.64366400193638],[-72.10048687832084,-42.6443604315037],[-72.10076622451315,-42.64497686397434],[-72.10079054298785,-42.64502601199667],[-72.10099729514302,-42.64560672564108],[-72.10102161359855,-42.64566028790602],[-72.10115586228525,-42.64633050368339],[-72.1015198250822,-42.646821650128004],[-72.10161691791296,-42.646955676806925],[-72.10208954438045,-42.64725905860164],[-72.10320448057811,-42.64796860199376],[-72.10590451971444,-42.64819397891551],[-72.10603786214813,-42.64827875800684],[-72.10688600900669,-42.6486935560301],[-72.10784950519653,-42.64932273783974],[-72.10841369773081,-42.65002372610627],[-72.10901441106672,-42.6508587445013],[-72.10926961216038,-42.65139023740031],[-72.1093484415003,-42.651488529411196],[-72.10933723182482,-42.65199344333783],[-72.10918020592229,-42.65218571858519],[-72.10901703268729,-42.65235572799513],[-72.10898132440491,-42.65272216356051],[-72.10915163931264,-42.65319113729611],[-72.10921880700113,-42.65349053483621],[-72.10958303098147,-42.6540576320332],[-72.10984980283727,-42.654325525537296],[-72.11012850729837,-42.6544369324358],[-72.11053440466007,-42.654592967554905],[-72.11060102962976,-42.65464203721829],[-72.1110296167586,-42.6548509272359]]]}"
00000000000000000056,100.0,4.88852416264545E7,1.3019728774347661E7,7000,0,1312.4550614947966,0.0,"36,753","36,753",-42.643138646036725,-71.98237747946239,100.0,100.0,100.0,100.0,100.0,100.0,100.0,100.0,0.0,97.9623170443815,0.0,0.0,0.0,0.0,0.0,0.0,0.0,0.0,7897.236139392135,0,5.21697202615855,0.0,0.0,0.0,0.0,0.0,0.0,0.0,0.0,"{""type"":""Polygon"",""coordinates"":[[[-72.02654025385635,-42.67349562468395],[-71.94122492063605,-42.675719909074466],[-71.93825819195891,-42.612763438703055],[-72.02348773107236,-42.610543985453035],[-72.02654025385635,-42.67349562468395]]]}"
00000000000000000057,100.0,4.88892748353459E7,2.0579912018200126E7,7000,23155.22297130095,885.26013195099,0.0,"37,753","37,753",-42.64532884233458,-71.8971003095027,100.0,100.0,100.0,100.0,100.0,100.0,100.0,100.0,0.0,99.01216588050316,0.0,0.0,0.0,0.0,0.0,0.0,0.0,0.0,0,0,6.544361160566222,0.0,0.0,0.0,0.0,0.0,0.0,0.0,0.0,"{""type"":""Polygon"",""coordinates"":[[[-71.94122492063605,-42.675719909074466],[-71.85590005691066,-42.677880748737],[-71.85301919037438,-42.61491963657886],[-71.93825819195891,-42.612763438703055],[-71.94122492063605,-42.675719909074466]]]}"
00000000000000000058,100.0,4.88931913195185E7,2.9409345550952908E7,7000,10004.830612648111,867.7071090047394,0.0,"38,753","38,753",-42.647455644772705,-71.8118137309064,100.0,100.0,100.0,100.0,100.0,100.0,100.0,100.0,0.0,93.9218307365439,0.0,0.0,0.0,0.0,0.0,0.0,0.0,0.0,10547.19439985954,0,7.78559566782374,0.0,0.0,0.0,0.0,0.0,0.0,0.0,0.0,"{""type"":""Polygon"",""coordinates"":[[[-71.85590005691066,-42.677880748737],[-71.77056597111992,-42.67997816349719],[-71.76777085201398,-42.61701242469692],[-71.85301919037438,-42.61491963657886],[-71.85590005691066,-42.677880748737]]]}"
00000000000000000059,100.0,4.88969910416743E7,2.4460611286910903E7,7000,8955.267832291856,975.0122525918946,0.0,"39,753","39,753",-42.6495190323191,-71.72651803889396,100.0,100.0,100.0,100.0,100.0,100.0,100.0,100.0,0.0,85.632927641894,0.0,0.0,0.0,0.0,0.0,0.0,0.0,0.0,10388.937343110501,5492.983707248745,7.6650148917455665,0.0,0.0,0.0,0.0,0.0,0.0,0.0,0.0,"{""type"":""Polygon"",""coordinates"":[[[-71.77056597111992,-42.67997816349719],[-71.6852228806567,-42.68201208644134],[-71.6825135734356,-42.6190418380549],[-71.76777085201398,-42.61701242469692],[-71.77056597111992,-42.67997816349719]]]}"
0000000000000000005a,94.13445835754669,4.89006739655919E7,2.3061670179317642E7,7000,8884.335726400957,1023.8657844990547,0.4030370529485674,"40,753","40,753",-42.651518978379436,-71.64121353578167,100.0,100.0,100.0,100.0,100.0,100.0,100.0,100.0,5.865541642453297,79.14995086477987,0.0,0.0,0.0,0.0,0.0,0.0,0.0,0.0,5129.166810057677,15197.259195766315,7.790356297043133,0.0,0.0,0.0,0.0,0.0,0.0,0.0,0.0,"{""type"":""Polygon"",""coordinates"":[[[-71.6852228806567,-42.68201208644134],[-71.59987109284546,-42.68398246586144],[-71.59724766022484,-42.62100789735658],[-71.6825135734356,-42.6190418380549],[-71.6852228806567,-42.68201208644134]]]}"
0000000000000000005b,15.603933366387626,4.89042400562371E7,2.0740375363313716E7,7000,451.3710325605227,1191.80131826742,0.0,"41,753","41,753",-42.6534554785818,-71.55590047437343,100.0,100.0,100.0,100.0,100.0,100.0,100.0,100.0,84.39606663361238,66.9545543546366,0.007795387485064925,0.004251717892849753,0.003189042550390475,0.0028346041800042894,0.0024802809105990173,0.0,0.0,0.0,7937.920535651319,19321.701651818174,6.30727158668346,0.0,0.0,0.0,0.0,0.0,0.0,0.0,0.0,"{""type"":""Polygon"",""coordinates"":[[[-71.59987109284546,-42.68398246586144],[-71.5145108239207,-42.68588930763186],[-71.51197332687649,-42.62291060861834],[-71.59724766022484,-42.62100789735658],[-71.59987109284546,-42.68398246586144]]]}"
0000000000000000005c,0.0,4.89076892796071E7,2.045785164825173E7,7000,4000.479267280843,1119.57223796034,0.0,"42,753","42,753",-42.65532849099011,-71.47057912735723,100.0,100.0,100.0,100.0,100.0,100.0,100.0,100.0,100.0,60.47555332388153,0.01401082714429355,0.003952769377524398,0.001796254507637239,0.004669982229442295,0.0,0.008622059444539597,0.0,0.002874011597903927,11177.748848528905,177.68627472407874,6.763812460295418,0.0,0.0,0.0,0.0,0.0,0.0,0.0,0.0,"{""type"":""Polygon"",""coordinates"":[[[-71.5145108239207,-42.68588930763186],[-71.42914247069142,-42.687732575914225],[-71.42669087786913,-42.624749848658226],[-71.51197332687649,-42.62291060861834],[-71.5145108239207,-42.68588930763186]]]}"
0000000000000000005d,0.0,4.16676163676825E7,1442597.7509770708,7000,0,1209.0592178770949,0.0,"43,753","43,753",-42.65919522703459,-71.39112764210401,100.0,100.0,100.0,100.0,100.0,100.0,100.0,100.0,100.0,56.278738839285715,0.0,0.025479831222460503,0.0,0.0,0.025479831222460503,0.0,0.0,0.0,3100.6129767402717,0,6.53600139447621,0.0,0.0,0.0,0.0,0.0,0.0,0.0,0.0,"{""type"":""Polygon"",""coordinates"":[[[-71.36862380416413,-42.625965750989856],[-71.42669087786913,-42.624749848658226],[-71.42914247069142,-42.687732575914225],[-71.34376615769567,-42.68951233417737],[-71.34347936865271,-42.68188379278084],[-71.35698213385172,-42.65521884626732],[-71.36862380416413,-42.625965750989856]]]}"
0000000000000000005e,77.3971656300846,3.32513474796604E7,9390000.713026963,7000,0,1274.493670886076,0.0,"35,754","35,754",-42.58430202865117,-72.05491614306258,100.0,100.0,100.0,100.0,100.0,100.0,100.0,100.0,22.6028343699154,107.43647300469485,0.0,0.0,0.0,0.0,0.0,0.0,0.0,0.0,9858.443383414735,0,5.592717921297315,0.0,0.0,0.0,0.0,0.0,0.0,0.0,0.0,"{""type"":""Polygon"",""coordinates"":[[[-72.1083795261902,-42.60166767707379],[-72.1087075004946,-42.608261257256096],[-72.02348773107236,-42.610543985453035],[-72.02044503381777,-42.54759153883834],[-72.05386182381251,-42.546705019832075],[-72.05385106411543,-42.54686198245972],[-72.05383343267822,-42.547451806641725],[-72.05387674271957,-42.54863599299542],[-72.05394464634162,-42.550293808195605],[-72.05409021863487,-42.550865705875424],[-72.05375865728928,-42.55183550559474],[-72.0529734693603,-42.55251954797243],[-72.0526898283006,-42.55300230245465],[-72.05250899229084,-42.55357434576828],[-72.05258810805864,-42.55419101069275],[-72.052709629837,-42.5549014230861],[-72.05308468334555,-42.555321329975506],[-72.05318161127272,-42.55554022122096],[-72.05324815878652,-42.55567425770253],[-72.05401634748627,-42.556303939037974],[-72.05523173802678,-42.556893193623154],[-72.05555253809277,-42.55738014677178],[-72.05553499717365,-42.558077218344195],[-72.05504574978025,-42.55848855716673],[-72.05473200172074,-42.5591589862066],[-72.0536459064556,-42.561366950938286],[-72.05322917104631,-42.561733631735535],[-72.0526190310159,-42.562212022472586],[-72.05188872394149,-42.563611014405936],[-72.05127261354485,-42.564183277886606],[-72.0512731560553,-42.56478206632762],[-72.05134594286504,-42.56510819858098],[-72.05193248635727,-42.56531793926727],[-72.05262183397383,-42.56552317645103],[-72.05291207560592,-42.56561248036072],[-72.05332347681062,-42.565992088642034],[-72.05391634563284,-42.56654142360207],[-72.05403135680314,-42.566755870070935],[-72.05411616847094,-42.566912249532265],[-72.05422521200826,-42.56723835036535],[-72.0542373279544,-42.567260741885946],[-72.05428588215143,-42.567412646622394],[-72.0546793788149,-42.568109520963056],[-72.05519963991767,-42.56844891630278],[-72.05585290356761,-42.568873103781506],[-72.0563491117299,-42.56944036226888],[-72.05641592978462,-42.56981116028059],[-72.05646439320866,-42.56987818466867],[-72.05659151924237,-42.57004797617522],[-72.05678519194302,-42.57031147739136],[-72.05701503118385,-42.570391819664756],[-72.05725083774168,-42.57047660248024],[-72.05831521991924,-42.57081121377288],[-72.0590107010129,-42.57107000258295],[-72.06094614072668,-42.571904594733844],[-72.06207705518001,-42.57227040469796],[-72.06347993283167,-42.572537812081045],[-72.06403019612463,-42.57259111441108],[-72.06447756684264,-42.5726399958491],[-72.0654084718947,-42.572442851958556],[-72.06639886630664,-42.5714458339509],[-72.06811419193447,-42.56991654714242],[-72.06829528966935,-42.56966622618036],[-72.06867538660171,-42.56897779266646],[-72.06900729291954,-42.56837441509921],[-72.07005852303028,-42.56777943610761],[-72.07077133574901,-42.56730534484108],[-72.07153866532849,-42.56697860141437],[-72.07283761496271,-42.56628071724291],[-72.07343586944492,-42.56611057026994],[-72.07407055853425,-42.56601180944868],[-72.07495939220233,-42.56620339408171],[-72.07517113511484,-42.56631050119758],[-72.07636907998905,-42.56714532367559],[-72.07687149210226,-42.567672296685615],[-72.07723485206671,-42.56820823951706],[-72.07776755016603,-42.56880668453788],[-72.07826968866863,-42.569074429609465],[-72.07851777406651,-42.56927536567745],[-72.0787356623088,-42.56944056171665],[-72.07913509353185,-42.56981118862419],[-72.07934755672804,-42.5704768004133],[-72.07940216426525,-42.57063764471279],[-72.07992337642541,-42.57160699967534],[-72.07996568814406,-42.57163374588875],[-72.07997780303674,-42.571656061955],[-72.08023266771595,-42.57240660543544],[-72.0810619935072,-42.573183593687375],[-72.08140093782565,-42.573505026107156],[-72.08253313017308,-42.5746705819081],[-72.08339870334274,-42.57543851326841],[-72.08439717418595,-42.57610805052197],[-72.08519620156677,-42.57676878530251],[-72.08620126608244,-42.57776899716802],[-72.08699459289679,-42.57867103088659],[-72.08729754824783,-42.57917126081869],[-72.087793974859,-42.579604384332136],[-72.08856252586119,-42.580032774677846],[-72.08929464092381,-42.58036732322942],[-72.09049225717828,-42.58063899740543],[-72.0912306958718,-42.58116562818997],[-72.09179365468299,-42.581567409794445],[-72.09187230790788,-42.58162985288407],[-72.09236266960782,-42.582031679864606],[-72.09278115795595,-42.582898203237015],[-72.0929570874228,-42.58326896348783],[-72.09299433455233,-42.58393026556578],[-72.09282581837529,-42.5844309107008],[-72.09283205636855,-42.58456936442231],[-72.09286315592715,-42.58516814580988],[-72.09358965514453,-42.58573504865577],[-72.09386213709074,-42.585980627111624],[-72.09412856162926,-42.58623508278831],[-72.09502447678172,-42.58682866156082],[-72.09591415127412,-42.587332831991496],[-72.0963565013828,-42.5878955524968],[-72.09638072981832,-42.58794017052376],[-72.09678700783834,-42.58860568335288],[-72.09702341546178,-42.58899867309379],[-72.09704773424666,-42.58906569212524],[-72.09715703314714,-42.589364972751014],[-72.09690381040497,-42.589838902479634],[-72.09689169620903,-42.58986122335947],[-72.09662626862661,-42.590294929413126],[-72.09656596879837,-42.59038433412176],[-72.0964211406746,-42.59059445316183],[-72.09608917481799,-42.590996937516486],[-72.09608980765087,-42.59145715518517],[-72.09611430732244,-42.59163591413633],[-72.0961266927645,-42.591801203496644],[-72.09619404424679,-42.59235974093806],[-72.096690907859,-42.592993854453695],[-72.09692089684462,-42.59310534661088],[-72.09715694274277,-42.59321687126601],[-72.09732645088269,-42.5932926923566],[-72.09802238247612,-42.593595956575065],[-72.09925124284642,-42.59431880754521],[-72.09932392743013,-42.594358975528834],[-72.100056467696,-42.59482749215229],[-72.10052276844523,-42.59522925180658],[-72.10066226075097,-42.59543469076142],[-72.10122610551298,-42.59630555805081],[-72.10138982550613,-42.596555676149606],[-72.10162062443567,-42.597158726858154],[-72.10199109566304,-42.59812355463577],[-72.10202147102841,-42.59816379289858],[-72.10255475706442,-42.59882013424074],[-72.1027855550769,-42.59938744833021],[-72.10351890031708,-42.600289435843536],[-72.10364600607328,-42.60035190005571],[-72.10382762437317,-42.600436608057535],[-72.10455400604508,-42.60078896737557],[-72.10543804672305,-42.601351179966834],[-72.1073981323059,-42.601545961524714],[-72.1083795261902,-42.60166767707379]]]}"
0000000000000000005f,64.54041056775336,4.88859594343794E7,2.7126697382798955E7,7000,2908.8845983657147,1073.961174242424,0.0,"36,754","36,754",-42.58018418135557,-71.97937270415369,100.0,100.0,100.0,100.0,100.0,100.0,100.0,100.0,35.45958943224666,104.07383317565439,0.0,0.0,0.0,0.0,0.0,0.0,0.0,0.0,15716.675790403484,0,6.553375308019662,0.0,0.0,0.0,0.0,0.0,0.0,0.0,0.0,"{""type"":""Polygon"",""coordinates"":[[[-72.02348773107236,-42.610543985453035],[-71.93825819195891,-42.612763438703055],[-71.9353010226429,-42.549806204701845],[-72.02044503381777,-42.54759153883834],[-72.02348773107236,-42.610543985453035]]]}"
00000000000000000060,83.82469848981926,4.88899928217603E7,1.639152873479748E7,7000,13566.1011583489,1129.7674199623355,0.0,"37,754","37,754",-42.582369591551505,-71.89418115502988,100.0,100.0,100.0,100.0,100.0,100.0,100.0,100.0,16.17530150948257,98.5075373427673,0.0,0.0,0.0,0.0,0.0,0.0,0.0,0.0,735.4183843631147,0,6.488595768550656,0.0,0.0,0.0,0.0,0.0,0.0,0.0,0.0,"{""type"":""Polygon"",""coordinates"":[[[-71.93825819195891,-42.612763438703055],[-71.85301919037438,-42.61491963657886],[-71.85014743573204,-42.55195755727574],[-71.9353010226429,-42.549806204701845],[-71.93825819195891,-42.612763438703055]]]}"
00000000000000000061,86.21402587742442,4.88939094792862E7,1.3803960620926015E7,7000,0,1155.6616257088847,2.4729866385694956,"38,754","38,754",-42.58449173838522,-71.80898025618387,100.0,100.0,100.0,100.0,100.0,100.0,100.0,100.0,13.785974122575587,85.96681041272842,0.0,0.0,0.0,0.0,0.0,0.0,0.0,0.0,15668.64886451129,0,5.720153995723038,0.0,0.0,0.0,0.0,0.0,0.0,0.0,0.0,"{""type"":""Polygon"",""coordinates"":[[[-71.85301919037438,-42.61491963657886],[-71.76777085201398,-42.61701242469692],[-71.76498466840677,-42.55404577612956],[-71.85014743573204,-42.55195755727574],[-71.85301919037438,-42.61491963657886]]]}"
00000000000000000062,90.22554617383375,4.88977093696192E7,1.2115171999689857E7,7000,461.09395258447574,1105.8812441093312,0.0,"39,754","39,754",-42.58655060413502,-71.7237702636676,100.0,100.0,100.0,100.0,100.0,100.0,100.0,100.0,9.774453826166255,80.19905552937482,0.0,0.0,0.0,0.0,0.0,0.0,0.0,0.0,8585.500441446353,0,6.3019999012421275,0.0,0.0,0.0,0.0,0.0,0.0,0.0,0.0,"{""type"":""Polygon"",""coordinates"":[[[-71.76777085201398,-42.61701242469692],[-71.6825135734356,-42.6190418380549],[-71.67981302504121,-42.55607080924943],[-71.76498466840677,-42.55404577612956],[-71.76777085201398,-42.61701242469692]]]}"
00000000000000000063,42.58326403990618,4.89013924565677E7,2.3878284536765095E7,7000,20481.70913560758,1033.759697256386,0.0,"40,754","40,754",-42.588546173008105,-71.63855148243523,99.49550217055908,99.48717838518404,99.4733057638976,99.43724972770475,99.42615121735508,99.41214399911232,99.40936934497347,99.40659472630043,57.41673595964648,78.97940318511512,0.0,0.0,0.0018497812478379682,0.0,0.0,0.0024662730408904444,0.001849779458571687,0.0024662730408904444,9867.572832974665,30496.8430380241,7.722248086415041,0.5044978294409185,0.5128216148159604,0.5266942361024042,0.5627502722952463,0.5738487826449123,0.5878560008876821,0.5906306550265321,0.5934052736995684,"{""type"":""Polygon"",""coordinates"":[[[-71.6825135734356,-42.6190418380549],[-71.59724766022484,-42.62100789735658],[-71.59463271894066,-42.55803259011063],[-71.67981302504121,-42.55607080924943],[-71.6825135734356,-42.6190418380549]]]}"
00000000000000000064,0.0,4.89049587050755E7,2.8348343608860765E7,7000,0,1128.6054613935971,0.0,"41,754","41,754",-42.590478423919386,-71.55332415117165,99.94356082598574,99.94356082598574,99.94356082598574,99.93887753494236,99.93887753494236,99.93431947905202,99.93431947905202,99.93431947905202,100.0,69.01804770872567,0.003375851510183942,0.0020774490457701263,0.0015580840391998618,0.0012984049942374126,0.0023371269603858617,0.0015580851157205413,0.003116169531702641,0.0020774461122512744,4384.796577467437,7755.003269173192,7.196452641891222,0.05643917401425739,0.05643917401425739,0.05643917401425739,0.06112246505763666,0.06112246505763666,0.06568052094798257,0.06568052094798257,0.06568052094798257,"{""type"":""Polygon"",""coordinates"":[[[-71.59724766022484,-42.62100789735658],[-71.51197332687649,-42.62291060861834],[-71.50944396280025,-42.55993105237381],[-71.59463271894066,-42.55803259011063],[-71.59724766022484,-42.62100789735658]]]}"
00000000000000000065,0.0,4.89084080811505E7,3.184002891828139E7,7000,0,1112.1701323251416,0.0,"42,754","42,754",-42.59234734224701,-71.46808858583344,100.0,100.0,100.0,100.0,100.0,100.0,100.0,100.0,100.00000000000003,62.454095711132126,0.0,0.0,0.0,0.0,0.0,0.0,0.0,0.0,6788.736259536867,8409.06736960641,7.149019559645494,0.0,0.0,0.0,0.0,0.0,0.0,0.0,0.0,"{""type"":""Polygon"",""coordinates"":[[[-71.51197332687649,-42.62291060861834],[-71.42669087786913,-42.624749848658226],[-71.42424714989583,-42.56176630484363],[-71.50944396280025,-42.55993105237381],[-71.51197332687649,-42.62291060861834]]]}"
00000000000000000066,0.0,2.88019883377084E7,2694499.6907561077,7000,0,1279.950080515298,53.086273641141716,"43,754","43,754",-42.594522085929306,-71.40032141594565,100.0,100.0,100.0,100.0,100.0,100.0,100.0,100.0,100.00000000226517,59.02118615591397,0.0,0.0,0.0,0.0,0.0,0.0,0.0,0.0,2577.968391305137,0,6.388240067266649,0.0,0.0,0.0,0.0,0.0,0.0,0.0,0.0,"{""type"":""Polygon"",""coordinates"":[[[-71.3751269375517,-42.56279552907662],[-71.42424714989583,-42.56176630484363],[-71.42669087786913,-42.624749848658226],[-71.36862380416413,-42.625965750989856],[-71.37776470831895,-42.60297654968759],[-71.3751269375517,-42.56279552907662]]]}"
00000000000000000067,0.0,6694003.50211891,385503.0578185136,7000,0,1212.6602564102564,0.0,"35,755","35,755",-42.53018955751179,-72.02944893279864,100.0,100.0,100.0,100.0,100.0,100.0,100.0,100.0,100.0,104.30214968152866,0.0,0.0,0.0,0.0,0.0,0.0,0.0,0.0,1482.506026034289,0,5.0558054079675365,0.0,0.0,0.0,0.0,0.0,0.0,0.0,0.0,"{""type"":""Polygon"",""coordinates"":[[[-72.05386182381251,-42.546705019832075],[-72.02044503381777,-42.54759153883834],[-72.0181139784045,-42.499217457006125],[-72.01851376229578,-42.499260466909206],[-72.01935311683478,-42.49938991672268],[-72.02017447388896,-42.4995148543665],[-72.0212675634392,-42.49971577715998],[-72.02230630227349,-42.50001942048256],[-72.02315803468659,-42.50056889834079],[-72.02333319158836,-42.50068506977243],[-72.02416665490625,-42.501060212055044],[-72.02478282126289,-42.501596342089655],[-72.02537484254286,-42.502105636770956],[-72.02573745160797,-42.502583657511224],[-72.02586440989009,-42.50301713711871],[-72.02600366606356,-42.503830371134406],[-72.0269942819741,-42.504357401734914],[-72.02829921336563,-42.50522852195524],[-72.02846252154333,-42.50581382181752],[-72.02843855883181,-42.50627411115392],[-72.0283179314171,-42.50660930470432],[-72.02804638391804,-42.50712773853405],[-72.0274913519997,-42.508432667405025],[-72.02712304823785,-42.50870983257845],[-72.02700242029296,-42.509138804754976],[-72.0270207767225,-42.50969737632155],[-72.02726257510298,-42.51013970934064],[-72.02748013922306,-42.51047032643772],[-72.02773414468103,-42.51126572262973],[-72.02777682553429,-42.512096817257806],[-72.0277950914908,-42.51240965576111],[-72.02809132536265,-42.51307982861513],[-72.02836341537304,-42.51382153103788],[-72.02867782415969,-42.51436666953201],[-72.02872023360261,-42.51471074253995],[-72.02878118021154,-42.51587701810408],[-72.02869084539653,-42.51646692040912],[-72.02878163233768,-42.516864564902455],[-72.02883000982993,-42.51706560901154],[-72.02895090831373,-42.517190750458525],[-72.02896302528698,-42.517360548415866],[-72.0289509987389,-42.517490106304386],[-72.02881825455216,-42.517677840905385],[-72.02841965993721,-42.51797732910701],[-72.02813002744635,-42.51854044349664],[-72.02773749042612,-42.51884887915734],[-72.02750220307345,-42.51954601914742],[-72.02666278093066,-42.52001990600218],[-72.02619184264707,-42.52065007752608],[-72.02599263408337,-42.52090480174997],[-72.02592029321943,-42.52131594042409],[-72.02603522475881,-42.52178961327879],[-72.02634954556493,-42.52210229678474],[-72.02706246299424,-42.52240156994591],[-72.0279626499409,-42.522517511941835],[-72.0293522149726,-42.52286126527766],[-72.03055450407469,-42.52316923220034],[-72.03117083813044,-42.52344612781867],[-72.0330682094812,-42.52429018771703],[-72.03399894154609,-42.52500490831392],[-72.03459139670449,-42.52570181792056],[-72.03488771426649,-42.526260306675596],[-72.03496629217304,-42.52639882340949],[-72.03514162300854,-42.526626648680306],[-72.03531713458761,-42.52717178029332],[-72.03584312616749,-42.527841899667955],[-72.03634479305143,-42.52826173423337],[-72.03639949892418,-42.52885608688816],[-72.03641197728714,-42.52942802173792],[-72.03664789058728,-42.52995525245135],[-72.03721619763762,-42.53066110551978],[-72.03789337227902,-42.531496493687705],[-72.03827477401117,-42.53268503370762],[-72.03874044877003,-42.53339537797939],[-72.03941147125606,-42.533909009070264],[-72.04055349904809,-42.534154399800315],[-72.04138790898834,-42.53494057369306],[-72.04193830360387,-42.5357804345885],[-72.0424219664415,-42.53626284007188],[-72.04245298087598,-42.53743807021057],[-72.04262875941747,-42.53817535779282],[-72.04300970298935,-42.53867567269159],[-72.04398914076585,-42.53939919965695],[-72.04399519894739,-42.53940365796146],[-72.0444848261979,-42.53964032894161],[-72.04542158080012,-42.53992597383864],[-72.04618924719166,-42.540193742195605],[-72.04689045310248,-42.540595642394244],[-72.04808751763575,-42.54129225488358],[-72.04898827410165,-42.541859389119956],[-72.0501490722793,-42.54249341971373],[-72.05108608030976,-42.54299344234897],[-72.0515456770129,-42.54333289428462],[-72.05171494006983,-42.54345794088138],[-72.05288205685837,-42.54438237828728],[-72.05345069460633,-42.545123882322],[-72.05374111626423,-42.54546335246751],[-72.05388686949243,-42.546339100429506],[-72.05386182381251,-42.546705019832075]]]}"
00000000000000000068,0.0,4.83761929406031E7,1.8014044920217797E7,7000,2797.380894821237,1262.6026743075454,10.078657710439831,"36,755","36,755",-42.51749395694172,-71.97596199966068,100.0,100.0,100.0,100.0,100.0,100.0,100.0,100.0,100.0,100.4290850063735,0.0,0.0,0.0,0.0,0.0,0.0,0.0,0.0,12864.2224564466,0,5.716707498393597,0.0,0.0,0.0,0.0,0.0,0.0,0.0,0.0,"{""type"":""Polygon"",""coordinates"":[[[-72.0181139784045,-42.499217457006125],[-72.02044503381777,-42.54759153883834],[-71.9353010226429,-42.549806204701845],[-71.9323532320807,-42.48684801220774],[-72.01484569573697,-42.48470586500339],[-72.01477235746043,-42.48491230797992],[-72.0142894637992,-42.485336867426696],[-72.01434399284139,-42.48626190660414],[-72.01457368388891,-42.48736561805415],[-72.01410299791179,-42.48830409976737],[-72.01362616197119,-42.48923358251505],[-72.0135842025425,-42.49042675393408],[-72.01332475930704,-42.49123112433435],[-72.01332484973692,-42.49193268604278],[-72.01329482701276,-42.49253148207913],[-72.01308964150736,-42.49306326993951],[-72.01306549670751,-42.49311240801924],[-72.01286636985732,-42.49363530017885],[-72.01279999421126,-42.493912341901414],[-72.01270947372211,-42.49436368464364],[-72.01260086718518,-42.49484627368108],[-72.01286067276565,-42.49539141139859],[-72.01334384001272,-42.495976727405065],[-72.01424985563298,-42.49697759794018],[-72.01517992272363,-42.49775951816297],[-72.01545184359344,-42.498309125017876],[-72.0155847745576,-42.49870674327442],[-72.01601964830068,-42.498956992799556],[-72.01664767757923,-42.499059623512714],[-72.0181139784045,-42.499217457006125]]]}"
00000000000000000069,0.0,4.88907106897291E7,2.0375245085793816E7,7000,0,1233.1652502360719,83.69207539280875,"37,755","37,755",-42.51940949389521,-71.89127136100558,100.0,100.0,100.0,100.0,100.0,100.0,100.0,100.0,100.0,95.14852848599305,0.0,0.0,0.0,0.0,0.0,0.0,0.0,0.0,9177.863300641875,0,6.345090624743525,0.0,0.0,0.0,0.0,0.0,0.0,0.0,0.0,"{""type"":""Polygon"",""coordinates"":[[[-71.9353010226429,-42.549806204701845],[-71.85014743573204,-42.55195755727574],[-71.84728488373406,-42.48899472253694],[-71.9323532320807,-42.48684801220774],[-71.9353010226429,-42.549806204701845]]]}"
0000000000000000006a,0.0,4.88946275205505E7,9743008.68833809,7000,0,1443.9157994323555,90.6151128187242,"38,755","38,755",-42.5215269726009,-71.80615581763998,100.0,100.0,100.0,100.0,100.0,100.0,100.0,100.0,100.00000000000003,86.40752249053028,0.0,0.0,0.0,0.0,0.0,0.0,0.0,0.0,10482.15017974626,0,5.987959598411213,0.0,0.0,0.0,0.0,0.0,0.0,0.0,0.0,"{""type"":""Polygon"",""coordinates"":[[[-71.85014743573204,-42.55195755727574],[-71.76498466840677,-42.55404577612956],[-71.76220742054997,-42.4910783426571],[-71.84728488373406,-42.48899472253694],[-71.85014743573204,-42.55195755727574]]]}"
0000000000000000006b,0.0,4.88984275790331E7,7216650.909723797,7000,0,1423.9509433962269,87.60924271857311,"39,755","39,755",-42.52358133951362,-71.72103126989762,100.0,100.0,100.0,100.0,100.0,100.0,100.0,100.0,100.0,78.52631165567074,0.0,0.0,0.0,0.0,0.0,0.0,0.0,0.0,6825.22985583143,0,5.642562552334339,0.0,0.0,0.0,0.0,0.0,0.0,0.0,0.0,"{""type"":""Polygon"",""coordinates"":[[[-71.76498466840677,-42.55404577612956],[-71.67981302504121,-42.55607080924943],[-71.67712105465353,-42.49309895078405],[-71.76220742054997,-42.4910783426571],[-71.76498466840677,-42.55404577612956]]]}"
0000000000000000006c,0.0,4.89021108289848E7,1.8733772647552095E7,7000,1199.0021160474928,928.1458333333334,0.0,"40,755","40,755",-42.525572565728154,-71.63589795560904,99.94690979139709,99.9433730796399,99.93983638291037,99.93983638291037,99.93629965600336,99.93629965600336,99.93629965600336,99.93629965600336,99.99999999959273,75.28807266982624,0.0,0.0,0.0,0.0,0.0,0.0,0.0,0.0,13136.008372214521,8044.637627259547,6.277665790720574,0.053090208602907786,0.05662692036009594,0.06016361708962984,0.06016361708962984,0.06370034399664831,0.06370034399664831,0.06370034399664831,0.06370034399664831,"{""type"":""Polygon"",""coordinates"":[[[-71.67981302504121,-42.55607080924943],[-71.59463271894066,-42.55803259011063],[-71.59202608810696,-42.49505642277924],[-71.67712105465353,-42.49309895078405],[-71.67981302504121,-42.55607080924943]]]}"
0000000000000000006d,0.0,4.89056772353367E7,4.7645435688447535E7,7000,0,660.5070955534533,0.0,"41,755","41,755",-42.52750058229469,-71.55075612369193,100.0,100.0,100.0,100.0,100.0,100.0,100.0,100.0,100.00000000001599,73.49370063191155,0.0,0.0,0.0,0.0,0.0,0.0,0.0,0.0,21461.91117967084,32579.199930896513,8.999384283996873,0.0,0.0,0.0,0.0,0.0,0.0,0.0,0.0,"{""type"":""Polygon"",""coordinates"":[[[-71.59463271894066,-42.55803259011063],[-71.50944396280025,-42.55993105237381],[-71.50692273188359,-42.496950764858184],[-71.59202608810696,-42.49505642277924],[-71.59463271894066,-42.55803259011063]]]}"
0000000000000000006e,0.0,4.89091267640934E7,4.8989549562140055E7,7000,0,776.9433962264152,2.026305064629598,"42,755","42,755",-42.529365384196616,-71.46560602705229,97.62514270808482,97.5930761708921,97.49021419709106,97.46423248445193,97.41821788969558,97.38499395062354,97.38499395062354,97.37010613617942,100.0,65.31723663522015,0.0,0.0,0.0,0.0,7.517591872448264E-4,0.0015035462978008822,0.0,0.0,18859.410918885576,50009.659222544266,8.986631813049318,2.374857291915179,2.4069238291078996,2.5097858029089424,2.535767515548067,2.581782110304413,2.6150060493764546,2.6150060493764546,2.6298938638205853,"{""type"":""Polygon"",""coordinates"":[[[-71.50944396280025,-42.55993105237381],[-71.42424714989583,-42.56176630484363],[-71.42181128694543,-42.498781926084035],[-71.50692273188359,-42.496950764858184],[-71.50944396280025,-42.55993105237381]]]}"
0000000000000000006f,0.0,2.4976717112097E7,2.357705562114798E7,7000,4082.794691062714,974.2955390334577,25.258114579560264,"43,755","43,755",-42.53302968390397,-71.4010035320798,99.23981019230271,99.22207615722732,99.17989027651267,99.09890060797083,99.08483876730061,99.0413916992423,99.035767653608,99.02733132814201,100.00000000006473,59.75389897579143,0.0,0.0,0.0,0.0,0.0,0.0,0.0,0.0,7743.494772370003,7668.20696534468,8.344576493588239,0.7601898076972842,0.7779238427726847,0.8201097234873321,0.9010993920291708,0.9151612326993911,0.9586083007577071,0.964232346391993,0.9726686718579828,"{""type"":""Polygon"",""coordinates"":[[[-71.38948245735462,-42.499460908113925],[-71.42181128694543,-42.498781926084035],[-71.42424714989583,-42.56176630484363],[-71.3751269375517,-42.56279552907662],[-71.37389144713356,-42.5439576744304],[-71.38948245735462,-42.499460908113925]]]}"
00000000000000000070,0.0,1.04605705759598E7,56130.421286878394,7000,0,1489.0136986301368,0.0,"35,756","35,756",-42.447049664408915,-72.02656514201463,100.0,100.0,100.0,100.0,100.0,100.0,100.0,100.0,100.0,97.54237689393939,0.0,0.0,0.0,0.0,0.0,0.0,0.0,0.0,669.7320648217751,0,3.4853598525307397,0.0,0.0,0.0,0.0,0.0,0.0,0.0,0.0,"{""type"":""Polygon"",""coordinates"":[[[-72.0173008447211,-42.482323454492736],[-72.0143889363397,-42.42168403660584],[-72.0355543146772,-42.42112503097353],[-72.03567991244478,-42.42134143622349],[-72.03607840695592,-42.42220822230572],[-72.03613320330048,-42.423008095271264],[-72.03613926164158,-42.423021498961624],[-72.03614531998258,-42.4232002854875],[-72.0363751751572,-42.424205631755264],[-72.03647807643296,-42.42493847380612],[-72.03621295637805,-42.42540771123862],[-72.03584529632165,-42.42580560119706],[-72.03580912708357,-42.425841322832696],[-72.03566454051061,-42.42618549063744],[-72.03561028661902,-42.42630613705013],[-72.03530917734155,-42.427106099749324],[-72.03501973237155,-42.42730284063801],[-72.03481474259021,-42.4274414310254],[-72.03441091140523,-42.42790182519119],[-72.03398899494456,-42.428527563142566],[-72.03384431706691,-42.42873764321199],[-72.03341019258981,-42.42913994343181],[-72.03304858748767,-42.42964055223338],[-72.03283156996198,-42.42995787706412],[-72.03321198349575,-42.430637006913855],[-72.03374910090047,-42.431137281297794],[-72.03411124769659,-42.4315036603043],[-72.03433450351771,-42.43173594343051],[-72.03560811646315,-42.43306717429275],[-72.03608491741322,-42.4335451870204],[-72.03634452178261,-42.433799820140216],[-72.03650149596265,-42.43404107796334],[-72.03697847633163,-42.434764878578335],[-72.03761279122462,-42.436368903272715],[-72.03807765321473,-42.436931769233574],[-72.03821084540017,-42.43766461075822],[-72.03860942695503,-42.43826325512301],[-72.03862751140497,-42.43833031898097],[-72.03884515767398,-42.43909435611546],[-72.03914147101393,-42.440095254057645],[-72.03947404327997,-42.44142676001846],[-72.03951084502778,-42.44229369043207],[-72.04000617621878,-42.443231940180915],[-72.04041081362949,-42.44386186556825],[-72.04097215105465,-42.444295103183954],[-72.04110498026178,-42.444353152936856],[-72.04210684875358,-42.44482647608945],[-72.04264385972974,-42.44489332389638],[-72.04334380809486,-42.445027070100025],[-72.04420117704667,-42.445889180381734],[-72.04437026343965,-42.44606340874575],[-72.04510673754531,-42.44652342749517],[-72.04511876344255,-42.44653677178762],[-72.04563813706737,-42.44712648111055],[-72.04606085083053,-42.44765359171632],[-72.04683990846343,-42.448627433028165],[-72.04713612343517,-42.44932440848757],[-72.04737220908832,-42.45032528724798],[-72.04748713236992,-42.450696155223326],[-72.0476746624761,-42.451290375280074],[-72.04801292164075,-42.451786242576134],[-72.04803706361936,-42.451822021500355],[-72.04803109593945,-42.45183986908845],[-72.0481339027723,-42.45220179991195],[-72.04813408361103,-42.45235819472052],[-72.04770576678314,-42.452523739064645],[-72.04750060488391,-42.45255512622566],[-72.04734978502822,-42.45256412504843],[-72.04680066628694,-42.4525955671759],[-72.04447144396796,-42.4525920307282],[-72.0444292176033,-42.45260547828194],[-72.04353622353096,-42.45275330654568],[-72.0433672270855,-42.45275333741701],[-72.04208831240862,-42.45321854208768],[-72.04121954427511,-42.453491463401136],[-72.04111094808043,-42.45355853968439],[-72.04057402476491,-42.45368835579714],[-72.03873420963728,-42.45483738818436],[-72.03640555725988,-42.45600000368978],[-72.03442646425094,-42.456451915918315],[-72.0341489543415,-42.45658610273257],[-72.03395002234818,-42.45689004854278],[-72.03387786425604,-42.4573503302786],[-72.03377541420305,-42.457752488456094],[-72.03371519200195,-42.457877682456136],[-72.03358272120154,-42.458503288369386],[-72.03305835327262,-42.45968316944336],[-72.03277505495547,-42.460335655167896],[-72.03279955986359,-42.46101039664078],[-72.03278147506076,-42.46111319718085],[-72.03311378313857,-42.46188171500007],[-72.03315013355079,-42.46209169146241],[-72.03324697753787,-42.46268152500832],[-72.03324109998586,-42.46288264544194],[-72.03321116968075,-42.46331164523153],[-72.03298194503925,-42.46364688328599],[-72.0325780209532,-42.46444682770177],[-72.03268110438499,-42.46538077455567],[-72.03268716279611,-42.465394168482035],[-72.03291069095314,-42.46591243699],[-72.03281447982513,-42.46651577250696],[-72.03241634265697,-42.4669805991093],[-72.03167414049719,-42.46736508827272],[-72.03164402918647,-42.46737852032655],[-72.0310466852604,-42.46781217070479],[-72.03076926263766,-42.46827251496238],[-72.03068480602539,-42.46841104283362],[-72.03055215303272,-42.4687149355565],[-72.0301965125105,-42.469608752961555],[-72.0301784275502,-42.46964452651823],[-72.02999151942139,-42.47012273763667],[-72.0293037471397,-42.47086464880039],[-72.02819947416343,-42.47159776524109],[-72.02793416591525,-42.47210727621209],[-72.02743944769142,-42.47267938729876],[-72.02643780129004,-42.47355548289454],[-72.02631708264309,-42.47364043756896],[-72.02564756800533,-42.47481581144864],[-72.025020009706,-42.47544603707345],[-72.02425364530228,-42.47617453155725],[-72.02362002548831,-42.47670647990778],[-72.02332432975481,-42.47684059669921],[-72.02287771108921,-42.477242843849275],[-72.02243715037666,-42.47748869840181],[-72.0216525130378,-42.477797180106045],[-72.02124206288458,-42.478016244462744],[-72.02081958529497,-42.47823974895395],[-72.02069289615864,-42.478472154457954],[-72.02071107211938,-42.478659817635794],[-72.02073530673199,-42.4788430156941],[-72.02081397878186,-42.479459693500665],[-72.02061494749853,-42.48000491368077],[-72.02057271776356,-42.48013004117569],[-72.0202830776865,-42.48051885709282],[-72.01975190436755,-42.48095681166948],[-72.01925708220686,-42.48145739119065],[-72.01845426045199,-42.48197146076311],[-72.01792308389534,-42.482239627909436],[-72.0173008447211,-42.482323454492736]]]}"
00000000000000000071,0.0,4.88563785928835E7,1.3743726343887035E7,7000,3799.296848163556,1218.7713472485766,33.6269541745461,"36,756","36,756",-42.45425390980093,-71.97336467397507,100.0,100.0,100.0,100.0,100.0,100.0,100.0,100.0,100.0,99.00144703457025,0.0,0.0,0.0,0.0,0.0,0.0,0.0,0.0,10051.25553838195,0,5.391301469231197,0.0,0.0,0.0,0.0,0.0,0.0,0.0,0.0,"{""type"":""Polygon"",""coordinates"":[[[-72.01484569573697,-42.48470586500339],[-71.9323532320807,-42.48684801220774],[-71.9294149110212,-42.423888998843296],[-72.0143889363397,-42.42168403660584],[-72.0173008447211,-42.482323454492736],[-72.01719260155909,-42.48233803441534],[-72.01692701228191,-42.482338135341855],[-72.01655887639885,-42.482771634481864],[-72.01629943573259,-42.48334361271939],[-72.01570178992905,-42.48366095694531],[-72.01508008872761,-42.4842598404959],[-72.01495339716858,-42.4844028655548],[-72.01484569573697,-42.48470586500339]]]}"
00000000000000000072,0.0,4.88914284357378E7,2.2395162415168267E7,7000,0,1055.2800378429517,85.18402513212936,"37,756","37,756",-42.456448528206515,-71.88837084575059,100.0,100.0,100.0,100.0,100.0,100.0,100.0,100.0,100.0,92.70069313169505,0.0,0.0,0.0,0.0,0.0,0.0,0.0,0.0,16783.44741436795,0,5.421693816662736,0.0,0.0,0.0,0.0,0.0,0.0,0.0,0.0,"{""type"":""Polygon"",""coordinates"":[[[-71.9323532320807,-42.48684801220774],[-71.84728488373406,-42.48899472253694],[-71.84443153465338,-42.42603096581647],[-71.9294149110212,-42.423888998843296],[-71.9323532320807,-42.48684801220774]]]}"
00000000000000000073,0.0,4.88953454398449E7,3.748301133454132E7,7000,0,976.7708333333335,77.12120249684068,"38,756","38,756",-42.45856137970991,-71.80334043996784,100.0,100.0,100.0,100.0,100.0,100.0,100.0,100.0,100.0,88.79149881516587,0.0,0.0,0.0,0.0,0.0,0.0,0.0,0.0,27676.749841770838,282.33034680382923,7.225033621765426,0.0,0.0,0.0,0.0,0.0,0.0,0.0,0.0,"{""type"":""Polygon"",""coordinates"":[[[-71.84728488373406,-42.48899472253694],[-71.76220742054997,-42.4910783426571],[-71.75943901819052,-42.42811008834625],[-71.84443153465338,-42.42603096581647],[-71.84728488373406,-42.48899472253694]]]}"
00000000000000000074,0.0,4.88991456664692E7,3.1584366535176445E7,7000,17049.291299855617,1029.248347497639,85.46770047687292,"39,756","39,756",-42.46061125891535,-71.71830101267405,100.0,100.0,100.0,100.0,100.0,100.0,100.0,100.0,99.99999999999999,81.81559152488974,0.0,0.0,0.0,0.0,0.0,0.0,0.0,0.0,13967.773580840876,8521.753526788025,7.5798220088216,0.0,0.0,0.0,0.0,0.0,0.0,0.0,0.0,"{""type"":""Polygon"",""coordinates"":[[[-71.76220742054997,-42.4910783426571],[-71.67712105465353,-42.49309895078405],[-71.67443766249976,-42.4301262418257],[-71.75943901819052,-42.42811008834625],[-71.76220742054997,-42.4910783426571]]]}"
00000000000000000075,0.0,4.89028290794026E7,2.929504852323303E7,7000,20529.15034741093,1025.3791469194314,36.89546413264959,"40,756","40,756",-42.46259810321004,-71.63325287315106,100.0,100.0,100.0,100.0,100.0,100.0,100.0,100.0,100.00000000000003,77.66700236966827,0.0,0.0,0.0,0.0,0.0,0.0,0.0,0.0,7821.688150223391,24255.40845362279,7.776188301701119,0.0,0.0,0.0,0.0,0.0,0.0,0.0,0.0,"{""type"":""Polygon"",""coordinates"":[[[-71.67712105465353,-42.49309895078405],[-71.59202608810696,-42.49505642277924],[-71.58942776793114,-42.43207937477492],[-71.67443766249976,-42.4301262418257],[-71.67712105465353,-42.49309895078405]]]}"
00000000000000000076,0.0,4.8906395643576E7,4.8264238700683236E7,7000,2419.262754300434,635.9251184834122,11.336730483648148,"41,756","41,756",-42.46452190780315,-71.54819628524828,100.0,100.0,100.0,100.0,100.0,100.0,100.0,100.0,100.0,72.418137835703,0.0,0.0,0.0,0.0,0.0,0.0,0.0,0.0,12776.976114206234,17416.65259993984,8.744607995200498,0.0,0.0,0.0,0.0,0.0,0.0,0.0,0.0,"{""type"":""Polygon"",""coordinates"":[[[-71.59202608810696,-42.49505642277924],[-71.50692273188359,-42.496950764858184],[-71.504409543745,-42.433969638645024],[-71.58942776793114,-42.43207937477492],[-71.59202608810696,-42.49505642277924]]]}"
00000000000000000077,0.0,4.89098453249781E7,4.291912338671272E7,7000,14812.862967912213,632.4017013232516,4.851620286634712,"42,756","42,756",-42.46638264257,-71.4631314466265,99.46658887735397,99.46658887735397,99.42793436059908,99.380004074167,99.3428970759101,99.30115127190903,99.30115127190903,99.29496638977989,99.99999999999997,64.27771226415094,0.009791743777991288,0.018896551461293983,0.015117300282051882,0.0,0.0,0.003435710000560012,0.024393841340194972,0.02061452725093721,10813.759411436158,33028.43306796499,9.251162094260161,0.5334111226460272,0.5334111226460272,0.5720656394009184,0.6199959258329921,0.6571029240898976,0.6988487280909655,0.6988487280909655,0.705033610220107,"{""type"":""Polygon"",""coordinates"":[[[-71.50692273188359,-42.496950764858184],[-71.42181128694543,-42.498781926084035],[-71.41938319859719,-42.43579682234014],[-71.504409543745,-42.433969638645024],[-71.50692273188359,-42.496950764858184]]]}"
00000000000000000078,0.0,1.60175160804295E7,1.339158768941484E7,7000,6392.338616527212,705.7122093023255,2.120739796034116,"43,756","43,756",-42.46871592479182,-71.4066395423232,100.0,100.0,100.0,100.0,100.0,100.0,100.0,100.0,100.00000000000003,60.537379227053144,0.0,0.0,0.0,0.0,0.0,0.0,0.0,0.0,0,3005.167613052507,9.17317481884058,0.0,0.0,0.0,0.0,0.0,0.0,0.0,0.0,"{""type"":""Polygon"",""coordinates"":[[[-71.39029433498008,-42.436407373913006],[-71.41938319859719,-42.43579682234014],[-71.42181128694543,-42.498781926084035],[-71.38948245735462,-42.499460908113925],[-71.39069180191774,-42.49600673902291],[-71.3934311137652,-42.46435243895244],[-71.39487772665164,-42.44762511849835],[-71.39514227852041,-42.4445878812369],[-71.39029433498008,-42.436407373913006]]]}"
00000000000000000079,0.0,1.1968904970769E7,1354698.0008147298,7000,3782.5349485645775,1413.7049808429115,0.0,"34,757","34,757",-42.37442931270188,-72.11402813392796,100.0,100.0,100.0,100.0,100.0,100.0,100.0,100.0,100.0,107.435624201788,0.0,0.0,0.0,0.0,0.0,0.0,0.0,0.0,2407.5426970103786,0,4.565998219164853,0.0,0.0,0.0,0.0,0.0,0.0,0.0,0.0,"{""type"":""Polygon"",""coordinates"":[[[-72.09819252294461,-42.39584863474922],[-72.09625497698393,-42.35646619080846],[-72.1337671554547,-42.355445984737536],[-72.13353068717161,-42.35574494093165],[-72.13325462647849,-42.356232374224255],[-72.13296093883248,-42.35697002726625],[-72.13175798246046,-42.35797692902051],[-72.13143970620068,-42.35848666652216],[-72.13137968473693,-42.35858954575739],[-72.13089869903551,-42.35909950280066],[-72.13086932100691,-42.35943028378056],[-72.13086344540083,-42.359533045785305],[-72.13089987415658,-42.359635757145064],[-72.13102714878103,-42.360002086387446],[-72.13159464106648,-42.36053316961961],[-72.13171540704232,-42.36064927031871],[-72.13207146751297,-42.36092590610167],[-72.1322645481038,-42.361064164528415],[-72.13256049628862,-42.36139453491751],[-72.13268777018628,-42.361720609298935],[-72.13291185527268,-42.36229232582135],[-72.13297232838661,-42.36239503427587],[-72.13315374765293,-42.36269871940257],[-72.13328065971811,-42.36288180520239],[-72.13346207879201,-42.3631899266284],[-72.13364349775269,-42.36349353452402],[-72.1338909938901,-42.363676467379264],[-72.13394586243548,-42.36398479582809],[-72.13407304533365,-42.364283988638135],[-72.13409727064126,-42.364328700275564],[-72.13465888140459,-42.364895541534125],[-72.1353241713598,-42.3660297952599],[-72.13545731956054,-42.36632011083012],[-72.1356399123775,-42.36715108373325],[-72.1355992357698,-42.367852712615935],[-72.13552746414143,-42.368134292889195],[-72.13539603343092,-42.36864394589191],[-72.13500662214594,-42.36973475309745],[-72.13433373846337,-42.37069629232729],[-72.13379843144409,-42.371192975792006],[-72.1333954590456,-42.371559840312045],[-72.13299239569518,-42.37189103307212],[-72.13249288200782,-42.372222238021074],[-72.13216195145752,-42.37245949978354],[-72.13186166397284,-42.37296033024231],[-72.13139893861144,-42.37359092451464],[-72.13099560131184,-42.373823754080114],[-72.13056252381726,-42.37422641914601],[-72.13019633735504,-42.37492399455719],[-72.13039086549604,-42.37572364591368],[-72.13079619230133,-42.376456071504414],[-72.13102714878103,-42.377385298528125],[-72.13109385946392,-42.37758632337129],[-72.13129399142079,-42.37818932086517],[-72.13126434225069,-42.37842623652096],[-72.13115731595296,-42.37911901578542],[-72.13119555254865,-42.380151191123154],[-72.13139541325422,-42.38058891018669],[-72.13184268130988,-42.38118273268843],[-72.13199381943025,-42.38138812995619],[-72.13206134343352,-42.38198238655547],[-72.13201958160201,-42.382179077788976],[-72.13185840980213,-42.382921022053466],[-72.13191382109284,-42.38348851205085],[-72.13192611462408,-42.383618076236466],[-72.13186130239832,-42.38431523644432],[-72.131464564484,-42.38485195925491],[-72.13115767752836,-42.3851114811096],[-72.13095917256808,-42.38528154317798],[-72.13057400385935,-42.3856126536904],[-72.1303333748508,-42.38581399266054],[-72.12932773869242,-42.3863201471284],[-72.12839323970263,-42.38624969178954],[-72.12782655472736,-42.38621457105161],[-72.12707320279074,-42.38627793046752],[-72.1262845947158,-42.38677488272631],[-72.12602588307334,-42.38705221828625],[-72.12576708080557,-42.387244653629914],[-72.12535171308062,-42.38754447038099],[-72.12500902296222,-42.38799618687239],[-72.12418388931158,-42.38832328952774],[-72.12361159158284,-42.38852500835728],[-72.12295531449118,-42.388923433970064],[-72.12262428270337,-42.389205348498386],[-72.12233555614571,-42.389522929127914],[-72.12202884036286,-42.389916458068356],[-72.12173423742533,-42.39031003680872],[-72.1210541817019,-42.390891672008976],[-72.12065706747754,-42.39129873653002],[-72.12047075897881,-42.391580453970334],[-72.12034492609722,-42.39200955820659],[-72.11985226091639,-42.3928770413191],[-72.11926250796193,-42.3934362597591],[-72.11885336840945,-42.39385226832083],[-72.11802866933138,-42.39451895184826],[-72.11752894919042,-42.394854575932484],[-72.11635449501428,-42.39547696102215],[-72.11563175858888,-42.39587534383164],[-72.11506586240338,-42.396318334705526],[-72.11480714081094,-42.39658226164868],[-72.11455447572227,-42.3968774836032],[-72.11418736516295,-42.397271026972355],[-72.11372379815388,-42.397606669640275],[-72.11323021780787,-42.39805405091224],[-72.11310383940943,-42.39817925015949],[-72.11271213834667,-42.39829584154331],[-72.11236816779066,-42.39814421119455],[-72.11212065337934,-42.39792998238062],[-72.11178879570798,-42.39779622168649],[-72.1113727752894,-42.397796623608606],[-72.11069152023595,-42.397810749994925],[-72.10984157639602,-42.3978741108741],[-72.1092205246134,-42.39782104132418],[-72.10878623958519,-42.39771421971203],[-72.10833984018964,-42.39757163528832],[-72.10772420928666,-42.39721474149433],[-72.1070970057225,-42.39705450278176],[-72.10671063030114,-42.396782232763215],[-72.10599220932174,-42.39617515653516],[-72.10558169517108,-42.39583595153773],[-72.1050022192511,-42.39543423629951],[-72.10369925306286,-42.394993051614094],[-72.10276449126269,-42.39480623905361],[-72.10241472324246,-42.39473952349926],[-72.1018782728498,-42.39480698769848],[-72.10157081238282,-42.39478939563208],[-72.09990712111865,-42.39492492165692],[-72.09934065211415,-42.39509523928579],[-72.09893727055088,-42.39542180331826],[-72.09850360311052,-42.395690262261695],[-72.09819252294461,-42.39584863474922]]]}"
0000000000000000007a,0.0,3.31358636560815E7,5516123.450135298,7000,977.6330310232902,1537.6546463245495,0.0,"35,757","35,757",-42.38059978656043,-72.04975661833382,100.0,100.0,100.0,100.0,100.0,100.0,100.0,100.0,100.0,101.05618643088303,0.0,0.0,0.0,0.0,0.0,0.0,0.0,0.0,3275.100609174588,0,3.8381414405515883,0.0,0.0,0.0,0.0,0.0,0.0,0.0,0.0,"{""type"":""Polygon"",""coordinates"":[[[-72.0355543146772,-42.42112503097353],[-72.0143889363397,-42.42168403660584],[-72.01137535589905,-42.358728978194236],[-72.09625497698393,-42.35646619080846],[-72.09819252294461,-42.39584863474922],[-72.09817832950867,-42.39585587774723],[-72.09787113637641,-42.39607959160896],[-72.09725087286547,-42.39649123575933],[-72.09708832581991,-42.396665639719714],[-72.09676277943636,-42.39665697493695],[-72.09641888055974,-42.39649643488629],[-72.0960386385885,-42.39621966408199],[-72.09544115324113,-42.395822500916424],[-72.09491617154319,-42.395519021731104],[-72.09428903099212,-42.39537653304264],[-72.09377652318197,-42.3953323268572],[-72.09371016560512,-42.39531001598711],[-72.09367997019052,-42.39531002990272],[-72.09270919499879,-42.39522146473893],[-72.09187746104946,-42.3953918823743],[-72.09128078089724,-42.395490677346686],[-72.09074449097578,-42.39569218922246],[-72.09057579269646,-42.395754918896735],[-72.08992504676614,-42.396028027168455],[-72.0891715068557,-42.39601968662545],[-72.08896022603291,-42.39583661908411],[-72.08867634826576,-42.39545251678803],[-72.08815705013848,-42.394907778500944],[-72.08784333721165,-42.394738179599166],[-72.08744518349393,-42.394564223896325],[-72.08698663703734,-42.394296413217816],[-72.08661858789591,-42.39405094676551],[-72.08631074983035,-42.39380091745366],[-72.08616555502458,-42.39343010400958],[-72.08617703680822,-42.3930279323444],[-72.08611664442942,-42.39294752960677],[-72.08556135943209,-42.39246088870574],[-72.08468024240503,-42.39169294452911],[-72.08417314235889,-42.391197247380134],[-72.08385960600499,-42.39112154050146],[-72.0834856763993,-42.391032401578286],[-72.0831719584966,-42.39081369553445],[-72.08292441946621,-42.390536848594856],[-72.08277931340031,-42.39025089316616],[-72.08280869625432,-42.38967894325954],[-72.08282614514776,-42.38917393400159],[-72.08224689557841,-42.38874986356636],[-72.08192106154489,-42.38848192695075],[-72.08187829806148,-42.388097680296774],[-72.08158247946095,-42.38772250507002],[-72.08141956212206,-42.38761089685347],[-72.08076228648339,-42.38743707432253],[-72.08053897516959,-42.38720490844771],[-72.080327778565,-42.387017381491525],[-72.08026702334938,-42.38667328236029],[-72.08013357881399,-42.38604780965221],[-72.07990954374685,-42.3852078169776],[-72.07983052568824,-42.38469400152412],[-72.07963722970734,-42.3844081113661],[-72.0792208021077,-42.384006216643385],[-72.07879867808995,-42.383841151720276],[-72.07844282409037,-42.383631409744744],[-72.07796600075665,-42.38315359744399],[-72.07771863817766,-42.382961613231885],[-72.0776940465649,-42.382563893372854],[-72.07721776448447,-42.382465883742],[-72.07660948207682,-42.382864013945344],[-72.07621212688443,-42.38328883298705],[-72.07515232960186,-42.384143030350366],[-72.07476708755547,-42.384621416177886],[-72.07461673362354,-42.38490308645326],[-72.07446059328973,-42.38541705366552],[-72.07440679854066,-42.38577906922278],[-72.07425065809589,-42.38625731914524],[-72.07385375178781,-42.38703065549751],[-72.07329916700111,-42.387039936493494],[-72.07280515711349,-42.38732622751088],[-72.07228772969327,-42.388126445585],[-72.07222181933828,-42.38852866438578],[-72.07189073033692,-42.388926630137],[-72.07099908465607,-42.38939186702882],[-72.07011376517328,-42.39010294971591],[-72.06957761758869,-42.39040720706077],[-72.06865603819688,-42.39116295177768],[-72.06792721722223,-42.391659381444036],[-72.06669180687092,-42.39209357926046],[-72.0636555181078,-42.39413747569769],[-72.06075699151796,-42.39547068908435],[-72.05989551118675,-42.39612359533364],[-72.05939533065245,-42.3962892159981],[-72.05870193003172,-42.39625827415411],[-72.05866576357073,-42.39625833241865],[-72.05826187431822,-42.39625850463521],[-72.0570320295156,-42.396326169032214],[-72.05639902183444,-42.39635773335008],[-72.05566384152962,-42.3967290009691],[-72.05553119965495,-42.39679165871645],[-72.05492865940485,-42.39710920089074],[-72.05410314834441,-42.39769053452187],[-72.0535365010348,-42.397824820201485],[-72.05299996180122,-42.39782066042069],[-72.05236685510992,-42.39775388399065],[-72.05160101302289,-42.39758892017075],[-72.05072060864907,-42.39739711079408],[-72.04937029456589,-42.397513942833584],[-72.04894821843638,-42.39747384486436],[-72.04733848257791,-42.39752371559465],[-72.04730837284824,-42.3975147865277],[-72.04700076516507,-42.39742102800984],[-72.04636782654553,-42.39748837652517],[-72.04600623715028,-42.39772534852851],[-72.0457048671088,-42.39785949307761],[-72.04513820380171,-42.39795802695939],[-72.04477661291354,-42.398123526073896],[-72.04453555207756,-42.398253219977455],[-72.04445146104239,-42.3987001311959],[-72.0444093250954,-42.3988878026815],[-72.04400559731842,-42.39912035705041],[-72.04368605069006,-42.39916519040931],[-72.04352338378298,-42.39926354582532],[-72.04257667689745,-42.39915664152524],[-72.04190746995833,-42.399121121749786],[-72.04097296484848,-42.39912151150395],[-72.04040629254412,-42.39922444465564],[-72.0398396191631,-42.39945255854147],[-72.03887526825874,-42.399886325561646],[-72.03837523322936,-42.40055234175379],[-72.03712161550507,-42.40139735528712],[-72.03563913160593,-42.40265796241783],[-72.03510861850121,-42.40272067323855],[-72.03447574506485,-42.4032526474468],[-72.03408403018733,-42.40358796095365],[-72.03373472352796,-42.40433877636137],[-72.03254754803716,-42.40552335115712],[-72.03076311376306,-42.40644431682444],[-72.02978046772189,-42.40681548879132],[-72.029014929331,-42.40735196153257],[-72.02848431404536,-42.407517378379346],[-72.02798408077746,-42.40808505450686],[-72.02748402752468,-42.409050387627516],[-72.02741792639026,-42.409617956046255],[-72.02761134676851,-42.410484795974575],[-72.02761731485673,-42.4105116337046],[-72.02761767655903,-42.41121318428853],[-72.02763576167412,-42.41128471354063],[-72.0276841393516,-42.41154835347073],[-72.02768432020272,-42.41201758655299],[-72.02768450105384,-42.41234378849781],[-72.02781733616901,-42.41274592317385],[-72.02811284661541,-42.412844166442625],[-72.0286315264241,-42.41284400565684],[-72.02871589319082,-42.412843969690535],[-72.02884854699776,-42.41283501753194],[-72.02908374286677,-42.412812612431864],[-72.02971707984305,-42.4130136002124],[-72.03088120830324,-42.413545008220076],[-72.03194893997659,-42.414215050745284],[-72.03264267416237,-42.41467955312361],[-72.03381284961925,-42.41508144851863],[-72.03427156872233,-42.41576496158394],[-72.0342776271012,-42.415778366983915],[-72.03451299954632,-42.41618046485165],[-72.03488120378309,-42.416810469456316],[-72.03497813763241,-42.417610320132425],[-72.03491249027147,-42.418745367397804],[-72.03494893088822,-42.419277157826414],[-72.035027599202,-42.419683795982365],[-72.0351122354337,-42.42010825368891],[-72.03531161876934,-42.420707033670034],[-72.0355543146772,-42.42112503097353]]]}"
0000000000000000007b,0.0,4.88881121336192E7,7957884.820071738,7000,799.705977824344,1504.5426944971541,0.0,"36,757","36,757",-42.39131560056307,-71.97041598848948,100.0,100.0,100.0,100.0,100.0,100.0,100.0,100.0,100.00000000000004,96.0686076850095,0.0,0.0,0.0,0.0,0.0,0.0,0.0,0.0,3460.4853611648373,0,4.409067707496079,0.0,0.0,0.0,0.0,0.0,0.0,0.0,0.0,"{""type"":""Polygon"",""coordinates"":[[[-72.0143889363397,-42.42168403660584],[-71.9294149110212,-42.423888998843296],[-71.92648596930404,-42.36092905390108],[-72.01137535589905,-42.358728978194236],[-72.0143889363397,-42.42168403660584]]]}"
0000000000000000007c,0.0,4.88921460563199E7,3688947.6685782056,7000,0,1545.9007561436674,59.958415232695394,"37,757","37,757",-42.393486688948556,-71.8854796460723,100.0,100.0,100.0,100.0,100.0,100.0,100.0,100.0,100.0,90.02839206874805,0.0,0.0,0.0,0.0,0.0,0.0,0.0,0.0,3965.894419153036,0,4.258921666537802,0.0,0.0,0.0,0.0,0.0,0.0,0.0,0.0,"{""type"":""Polygon"",""coordinates"":[[[-71.9294149110212,-42.423888998843296],[-71.84443153465338,-42.42603096581647],[-71.84158729828142,-42.36306639443127],[-71.92648596930404,-42.36092905390108],[-71.9294149110212,-42.423888998843296]]]}"
0000000000000000007d,0.0,4.88960632336843E7,1.679779943242888E7,7000,0,1169.1690408357074,92.27496111732651,"38,757","38,757",-42.39559493427038,-71.8005340665524,100.0,100.0,100.0,100.0,100.0,100.0,100.0,100.0,100.0,86.07902435167617,0.0,0.0,0.0,0.0,0.0,0.0,0.0,0.0,13233.387276591038,0,6.114689116867037,0.0,0.0,0.0,0.0,0.0,0.0,0.0,0.0,"{""type"":""Polygon"",""coordinates"":[[[-71.84443153465338,-42.42603096581647],[-71.75943901819052,-42.42811008834625],[-71.7566795520799,-42.365140932842685],[-71.84158729828142,-42.36306639443127],[-71.84443153465338,-42.42603096581647]]]}"
0000000000000000007e,0.0,4.88998636284139E7,7549099.337721219,7000,0,1258.6278409090912,70.39522686604388,"39,757","39,757",-42.39764032026616,-71.71557952092495,100.0,100.0,100.0,100.0,100.0,100.0,100.0,100.0,99.99999999999999,79.80892265846735,0.0,0.0,0.0,0.0,0.0,0.0,0.0,0.0,9193.747213957517,4181.717115697315,6.2222997937883635,0.0,0.0,0.0,0.0,0.0,0.0,0.0,0.0,"{""type"":""Polygon"",""coordinates"":[[[-71.75943901819052,-42.42811008834625],[-71.67443766249976,-42.4301262418257],[-71.67176293933386,-42.3671526750158],[-71.7566795520799,-42.365140932842685],[-71.75943901819052,-42.42811008834625]]]}"
0000000000000000007f,0.0,4.89035472042968E7,1.6462486542823598E7,7000,6080.4445137542825,1070.4121557454891,83.76464743114359,"40,757","40,757",-42.39962279777456,-71.63061627208336,100.0,100.0,100.0,100.0,100.0,100.0,100.0,100.0,100.00000000000003,76.86307266982621,0.0,0.0,0.0,0.0,0.0,0.0,0.0,0.0,11967.209948146217,5022.914191050447,6.864876617142374,0.0,0.0,0.0,0.0,0.0,0.0,0.0,0.0,"{""type"":""Polygon"",""coordinates"":[[[-71.67443766249976,-42.4301262418257],[-71.58942776793114,-42.43207937477492],[-71.58683775861967,-42.36910156929529],[-71.67176293933386,-42.3671526750158],[-71.67443766249976,-42.4301262418257]]]}"
00000000000000000080,0.0,4.89071139262646E7,2.8233263798474636E7,7000,5111.450351206137,930.5450236966825,74.75383317388277,"41,757","41,757",-42.401542399744194,-71.54564460736027,100.0,100.0,100.0,100.0,100.0,100.0,100.0,100.0,100.00000000000003,70.66359305819103,0.0,0.0,0.0,0.0,0.0,0.0,0.0,0.0,16534.242113943397,65.26171962433018,7.838724029222521,0.0,0.0,0.0,0.0,0.0,0.0,0.0,0.0,"{""type"":""Polygon"",""coordinates"":[[[-71.58942776793114,-42.43207937477492],[-71.504409543745,-42.433969638645024],[-71.50190439857248,-42.3709876521944],[-71.58683775861967,-42.36910156929529],[-71.58942776793114,-42.43207937477492]]]}"
00000000000000000081,0.0,4.8910563760328E7,4.78144153750126E7,7000,5751.979664627676,687.6275992438561,11.607352869225593,"42,757","42,757",-42.40339907289899,-71.46066475875169,100.0,100.0,100.0,100.0,100.0,100.0,100.0,100.0,99.99999999999999,63.3130011792453,0.0,0.0,0.0,0.0,9.26164037686217E-4,7.718033594197593E-4,0.0,0.0,13882.870750703023,11066.884967652111,9.108091653787866,0.0,0.0,0.0,0.0,0.0,0.0,0.0,0.0,"{""type"":""Polygon"",""coordinates"":[[[-71.504409543745,-42.433969638645024],[-71.41938319859719,-42.43579682234014],[-71.41696288502168,-42.3728108276922],[-71.50190439857248,-42.3709876521944],[-71.504409543745,-42.433969638645024]]]}"
00000000000000000082,0.0,2.87647862545824E7,2.881247013492341E7,7000,0,703.1483870967741,0.5031801375780721,"43,757","43,757",-42.401490678926834,-71.39204101130761,100.0,100.0,100.0,100.0,100.0,100.0,100.0,100.0,100.0,60.600778314546424,0.0,0.0,0.0,0.0,0.0,0.0,0.0,0.0,10156.153067428935,10736.239596860694,9.26714569190082,0.0,0.0,0.0,0.0,0.0,0.0,0.0,0.0,"{""type"":""Polygon"",""coordinates"":[[[-71.35814745914304,-42.374036289573944],[-71.41696288502168,-42.3728108276922],[-71.41938319859719,-42.43579682234014],[-71.39029433498008,-42.436407373913006],[-71.38396008316396,-42.425715397446595],[-71.37637746416038,-42.42154095435715],[-71.36937891797503,-42.414544966962616],[-71.35958632860623,-42.3996235332885],[-71.35865405419078,-42.3763053784999],[-71.35814745914304,-42.374036289573944]]]}"
00000000000000000083,0.0,2.20509077965492E7,1021197.3773981727,7000,438.09995746495713,1392.4122621564482,0.0,"34,758","34,758",-42.324568800722375,-72.1142492034884,100.0,100.0,100.0,100.0,100.0,100.0,100.0,100.0,100.0,110.48715423669468,0.0,0.0,0.0,0.0,0.0,0.0,0.0,0.0,1122.8317593847928,0,4.636357629599692,0.0,0.0,0.0,0.0,0.0,0.0,0.0,0.0,"{""type"":""Polygon"",""coordinates"":[[[-72.1337671554547,-42.355445984737536],[-72.09625497698393,-42.35646619080846],[-72.09316673807338,-42.29351523194964],[-72.1398925750794,-42.29224412238743],[-72.13989103843016,-42.29227695882568],[-72.13979070425663,-42.293206561940856],[-72.1395827141161,-42.29438659401915],[-72.13932464704614,-42.294739918923646],[-72.13895250579196,-42.29524085747101],[-72.13852043446349,-42.295808901902454],[-72.13812415760015,-42.29626966670195],[-72.1375235946439,-42.2969049491112],[-72.13709161158081,-42.29757134187287],[-72.13691182183031,-42.29791117918982],[-72.13649149844994,-42.29841213668915],[-72.13624590276527,-42.2989844695558],[-72.13592862573603,-42.29980263142155],[-72.13511843783526,-42.30092077036835],[-72.13434304892797,-42.30147130270171],[-72.13392245065216,-42.3018650648244],[-72.1336460287588,-42.30207096820438],[-72.13356187279336,-42.30213811495137],[-72.13329141650742,-42.302334991933414],[-72.13320744122574,-42.30250044716297],[-72.13324396008103,-42.30267022853717],[-72.13352734262648,-42.30290227862825],[-72.133961500421,-42.30323691028389],[-72.13397957901591,-42.30325030195426],[-72.13434142185652,-42.303562690963176],[-72.1343957479598,-42.30360288011266],[-72.13458268029754,-42.30375461048667],[-72.13497462314527,-42.30406694393884],[-72.13505904987952,-42.3041338906021],[-72.13536041877148,-42.30430332372991],[-72.13536123230436,-42.30469656329156],[-72.13536132269691,-42.304732275098445],[-72.1351450132636,-42.30491131590879],[-72.13495871403629,-42.30506792410964],[-72.13439312656737,-42.30523397548716],[-72.13365913575446,-42.30543587053452],[-72.13299113018927,-42.30556624492965],[-72.13249188768005,-42.305763471260455],[-72.13175942875905,-42.30670274716867],[-72.13143003406806,-42.30755669007437],[-72.13135193384512,-42.30764614174918],[-72.13072098451573,-42.30819649235602],[-72.12919946898555,-42.309033896433526],[-72.1288626590421,-42.30916384066291],[-72.12803256459476,-42.30956250467103],[-72.1273291112566,-42.30999678200509],[-72.12693245755841,-42.310363606048504],[-72.12646448143167,-42.31119535441877],[-72.12642289958762,-42.31146794891591],[-72.12611148754512,-42.31229501730661],[-72.12608816552678,-42.3127061619969],[-72.12582538591217,-42.31373876752161],[-72.12540495611479,-42.31428440841476],[-72.12476820856243,-42.31502692608623],[-72.12422845454324,-42.31612680588503],[-72.12383261018812,-42.316927117312],[-72.12359993047387,-42.31802665289324],[-72.12333687742635,-42.31896091717346],[-72.12290053427044,-42.32062379359839],[-72.12266776341568,-42.32172330214561],[-72.12219987083624,-42.32262649345883],[-72.12186929017435,-42.32295311060744],[-72.12150236960794,-42.323190287738996],[-72.12103375198262,-42.32372259078312],[-72.1208355113138,-42.32399092639292],[-72.12090195313984,-42.324089200604895],[-72.12098629355845,-42.324115925563426],[-72.12193229668982,-42.32442324092099],[-72.12260096040595,-42.324520855676205],[-72.12260096040595,-42.32452529777283],[-72.1235647663517,-42.3246806390657],[-72.1238658759596,-42.324671384870285],[-72.12463125884314,-42.32498783316539],[-72.1252937694619,-42.32502290900626],[-72.12593277575235,-42.325321606536455],[-72.12623460607603,-42.32571894741931],[-72.12668694419646,-42.32606252982406],[-72.12676540725217,-42.32612056577737],[-72.12726004943914,-42.326522200684494],[-72.12786244149405,-42.32661984842894],[-72.12839848259563,-42.32665499435768],[-72.13089698155083,-42.326321485295736],[-72.1317637676548,-42.32611943041478],[-72.13296211394523,-42.32609123982176],[-72.13342637350242,-42.326354349643665],[-72.13409537238962,-42.326590378740285],[-72.13492680542302,-42.326786054324444],[-72.13575787450763,-42.32678504709133],[-72.13672724118638,-42.32668562849426],[-72.13716067106321,-42.32658680273768],[-72.13795539628084,-42.32652321676967],[-72.13813627008528,-42.32661238531473],[-72.13826308958211,-42.32674633335452],[-72.13833594523378,-42.32702331207827],[-72.13813175050134,-42.3272693153036],[-72.13792131859493,-42.32745278210932],[-72.13749430767687,-42.32772587912154],[-72.13708555531652,-42.32807049803326],[-72.13693577572506,-42.32840131891385],[-72.13666125493356,-42.32956803285804],[-72.1364460311747,-42.33031898317886],[-72.1366114488616,-42.33161922151049],[-72.13655856944735,-42.33221808504049],[-72.13662600199785,-42.332781052419406],[-72.13695891608944,-42.333549272375706],[-72.13742443474672,-42.33434865919356],[-72.13772137198583,-42.33517945503938],[-72.13769253699785,-42.335747044064625],[-72.13753661107273,-42.336073406637],[-72.13697771763415,-42.336659476142444],[-72.1367798493936,-42.337075280308476],[-72.13662446533132,-42.33763411865886],[-72.13621580213892,-42.33804120931217],[-72.13592184630855,-42.338586755662575],[-72.13582720548436,-42.33941355829957],[-72.13600365138961,-42.34020885763492],[-72.13649900100164,-42.34088299132946],[-72.13656643356596,-42.341445941792685],[-72.13662229591974,-42.342169885536336],[-72.13695430609512,-42.34251355727428],[-72.1372563961563,-42.342910884304175],[-72.13758234935278,-42.34324120305413],[-72.13822232295018,-42.34390625249613],[-72.13824049167155,-42.34392409114083],[-72.13836722073124,-42.34406250227721],[-72.13876042395233,-42.34478593661021],[-72.13891951292031,-42.34593864673683],[-72.13878808374507,-42.34643040787227],[-72.1384761425964,-42.34701171333158],[-72.13820596206081,-42.3474410196528],[-72.13728098276626,-42.34871127525662],[-72.13705852810565,-42.34890815255651],[-72.13658984513626,-42.349440466864614],[-72.13595863599978,-42.35008470246188],[-72.13533908613074,-42.35052785906628],[-72.13485168909865,-42.35083229708296],[-72.13454489611131,-42.35103374780266],[-72.13429224813694,-42.35122619798582],[-72.13410612914878,-42.351499053257385],[-72.13398590652386,-42.35164666100645],[-72.13385411354406,-42.352004293277936],[-72.13377104235529,-42.35258533337055],[-72.1337713135344,-42.352719375229995],[-72.1340554187093,-42.35315699028051],[-72.1341884770985,-42.35338920118416],[-72.13426115298645,-42.35356339215632],[-72.13435217860656,-42.353885003926884],[-72.13429342324432,-42.354600062847574],[-72.13422788840319,-42.35493533723439],[-72.13390925327538,-42.35526638248601],[-72.1337671554547,-42.355445984737536]]]}"
00000000000000000084,0.0,4.88846786337605E7,1.7311439484212622E7,7000,0,1182.805871212121,0.024079638521109694,"35,758","35,758",-42.32612867963763,-72.05229181662288,100.0,100.0,100.0,100.0,100.0,100.0,100.0,100.0,100.0,108.65066153238548,0.0,0.0,0.0,0.0,0.0,0.0,0.0,0.0,8903.239785403262,0,5.373597474301596,0.0,0.0,0.0,0.0,0.0,0.0,0.0,0.0,"{""type"":""Polygon"",""coordinates"":[[[-72.09625497698393,-42.35646619080846],[-72.01137535589905,-42.358728978194236],[-72.00837142141258,-42.29577306373579],[-72.09316673807338,-42.29351523194964],[-72.09625497698393,-42.35646619080846]]]}"
00000000000000000085,0.0,4.8888829446907E7,1.2149869656425599E7,7000,638.6446788949571,1221.3804554079697,17.095189320079072,"36,758","36,758",-42.32835769180675,-71.96744952105652,100.0,100.0,100.0,100.0,100.0,100.0,100.0,100.0,100.0,101.09692846958178,0.0,0.0,0.0,0.0,0.0,0.0,0.0,0.0,8699.373440784866,0,5.7720299086189994,0.0,0.0,0.0,0.0,0.0,0.0,0.0,0.0,"{""type"":""Polygon"",""coordinates"":[[[-72.01137535589905,-42.358728978194236],[-71.92648596930404,-42.36092905390108],[-71.9235664976772,-42.29796838549229],[-72.00837142141258,-42.29577306373579],[-72.01137535589905,-42.358728978194236]]]}"
00000000000000000086,0.0,4.88928635479902E7,2.83434272595413E7,7000,2759.703577784558,877.8323863636363,55.83219756170973,"37,758","37,758",-42.33052401827451,-71.88259768861644,100.0,100.0,100.0,100.0,100.0,100.0,100.0,100.0,100.0,98.66457544191917,0.0,0.0,0.0,0.0,0.0,0.0,0.0,0.0,13049.456486736733,0,6.751387437545891,0.0,0.0,0.0,0.0,0.0,0.0,0.0,0.0,"{""type"":""Polygon"",""coordinates"":[[[-71.92648596930404,-42.36092905390108],[-71.84158729828142,-42.36306639443127],[-71.83875217488628,-42.30010098413961],[-71.9235664976772,-42.29796838549229],[-71.92648596930404,-42.36092905390108]]]}"
00000000000000000087,0.0,4.88967808985908E7,2.4390739234803915E7,7000,2599.3347552100613,955.6258309591643,63.02051403637997,"38,758","38,758",-42.33262763594958,-71.79773668450609,100.0,100.0,100.0,100.0,100.0,100.0,100.0,100.0,100.00000000000003,91.35615314674259,0.0,0.002727232038283597,0.002727232038283597,0.0,0.0,0.0,0.0,0.0,12585.049884319604,0,6.542788936245826,0.0,0.0,0.0,0.0,0.0,0.0,0.0,0.0,"{""type"":""Polygon"",""coordinates"":[[[-71.84158729828142,-42.36306639443127],[-71.7566795520799,-42.365140932842685],[-71.7539288414562,-42.302170967701954],[-71.83875217488628,-42.30010098413961],[-71.84158729828142,-42.36306639443127]]]}"
00000000000000000088,0.0,4.89005814613933E7,8643517.621467328,7000,0,1242.2017045454545,14.486513318834021,"39,758","39,758",-42.33466853015845,-71.71286673321343,100.0,100.0,100.0,100.0,100.0,100.0,100.0,100.0,100.0,82.81593937243773,0.0,0.0,0.0,0.0,0.0,0.0,0.0,0.0,7338.989825991721,10340.314540977934,5.330501938948907,0.0,0.0,0.0,0.0,0.0,0.0,0.0,0.0,"{""type"":""Polygon"",""coordinates"":[[[-71.7566795520799,-42.365140932842685],[-71.67176293933386,-42.3671526750158],[-71.66909670432618,-42.30417826947755],[-71.7539288414562,-42.302170967701954],[-71.7566795520799,-42.365140932842685]]]}"
00000000000000000089,0.0,4.89042652002102E7,4641798.914361549,7000,0,1490.1015180265656,7.756775465701635,"40,758","40,758",-42.3366466772791,-71.62798810383585,100.0,100.0,100.0,100.0,100.0,100.0,100.0,100.0,100.0,78.52361045224542,0.0,0.0,0.0,0.0,0.0,0.0,0.0,0.0,11669.070632218529,0,5.192596157587909,0.0,0.0,0.0,0.0,0.0,0.0,0.0,0.0,"{""type"":""Polygon"",""coordinates"":[[[-71.67176293933386,-42.3671526750158],[-71.58683775861967,-42.36910156929529],[-71.58425606037811,-42.30612291065065],[-71.66909670432618,-42.30417826947755],[-71.67176293933386,-42.3671526750158]]]}"
0000000000000000008a,0.0,4.89078320799498E7,5298937.696683159,7000,0,1312.029411764706,28.97496741460265,"41,758","41,758",-42.33856206128294,-71.54310109800771,100.0,100.0,100.0,100.0,100.0,100.0,100.0,100.0,99.99999999946134,70.5908740512334,0.0,0.0,0.0,0.0,0.0,0.0,0.0,0.0,8764.86136504103,0,5.3793687476605125,0.0,0.0,0.0,0.0,0.0,0.0,0.0,0.0,"{""type"":""Polygon"",""coordinates"":[[[-71.58683775861967,-42.36910156929529],[-71.50190439857248,-42.3709876521944],[-71.49940720597958,-42.30800484010704],[-71.58425606037811,-42.30612291065065],[-71.58683775861967,-42.36910156929529]]]}"
0000000000000000008b,0.0,4.89112820666157E7,2.4533899611045312E7,7000,0,1159.2533081285446,0.0,"42,758","42,758",-42.34041467209049,-71.45820596748536,100.0,100.0,100.0,100.0,100.0,100.0,100.0,100.0,100.0,63.484424228103336,0.0,0.0,0.0,0.0,0.0,0.0,0.0,0.0,11641.960928680403,0,7.252971911295149,0.0,0.0,0.0,0.0,0.0,0.0,0.0,0.0,"{""type"":""Polygon"",""coordinates"":[[[-71.50190439857248,-42.3709876521944],[-71.41696288502168,-42.3728108276922],[-71.41455034638865,-42.309824064704266],[-71.49940720597958,-42.30800484010704],[-71.50190439857248,-42.3709876521944]]]}"
0000000000000000008c,0.0,3.72218896876088E7,3.36248429637029E7,7000,0,866.2213930348258,4.4193741453963185,"43,758","43,758",-42.34104936742048,-71.3833278549822,100.0,100.0,100.0,100.0,100.0,100.0,100.0,100.0,99.99999827739583,59.72323837691989,0.0,0.0010987528670154607,0.0,0.0,0.0,0.0,0.0,0.0,4275.487064520595,7170.179507832155,8.334081873531508,0.0,0.0,0.0,0.0,0.0,0.0,0.0,0.0,"{""type"":""Polygon"",""coordinates"":[[[-71.34418560326047,-42.311284858188614],[-71.41455034638865,-42.309824064704266],[-71.41696288502168,-42.3728108276922],[-71.35814745914304,-42.374036289573944],[-71.34419457389924,-42.31148117042425],[-71.34418560326047,-42.311284858188614]]]}"
0000000000000000008d,0.0,3.79176518659011E7,6814297.227777425,7000,3999.40855507155,1333.8583743842364,0.0,"34,759","34,759",-42.259744251126875,-72.12501423899842,100.0,100.0,100.0,100.0,100.0,100.0,100.0,100.0,100.0,114.53784380131364,0.0,0.0,0.0,0.0,0.0,0.0,0.0,0.0,7537.353043594943,0,4.863437684533631,0.0,0.0,0.0,0.0,0.0,0.0,0.0,0.0,"{""type"":""Polygon"",""coordinates"":[[[-72.1398925750794,-42.29224412238743],[-72.09316673807338,-42.29351523194964],[-72.0900883210262,-42.23056332988928],[-72.15889117351377,-42.22868736784189],[-72.15875207066085,-42.22902361853695],[-72.158549246108,-42.22968082653807],[-72.15804543797915,-42.23019095283335],[-72.1578416186891,-42.23043700749126],[-72.15683499332744,-42.23187732274653],[-72.15702380928845,-42.232833382278834],[-72.1569528564406,-42.23332511386904],[-72.1569528564406,-42.23332956410554],[-72.15664147717611,-42.233866234060905],[-72.15654087764969,-42.234532232352066],[-72.15648185562911,-42.23495684517714],[-72.156386950364,-42.23548878090801],[-72.15628598920487,-42.236007266119614],[-72.15620861876721,-42.2363559035961],[-72.15614345042688,-42.23673589219791],[-72.15604809312015,-42.23708011086878],[-72.15589262900757,-42.23745124470662],[-72.15559281803797,-42.237795747741345],[-72.15507689297608,-42.23832818482762],[-72.15478937372181,-42.23879333157763],[-72.15454379354753,-42.23918247131974],[-72.15420891115541,-42.23996498918214],[-72.15413759606956,-42.24032703931489],[-72.15407333112923,-42.2410957830011],[-72.15374396178738,-42.24165930281073],[-72.15359563699691,-42.24251747676134],[-72.15354863582866,-42.24295991850109],[-72.15359780628141,-42.24340675252043],[-72.15367101962389,-42.24382672789725],[-72.15408688913472,-42.24419708294431],[-72.1545990197293,-42.24455390160693],[-72.15520090307857,-42.244767549515934],[-72.15613377911853,-42.24500315121828],[-72.1578910595678,-42.245456588468606],[-72.15893790265726,-42.24557577769731],[-72.16016587314368,-42.245953943218844],[-72.1613459346614,-42.24645724097484],[-72.16185787161272,-42.24672908965532],[-72.16406766812788,-42.24765998876475],[-72.16459189239139,-42.24803013890941],[-72.16524834636165,-42.248337508831725],[-72.16571246374889,-42.24871669803735],[-72.16627862268093,-42.24902871086232],[-72.16662216781236,-42.24929187545002],[-72.16715831793283,-42.2495994418747],[-72.16754388987388,-42.249826736804046],[-72.16776713452643,-42.250099006446014],[-72.16826758152561,-42.250540736629816],[-72.16849136791025,-42.251022992091656],[-72.16849290440743,-42.251572643529315],[-72.16851794027232,-42.251943575230335],[-72.16848287198445,-42.25232347955844],[-72.16850790785018,-42.252694333172045],[-72.1686235066389,-42.2531901730286],[-72.16864872325668,-42.2536191750521],[-72.16862594695684,-42.254119691545704],[-72.1685911498286,-42.254606828969465],[-72.168634171732,-42.25495976202634],[-72.16885135994028,-42.25517400890611],[-72.16913479798814,-42.25545953670242],[-72.16923150669699,-42.25563815784774],[-72.1691479937578,-42.25588856593757],[-72.16893198073996,-42.256081005133076],[-72.16870403712024,-42.256331624155],[-72.16857867709068,-42.256689311420786],[-72.16855572002096,-42.25711385471178],[-72.16859901307612,-42.2575562206521],[-72.16868415305287,-42.25789122932117],[-72.16851694606832,-42.258365154918636],[-72.16809721091828,-42.258888631715045],[-72.16811067788242,-42.25942487094749],[-72.16809983200531,-42.259862852096326],[-72.16789629096907,-42.26024744551799],[-72.16744049229196,-42.260775404827534],[-72.16735164626316,-42.261280512847016],[-72.16693787467133,-42.26179506050459],[-72.1659413135661,-42.26259639967235],[-72.16583330587486,-42.26271720946713],[-72.16533050468387,-42.26368318841844],[-72.16509062762462,-42.2639918521959],[-72.16479688189581,-42.26438558165375],[-72.16455628132505,-42.2644082270531],[-72.16426759652843,-42.26443104617517],[-72.164033322367,-42.264587771293556],[-72.16395007907167,-42.26494535169855],[-72.16378268857224,-42.26537461552594],[-72.16280473565574,-42.26644407869316],[-72.16243858995352,-42.26677076986872],[-72.1623987305686,-42.26763332577946],[-72.16234043281881,-42.2683707202273],[-72.1620827475852,-42.26875989654363],[-72.16162648779245,-42.2691806190554],[-72.16159069559117,-42.26929233915766],[-72.16128456362762,-42.2695877155854],[-72.16052126595301,-42.26990164824932],[-72.15967942174754,-42.270099463764936],[-72.15884995786064,-42.27044469821642],[-72.15780989336761,-42.27078570759523],[-72.15722744838426,-42.27125579049252],[-72.15623546341907,-42.271610162518726],[-72.15619948977728,-42.27162809188612],[-72.15564054196349,-42.2719103330725],[-72.15500964549301,-42.27225977290525],[-72.15467376938898,-42.272689211595335],[-72.15462803380748,-42.27367244414042],[-72.1543402429468,-42.27411073965824],[-72.1538864113622,-42.27552796330442],[-72.15351465036376,-42.276064749529084],[-72.1534850034656,-42.27625244223073],[-72.15344469091018,-42.277003284972],[-72.1537836415935,-42.277811614812755],[-72.15364562092323,-42.27798164274646],[-72.15333939015031,-42.2782367491264],[-72.15284090577515,-42.27865303953435],[-72.15279426603263,-42.279292111041464],[-72.15185685984507,-42.279843009166],[-72.15000400263531,-42.28009569322566],[-72.14970960884413,-42.28028823637428],[-72.14835260958215,-42.281572561978784],[-72.14786677102559,-42.282283742872536],[-72.14741573133821,-42.28241835712669],[-72.14718162428966,-42.282651083745115],[-72.14666532267042,-42.28319241960024],[-72.14600051066897,-42.28457410270668],[-72.14511876241808,-42.285844359223994],[-72.14499248825618,-42.28590260416985],[-72.14461972154747,-42.286077360913005],[-72.14315368798107,-42.28714279960416],[-72.1427509997395,-42.287411420092205],[-72.14235463826422,-42.28777834175638],[-72.14202435168602,-42.288109432661784],[-72.14165799889203,-42.28844501103001],[-72.1412858606307,-42.288878985663466],[-72.14078771707113,-42.28950969113172],[-72.14048770967707,-42.28994348724364],[-72.14018851549214,-42.290712547922624],[-72.13991978280863,-42.291673612881425],[-72.1398925750794,-42.29224412238743]]]}"
0000000000000000008e,0.0,4.88853956311912E7,2.887238152373764E7,7000,0,978.8481973434536,7.3500087354046135,"35,759","35,759",-42.263174783417284,-72.04925058690735,100.0,100.0,100.0,100.0,100.0,100.0,100.0,100.0,100.00000000000003,115.58423353909463,0.0,0.0,0.0,0.0,0.0,0.0,0.0,0.0,20892.755019890654,0,7.172414072513128,0.0,0.0,0.0,0.0,0.0,0.0,0.0,0.0,"{""type"":""Polygon"",""coordinates"":[[[-72.09316673807338,-42.29351523194964],[-72.00837142141258,-42.29577306373579],[-72.00537704276267,-42.232816325073905],[-72.0900883210262,-42.23056332988928],[-72.09316673807338,-42.29351523194964]]]}"
0000000000000000008f,0.0,4.8889546627827E7,3.1778275829796556E7,7000,0,1081.1682509505702,48.27216722789265,"36,759","36,759",-42.26539893763991,-71.96449249254522,100.0,100.0,100.0,100.0,100.0,100.0,100.0,100.0,100.0,107.3431955006337,0.0,0.0,0.0,0.0,0.0,0.0,0.0,0.0,20902.67550682856,0,7.283100185104195,0.0,0.0,0.0,0.0,0.0,0.0,0.0,0.0,"{""type"":""Polygon"",""coordinates"":[[[-72.00837142141258,-42.29577306373579],[-71.9235664976772,-42.29796838549229],[-71.92065622506114,-42.23500677805252],[-72.00537704276267,-42.232816325073905],[-72.00837142141258,-42.29577306373579]]]}"
00000000000000000090,0.0,4.88935809072554E7,2.621700759440084E7,7000,0,1025.2872037914694,59.8261042831293,"37,759","37,759",-42.26756051253061,-71.87972495300149,100.0,100.0,100.0,100.0,100.0,100.0,100.0,100.0,100.0,103.82033965244864,0.0,0.0,0.0,0.0,0.0,0.0,0.0,0.0,16124.014577378444,0,7.729564036147853,0.0,0.0,0.0,0.0,0.0,0.0,0.0,0.0,"{""type"":""Polygon"",""coordinates"":[[[-71.9235664976772,-42.29796838549229],[-71.83875217488628,-42.30010098413961],[-71.83592607425288,-42.2371346944696],[-71.92065622506114,-42.23500677805252],[-71.9235664976772,-42.29796838549229]]]}"
00000000000000000091,1.0223802819424457,4.88974984310667E7,2.057013032845388E7,7000,0,985.1130104463439,64.00022797331857,"38,759","38,759",-42.269659511603194,-71.79494824117725,100.0,100.0,100.0,100.0,100.0,100.0,100.0,100.0,98.97761971805757,94.06470809569078,0.012217786838359924,0.017248630051456777,0.00574953103671342,0.0,0.0,0.0,0.0,0.0,8654.126880766797,0,7.589515509804847,0.0,0.0,0.0,0.0,0.0,0.0,0.0,0.0,"{""type"":""Polygon"",""coordinates"":[[[-71.83875217488628,-42.30010098413961],[-71.7539288414562,-42.302170967701954],[-71.7511869770679,-42.23920018258545],[-71.83592607425288,-42.2371346944696],[-71.83875217488628,-42.30010098413961]]]}"
00000000000000000092,41.4067138846982,4.89012991619329E7,4.045249636375017E7,7000,0,552.7651515151516,29.561766991388815,"39,759","39,759",-42.27169592854441,-71.71016262093912,100.0,100.0,100.0,100.0,100.0,100.0,100.0,100.0,58.593286115301794,91.3890536053131,0.0,0.0,0.0,0.0,0.0,0.0,0.0,0.0,14753.244848859062,17325.307769936702,9.012264355943598,0.0,0.0,0.0,0.0,0.0,0.0,0.0,0.0,"{""type"":""Polygon"",""coordinates"":[[[-71.7539288414562,-42.302170967701954],[-71.66909670432618,-42.30417826947755],[-71.66643904822799,-42.24120308801575],[-71.7511869770679,-42.23920018258545],[-71.7539288414562,-42.302170967701954]]]}"
00000000000000000093,41.39262401173786,4.8904983063642E7,8858279.63777722,7000,599.164845694721,1341.6087369420702,6.622974432099836,"40,759","40,759",-42.27366973301699,-71.6253683558183,100.0,100.0,100.0,100.0,100.0,100.0,100.0,100.0,58.607375987659225,81.48113899460832,0.0,0.0,0.0,0.0,0.0,0.0,0.0,0.0,11872.532237679914,29.3554921656291,6.3598443072143915,0.0,0.0,0.0,0.0,0.0,0.0,0.0,0.0,"{""type"":""Polygon"",""coordinates"":[[[-71.66909670432618,-42.30417826947755],[-71.58425606037811,-42.30612291065065],[-71.58168267341111,-42.24314344693775],[-71.66643904822799,-42.24120308801575],[-71.66909670432618,-42.30417826947755]]]}"
00000000000000000094,0.0,4.89085501011357E7,1.6814903843719892E7,7000,0,1132.4055080721748,3.1762254502858043,"41,759","41,759",-42.2755809168797,-71.54056574542427,100.0,100.0,100.0,100.0,100.0,100.0,100.0,100.0,100.0,72.78655753968256,0.0,0.0,0.0,0.0,0.0,0.0,0.0,0.0,15853.274484790352,0,6.377435989379884,0.0,0.0,0.0,0.0,0.0,0.0,0.0,0.0,"{""type"":""Polygon"",""coordinates"":[[[-71.58425606037811,-42.30612291065065],[-71.49940720597958,-42.30800484010704],[-71.49691805672481,-42.24502126604706],[-71.58168267341111,-42.24314344693775],[-71.58425606037811,-42.30612291065065]]]}"
00000000000000000095,0.0,4.89120002403732E7,8079763.9542208975,7000,0,1122.4583333333335,15.439332905968223,"42,759","42,759",-42.27742946978738,-71.45575502771203,100.0,100.0,100.0,100.0,100.0,100.0,100.0,100.0,99.99999999830034,67.15261352885526,0.0,0.0,0.0,0.0,0.0,0.0,0.0,0.0,3591.0066093733985,0,6.6891053736604595,0.0,0.0,0.0,0.0,0.0,0.0,0.0,0.0,"{""type"":""Polygon"",""coordinates"":[[[-71.49940720597958,-42.30800484010704],[-71.41455034638865,-42.309824064704266],[-71.41214549227148,-42.24683649452734],[-71.49691805672481,-42.24502126604706],[-71.49940720597958,-42.30800484010704]]]}"
00000000000000000096,0.0,4.34966191320961E7,3.5484194901270606E7,7000,0,648.9211087420043,71.4797724212733,"43,759","43,759",-42.27781665281083,-71.37535139532314,100.0,100.0,100.0,100.0,100.0,100.0,100.0,100.0,99.99999918263234,62.3195259694059,0.008127658920541325,0.03376128988934339,0.027508966158287053,0.0039593741108576745,0.002709259832388691,0.04043026081501481,0.016047207166441816,0.04960029938880776,9823.381048841084,8894.858780122357,8.540005189453908,0.0,0.0,0.0,0.0,0.0,0.0,0.0,0.0,"{""type"":""Polygon"",""coordinates"":[[[-71.32778537206856,-42.26000324191244],[-71.32736527364231,-42.24858915475288],[-71.41214549227148,-42.24683649452734],[-71.41455034638865,-42.309824064704266],[-71.34418560326047,-42.311284858188614],[-71.3427616248634,-42.28021867757385],[-71.32778537206856,-42.26000324191244]]]}"
00000000000000000098,0.0,4.38832115481208E7,1.1272011105300227E7,7000,0,1414.0575079872206,0.0,"34,760","34,760",-42.19689320535649,-72.12679554835307,100.0,100.0,100.0,100.0,100.0,100.0,100.0,100.0,100.0,116.10693185856434,0.0,0.0,0.0,0.0,0.0,0.0,0.0,0.0,9498.335330070775,0,5.194442995880713,0.0,0.0,0.0,0.0,0.0,0.0,0.0,0.0,"{""type"":""Polygon"",""coordinates"":[[[-72.15889117351377,-42.22868736784189],[-72.0900883210262,-42.23056332988928],[-72.08701972617858,-42.167610675289474],[-72.17163737392029,-42.16530029814967],[-72.17261339884428,-42.184802351188864],[-72.1725035860378,-42.18482048799266],[-72.17196265567553,-42.18475875458797],[-72.17161396518853,-42.18471456520512],[-72.17089977200078,-42.18500614026482],[-72.17009555689677,-42.18536486684857],[-72.16947183221693,-42.18579927782075],[-72.16900383446054,-42.186085907325335],[-72.16821805204378,-42.186587611172136],[-72.16809233027341,-42.186753180464336],[-72.16797365827155,-42.18734317717371],[-72.1679741101833,-42.18750411278316],[-72.16780617972724,-42.187638387499305],[-72.167536297745,-42.18783987631678],[-72.16721833197725,-42.188010154162846],[-72.16700231751184,-42.18812665197628],[-72.16625205011226,-42.18848080493011],[-72.16581432543957,-42.188812111114395],[-72.1655983099214,-42.18893758389184],[-72.16454181997706,-42.18939040371174],[-72.164110238789,-42.189797737230464],[-72.16243560727865,-42.190550869998596],[-72.16230961183315,-42.19061363969918],[-72.16182940056672,-42.19084216390536],[-72.1604056639148,-42.19102297827799],[-72.15964326776488,-42.19131895683559],[-72.15883965394643,-42.19198148824941],[-72.15786810164713,-42.19279167088009],[-72.15770025569125,-42.1929572419874],[-72.15680679294354,-42.19372711496495],[-72.15688642286662,-42.19434817427504],[-72.15658733601575,-42.19491608441234],[-72.1565315678984,-42.19667243051027],[-72.15626818315972,-42.19710622841709],[-72.15619262043813,-42.19812529443089],[-72.1557217087733,-42.19971677266714],[-72.15578362330665,-42.20046303866152],[-72.15590501190798,-42.2009186522805],[-72.15601998304554,-42.20124030471919],[-72.15612944058759,-42.20177188933197],[-72.15620283406075,-42.202294626098364],[-72.15625815031146,-42.20277278145262],[-72.15635468256676,-42.20291562278353],[-72.15658986682146,-42.20322812503278],[-72.15684312805304,-42.20358972700628],[-72.15701242067965,-42.20396933718585],[-72.15697138552994,-42.204385036999525],[-72.1567373766022,-42.20455069527437],[-72.15645528215802,-42.20471645989747],[-72.15627523326911,-42.20481944461936],[-72.15610702484328,-42.20488673389316],[-72.15577702511614,-42.20511956562092],[-72.1558078467993,-42.205418882371454],[-72.15603073899081,-42.20562414904667],[-72.15662032687428,-42.20585574614952],[-72.15730029926426,-42.20614079506897],[-72.15757100429633,-42.20625218430104],[-72.1585458114664,-42.20665298874628],[-72.15960539646319,-42.20733078564625],[-72.16058064868646,-42.20791484567477],[-72.16106854471559,-42.20830742155891],[-72.16222374689973,-42.20875714754805],[-72.16291039449942,-42.209274599565376],[-72.1630247301592,-42.20933699305758],[-72.16319935180661,-42.209448453649706],[-72.16382553042637,-42.209854248677885],[-72.16401868022558,-42.21017566867796],[-72.1640196744451,-42.21055551053258],[-72.16406938541583,-42.21117218294041],[-72.16417242267332,-42.211516098399734],[-72.16448614378052,-42.21192235569561],[-72.16492567813685,-42.2122211021962],[-72.16526353073978,-42.21267646792679],[-72.1658717186567,-42.21309117867093],[-72.1661851667653,-42.213399069394335],[-72.16631857191221,-42.213827896699556],[-72.16629534351371,-42.214136255294406],[-72.16600801620373,-42.21461040384977],[-72.16490109387632,-42.21660954694428],[-72.16479317617855,-42.21673479685277],[-72.16439214498273,-42.21742803295139],[-72.16406992771726,-42.21836696505724],[-72.16412488092575,-42.21867971225178],[-72.1641370827058,-42.21874223648071],[-72.16443227524245,-42.218978656966776],[-72.16490217847611,-42.219344413136234],[-72.16502265940876,-42.21945594500559],[-72.16502871508823,-42.21945596590873],[-72.16534198334747,-42.219692357132814],[-72.16535463699188,-42.219951547977864],[-72.16523460811405,-42.22004558742089],[-72.16506062038236,-42.22017988010506],[-72.16409261399376,-42.2201499645778],[-72.16350394521388,-42.220343004261565],[-72.16309640458525,-42.220852996723195],[-72.16286339484748,-42.22141639700754],[-72.16243768611265,-42.22187727340251],[-72.16236709613219,-42.222480679491],[-72.16206756303951,-42.222892280669704],[-72.1614981419996,-42.223572307495715],[-72.16136003463197,-42.22365738137318],[-72.16093432367832,-42.224122749830094],[-72.15957990789936,-42.22585411534264],[-72.15936443002153,-42.22623871504423],[-72.15860320612995,-42.22720504832214],[-72.15860338690052,-42.22726308320627],[-72.15885194633528,-42.22807608421637],[-72.15890744284891,-42.22864802090162],[-72.15889117351377,-42.22868736784189]]]}"
00000000000000000099,0.0,4.88861124928026E7,2.7974986645947944E7,7000,4197.84934271539,1165.6204933586337,12.12348544881317,"35,760","35,760",-42.200220036858255,-72.04621903839087,100.0,100.0,100.0,100.0,100.0,100.0,100.0,100.0,100.0,112.56510169357392,0.0,0.0,0.0,0.0,0.0,0.0,0.0,0.0,19091.82560393252,0,6.335599167869983,0.0,0.0,0.0,0.0,0.0,0.0,0.0,0.0,"{""type"":""Polygon"",""coordinates"":[[[-72.0900883210262,-42.23056332988928],[-72.00537704276267,-42.232816325073905],[-72.00239231069311,-42.169858676171486],[-72.08701972617858,-42.167610675289474],[-72.0900883210262,-42.23056332988928]]]}"
0000000000000000009a,0.0,4.60357598582913E7,2.5693034307492755E7,7000,2199.0934318405816,976.5510616784632,0.0,"36,760","36,760",-42.203866254852166,-71.96365971829354,100.0,100.0,100.0,100.0,100.0,100.0,100.0,100.0,100.00000000000003,107.17260849375211,0.0,0.0,0.0,0.0,0.0,0.0,0.0,0.0,9492.285567032783,0,7.33735298110359,0.0,0.0,0.0,0.0,0.0,0.0,0.0,0.0,"{""type"":""Polygon"",""coordinates"":[[[-71.9420759763527,-42.171422658373366],[-72.00239231069311,-42.169858676171486],[-72.00537704276267,-42.232816325073905],[-71.92065622506114,-42.23500677805252],[-71.91856411892563,-42.18961186730737],[-71.91907927695381,-42.189596052086756],[-71.92004699378411,-42.189386744522636],[-71.92067820621169,-42.18915924051039],[-71.92133926822963,-42.18917761830247],[-71.9222884343013,-42.189352509777045],[-71.92374741074283,-42.19040815394307],[-71.9252916803498,-42.19052537351822],[-71.92700509414296,-42.18982486779392],[-71.92754140463197,-42.18854710735517],[-71.9278724711905,-42.18806470639533],[-71.92914146591225,-42.18706446358419],[-71.93314045204492,-42.184148701690305],[-71.93461918633757,-42.18354627199566],[-71.93663402724432,-42.18165706167526],[-71.93725435135983,-42.1801871445553],[-71.93815200101093,-42.177658243401645],[-71.93903029130747,-42.1764923948859],[-71.939782308417,-42.17539789654908],[-71.93998211635767,-42.17382946370692],[-71.9402413509116,-42.17287322918779],[-71.94031380267904,-42.1724665838316],[-71.9410352440641,-42.17191285418467],[-71.94140184345582,-42.171743237079426],[-71.9420759763527,-42.171422658373366]]]}"
0000000000000000009b,0.0,4.6016440340691E7,2.8722150546731554E7,7000,11121.069753499683,1137.6247464503044,0.0,"37,760","37,760",-42.20622192357131,-71.87498708003999,100.0,100.0,100.0,100.0,100.0,100.0,100.0,100.0,100.0,100.89932312753037,0.0,0.0,0.0,0.0,0.0,0.0,0.0,0.0,12994.95788025991,0,6.809265323592584,0.0,0.0,0.0,0.0,0.0,0.0,0.0,0.0,"{""type"":""Polygon"",""coordinates"":[[[-71.91856411892563,-42.18961186730737],[-71.92065622506114,-42.23500677805252],[-71.83592607425288,-42.2371346944696],[-71.83310908712724,-42.174167585995185],[-71.88647482379434,-42.17283622342901],[-71.88665892486695,-42.17323058204747],[-71.88752930984118,-42.173602303066374],[-71.88859202479509,-42.17397875662791],[-71.88882615270649,-42.17406384831711],[-71.88942006603529,-42.1745604952876],[-71.88982743654857,-42.17526245554993],[-71.89002465326114,-42.17586600152028],[-71.8905766784593,-42.17623739534702],[-71.89085269069126,-42.17642983969832],[-71.89085875192073,-42.176434328203236],[-71.89159089329469,-42.176895290135874],[-71.89238889195792,-42.177535064835986],[-71.89289884649925,-42.17794220483268],[-71.89311424482234,-42.178518913229766],[-71.89318516973101,-42.179166958150965],[-71.89307643025982,-42.1795646250732],[-71.89294362692729,-42.17990854256271],[-71.89288274363668,-42.18038220530913],[-71.89284610509796,-42.180730746432886],[-71.89326061789419,-42.18079366481179],[-71.89355499220713,-42.18079399046674],[-71.89377726543582,-42.18079418511763],[-71.89517793593586,-42.18037535462758],[-71.89786319261607,-42.180641435558286],[-71.90051793995202,-42.18126946964728],[-71.90232023503303,-42.18142744083705],[-71.9032812195926,-42.18166060354472],[-71.90435012257613,-42.18202796568686],[-71.90538898853211,-42.18246674767005],[-71.90561713330624,-42.182560747684384],[-71.90608463959862,-42.18336108173566],[-71.90658217841522,-42.184125649971534],[-71.90679829093594,-42.18427780613269],[-71.90711038284087,-42.184496999043546],[-71.90781896598985,-42.18480143801791],[-71.90841347622332,-42.185061137380806],[-71.90955373497275,-42.186071976453185],[-71.90964374331877,-42.186157008167804],[-71.91034571705893,-42.18689041676088],[-71.91101204787593,-42.18735568114095],[-71.91235094693437,-42.188134296005074],[-71.91259726899334,-42.18821488962966],[-71.91557618541604,-42.18937013477974],[-71.91701836830893,-42.18942478375422],[-71.9185083967766,-42.18961353860191],[-71.91856411892563,-42.18961186730737]]]}"
0000000000000000009c,41.95348555944016,4.88982158276444E7,3.174050706469969E7,7000,6468.933970822682,1128.5579847908746,5.119588471036832,"38,760","38,760",-42.206690522475576,-71.79216869527163,100.0,100.0,100.0,100.0,100.0,100.0,100.0,100.0,58.04651444055984,92.5323511904762,0.0,0.0,0.0,0.0,0.0011662402785511073,0.0013994885361702457,0.0,0.0,12200.664943798221,0,6.6813476893107095,0.0,0.0,0.0,0.0,0.0,0.0,0.0,0.0,"{""type"":""Polygon"",""coordinates"":[[[-71.83592607425288,-42.2371346944696],[-71.7511869770679,-42.23920018258545],[-71.74845377814552,-42.176228521144516],[-71.83310908712724,-42.174167585995185],[-71.83592607425288,-42.2371346944696]]]}"
0000000000000000009d,100.0,4.8902016726526E7,4.211024838846016E7,7000,8346.047444786582,694.881404174573,0.0,"39,760","39,760",-42.20872251009516,-71.70746715562366,100.0,100.0,100.0,100.0,100.0,100.0,100.0,100.0,0.0,91.02756714060033,0.0,0.0,0.0,0.0,0.0,0.0,0.0,0.0,18578.102035232794,7782.4816477438735,9.252235231806317,0.0,0.0,0.0,0.0,0.0,0.0,0.0,0.0,"{""type"":""Polygon"",""coordinates"":[[[-71.7511869770679,-42.23920018258545],[-71.66643904822799,-42.24120308801575],[-71.66378988073247,-42.17822708956089],[-71.74845377814552,-42.176228521144516],[-71.7511869770679,-42.23920018258545]]]}"
0000000000000000009e,98.38780570123143,4.89057007911076E7,1.6689649376893932E7,7000,12448.854070149617,830.2635585156993,0.0,"40,760","40,760",-42.21069198628469,-71.62275699111807,100.0,100.0,100.0,100.0,100.0,100.0,100.0,100.0,1.6121942987685811,87.16065057088488,0.0,0.0,0.0,0.0,0.0,0.0,0.0,0.0,2072.683647069059,7516.508713276396,8.849516721774464,0.0,0.0,0.0,0.0,0.0,0.0,0.0,0.0,"{""type"":""Polygon"",""coordinates"":[[[-71.66643904822799,-42.24120308801575],[-71.58168267341111,-42.24314344693775],[-71.57911741681708,-42.18016319512815],[-71.66378988073247,-42.17822708956089],[-71.66643904822799,-42.24120308801575]]]}"
0000000000000000009f,0.0,4.89092679863221E7,2.9744988349712055E7,7000,11350.396391276463,701.6412940057088,53.401355698754394,"41,760","41,760",-42.21259898888445,-71.53803849633704,100.0,100.0,100.0,100.0,100.0,100.0,100.0,100.0,99.99999999999999,75.35650570884873,0.0,0.0,0.0,0.0,0.0,0.0,0.0,0.0,10141.964878606947,0,8.51506399595658,0.0,0.0,0.0,0.0,0.0,0.0,0.0,0.0,"{""type"":""Polygon"",""coordinates"":[[[-71.58168267341111,-42.24314344693775],[-71.49691805672481,-42.24502126604706],[-71.49443686041883,-42.18203688954445],[-71.57911741681708,-42.18016319512815],[-71.58168267341111,-42.24314344693775]]]}"
000000000000000000a0,0.0,4.89127182781259E7,3.915045758531248E7,7000,20180.660269675478,749.2075829383886,3.948674231600652,"42,760","42,760",-42.21444347199146,-71.45331193143737,97.54193273910468,97.51811558935908,97.5068545715952,97.5055437776393,97.5055437776393,97.49546729248063,97.49546729248063,97.4784536332578,99.99999999999997,68.27763967803031,0.3147619076237278,0.1542641839766397,0.38149324454044375,0.21268309429386834,0.20644203670786726,0.06408946427217597,0.10643686717168294,0.020985741166968427,3860.8665303387975,21700.080826907793,8.854895169084722,2.4580672608953207,2.481884410640917,2.493145428404795,2.494456222360693,2.494456222360693,2.504532707519373,2.504532707519373,2.521546366742204,"{""type"":""Polygon"",""coordinates"":[[[-71.49691805672481,-42.24502126604706],[-71.41214549227148,-42.24683649452734],[-71.40974832283663,-42.183848092028164],[-71.49443686041883,-42.18203688954445],[-71.49691805672481,-42.24502126604706]]]}"
000000000000000000a1,0.0,4.8916051633675E7,4.899292139053438E7,7000,0,559.2285714285714,17.458678135816726,"43,760","43,760",-42.21622544276031,-71.36857755660118,96.89476283855802,96.87029398581373,96.83715064226203,96.76887198586621,96.72129549469143,96.607001470395,96.60564216560525,96.4248465319399,100.0000000006715,63.71713754352645,0.09758907181797073,0.06510867052572854,0.12915409092765284,0.06420449005268639,0.05664784975382125,0.01480336756355601,0.06434472556610432,7.556240741134509E-4,16125.071321347179,81053.98058665526,10.075609471972287,3.1052371614419703,3.1297060141862656,3.1628493577379713,3.2311280141337924,3.278704505308571,3.392998529604992,3.3943578343947554,3.5751534680600874,"{""type"":""Polygon"",""coordinates"":[[[-71.41214549227148,-42.24683649452734],[-71.32736527364231,-42.24858915475288],[-71.32505209592158,-42.185596897727194],[-71.40974832283663,-42.183848092028164],[-71.41214549227148,-42.24683649452734]]]}"
000000000000000000a2,0.0,1.31383494389289E7,1.3158552486812912E7,7000,0,663.1149825783973,10.286336653565147,"44,760","44,760",-42.21197503465672,-71.31360687799038,100.0,100.0,100.0,100.0,100.0,100.0,100.0,100.0,99.99988748415211,57.29155815972222,0.0,0.0033752507387018065,0.0,0.0,0.0,0.0,0.0,0.0,2038.8803579343128,802.3229584448171,9.613435141245525,0.0,0.0,0.0,0.0,0.0,0.0,0.0,0.0,"{""type"":""Polygon"",""coordinates"":[[[-71.29203852512421,-42.18626154769398],[-71.32505209592158,-42.185596897727194],[-71.32736527364231,-42.24858915475288],[-71.3195395398585,-42.24874774780313],[-71.31791175571644,-42.246419436682835],[-71.30679663595157,-42.230511047450605],[-71.29203852512421,-42.18626154769398]]]}"
000000000000000000a4,0.0,1.49561218044161E7,416949.480476529,7000,0,1513.3363636363638,0.0,"34,761","34,761",-42.15646365767195,-72.13016284422856,100.0,100.0,100.0,100.0,100.0,100.0,100.0,100.0,100.0,116.17108585858587,0.0,0.0,0.0,0.0,0.0,0.0,0.0,0.0,0,0,5.0739630901452255,0.0,0.0,0.0,0.0,0.0,0.0,0.0,0.0,"{""type"":""Polygon"",""coordinates"":[[[-72.17034419680311,-42.139409755998436],[-72.17163737392029,-42.16530029814967],[-72.08701972617858,-42.167610675289474],[-72.08593854108454,-42.14537187814047],[-72.08606267099061,-42.14546687033229],[-72.08669362620084,-42.145730089570876],[-72.08751145207694,-42.14656513387542],[-72.08782399006343,-42.14680175682632],[-72.08944137110065,-42.14821265682375],[-72.09481582191256,-42.148011735015054],[-72.09710866680662,-42.147272386386014],[-72.09985911684548,-42.14733707372895],[-72.101881165743,-42.14626278381473],[-72.10510401182799,-42.1451203504428],[-72.10766246532289,-42.14532353592584],[-72.11028842550209,-42.14633094832948],[-72.11214578450883,-42.147325777629966],[-72.11243406914534,-42.14737908351389],[-72.11275851332103,-42.14743687978957],[-72.11344283713603,-42.1473288956266],[-72.11376691859506,-42.14718564060543],[-72.11405456883867,-42.14686359849993],[-72.11427017073694,-42.14652815848442],[-72.11449191960934,-42.146282180763066],[-72.11470788278069,-42.1461925757172],[-72.11498405144242,-42.1461297326385],[-72.11517054424047,-42.14630828320202],[-72.1152794747824,-42.146799798524455],[-72.11544806844563,-42.1470543066209],[-72.11556847951714,-42.14721954172042],[-72.11557453622888,-42.147232934511976],[-72.11591136152316,-42.14754097025615],[-72.11601974939757,-42.1476659897233],[-72.11629049291145,-42.1479606374383],[-72.11648367435707,-42.148496714921905],[-72.11657488632888,-42.149140179428215],[-72.11664810900116,-42.149779141332644],[-72.11697354287814,-42.15039546338685],[-72.11753943536714,-42.15113227601861],[-72.11777392787582,-42.15127950328454],[-72.11827301481249,-42.15159632115375],[-72.11913387223429,-42.15272155575556],[-72.11959164521916,-42.153413730973114],[-72.1200910906364,-42.153949458421366],[-72.120404045863,-42.15427093548008],[-72.12083126265232,-42.15471733294097],[-72.12090348988939,-42.15477093050829],[-72.1210658429127,-42.154882459130846],[-72.12206301030689,-42.155006555884036],[-72.12289185621474,-42.155005667572915],[-72.12387636190853,-42.154772239628656],[-72.12492070629293,-42.15440908738853],[-72.12556893375147,-42.154207295816214],[-72.12601295652473,-42.154019123622426],[-72.12675727168286,-42.15380826485074],[-72.12741751759063,-42.153606411931],[-72.12821579483699,-42.15338658932857],[-72.12879133772385,-42.15288540973349],[-72.129175062481,-42.15256319750761],[-72.1301828686267,-42.151994502544824],[-72.13051886349557,-42.151837770346305],[-72.13169479728352,-42.15127782353182],[-72.13191680408207,-42.15117030728972],[-72.1326970807036,-42.15098611682451],[-72.13342176345205,-42.150015554774036],[-72.13365552003157,-42.149818659978266],[-72.13381696201427,-42.14945205837111],[-72.13428492631402,-42.14925487272632],[-72.13504133292233,-42.14911540967081],[-72.13587610776699,-42.14915019687081],[-72.13706512672259,-42.14913093945119],[-72.1380798656726,-42.14905369554518],[-72.13831985552568,-42.148950646911956],[-72.13938213591241,-42.14865443512942],[-72.14021644632184,-42.14845230434335],[-72.14108022172186,-42.14801778672929],[-72.14244846344688,-42.147587030527106],[-72.14328258425627,-42.147317903510306],[-72.14449480301357,-42.14694992798641],[-72.1449687158058,-42.1467169432574],[-72.14564103249029,-42.14662674356254],[-72.14720141944898,-42.146204621785266],[-72.14840178091806,-42.14593500787179],[-72.15017221461181,-42.145476843430416],[-72.15061665169557,-42.14550756512333],[-72.15133704145089,-42.145430648217456],[-72.15280240087199,-42.1454644410117],[-72.15340826498642,-42.14520445437842],[-72.1543147539183,-42.14510492931582],[-72.15434476227786,-42.14510483989284],[-72.1551727929215,-42.144822182909735],[-72.15583903002378,-42.14468723003201],[-72.15690757314898,-42.14455619464046],[-72.15760399504249,-42.14452391032336],[-72.15793426383878,-42.144487720183356],[-72.15879021323018,-42.14339614722514],[-72.15919170414003,-42.143064939485775],[-72.1601500558035,-42.14210722617264],[-72.16083345449407,-42.14167278478126],[-72.16226722167448,-42.14112109767082],[-72.16358040985847,-42.140439940153215],[-72.16418064757562,-42.140349737213946],[-72.16523704846071,-42.14019178852214],[-72.16592097739301,-42.13997187112039],[-72.16703196302129,-42.14002383807824],[-72.16786031878162,-42.13992436892414],[-72.16822582491925,-42.13964228845523],[-72.1697804861725,-42.13945673352733],[-72.17034419680311,-42.139409755998436]]]}"
000000000000000000a5,0.0,3.07208411019227E7,1546528.0212506168,7000,0,1673.845679012346,0.0,"35,761","35,761",-42.14746443015961,-72.04347488944146,100.0,100.0,100.0,100.0,100.0,100.0,100.0,100.0,100.0,107.12369791666667,0.0,0.0,0.0,0.0,0.0,0.0,0.0,0.0,2355.9465004013837,0,4.788786051597124,0.0,0.0,0.0,0.0,0.0,0.0,0.0,0.0,"{""type"":""Polygon"",""coordinates"":[[[-72.08593854108454,-42.14537187814047],[-72.08701972617858,-42.167610675289474],[-72.00239231069311,-42.169858676171486],[-72.00103942740087,-42.14124633365932],[-72.00122391184361,-42.14125373071084],[-72.00296520429488,-42.140493987750816],[-72.00454434120992,-42.14000234919333],[-72.00685605901256,-42.14007819313021],[-72.00781671483452,-42.13969830281321],[-72.0096719122357,-42.138504937852204],[-72.01182732706847,-42.13742778010548],[-72.01255972148441,-42.13694059053024],[-72.01302199989092,-42.13662766423535],[-72.01320195549461,-42.13606013686018],[-72.0132499737807,-42.135899220609886],[-72.01330396043218,-42.13573831816164],[-72.01293762870897,-42.13521103932021],[-72.01323776574259,-42.13468372801993],[-72.0136639616239,-42.13431272064387],[-72.0147023650565,-42.133213254182394],[-72.01596891758456,-42.13218076295637],[-72.017967846001,-42.13111686606067],[-72.01949861556746,-42.130517798229704],[-72.02219995988908,-42.12965038248826],[-72.02295032396879,-42.12941336697179],[-72.02343040045974,-42.12908705028195],[-72.02365836644279,-42.12854629053503],[-72.0236702123499,-42.128157461797464],[-72.02349595991333,-42.12765252147029],[-72.02376597428409,-42.12732179872039],[-72.02466571900764,-42.12532400468835],[-72.02509777636779,-42.125073631254445],[-72.02646601418029,-42.12382204729955],[-72.02709619179555,-42.12358952561434],[-72.02853043095313,-42.12245403009472],[-72.02917263076142,-42.12227070243877],[-72.02931061944486,-42.122163410295364],[-72.03051706825045,-42.12189493724846],[-72.03140558005119,-42.1220287933352],[-72.03429308953028,-42.12235863220268],[-72.03542184469234,-42.12279178916409],[-72.03628647025043,-42.12315346724363],[-72.03685703855834,-42.12368510198098],[-72.03742172830606,-42.124319471544474],[-72.03835859552139,-42.1250565299124],[-72.03918740543273,-42.12558360699076],[-72.03948172914905,-42.12596785346832],[-72.03995635378679,-42.126584379596885],[-72.04022074714203,-42.12685243468129],[-72.0402627028376,-42.126852404893484],[-72.04065296286096,-42.126852277460124],[-72.04155328970161,-42.12658380634652],[-72.04262161615573,-42.12628402785164],[-72.04425398264708,-42.12551916542179],[-72.0451240982389,-42.125116656845286],[-72.04559211322248,-42.12474555334164],[-72.04706197930018,-42.12358304064583],[-72.04802160190296,-42.12241627556725],[-72.0483610361241,-42.11886785606115],[-72.04883483284455,-42.118358168818894],[-72.04946496322994,-42.11814342030085],[-72.04998080293792,-42.117723078545545],[-72.0504783771846,-42.11694079111122],[-72.05078390164572,-42.11616758983276],[-72.05147949079137,-42.11536287538001],[-72.05144296177752,-42.114692543101015],[-72.05168862835097,-42.114200845299194],[-72.05201250646036,-42.1139147021954],[-72.05295484327416,-42.11389193098868],[-72.05438353302647,-42.114119199528346],[-72.05518191814329,-42.11425732956083],[-72.05595037309351,-42.1145518688831],[-72.05719957153127,-42.11532437665959],[-72.05817236218651,-42.11586910758598],[-72.06025581786395,-42.11660989189677],[-72.06371971249278,-42.11718892356972],[-72.0650403958587,-42.11734910271948],[-72.06603703006142,-42.11751834068837],[-72.06617509206922,-42.117580841081654],[-72.06646938906157,-42.11771921877915],[-72.06677598202269,-42.11815251289028],[-72.06662625692415,-42.11847433201676],[-72.06657227992261,-42.11851906873289],[-72.06603847668397,-42.118961837364594],[-72.06572645811902,-42.119087081267175],[-72.06494066896401,-42.119583618368964],[-72.06447259405141,-42.11971793191684],[-72.06424447846473,-42.1197180353137],[-72.06384249551712,-42.11988367030562],[-72.0636745955955,-42.12008480446278],[-72.06397639947905,-42.121684529187405],[-72.06410261814806,-42.12183640209379],[-72.06434293979181,-42.12211780574893],[-72.0648594769615,-42.12239011508948],[-72.06490757734875,-42.12241693448314],[-72.06530992050764,-42.12261779639621],[-72.06533397066568,-42.1226445433559],[-72.06580864443765,-42.12307775470093],[-72.0661091803525,-42.12347978195854],[-72.06622952121242,-42.12367192003322],[-72.0662414558405,-42.12368531520647],[-72.06664433966954,-42.12430624725081],[-72.06708890361755,-42.12459647621902],[-72.067575418737,-42.12491348009757],[-72.06841011443635,-42.12511406738946],[-72.06919643686,-42.12501527509179],[-72.06986865633908,-42.12491206668609],[-72.0708051500083,-42.12491153649284],[-72.07185592166833,-42.12516558543671],[-72.07257008623283,-42.12501320307629],[-72.07347094916237,-42.12531202338075],[-72.07410184089571,-42.12577639720555],[-72.07446873030973,-42.126410720504516],[-72.07448681257564,-42.12643306942784],[-72.07476329028333,-42.1267502186429],[-72.07531018738047,-42.127295038874024],[-72.0753162449224,-42.12730397914679],[-72.07673433919524,-42.128375556389585],[-72.07815152255485,-42.12874104040458],[-72.07833207167825,-42.129044857127695],[-72.07833252372899,-42.129411259966126],[-72.07908310783287,-42.129517990698396],[-72.07912551008194,-42.129853141313006],[-72.07922251989535,-42.13059935152119],[-72.08009515473263,-42.132279106038105],[-72.07699879019493,-42.133621873229764],[-72.07484447956756,-42.1344947224697],[-72.06886028134117,-42.136174311906636],[-72.06698782120844,-42.13693066258327],[-72.06630962787345,-42.13717238540181],[-72.06524102493135,-42.13736957540251],[-72.06483904333597,-42.13766920289906],[-72.06440713402786,-42.1380404281894],[-72.06428127714636,-42.138232620469815],[-72.06420930723894,-42.13833989962352],[-72.0641736839366,-42.13877339783826],[-72.06397576657727,-42.139001470759126],[-72.06395180672354,-42.13901039767332],[-72.06347758204973,-42.13920281235655],[-72.0636101299568,-42.139569212717255],[-72.0637002733495,-42.13970770893946],[-72.06391075851676,-42.14000249461605],[-72.06424149478764,-42.14047159763679],[-72.0646260272267,-42.14073946758888],[-72.06510675988426,-42.14106987469333],[-72.06573803111137,-42.14186950188139],[-72.06575005617323,-42.1419141756667],[-72.065756113911,-42.14192757052701],[-72.06587681657024,-42.14250397843951],[-72.06637572037316,-42.143004228027216],[-72.06647246313,-42.14366552733549],[-72.06650935194857,-42.1444699339602],[-72.0664379250653,-42.14506878114456],[-72.06633629995102,-42.14546654464619],[-72.06624100377127,-42.14629785285433],[-72.06624706149898,-42.14631124670848],[-72.06635537726606,-42.14648545190707],[-72.06650573539794,-42.14673560368241],[-72.06725643994946,-42.14684245138702],[-72.06792314862224,-42.14693591626213],[-72.07168847835328,-42.14700063339425],[-72.0739578154295,-42.14648526926707],[-72.07547672453312,-42.146140190091195],[-72.0761910611676,-42.14594752168958],[-72.0765990848488,-42.14570146428962],[-72.0775353763672,-42.14526740608082],[-72.07783499625872,-42.14476668660997],[-72.07791283951812,-42.14461914880774],[-72.07803272352206,-42.144404589187616],[-72.07896873926292,-42.143836397741964],[-72.07946671687068,-42.14350082652371],[-72.08023510877425,-42.14330372956799],[-72.08066735659334,-42.143205091530774],[-72.08183209902698,-42.1431014777582],[-72.08252870013882,-42.14310095323434],[-72.08363394641579,-42.14340848961584],[-72.083796139263,-42.14343523579081],[-72.08439690296109,-42.14366716975726],[-72.08496222545472,-42.14430135309224],[-72.08507080558238,-42.144631939414566],[-72.08510696881335,-42.14473470215294],[-72.0852872424535,-42.14487306246834],[-72.08586431625776,-42.14531508414214],[-72.08593854108454,-42.14537187814047]]]}"
000000000000000000a6,0.0,1.29189351962583E7,3044293.6252689734,7000,0,1349.0742049469961,0.0,"36,761","36,761",-42.156437526777715,-71.97750702738765,100.0,100.0,100.0,100.0,100.0,100.0,100.0,100.0,100.0,108.37006578947366,0.0,0.0,0.0,0.0,0.0,0.0,0.0,0.0,2521.353101180042,0,7.205340125100655,0.0,0.0,0.0,0.0,0.0,0.0,0.0,0.0,"{""type"":""Polygon"",""coordinates"":[[[-72.00103942740087,-42.14124633365932],[-72.00239231069311,-42.169858676171486],[-71.9420759763527,-42.171422658373366],[-71.94223725064735,-42.17134591456875],[-71.94316844296695,-42.171270430712845],[-71.94557822349933,-42.17036436677064],[-71.94665475847144,-42.16894829397696],[-71.94746093614874,-42.16740686052478],[-71.94860285927203,-42.16673264883502],[-71.9506877963935,-42.16612576640137],[-71.9535837650396,-42.16525555094255],[-71.95458755212962,-42.164380058599704],[-71.95458167304741,-42.164178950133824],[-71.95457570351768,-42.164152141774885],[-71.95446210153553,-42.163446023985045],[-71.95436007678947,-42.163218085114906],[-71.95419220621116,-42.16278449396629],[-71.95416823761353,-42.16274425550735],[-71.95312410940758,-42.161416646888036],[-71.95279406502198,-42.160983031298784],[-71.95222994064733,-42.16024990103873],[-71.95183386809398,-42.159878791493114],[-71.95173184247076,-42.159780415924104],[-71.95169575361186,-42.1597491604534],[-71.95132989012758,-42.15908757774607],[-71.9511261098562,-42.158582503548466],[-71.95136091392085,-42.15778271022529],[-71.95169765302558,-42.157255531259466],[-71.95236461786133,-42.15688489173121],[-71.95266499577237,-42.15678670039233],[-71.95276711153217,-42.156737549536736],[-71.95329586982793,-42.15649196526534],[-71.9536623640936,-42.15631782850697],[-71.95499601239491,-42.155853656665265],[-71.95638392301132,-42.155179372513224],[-71.95640192194107,-42.155165935730885],[-71.95691918721268,-42.15405788609312],[-71.95726179922356,-42.153620078167336],[-71.95742568846559,-42.151090743368854],[-71.95733587500112,-42.15061254153215],[-71.95729399822066,-42.15039357139353],[-71.95715633843962,-42.14975894783065],[-71.95679048149258,-42.14899014709989],[-71.95647238005286,-42.14873085644734],[-71.9564243527666,-42.148690579549864],[-71.95628036130945,-42.14847155404338],[-71.95626236237254,-42.14843577870906],[-71.95552458594007,-42.1472915278337],[-71.95572311734851,-42.14669274089899],[-71.95575332667224,-42.14648719215445],[-71.95582577476878,-42.14595989341249],[-71.95599436802556,-42.14519127969284],[-71.95632513252986,-42.14449428505443],[-71.95652366341798,-42.143998279754975],[-71.95645872257676,-42.14239843220084],[-71.95708949835272,-42.14195179115476],[-71.95755231364754,-42.14124583769403],[-71.9598706305515,-42.14044231554973],[-71.96108992865622,-42.13986181232369],[-71.9616903956817,-42.139763669503395],[-71.96242300183857,-42.13966115039472],[-71.96295156252083,-42.13946020495621],[-71.96384036364148,-42.13916103203647],[-71.9639243867333,-42.13913425644661],[-71.96486699942214,-42.139286514298576],[-71.96492108515098,-42.13929549461513],[-71.96528711323413,-42.139697746908155],[-71.96533504868069,-42.139840767421475],[-71.96558684531766,-42.14059609615672],[-71.96609098063122,-42.141159321411294],[-71.96652891019943,-42.14179404831835],[-71.96653496993915,-42.14180299008504],[-71.96655296826982,-42.141829786077196],[-71.96718309006044,-42.14253156444733],[-71.96781936070468,-42.142858012983176],[-71.96841357387942,-42.14339439342481],[-71.96866572974363,-42.143586691496076],[-71.9690199052747,-42.143859336993216],[-71.96942201519668,-42.14429740927733],[-71.96977609940461,-42.14465058390859],[-71.96985415162797,-42.14472653814816],[-71.97041842429014,-42.14505737080949],[-71.97104899029017,-42.145026281017],[-71.97124118061402,-42.144878852158826],[-71.97193170814008,-42.14503988699644],[-71.97249018865296,-42.144896995206636],[-71.9725504230891,-42.14465575323943],[-71.9726466534548,-42.14426245191168],[-71.97262874592664,-42.144016660477284],[-71.97261680757396,-42.14386027217416],[-71.97261689801601,-42.143493827995535],[-71.9729112868034,-42.143172111221304],[-71.97298336905288,-42.14309614661375],[-71.97341586219089,-42.14282818878274],[-71.97415459015922,-42.14245739160807],[-71.97530147805104,-42.14245764110421],[-71.97731903516963,-42.142592170316995],[-71.9799373716481,-42.141649674423434],[-71.98552225458506,-42.139429518051934],[-71.98847649510907,-42.13916171757929],[-71.99103423311394,-42.14003783840681],[-71.99134642000693,-42.1401182759524],[-71.9919047743241,-42.1404624609908],[-71.99253529564666,-42.140663618532926],[-71.99313570048571,-42.14076641305229],[-71.99370616989205,-42.140766418939734],[-71.9942585511001,-42.14062348161247],[-71.99478099716478,-42.14055202538352],[-71.99566364589816,-42.140431368152946],[-71.99646824670205,-42.14046264094937],[-71.99726687667128,-42.1407666207292],[-71.99819753882431,-42.141025766189024],[-71.99879802284156,-42.14126264079397],[-71.99943449842155,-42.14129395527079],[-71.99999292822032,-42.141204551390175],[-72.00103942740087,-42.14124633365932]]]}"
000000000000000000a7,0.0,7151236.48045026,211696.51441817937,7000,0,1509.3959731543628,0.0,"37,761","37,761",-42.16541620811152,-71.85772197019553,100.0,100.0,100.0,100.0,100.0,100.0,100.0,100.0,100.0,99.03913288288288,0.0,0.0,0.0,0.0,0.0,0.0,0.0,0.0,724.3787696650877,0,6.468327625377758,0.0,0.0,0.0,0.0,0.0,0.0,0.0,0.0,"{""type"":""Polygon"",""coordinates"":[[[-71.88647482379434,-42.17283622342901],[-71.83310908712724,-42.174167585995185],[-71.83257107619906,-42.16211395846861],[-71.83375404755957,-42.162364888263376],[-71.8347507115239,-42.162562916066065],[-71.83543023277196,-42.16226004881987],[-71.83584464048636,-42.16228296875376],[-71.83641521930257,-42.16228825577644],[-71.83701583699504,-42.162298004930086],[-71.83768295741828,-42.16216493406802],[-71.83814576968831,-42.16203149284537],[-71.83854343482187,-42.161549422308866],[-71.83893422289232,-42.1613935653704],[-71.8395235256837,-42.161157584781876],[-71.839547503127,-42.161148655253356],[-71.84064811105576,-42.160600536163535],[-71.84106857412145,-42.160574289508325],[-71.84131495236961,-42.16056122644206],[-71.84194587162705,-42.160432497455105],[-71.84198812589051,-42.16034766684682],[-71.84214510902538,-42.16003505713009],[-71.84221152146355,-42.159896592389806],[-71.84217677708348,-42.159364714488795],[-71.84208738267132,-42.15910099557817],[-71.84198007315123,-42.158765683465674],[-71.84211316952357,-42.15839939717294],[-71.84251245830394,-42.157211197051176],[-71.84309732090381,-42.156313776622866],[-71.84414471446031,-42.15534547685936],[-71.84450599928549,-42.15496165487175],[-71.84521020039897,-42.15435484144286],[-71.84591358562854,-42.15404739711649],[-71.8463942101881,-42.154012318345735],[-71.84802771295664,-42.15403232663872],[-71.84920474534685,-42.15406966701055],[-71.84994838434521,-42.154548789389864],[-71.85096191650536,-42.15513556187671],[-71.85235282620111,-42.15622773262781],[-71.85330654535166,-42.15676968914118],[-71.85539474681207,-42.15757229790802],[-71.85613873309028,-42.15793071167014],[-71.85726045442192,-42.1585801477506],[-71.85824410609757,-42.15917567937722],[-71.85854448476677,-42.159176044534334],[-71.85934374395951,-42.15897596519954],[-71.85997480805025,-42.15877560876263],[-71.8608467148733,-42.158311930869786],[-71.86153830345503,-42.15791051165281],[-71.86234379775922,-42.15761208650127],[-71.86293938993816,-42.157179384276326],[-71.86370932437757,-42.156612699367976],[-71.86421480204729,-42.15615748185216],[-71.8643411939559,-42.156045905872666],[-71.86480966688515,-42.15605094361398],[-71.86595080900426,-42.15606567622595],[-71.86640724659436,-42.156066190808026],[-71.86700780707305,-42.15606245236898],[-71.86704987702431,-42.15606251959559],[-71.86748233770103,-42.156040657341926],[-71.86795686761045,-42.1560188598174],[-71.86886421746114,-42.15579198425382],[-71.87050031757889,-42.15461850525592],[-71.87174349101133,-42.15461548235331],[-71.87291446340652,-42.15471505550854],[-71.8744520195926,-42.15469440423444],[-71.87495567051093,-42.155101664811816],[-71.87514656367736,-42.155767743553604],[-71.87561990585077,-42.156362597485504],[-71.87646598510618,-42.156743353133024],[-71.87726393200597,-42.15718216924089],[-71.87836784566142,-42.15782684070452],[-71.8785115115674,-42.15807276436569],[-71.87860686660956,-42.158457227062534],[-71.87876211251726,-42.15893106413478],[-71.87917492512369,-42.1597984661449],[-71.87956303904234,-42.16100995383164],[-71.87966373145572,-42.16177425214346],[-71.87966364098635,-42.161805472818855],[-71.87966961196403,-42.16182782811515],[-71.87986629228598,-42.162645838807606],[-71.87993188252219,-42.16290960797278],[-71.87959967914261,-42.16383874869684],[-71.87936427773214,-42.16443736055732],[-71.87946460833193,-42.165407195900436],[-71.87953508399998,-42.16623846534773],[-71.87979771654841,-42.16710567990705],[-71.88007979976292,-42.16727580806851],[-71.88014575183118,-42.16732500279234],[-71.88049378672598,-42.1675354214086],[-71.88116615249432,-42.16776850522659],[-71.88178405463454,-42.1682160117555],[-71.8819939420524,-42.16837262821271],[-71.88203582905038,-42.16847547795777],[-71.88223314116172,-42.16900300123471],[-71.8823943561917,-42.16950370074513],[-71.88306002320554,-42.170134458486096],[-71.88350386073785,-42.170523761960936],[-71.88419358988529,-42.171136677424016],[-71.88496184358782,-42.171499389415864],[-71.88514178403656,-42.17167388522869],[-71.88595201234217,-42.172103692104656],[-71.88638960350671,-42.172653799612256],[-71.88647482379434,-42.17283622342901]]]}"
000000000000000000a8,68.54082416472768,2.45747709187045E7,3001164.2917017313,7000,0,1244.135849056604,0.0,"38,761","38,761",-42.157369356237155,-71.781381942443,100.0,100.0,100.0,100.0,100.0,100.0,100.0,100.0,31.45917583527232,91.41203703703705,0.0,0.0,0.0,0.0,0.0,0.0,0.0,0.0,753.2111337324692,0,6.156798295561654,0.0,0.0,0.0,0.0,0.0,0.0,0.0,0.0,"{""type"":""Polygon"",""coordinates"":[[[-71.83257107619906,-42.16211395846861],[-71.83310908712724,-42.174167585995185],[-71.74845377814552,-42.176228521144516],[-71.74637374757356,-42.12816167355518],[-71.74640433901689,-42.128183553859216],[-71.74691860066007,-42.12869857564636],[-71.74693652106168,-42.12871655188849],[-71.74700702606648,-42.12911890633303],[-71.74711463893908,-42.12923086517789],[-71.74730597073719,-42.12941451319335],[-71.74730397958378,-42.12991496162737],[-71.74732769241008,-42.12998651241727],[-71.74742869816994,-42.13025044134272],[-71.74750599108681,-42.130451723415554],[-71.74781226635177,-42.13042555630325],[-71.74781823980264,-42.130425587525735],[-71.74786032547617,-42.13042117940345],[-71.74790232063744,-42.13041682939888],[-71.74817411246576,-42.13001969768779],[-71.7482469703764,-42.129814291280915],[-71.74836843036005,-42.12945255931028],[-71.74853695374945,-42.129350140833765],[-71.74863931673221,-42.12928336175372],[-71.7490780019347,-42.12915920884082],[-71.74910207665735,-42.12915476463598],[-71.7496067403573,-42.12904858588194],[-71.75021340373418,-42.12896950124111],[-71.75113846590652,-42.12885081973863],[-71.75125838620829,-42.12887341066337],[-71.75223630067485,-42.12904987708678],[-71.7527335380521,-42.129319095064965],[-71.7530982748499,-42.129681829260754],[-71.75399807787028,-42.12988488233464],[-71.75470664157677,-42.12983270295422],[-71.7565241560603,-42.12868808965749],[-71.75779809350618,-42.12835114815526],[-71.7602864926637,-42.1291563029896],[-71.76169707479123,-42.12923076831646],[-71.76309488990495,-42.12948392531182],[-71.76403159007907,-42.129450093476585],[-71.76446391928239,-42.129415262527225],[-71.76512467502334,-42.12931830600737],[-71.76577981830057,-42.129122977263826],[-71.76579782816054,-42.129118556587756],[-71.76642871563661,-42.12898129186108],[-71.76709516894914,-42.12895138667757],[-71.76775555730181,-42.12895274669675],[-71.76845196372832,-42.12895409195607],[-71.76895623525407,-42.12895066446376],[-71.7696944504221,-42.129019219168896],[-71.77097367547694,-42.12886530438891],[-71.77248620436268,-42.128975590619376],[-71.77315879914408,-42.12891883798156],[-71.77392017257075,-42.12921978058597],[-71.77438162933244,-42.129448593478244],[-71.77481856013044,-42.12982032697228],[-71.77520263882629,-42.12985681758256],[-71.77558083462522,-42.129875481094416],[-71.77585667564568,-42.12994752658733],[-71.77627043673336,-42.13009581404318],[-71.77637849236294,-42.13009154132488],[-71.77661867618687,-42.130087522392344],[-71.77724854700662,-42.13021835398711],[-71.77728338896284,-42.130549110005965],[-71.77726501775003,-42.13067420778035],[-71.77725270994185,-42.13075015074311],[-71.77712637388362,-42.13081245385313],[-71.77698809195215,-42.130883676297984],[-71.77632075409973,-42.131150512329505],[-71.77578572443464,-42.13135061799365],[-71.77559269000201,-42.131596009628566],[-71.77550807337177,-42.131756749302944],[-71.77542336622018,-42.13194871450446],[-71.77540517589946,-42.13201128249753],[-71.77531413378135,-42.13229264661674],[-71.7752955814579,-42.13243559240858],[-71.77568409403752,-42.132914484208776],[-71.77574961533017,-42.13307995905545],[-71.77568735200265,-42.13371441751631],[-71.77549911396255,-42.13430400026801],[-71.77545060644978,-42.134446851186276],[-71.7752862600462,-42.135081138797915],[-71.77492390126979,-42.13567925892017],[-71.77455502613265,-42.13641140055562],[-71.77456081809096,-42.13648292746522],[-71.7745898683803,-42.1367466422215],[-71.77472027790235,-42.13721168693299],[-71.77479150084595,-42.13744866054937],[-71.77494688807741,-42.137645630405316],[-71.77522191514839,-42.13799021320356],[-71.7753175727485,-42.13811112676187],[-71.77564717043025,-42.138277075767654],[-71.77575504527094,-42.138330946590735],[-71.77578500044262,-42.13834884463163],[-71.77580898267775,-42.13836678604616],[-71.77618618227677,-42.13867584310004],[-71.77688772891626,-42.138945335233274],[-71.77755425110679,-42.13894663573485],[-71.77769787220456,-42.13906759275287],[-71.77778773716888,-42.13914376387957],[-71.77774502190196,-42.139326890277914],[-71.77771443342343,-42.139492150722646],[-71.77765343745463,-42.13977810702869],[-71.77741841281984,-42.14001001366946],[-71.77690103222399,-42.14028602196808],[-71.77683487767469,-42.14032167567978],[-71.77642582325123,-42.1405443380249],[-71.77642256529356,-42.141464897114425],[-71.77639804011115,-42.14160786206592],[-71.77618500579119,-42.14241186662977],[-71.77622075285132,-42.14250128300467],[-71.77631577666276,-42.14280985760009],[-71.7769191319615,-42.14367794803067],[-71.77735660230788,-42.14392905492502],[-71.77794991033403,-42.144274355231886],[-71.77821959543886,-42.14442675069342],[-71.77911851398987,-42.14494243518538],[-71.77975344779831,-42.14540845523238],[-71.78017824460377,-42.14585611051115],[-71.7803876563717,-42.14607547032601],[-71.78044629888208,-42.14648672754188],[-71.78048150248274,-42.14674155434432],[-71.78051661558185,-42.146991840787535],[-71.78052828978147,-42.147094675443896],[-71.78058684176857,-42.14753721589197],[-71.78076684155086,-42.147559906753784],[-71.7808869318473,-42.14757351619526],[-71.78117462349033,-42.14774833159248],[-71.78131842396658,-42.147833542282044],[-71.78171996089044,-42.14807114729042],[-71.78278221684718,-42.148278730633514],[-71.78501513293854,-42.14857340274278],[-71.78614407362308,-42.148602358750786],[-71.787344049509,-42.148908480272226],[-71.7888143305878,-42.14923737945285],[-71.78927594696007,-42.149452754822086],[-71.7898457042639,-42.14970407121682],[-71.79044622881423,-42.1497051614112],[-71.79051844371605,-42.14965167009193],[-71.79154193888358,-42.148871471816435],[-71.79411043583598,-42.14757570644916],[-71.7947770127663,-42.1475634915687],[-71.79531228226715,-42.1473141395772],[-71.79599279266502,-42.14670760049396],[-71.7964799177701,-42.14648502315988],[-71.79651005199432,-42.14647170872833],[-71.79945495739656,-42.14569034969893],[-71.79982769508021,-42.1455658777913],[-71.803454693288,-42.145567669928134],[-71.80409654669496,-42.14577875424647],[-71.80597404873139,-42.146483601150635],[-71.80620190368299,-42.14657333314462],[-71.80638179858148,-42.146663031392855],[-71.80686746000666,-42.14690519129035],[-71.80689143991627,-42.14692312461381],[-71.80803007634191,-42.14770708191692],[-71.80859925729581,-42.14814146904397],[-71.80900003608927,-42.148660561045695],[-71.8091316079744,-42.148839487685294],[-71.809137580287,-42.14886184693081],[-71.80926815673035,-42.14937156763806],[-71.80924906343533,-42.14972457887059],[-71.80922978916003,-42.150135648046295],[-71.8092640847007,-42.150739008155945],[-71.80943158081071,-42.150935915937374],[-71.80959916732218,-42.15113728926255],[-71.81029457801179,-42.15153616705223],[-71.81032462044331,-42.151549616548884],[-71.81146414949717,-42.15206990944786],[-71.81296264254934,-42.15303759895532],[-71.81323256962453,-42.15317213481649],[-71.81413202326208,-42.15363833780643],[-71.81456338005572,-42.15400547758537],[-71.8154311592059,-42.15507048337091],[-71.8159577072573,-42.15573272274489],[-71.8160416797823,-42.15578198327914],[-71.81689904885258,-42.1563017664779],[-71.81836874146471,-42.15691634562909],[-71.819863039622,-42.157334327722054],[-71.82275560953055,-42.15821021602477],[-71.82578089439123,-42.158880764801154],[-71.82739007286378,-42.15906638688455],[-71.82817059025052,-42.159161386814475],[-71.82925133130092,-42.15930154123916],[-71.82971967540732,-42.159364814458606],[-71.83035523245393,-42.159799224437876],[-71.83038482057125,-42.159937809180136],[-71.83052154116315,-42.16049660350941],[-71.8306816969105,-42.16122974515426],[-71.83072974361892,-42.16125663528632],[-71.83101748081626,-42.161462615969135],[-71.83107747127447,-42.16148503499949],[-71.83114949600267,-42.16151197288229],[-71.83171954038419,-42.16173179594019],[-71.83228315944723,-42.16209007979465],[-71.83252339170168,-42.162103837950816],[-71.83257107619906,-42.16211395846861]]]}"
000000000000000000a9,99.99649677654206,4.71446642039165E7,2.4735534767663598E7,7000,6465.575610998591,746.8211462450591,0.0,"39,761","39,761",-42.14673392470121,-71.70352419320727,100.0,100.0,100.0,100.0,100.0,100.0,100.0,100.0,0.0035032234579373714,89.11230276134121,0.0,0.0,0.0,0.0,0.0,0.0,0.0,0.0,8794.707700943243,0,7.738667874458508,0.0,0.0,0.0,0.0,0.0,0.0,0.0,0.0,"{""type"":""Polygon"",""coordinates"":[[[-71.74637374757356,-42.12816167355518],[-71.74845377814552,-42.176228521144516],[-71.66378988073247,-42.17822708956089],[-71.661149111529,-42.11525023159479],[-71.72829442566436,-42.11367220340735],[-71.72831804936227,-42.11369426186951],[-71.72871666506491,-42.11452642902867],[-71.72873277622523,-42.11497330424696],[-71.72874752970279,-42.11572860882538],[-71.72827532757782,-42.11668833505954],[-71.72843607731402,-42.1169881269381],[-71.72860922713845,-42.117207463309974],[-71.72878246738321,-42.117391116431214],[-71.72906993375175,-42.117543743594794],[-71.72921891653715,-42.117789841197954],[-71.72936228751313,-42.117968951289825],[-71.72971465038299,-42.11838539658636],[-71.72988182574979,-42.11859140884228],[-71.73005443173712,-42.118940367678384],[-71.7303818126381,-42.1195935958022],[-71.73042272391368,-42.11985733945009],[-71.73051604142796,-42.12048766534073],[-71.73061451807754,-42.12132358436209],[-71.73098262859925,-42.12228975985427],[-71.73161629907078,-42.122921351524205],[-71.7316522320688,-42.12294374904978],[-71.7325800623428,-42.123558162203075],[-71.73278914284215,-42.12379103635407],[-71.73281303774783,-42.12381787987701],[-71.7341144023538,-42.124124781254984],[-71.73554718266766,-42.124588425111035],[-71.73660977120231,-42.12458638434471],[-71.73787419273772,-42.12512104191226],[-71.73886382317694,-42.12532889869615],[-71.74077121105863,-42.12572651011222],[-71.74147238191885,-42.12601852745393],[-71.74317421062631,-42.12678651210541],[-71.7439412660725,-42.127118958178215],[-71.74527227267951,-42.1275509469441],[-71.74607507356696,-42.127954933420405],[-71.74611697845171,-42.12798626124394],[-71.74627265097843,-42.1280893935974],[-71.74637374757356,-42.12816167355518]]]}"
000000000000000000aa,62.29968315652429,4.89064183791447E7,3.1562743121752027E7,7000,26524.873311556097,445.7685714285715,59.103897732677545,"40,761","40,761",-42.14771341654171,-71.620153932185,100.0,100.0,100.0,100.0,100.0,100.0,100.0,100.0,37.70031684347572,88.90678571428573,0.0,0.0,0.0,0.0,0.0,0.0,0.0,0.0,3497.398854125919,17399.02898928255,9.708459143502372,0.0,0.0,0.0,0.0,0.0,0.0,0.0,0.0,"{""type"":""Polygon"",""coordinates"":[[[-71.66378988073247,-42.17822708956089],[-71.57911741681708,-42.18016319512815],[-71.57656038134812,-42.11718207018626],[-71.661149111529,-42.11525023159479],[-71.66378988073247,-42.17822708956089]]]}"
000000000000000000ab,0.0,4.89099857320241E7,3.718475319065088E7,7000,14241.628073591848,704.686964795433,73.908775566858,"41,761","41,761",-42.149616222465205,-71.53551929292803,100.0,100.0,100.0,100.0,100.0,100.0,100.0,100.0,100.0,75.82093253968254,1.7563508706813773,1.764118567799295,1.75953297346065,1.5845720851417395,0.8907198163410304,0.678112825017897,0.40072926303436035,0.4071031840352823,3210.4382846334242,19116.82980579134,9.051152741931734,0.0,0.0,0.0,0.0,0.0,0.0,0.0,0.0,"{""type"":""Polygon"",""coordinates"":[[[-71.57911741681708,-42.18016319512815],[-71.49443686041883,-42.18203688954445],[-71.49196352666897,-42.11905166868285],[-71.57656038134812,-42.11718207018626],[-71.57911741681708,-42.18016319512815]]]}"
000000000000000000ac,0.0,4.89134361763778E7,2.1563138603443734E7,7000,799.39711077167,814.9819734345351,24.465313388505123,"42,761","42,761",-42.15145667161175,-71.450876625113,94.84478357178675,94.8293238277559,94.79840371651719,94.77366554992979,94.77057291107526,94.73345979247503,94.73345979243966,94.6654149422757,99.99999999999997,67.94677132701422,0.0,0.0,0.0,0.0,0.0,0.0,0.0,0.0,5629.075447229492,8636.384299137306,8.333470018576673,5.155216428213246,5.170676172244095,5.201596283482819,5.226334450070215,5.229427088924733,5.2665402075249625,5.266540207560344,5.334585057724303,"{""type"":""Polygon"",""coordinates"":[[[-71.49443686041883,-42.18203688954445],[-71.40974832283663,-42.183848092028164],[-71.40735874765298,-42.120858961283396],[-71.49196352666897,-42.11905166868285],[-71.49443686041883,-42.18203688954445]]]}"
000000000000000000ad,0.0,4.51298223870169E7,3.6701374120663375E7,7000,4197.68978138741,973.5315408479834,28.668374159793704,"43,761","43,761",-42.15530349287235,-71.36858114987406,98.96566633752049,98.96566633752049,98.95294797663809,98.93659512568357,98.93659512568357,98.93659512568357,98.93659512568357,98.93477842928853,100.00000000000003,63.739475834193335,0.0030265863579941902,0.008878082146326075,0.0018159817533322422,0.005246182998574668,0.0,0.0014124382928363756,0.003631968329425413,0.0,6878.58712675019,12545.37818548835,9.536455168197524,1.0343336624795125,1.0343336624795125,1.0470520233619116,1.0634048743164324,1.0634048743164324,1.0634048743164324,1.0634048743164324,1.065221570711468,"{""type"":""Polygon"",""coordinates"":[[[-71.35789230387019,-42.1218866515994],[-71.40735874765298,-42.120858961283396],[-71.40974832283663,-42.183848092028164],[-71.32505209592158,-42.185596897727194],[-71.32331704461815,-42.13820595744214],[-71.3542179939739,-42.13163824250502],[-71.35789230387019,-42.1218866515994]]]}"
000000000000000000ae,0.0,1.45887160717842E7,1.2917281072925644E7,7000,0,1068.813725490196,0.0,"44,761","44,761",-42.16365899659261,-71.30664206348995,100.0,100.0,100.0,100.0,100.0,100.0,100.0,100.0,100.00000000000003,56.32250683060109,0.0,0.0028676533539980344,0.0,0.0,0.002867545090656106,0.005734200508251949,0.0,0.0,0,3743.369050928384,8.970616700219328,0.0,0.0,0.0,0.0,0.0,0.0,0.0,0.0,"{""type"":""Polygon"",""coordinates"":[[[-71.32331704461815,-42.13820595744214],[-71.32505209592158,-42.185596897727194],[-71.29203852512421,-42.18626154769398],[-71.28760647484074,-42.17296056119411],[-71.28736794649797,-42.145498076287815],[-71.32320495061991,-42.13822980446513],[-71.32331704461815,-42.13820595744214]]]}"
000000000000000000af,54.99083440326443,4.20188166239434E7,2.257310796973863E7,7000,10958.191203924429,995.7949002217297,0.0,"39,762","39,762",-42.082587211788834,-71.69635064011085,100.0,100.0,100.0,100.0,100.0,100.0,100.0,100.0,45.00916559673557,90.84391167775314,0.0,0.0,0.0,0.0,0.0,0.0,0.0,0.0,5640.969792078576,7614.4457508966225,8.699332654661191,0.0,0.0,0.0,0.0,0.0,0.0,0.0,0.0,"{""type"":""Polygon"",""coordinates"":[[[-71.72829442566436,-42.11367220340735],[-71.661149111529,-42.11525023159479],[-71.65851683136587,-42.052272500007604],[-71.72637963328197,-42.05067937193766],[-71.72625345843369,-42.050869806954864],[-71.72575210753307,-42.0517355802489],[-71.72565055197624,-42.05303133459277],[-71.72597685113531,-42.05384545965361],[-71.7259828249865,-42.053863323558346],[-71.72615163149406,-42.05503014841845],[-71.72615425636668,-42.055830113802564],[-71.72585094767035,-42.05662929826502],[-71.72545938848963,-42.05703950692884],[-71.7252846982739,-42.05722676979328],[-71.72478497512593,-42.05769484218786],[-71.72458376415901,-42.05846296488567],[-71.72458973803565,-42.05846745389859],[-71.72498826777202,-42.05922818203044],[-71.72561715268196,-42.05939497818481],[-71.72591032414873,-42.059552088199354],[-71.72637112507996,-42.0597945325029],[-71.72834574610938,-42.06080917777072],[-71.72842956043436,-42.06083178375326],[-71.72944727823243,-42.061263149773346],[-71.73000347360771,-42.06162201183774],[-71.730277905216,-42.06196675828805],[-71.73040163469483,-42.06248990691015],[-71.73056799510525,-42.06286125956707],[-71.73068176819892,-42.06289725935459],[-71.73108807449222,-42.0632556856061],[-71.73157412078595,-42.06319430951015],[-71.73319064943402,-42.062411518185236],[-71.73433162782209,-42.06205221597944],[-71.73487052737985,-42.06225453380575],[-71.73491071400922,-42.062683658204975],[-71.73480083433974,-42.06313922489637],[-71.73440982895525,-42.063424337700745],[-71.73391962339419,-42.064482286804555],[-71.73363442406642,-42.0652771192117],[-71.7336157788462,-42.06542458685462],[-71.7337109961732,-42.06560799165791],[-71.73386576952562,-42.06589441226562],[-71.7339133781561,-42.0659883791924],[-71.73431207753586,-42.06672666835528],[-71.73474661857483,-42.06752307639045],[-71.73482427654581,-42.067585877204856],[-71.73538010071407,-42.06805634805186],[-71.73608490358482,-42.06876411602303],[-71.73684817432101,-42.06985623160134],[-71.73791863294723,-42.07061397956036],[-71.7386717623373,-42.071259205231634],[-71.73951395099365,-42.07211017419543],[-71.7396096191428,-42.072186372232146],[-71.73980466622828,-42.07288845242089],[-71.73982249651286,-42.072937627834946],[-71.73992812056443,-42.07350994974314],[-71.73997509474603,-42.073751313026634],[-71.74011773692067,-42.074091300990425],[-71.74020670723017,-42.074319388824826],[-71.74024137215599,-42.07464574475834],[-71.74001609532675,-42.0754764433391],[-71.73975669642226,-42.075828906904064],[-71.73965958017072,-42.07611470378097],[-71.73953757387889,-42.07660601911425],[-71.7389594915171,-42.07714097686542],[-71.73858007632631,-42.07751098496059],[-71.73823722653232,-42.07774708639009],[-71.73808589461825,-42.07807299145148],[-71.73791012504608,-42.07851052980807],[-71.7381726932546,-42.078850741937266],[-71.73828592063803,-42.07902975491353],[-71.73836937037106,-42.079164065080754],[-71.73844087283679,-42.07928041506736],[-71.73917662324634,-42.079782588198434],[-71.73936795971474,-42.07994388086928],[-71.7398043947011,-42.08031583236152],[-71.7405449389987,-42.081112961370884],[-71.74073600313643,-42.08135025199332],[-71.74097476526934,-42.08164570200657],[-71.74170851876404,-42.08264842945561],[-71.74167693128491,-42.0830505760312],[-71.74161982039078,-42.08381012618581],[-71.74117397493609,-42.08428285523684],[-71.74086009068075,-42.08476474169609],[-71.74038537184744,-42.08495141270342],[-71.73969551228208,-42.08493198687623],[-71.73914132464243,-42.085480336741554],[-71.73843200291152,-42.085818407625254],[-71.73805702207403,-42.08656386254674],[-71.73774874641097,-42.08712179328176],[-71.73748219543367,-42.08774682530063],[-71.7373430819847,-42.088019082770074],[-71.73727655731504,-42.088144021754594],[-71.73724641756228,-42.08817077473613],[-71.73671050876007,-42.08864325530368],[-71.73601276703124,-42.08907513686469],[-71.73538055326551,-42.0896099415485],[-71.7353505038477,-42.08963670770461],[-71.73507336119498,-42.089908712581654],[-71.73491062349879,-42.09007810606706],[-71.73414562852376,-42.090809253934104],[-71.73364528535926,-42.09137567889621],[-71.73335284492342,-42.09243408930832],[-71.73315290638726,-42.09288942819989],[-71.73277891509791,-42.09337125171264],[-71.73154950169871,-42.09463749143264],[-71.73078359372647,-42.09556972512871],[-71.73001804600432,-42.096403620516824],[-71.72998419459753,-42.09730624422031],[-71.72991576767897,-42.09787367706329],[-71.72965400742964,-42.098744470206746],[-71.72964794313368,-42.09876676954072],[-71.72964187883763,-42.09878015971342],[-71.72921936909714,-42.09936909524943],[-71.72866579723892,-42.099711873297835],[-71.72832872980752,-42.09996138957268],[-71.72819621985202,-42.10007720288493],[-71.72788349976447,-42.10022395377578],[-71.72765450338898,-42.100460252258145],[-71.72741301612821,-42.10080381195281],[-71.72718166609633,-42.10156744758379],[-71.72724783077398,-42.10293510891386],[-71.72771795259841,-42.10386569947857],[-71.72797464570802,-42.10418810455069],[-71.72830890762498,-42.104599989305676],[-71.72856813461131,-42.10572233866809],[-71.7284798852239,-42.106732105137716],[-71.72808163128161,-42.107231679282194],[-71.72751520472474,-42.10776210667191],[-71.72708726147836,-42.1081990346689],[-71.72667678662394,-42.10874775859877],[-71.72641719608608,-42.10909572799205],[-71.72630839971148,-42.109283163190675],[-71.72608474249158,-42.10966243738323],[-71.72610673711772,-42.110113892756836],[-71.72611823225095,-42.110230113848786],[-71.7264989291124,-42.11102200811703],[-71.72651676012428,-42.11106224439386],[-71.72674811062684,-42.111697378818995],[-71.72708680891542,-42.11249367028936],[-71.72749321019337,-42.112901291305505],[-71.72760671282079,-42.11301776279691],[-71.72785182043356,-42.11325966474082],[-71.72829442566436,-42.11367220340735]]]}"
000000000000000000b0,23.697107410322754,4.89071358242224E7,3.939391979413535E7,7000,11413.032276853184,502.72407231208365,19.798632653766685,"40,762","40,762",-42.08473399995656,-71.61755921994383,91.68341963217001,91.61901588898255,91.5613929413658,91.28682885111792,91.21056329574374,91.06580887038253,91.06580887038253,90.98095208464524,76.30289258967727,87.50964432826363,0.4771486435355324,0.37317046075217664,0.5356652735429986,0.6452290274409778,0.27665350575095854,0.14820065416766098,0.014686720737772108,0.005837027048836526,9867.488100932254,92116.34119261162,10.002238732689689,8.316580367829982,8.380984111017456,8.43860705863421,8.713171148882086,8.789436704256255,8.934191129617476,8.934191129617476,9.019047915354761,"{""type"":""Polygon"",""coordinates"":[[[-71.661149111529,-42.11525023159479],[-71.57656038134812,-42.11718207018626],[-71.57401156720415,-42.05420018941451],[-71.65851683136587,-42.052272500007604],[-71.661149111529,-42.11525023159479]]]}"
000000000000000000b1,0.0,4.89107033347792E7,4.791789623667682E7,7000,1598.7152627132425,383.90467111534804,30.038854099960112,"41,762","41,762",-42.0866326474391,-71.53300814811573,95.37183792992147,95.27987335074783,95.23946571057675,95.20741695962363,95.16840348487585,95.07960202139586,95.07960202139586,94.97928776023446,100.0,78.12176587301587,0.0015483177388926116,7.741532251660395E-4,0.010372696402655415,0.006347055764031812,0.004644914463001761,0.0,0.0,0.0,14643.052517376156,73837.63413737396,10.085914969308034,4.628162070078525,4.720126649252172,4.7605342894232505,4.792583040376372,4.831596515124148,4.9203979786041385,4.9203979786041385,5.020712239765549,"{""type"":""Polygon"",""coordinates"":[[[-71.57656038134812,-42.11718207018626],[-71.49196352666897,-42.11905166868285],[-71.48949814623127,-42.056065663286596],[-71.57401156720415,-42.05420018941451],[-71.57656038134812,-42.11718207018626]]]}"
000000000000000000b2,0.0,4.8914153931636E7,4.3813951062385224E7,7000,2304.6821328252377,896.1034155597723,43.4906504262412,"42,762","42,762",-42.08846906132182,-71.44844906819723,100.0,100.0,100.0,100.0,100.0,100.0,100.0,100.0,100.00000000000003,67.0826903292181,0.0013541814816794698,0.0018616630649453832,0.0015229493658361457,0.0015229493658361457,0.0,0.0,0.0,0.0,11458.425841075008,15163.187385485555,8.621028159667736,0.0,0.0,0.0,0.0,0.0,0.0,0.0,0.0,"{""type"":""Polygon"",""coordinates"":[[[-71.49196352666897,-42.11905166868285],[-71.40735874765298,-42.120858961283396],[-71.4049768574812,-42.05786894394663],[-71.48949814623127,-42.056065663286596],[-71.49196352666897,-42.11905166868285]]]}"
000000000000000000b3,0.0,3.82148697552122E7,1.9025825442336492E7,7000,0,1212.3594132029339,40.436132794579564,"43,762","43,762",-42.08565285142547,-71.37060494642142,100.0,100.0,100.0,100.0,100.0,100.0,100.0,100.0,99.99999999819549,61.01366308793456,0.0,0.0,0.0,0.0,0.0,0.0,0.0,0.0,5757.695398347687,6561.391852845454,7.406614279249695,0.0,0.0,0.0,0.0,0.0,0.0,0.0,0.0,"{""type"":""Polygon"",""coordinates"":[[[-71.32149734798416,-42.0883853961025],[-71.32044808009843,-42.05961006931827],[-71.4049768574812,-42.05786894394663],[-71.40735874765298,-42.120858961283396],[-71.35789230387019,-42.1218866515994],[-71.36418451174477,-42.10518011682098],[-71.35287805009037,-42.097528727679965],[-71.33848829759683,-42.0877805009614],[-71.32149734798416,-42.0883853961025]]]}"
000000000000000000b4,0.0,1.44687798119096E7,19354.757355693742,7000,0,1516.8961424332344,0.0,"44,762","44,762",-42.07427088809377,-71.29372983682869,100.0,100.0,100.0,100.0,100.0,100.0,100.0,100.0,100.0,55.755903808110766,0.0,0.0,0.0,0.0,0.0,0.0,0.0,0.0,3888.018595551211,0,5.239651360214641,0.0,0.0,0.0,0.0,0.0,0.0,0.0,0.0,"{""type"":""Polygon"",""coordinates"":[[[-71.26178708391994,-42.06078168232516],[-71.32044808009843,-42.05961006931827],[-71.32149734798416,-42.0883853961025],[-71.30581429635394,-42.08894156487422],[-71.29909199769362,-42.089182271742956],[-71.2941644044945,-42.08935317959107],[-71.29141647340445,-42.08936307418372],[-71.28794242616799,-42.08938173736725],[-71.27147248443904,-42.08945716238366],[-71.26178708391994,-42.06078168232516]]]}"
000000000000000000b6,0.0,4.77907744443275E7,8270446.160053984,7000,2399.6058439124067,1320.7117818889974,0.0,"39,763","39,763",-42.019176290699114,-71.69858193077319,100.0,100.0,100.0,100.0,100.0,100.0,100.0,100.0,99.99999999999999,85.26980791098117,0.0,0.0,0.0,0.0,0.0,0.0,0.0,0.0,11272.379389296253,3391.587659435675,5.515494999504462,0.0,0.0,0.0,0.0,0.0,0.0,0.0,0.0,"{""type"":""Polygon"",""coordinates"":[[[-71.72637963328197,-42.05067937193766],[-71.65851683136587,-42.052272500007604],[-71.655892859397,-41.98929398076783],[-71.74030662909509,-41.98730857718848],[-71.7425304257032,-42.03905069599794],[-71.74250852269309,-42.039073641372745],[-71.74184057068516,-42.03970676934427],[-71.74100463315081,-42.04033944193074],[-71.74014081670829,-42.040476021965745],[-71.7391440399198,-42.0408715048173],[-71.73794279900567,-42.041405069156006],[-71.73562809881591,-42.042972814855524],[-71.7337297318987,-42.04389348784391],[-71.73357984606443,-42.04389761199876],[-71.73295034291057,-42.04390509434933],[-71.73168517818947,-42.04393789569061],[-71.7307438591466,-42.043940151224405],[-71.73001225325046,-42.043969740138444],[-71.72948981883974,-42.04416510209056],[-71.7291828927593,-42.04445037831536],[-71.72891751143923,-42.04481177074181],[-71.7284962679325,-42.04517271168497],[-71.72821839536063,-42.045668152030494],[-71.72765070186675,-42.04663658480305],[-71.72722067700911,-42.04763659155741],[-71.72684984686798,-42.04883341358802],[-71.72668194584803,-42.050222795999055],[-71.72637963328197,-42.05067937193766]]]}"
000000000000000000b7,0.0,4.89078531228861E7,3.869349689433952E7,7000,0,672.4890788224121,5.517383628770797,"40,763","40,763",-42.021753758016644,-71.61497274797391,91.57463438732947,91.505143306208,91.39461837287408,91.26855892661736,91.20812571582314,91.10351649889996,91.10178943652579,91.05874669669866,100.00000000063093,83.05974206349208,0.304203102099243,0.2167478601193152,0.2528201305669395,0.29828408702684145,0.1000233150255181,0.049489583725084274,0.03893874071533314,0.006713500724342448,24104.502865374216,65692.33585939844,8.342124968029205,8.42536561267054,8.494856693791998,8.605381627125926,8.73144107338264,8.791874284176854,8.89648350110004,8.898210563474205,8.94125330330134,"{""type"":""Polygon"",""coordinates"":[[[-71.65851683136587,-42.052272500007604],[-71.57401156720415,-42.05420018941451],[-71.57147079347482,-41.99121741994896],[-71.655892859397,-41.98929398076783],[-71.65851683136587,-42.052272500007604]]]}"
000000000000000000b8,0.0,4.89114207910838E7,4.8986073066148706E7,7000,0,519.8322211630124,26.694666786978377,"41,763","41,763",-42.02364826301659,-71.53050503308378,95.33179281546462,95.24211651788123,95.13534110830004,95.00720573461922,94.8103313019181,94.6145550669997,94.61319058561999,94.40999526580966,100.00000000000003,76.30920371255577,0.09314678102324143,0.0502971583768607,0.10163127461489993,0.049085502064099736,0.037298121520675014,0.0024238581888714732,0.010606179708366147,0.011969007421698978,6621.053090506578,102382.1990740845,9.872682090015305,4.668207184535376,4.757883482118769,4.864658891699957,4.992794265380773,5.1896686980818965,5.3854449330003,5.386809414380016,5.590004734190349,"{""type"":""Polygon"",""coordinates"":[[[-71.57401156720415,-42.05420018941451],[-71.48949814623127,-42.056065663286596],[-71.48704062871013,-41.993078828800414],[-71.57147079347482,-41.99121741994896],[-71.57401156720415,-42.05420018941451]]]}"
000000000000000000b9,0.0,4.89148715404173E7,9899100.702427559,7000,293.0022007879291,1574.7376425855516,37.34274980129819,"42,763","42,763",-42.025480628987175,-71.44602930153908,100.0,100.0,100.0,100.0,100.0,100.0,100.0,100.0,100.00000000423894,64.82261961343472,0.0,0.0,0.0,0.0,0.0,0.0,0.0,0.0,8351.221455836432,81.89458044621135,5.829866173965397,0.0,0.0,0.0,0.0,0.0,0.0,0.0,0.0,"{""type"":""Polygon"",""coordinates"":[[[-71.48949814623127,-42.056065663286596],[-71.4049768574812,-42.05786894394663],[-71.40260256188752,-41.99487814154214],[-71.48704062871013,-41.993078828800414],[-71.48949814623127,-42.056065663286596]]]}"
000000000000000000ba,0.0,4.89182053380089E7,2.2899907323079612E7,7000,0,1121.4971374045801,22.981293548910546,"43,763","43,763",-42.027250887081834,-71.36154588239847,100.0,100.0,100.0,100.0,100.0,100.0,100.0,100.0,99.99999999933365,60.65371298949379,0.0,0.0,0.0,0.0016208906513505664,0.0,0.0025934242025909488,0.0,0.0,20204.821432944238,8862.805671752447,6.455230107712769,0.0,0.0,0.0,0.0,0.0,0.0,0.0,0.0,"{""type"":""Polygon"",""coordinates"":[[[-71.4049768574812,-42.05786894394663],[-71.32044808009843,-42.05961006931827],[-71.31815697043828,-41.9966154691235],[-71.40260256188752,-41.99487814154214],[-71.4049768574812,-42.05786894394663]]]}"
000000000000000000bb,0.0,3.94156304399246E7,1.0474959160007782E7,7000,0,1128.9494117647062,13.969835344880636,"44,763","44,763",-42.027343194228024,-71.28499325155624,100.0,100.0,100.0,100.0,100.0,100.0,100.0,100.0,99.99999444028596,56.13463419405319,0.0,0.0,0.0,0.0,0.0,0.0,0.0,0.0,6334.830508330195,0,6.563335801066366,0.0,0.0,0.0,0.0,0.0,0.0,0.0,0.0,"{""type"":""Polygon"",""coordinates"":[[[-71.24066842126827,-41.998154907653635],[-71.31815697043828,-41.9966154691235],[-71.32044808009843,-42.05961006931827],[-71.26178708391994,-42.06078168232516],[-71.26143760515913,-42.05974639752178],[-71.24966299266684,-42.02482586634635],[-71.24066842126827,-41.998154907653635]]]}"
000000000000000000bc,0.0,2.61611885890376E7,1539296.773849158,7000,5083.863237089367,1463.5929203539827,0.0,"38,764","38,764",-41.95635034169145,-71.76217906343723,100.0,100.0,100.0,100.0,100.0,100.0,100.0,100.0,100.0,89.61348976868328,0.0,0.0,0.0,0.0,0.0,0.0,0.0,0.0,4319.087131649949,0,5.014225571520387,0.0,0.0,0.0,0.0,0.0,0.0,0.0,0.0,"{""type"":""Polygon"",""coordinates"":[[[-71.77805316898643,-41.9864006518047],[-71.74030662909509,-41.98730857718848],[-71.73760818492109,-41.92433357003684],[-71.77419393352598,-41.92345482235036],[-71.77420361696709,-41.92388498751495],[-71.77399284368337,-41.925962634097246],[-71.77382632454679,-41.92735666626953],[-71.77281218494734,-41.928136762020095],[-71.77267172916673,-41.92892300364922],[-71.77249443985625,-41.92999076912933],[-71.77213823194228,-41.93084811210466],[-71.77231479744883,-41.931702036951464],[-71.77292132773462,-41.93281161831712],[-71.77267209116624,-41.93387917602107],[-71.77259914825609,-41.93588118548097],[-71.77285852086156,-41.937021323672084],[-71.77302992748626,-41.937629421131255],[-71.77515910872378,-41.938084998973565],[-71.77588889328229,-41.938220499483805],[-71.77692284240757,-41.93865147628941],[-71.77866584234245,-41.94005372505975],[-71.7799535385663,-41.94155326399848],[-71.78066883263213,-41.94244846403718],[-71.78145073120764,-41.94309348578989],[-71.78354999277806,-41.94364713114804],[-71.78392066753538,-41.94377743889345],[-71.78465097519295,-41.9437788446999],[-71.78581828754042,-41.943749699763174],[-71.7863627120976,-41.94384462262522],[-71.78675157328802,-41.94391233702286],[-71.78828357500825,-41.94404478488997],[-71.78928318657638,-41.94408236884691],[-71.79045039157845,-41.944084503503646],[-71.79097716180398,-41.944080995754604],[-71.79264741858655,-41.94404831866321],[-71.79340177779243,-41.94402282735882],[-71.79383623938398,-41.94480572605815],[-71.79397559998628,-41.946124305521934],[-71.79397795282709,-41.947268389422405],[-71.79420255855166,-41.948144673030875],[-71.79211440699237,-41.94965147368467],[-71.79133905000397,-41.95060200413596],[-71.79062758049169,-41.95214697499233],[-71.7906543669583,-41.95309892792238],[-71.790806760192,-41.954109198191595],[-71.7910113688081,-41.95562899673174],[-71.79187405376615,-41.95729307068194],[-71.79279736752888,-41.958751637277324],[-71.79327164733643,-41.960209379558904],[-71.79380737182305,-41.96119353294336],[-71.79378221451078,-41.961546554390516],[-71.79360140758253,-41.96193057884443],[-71.79318106275275,-41.96228729024811],[-71.7924665205235,-41.96291170843687],[-71.79131226359456,-41.96431286671559],[-71.79011863720076,-41.96675077643204],[-71.78970525592469,-41.96862697680393],[-71.78931676029487,-41.97023064198474],[-71.78815742427757,-41.97130555629214],[-71.7865542016326,-41.97258073903377],[-71.78607231021716,-41.97341549649202],[-71.78563014592712,-41.974902874142295],[-71.78485486376292,-41.97570583162209],[-71.78414500881283,-41.97662510786889],[-71.78330022146015,-41.9784915633183],[-71.78224213008623,-41.97966041956653],[-71.78118792662079,-41.98142372609239],[-71.77953100391284,-41.98254672483136],[-71.77881932724269,-41.98394413138807],[-71.77805316898643,-41.9864006518047]]]}"
000000000000000000bd,0.0,4.89048855558512E7,7972741.727225029,7000,4631.351582502853,1508.5314885496182,0.0,"39,764","39,764",-41.95682042101411,-71.69677099834792,100.0,100.0,100.0,100.0,100.0,100.0,100.0,100.0,100.0,85.31442827608141,0.0,0.0,0.0,0.0,0.0,0.0,0.0,0.0,10523.134313586159,7089.662482084688,4.724387172160257,0.0,0.0,0.0,0.0,0.0,0.0,0.0,0.0,"{""type"":""Polygon"",""coordinates"":[[[-71.74030662909509,-41.98730857718848],[-71.655892859397,-41.98929398076783],[-71.65327737690083,-41.92631467230352],[-71.73760818492109,-41.92433357003684],[-71.74030662909509,-41.98730857718848]]]}"
000000000000000000be,0.0,4.8908570271644E7,2.3921899897993773E7,7000,0,922.2293054234065,0.0,"40,764","40,764",-41.958772685739795,-71.61239452438332,99.98746282315896,99.98746282315896,99.98746282315896,99.98746282315896,99.98746282315896,99.98746282315896,99.98746282315896,99.98746282315896,100.00000000000003,80.40496031746032,0.0,0.0,0.0,0.0,0.0,0.0,0.0,0.0,9698.745779819013,13196.62832160545,6.649281266348703,0.012537176841038854,0.012537176841038854,0.012537176841038854,0.012537176841038854,0.012537176841038854,0.012537176841038854,0.012537176841038854,0.012537176841038854,"{""type"":""Polygon"",""coordinates"":[[[-71.655892859397,-41.98929398076783],[-71.57147079347482,-41.99121741994896],[-71.56893815090962,-41.92823381858554],[-71.65327737690083,-41.92631467230352],[-71.655892859397,-41.98929398076783]]]}"
000000000000000000bf,0.0,4.89121380974416E7,4.852283432488873E7,7000,0,594.0725883476599,5.007145474131227,"41,764","41,764",-41.960663011637116,-71.52800985744899,83.08307620136114,82.97009553553855,82.55023313446638,82.32136770692362,82.08890496785584,81.87981968537643,81.8674174558212,81.55733110788987,100.0,76.3947002226463,0.003521300932234028,0.029098708366636607,0.006430393072085302,0.005971143965786729,7.65499202520479E-4,0.025273301226904868,0.007505427347159461,0.012101321861600256,26754.65319649275,219769.12480691704,9.50597164794689,16.91692379863887,17.029904464461445,17.449766865533622,17.678632293076372,17.91109503214416,18.120180314623568,18.132582544178806,18.44266889211014,"{""type"":""Polygon"",""coordinates"":[[[-71.57147079347482,-41.99121741994896],[-71.48704062871013,-41.993078828800414],[-71.4845908837067,-41.93009111922866],[-71.56893815090962,-41.92823381858554],[-71.57147079347482,-41.99121741994896]]]}"
000000000000000000c0,0.0,4.89155889992351E7,1.4075321670419486E7,7000,0,1170.8782112274023,51.27705457352069,"42,764","42,764",-41.9624913759752,-71.443617243244,100.0,100.0,100.0,100.0,100.0,100.0,100.0,100.0,100.00000000108409,67.69713293650794,0.007921720734328336,0.006336806263279251,0.002640779517367069,0.0,0.006865492141440547,0.00264033244235473,0.009505075646423127,0.002640202786264828,3339.8998446855194,10368.96934076804,7.004218809581938,0.0,0.0,0.0,0.0,0.0,0.0,0.0,0.0,"{""type"":""Polygon"",""coordinates"":[[[-71.48704062871013,-41.993078828800414],[-71.40260256188752,-41.99487814154214],[-71.40023586103374,-41.931886523661554],[-71.4845908837067,-41.93009111922866],[-71.48704062871013,-41.993078828800414]]]}"
000000000000000000c1,0.0,4.89189229441249E7,4.33167785793127E7,7000,0,960.2409177820266,42.932050598648345,"43,764","43,764",-41.96425776302164,-71.35921693091123,100.0,100.0,100.0,100.0,100.0,100.0,100.0,100.0,99.99999999973579,62.17886421521807,0.001200980100864865,0.003088209403747647,0.0,0.001200417998822568,0.0,0.0037738451617588212,0.006347891510547583,0.0,10559.076847234179,13652.361030892665,7.791375258772739,0.0,0.0,0.0,0.0,0.0,0.0,0.0,0.0,"{""type"":""Polygon"",""coordinates"":[[[-71.40260256188752,-41.99487814154214],[-71.31815697043828,-41.9966154691235],[-71.3158732775051,-41.93362003967198],[-71.40023586103374,-41.931886523661554],[-71.40260256188752,-41.99487814154214]]]}"
000000000000000000c2,0.0,4.32383061770192E7,3.570771847346518E7,7000,0,1038.1399132321042,64.39799211687128,"44,764","44,764",-41.96672275649542,-71.2796570126344,100.0,100.0,100.0,100.0,100.0,100.0,100.0,100.0,99.99999918437487,54.703830353918384,0.0010407852391884455,0.0,0.0,0.0,0.0,0.0,0.0,0.0,13777.71764758325,10584.767957340167,7.719315925837854,0.0,0.0,0.0,0.0,0.0,0.0,0.0,0.0,"{""type"":""Polygon"",""coordinates"":[[[-71.24787819821516,-41.93497204060882],[-71.3158732775051,-41.93362003967198],[-71.31815697043828,-41.9966154691235],[-71.24066842126827,-41.998154907653635],[-71.23788892385787,-41.989908497761306],[-71.24665805819424,-41.94167918074536],[-71.24787819821516,-41.93497204060882]]]}"
000000000000000000c3,0.0,2.73932226752501E7,922316.5691309012,7000,164.43390319589832,1456.8913793103447,0.0,"38,765","38,765",-41.88950461207454,-71.76035681594068,100.0,100.0,100.0,100.0,100.0,100.0,100.0,100.0,100.0,90.0673324742268,0.0,0.0,0.0,0.0,0.0,0.0,0.0,0.0,3844.8728798156485,0,4.734086854023622,0.0,0.0,0.0,0.0,0.0,0.0,0.0,0.0,"{""type"":""Polygon"",""coordinates"":[[[-71.77419393352598,-41.92345482235036],[-71.73760818492109,-41.92433357003684],[-71.73491831688449,-41.86135773781388],[-71.78920889000625,-41.86005111730296],[-71.78921205733907,-41.86019359353481],[-71.78937196235809,-41.860654195632996],[-71.78956200217513,-41.86102992589576],[-71.78970389849843,-41.86150833830958],[-71.78975086544365,-41.861772122929],[-71.7896543976836,-41.86203116109276],[-71.78942028677938,-41.86231677030921],[-71.78930010917887,-41.86250869173408],[-71.78927486101762,-41.862915379571966],[-71.78939286674347,-41.86338928315819],[-71.78963086895723,-41.863720460554944],[-71.78964878698747,-41.86375178011497],[-71.78984488980849,-41.864105154442925],[-71.78992162959692,-41.86439132758951],[-71.7899200006865,-41.86490977279916],[-71.78975167989928,-41.865173112024806],[-71.78975023197815,-41.865624458162266],[-71.7896772929426,-41.865981879483506],[-71.78979557000554,-41.86638875571256],[-71.78991991019147,-41.8667644177477],[-71.79017537754011,-41.86724308719656],[-71.79056260520187,-41.86767280279424],[-71.7910576116042,-41.86804913017749],[-71.79129588406609,-41.86834005468896],[-71.79162917563266,-41.86879204391258],[-71.79165179926702,-41.869216637616766],[-71.79160247974204,-41.869667902079456],[-71.79160664249123,-41.87021761438829],[-71.79158157550073,-41.87057513320529],[-71.79149080945011,-41.87091009895723],[-71.79131597387438,-41.87133884709235],[-71.79108177368872,-41.87166913343054],[-71.79091933566966,-41.87197718966588],[-71.79087037801101,-41.87231230601971],[-71.79103064418184,-41.87267011283941],[-71.79131642634754,-41.873050492713176],[-71.79167415141622,-41.873355056627396],[-71.79182274339668,-41.87364134297399],[-71.79182210993528,-41.873833478993994],[-71.79179758592858,-41.87402559571947],[-71.79146185118329,-41.874311026959376],[-71.79091634934318,-41.874716694554465],[-71.79058540990118,-41.87535964485983],[-71.7894420961132,-41.8775474329328],[-71.78901486818773,-41.878355593654156],[-71.78891640930958,-41.879191098502446],[-71.78898609068787,-41.87980796653482],[-71.78915667425787,-41.8806886900202],[-71.78913106410434,-41.8811846503531],[-71.78896265240778,-41.88149276506723],[-71.78868003548237,-41.88197045042575],[-71.78837334651665,-41.88247484659093],[-71.788086023304,-41.8825413796641],[-71.78760666806754,-41.88282649851169],[-71.7873713792243,-41.883447275094525],[-71.78730414088085,-41.88389848633769],[-71.78732070160471,-41.88430524725382],[-71.78754024423466,-41.884824030779065],[-71.78789715905526,-41.88542357198409],[-71.78801471281011,-41.88604049901094],[-71.78801353636781,-41.88639807446728],[-71.7880602320739,-41.886728865900075],[-71.78808376091548,-41.88684952420934],[-71.78832176410057,-41.88722985695018],[-71.78877568907738,-41.88923284380809],[-71.78894039056485,-41.8900598860863],[-71.78871731957388,-41.89061365542488],[-71.78845949818255,-41.89081433604426],[-71.78780114321582,-41.890920329625864],[-71.7875850396003,-41.891156790396934],[-71.78718142860538,-41.89203647193193],[-71.78661727731927,-41.89261192593018],[-71.78614950338833,-41.89298647589838],[-71.78449034384938,-41.89368054118847],[-71.78399243142213,-41.89410864545614],[-71.78361976581803,-41.89464418315838],[-71.78278113088277,-41.895009055115686],[-71.78249298819198,-41.89532137845217],[-71.782371993524,-41.89572336032661],[-71.78249543161411,-41.896371630410364],[-71.78275081437438,-41.89691288897648],[-71.7829225777184,-41.897413704244705],[-71.78296882167994,-41.897892001875995],[-71.78256592885985,-41.89851242467063],[-71.7822298224685,-41.8988470068009],[-71.78187480179244,-41.89943624450164],[-71.7817500965014,-41.900933091316],[-71.78092304037528,-41.901373963650485],[-71.78035480570148,-41.90137291618637],[-71.77971987308014,-41.90160403260422],[-71.77870692851985,-41.9021741892924],[-71.77805796539981,-41.903013095778434],[-71.7764594888119,-41.90507024286769],[-71.77605731183006,-41.9054716321329],[-71.7757562217581,-41.906038649005325],[-71.77379718368904,-41.90851513200866],[-71.77332396113017,-41.91036439783903],[-71.77343337524314,-41.91156229248546],[-71.77338215242895,-41.91251854420677],[-71.77348966602953,-41.91425276152951],[-71.77395682487743,-41.91582235178634],[-71.77456081809096,-41.917606664238484],[-71.77481367316952,-41.91889427788637],[-71.7745586461066,-41.919926084704834],[-71.7741674171858,-41.922280497533144],[-71.77419393352598,-41.92345482235036]]]}"
000000000000000000c4,0.0,4.89056023885051E7,7343166.513459868,7000,3111.267388800064,1477.580861244019,0.0,"39,765","39,765",-41.893842817583945,-71.6941182277194,100.0,100.0,100.0,100.0,100.0,100.0,100.0,100.0,100.0,86.90282425111536,0.0,0.0,0.0,0.0,0.0,0.0,0.0,0.0,8207.806670172335,680.0000523651355,5.149869520577601,0.0,0.0,0.0,0.0,0.0,0.0,0.0,0.0,"{""type"":""Polygon"",""coordinates"":[[[-71.73760818492109,-41.92433357003684],[-71.65327737690083,-41.92631467230352],[-71.650670112493,-41.86333449696845],[-71.73491831688449,-41.86135773781388],[-71.73760818492109,-41.92433357003684]]]}"
000000000000000000c5,0.0,4.89092872670329E7,2.1588796129972182E7,7000,1799.3949411473163,1054.7914285714285,0.0,"40,765","40,765",-41.895790827874684,-71.60982456604778,100.0,100.0,100.0,100.0,100.0,100.0,100.0,100.0,100.0,80.94569444444443,0.0,0.0,0.0,0.0,0.0,0.0,0.0,0.0,14379.230165705041,20447.570438047336,6.348355105445497,0.0,0.0,0.0,0.0,0.0,0.0,0.0,0.0,"{""type"":""Polygon"",""coordinates"":[[[-71.65327737690083,-41.92631467230352],[-71.56893815090962,-41.92823381858554],[-71.56641363970378,-41.86524949930389],[-71.650670112493,-41.86333449696845],[-71.65327737690083,-41.92631467230352]]]}"
000000000000000000c6,0.0,4.89128552503996E7,4.897996277787296E7,7000,0,564.772683858644,0.45511626771558444,"41,765","41,765",-41.897676973129464,-71.5255226585608,95.91437678378703,95.90481245951119,95.89114980574281,95.84743095289603,95.83376921423512,95.76682486051627,95.76682486051627,95.74086522898752,99.99999999999997,78.57114573384274,0.049208973060780856,0.05981962213106217,0.034159530937260436,0.030668348795806266,0.015199477770139504,0.020042037586456292,0.03023235481241432,0.013362110224914674,28978.701868491025,70233.25819345511,9.725405921680993,4.085623216212964,4.095187540488815,4.108850194257191,4.152569047103973,4.166230785764877,4.233175139483731,4.233175139483731,4.2591347710124845,"{""type"":""Polygon"",""coordinates"":[[[-71.56893815090962,-41.92823381858554],[-71.4845908837067,-41.93009111922866],[-71.4821490019746,-41.867102663838956],[-71.56641363970378,-41.86524949930389],[-71.56893815090962,-41.92823381858554]]]}"
000000000000000000c7,0.0,4.89163063046119E7,4.3412569843655095E7,7000,2198.6708208405084,773.7752380952381,57.17642453611986,"42,765","42,765",-41.899501323766316,-71.44121286447076,99.87661122919914,99.87661122919914,99.87661122919914,99.87661122919914,99.86427185702861,99.85810217094334,99.85810217094334,99.85810217094334,99.99999999999997,71.24515342530924,0.004093646317678616,0.002742194441073671,0.0,0.0,0.0020369877192460456,0.0,0.0023798214118607966,0.0,11358.331102505119,29213.17336247915,8.973187348050915,0.12338877080085235,0.12338877080085235,0.12338877080085235,0.12338877080085235,0.13572814297138905,0.14189782905665738,0.14189782905665738,0.14189782905665738,"{""type"":""Polygon"",""coordinates"":[[[-71.4845908837067,-41.93009111922866],[-71.40023586103374,-41.931886523661554],[-71.39787666448166,-41.86889418979111],[-71.4821490019746,-41.867102663838956],[-71.4845908837067,-41.93009111922866]]]}"
000000000000000000c8,0.0,4.89196403967671E7,2.5349595908591285E7,7000,999.5393481471992,1229.4636711281069,33.865635622038084,"43,765","43,765",-41.90126385698645,-71.35689541516004,100.0,100.0,100.0,100.0,100.0,100.0,100.0,100.0,100.00000000000003,63.981385307227,0.0017602165959564855,0.007039418190302939,0.007626186008657412,0.0035199277176576234,0.0,0.0,0.015839926353008685,0.01143895857330784,8527.475669294852,1479.3565279771353,7.0220840417667025,0.0,0.0,0.0,0.0,0.0,0.0,0.0,0.0,"{""type"":""Polygon"",""coordinates"":[[[-71.40023586103374,-41.931886523661554],[-71.3158732775051,-41.93362003967198],[-71.31359682020623,-41.87062386533954],[-71.39787666448166,-41.86889418979111],[-71.40023586103374,-41.931886523661554]]]}"
000000000000000000c9,0.0,3.62136246009129E7,3759844.93501976,7000,0,1481.6075129533679,25.2363097553144,"44,765","44,765",-41.9033895314398,-71.28349283027231,100.0,100.0,100.0,100.0,100.0,100.0,100.0,100.0,100.0,57.978883678309614,0.0,0.0,0.0,0.0,0.0,0.0,0.0,0.0,1664.6026117575643,0,5.474433353616535,0.0,0.0,0.0,0.0,0.0,0.0,0.0,0.0,"{""type"":""Polygon"",""coordinates"":[[[-71.25172068029521,-41.87185432227736],[-71.31359682020623,-41.87062386533954],[-71.3158732775051,-41.93362003967198],[-71.24787819821516,-41.93497204060882],[-71.25542536017402,-41.893453163042274],[-71.25172068029521,-41.87185432227736]]]}"
000000000000000000ca,0.0,2.57475007785531E7,4471141.348038467,7000,0,1338.8194945848377,0.0,"38,766","38,766",-41.83355377936701,-71.75837258353644,100.0,100.0,100.0,100.0,100.0,100.0,100.0,100.0,100.0,93.62857250300844,0.0,0.0,0.0,0.0,0.0,0.0,0.0,0.0,3548.84760545037,0,5.3051350115008304,0.0,0.0,0.0,0.0,0.0,0.0,0.0,0.0,"{""type"":""Polygon"",""coordinates"":[[[-71.78920889000625,-41.86005111730296],[-71.73491831688449,-41.86135773781388],[-71.73223702521595,-41.798381119382086],[-71.77205614840629,-41.79742642286157],[-71.77191795479851,-41.797642058152235],[-71.77158618129793,-41.798571009235125],[-71.77161921386308,-41.79933975869425],[-71.77191487779544,-41.800176076292594],[-71.77191949330003,-41.80056936311947],[-71.77123712190277,-41.80097918533481],[-71.77109358842503,-41.801032512928494],[-71.76857640266512,-41.80176933180613],[-71.7683244477062,-41.80207272918624],[-71.76785746170185,-41.802402540329005],[-71.76711661779036,-41.80245465835449],[-71.7663877183958,-41.80250681636668],[-71.76611775188763,-41.80283691997732],[-71.76612897410031,-41.80303365094511],[-71.76615648662008,-41.803668287393364],[-71.7664884467066,-41.80437059672244],[-71.76655234083896,-41.80488024562872],[-71.76662211756111,-41.805403262738544],[-71.766858598091,-41.806069655881664],[-71.76713851913733,-41.8063070543365],[-71.76745409747176,-41.80656688306073],[-71.7678892276317,-41.806840404117565],[-71.76835404156394,-41.80713633079686],[-71.76902103390698,-41.80770075739141],[-71.769287920959,-41.808237581611934],[-71.76928737795403,-41.80838508238326],[-71.76928565843829,-41.8088677320489],[-71.76922502287744,-41.80910892746997],[-71.76906755136767,-41.80972093384064],[-71.76903126050883,-41.809850464397876],[-71.76798479690608,-41.811792402021624],[-71.76755916951294,-41.8121982164811],[-71.76635513780337,-41.81312982969747],[-71.76579230755031,-41.81346837597742],[-71.7651213264495,-41.81399882161106],[-71.76481995466257,-41.81472669057121],[-71.76505670801797,-41.815330471610956],[-71.76517517513258,-41.81561673683921],[-71.76535871309756,-41.81605953175098],[-71.76512377000337,-41.81659540112566],[-71.76497996230097,-41.81672023029878],[-71.76462030701168,-41.817027836629826],[-71.763723248592,-41.817294144594314],[-71.76344241956166,-41.81729353488684],[-71.76336467793392,-41.817320229604654],[-71.76185916554243,-41.81732604398605],[-71.76096200895799,-41.81759678369828],[-71.76002330881674,-41.817795959020344],[-71.75983162251012,-41.817920715923805],[-71.75935856049222,-41.818228069748315],[-71.75794652010626,-41.81877482270868],[-71.75682888423583,-41.81889759427011],[-71.7557953232974,-41.81889090111828],[-71.75512613155813,-41.81889396667862],[-71.75453422967941,-41.81902677712388],[-71.75403147425295,-41.819258093715064],[-71.75346844155273,-41.819627815860386],[-71.75316180960498,-41.82012769979528],[-71.75283092191222,-41.82072585876493],[-71.75269679283335,-41.82142722821775],[-71.75259732730653,-41.82242362760811],[-71.75236291798251,-41.82278960526862],[-71.75199646075001,-41.82332508584164],[-71.75146283890739,-41.823788687063356],[-71.75126933741855,-41.8243916134777],[-71.75136292047294,-41.824923690098196],[-71.75189934815641,-41.82525556599623],[-71.7522152128697,-41.825452871289],[-71.75233449923441,-41.825524602917696],[-71.75279426720995,-41.82559266442944],[-71.753033201491,-41.82561999306755],[-71.75396558653532,-41.825554967376924],[-71.75492747347931,-41.82555700906637],[-71.75562562711889,-41.82582214096585],[-71.75637102257724,-41.826212593644634],[-71.75698627120322,-41.82625854152863],[-71.7601789746668,-41.82572006790304],[-71.76072253750702,-41.82575689496991],[-71.76155724769602,-41.8262324075782],[-71.76176585702947,-41.82638922181581],[-71.76205211768753,-41.82651940763001],[-71.76240408310031,-41.82668552807296],[-71.763401059932,-41.82691997303405],[-71.76486339565821,-41.827352004528095],[-71.76658112034487,-41.8282001672302],[-71.7670280168716,-41.828563109784575],[-71.77061484136969,-41.82975907038145],[-71.77456416656682,-41.82987865939176],[-71.77984476015428,-41.83037155338433],[-71.78175145396129,-41.83021872969574],[-71.78275542972361,-41.830184898873426],[-71.78361587445563,-41.83018204842843],[-71.78521657787587,-41.830417469998146],[-71.78538390558265,-41.830408865593135],[-71.78698496217281,-41.83051909314946],[-71.78855008410041,-41.83065153371432],[-71.78938653208138,-41.830684421671236],[-71.7895239037256,-41.83069807192408],[-71.79071879926072,-41.830785145764324],[-71.79167930960426,-41.83124722497385],[-71.79203097114136,-41.83151596260282],[-71.79347037226744,-41.83360117947985],[-71.79395713923465,-41.83462994461185],[-71.7947402723417,-41.83640117469058],[-71.79517934728783,-41.83737174652731],[-71.79531182979966,-41.83895406105657],[-71.79553706804262,-41.839526496420355],[-71.79543978758349,-41.84005810491891],[-71.7951929213182,-41.84061186318536],[-71.79519111144752,-41.841183869452124],[-71.795536525082,-41.841582248446414],[-71.7961510654212,-41.841909606605995],[-71.79676614753899,-41.842067078603854],[-71.79732123166613,-41.84228262756173],[-71.79748158510168,-41.8426225719698],[-71.79728349611122,-41.842894837961474],[-71.79683437932088,-41.84316658823867],[-71.79636634882155,-41.843737820168364],[-71.79580791478384,-41.84456359458209],[-71.79544159745276,-41.84510820261866],[-71.79503926326079,-41.845710833523256],[-71.79459457751302,-41.84645190453484],[-71.7943354939365,-41.84709047635262],[-71.79372330295529,-41.847875981625926],[-71.79325608235484,-41.84820584598281],[-71.79278261697219,-41.84860278077711],[-71.79230833644071,-41.84924994518164],[-71.79193622346206,-41.84971846707652],[-71.7915098133113,-41.85033447287567],[-71.7908392478138,-41.85065945768998],[-71.79054342029484,-41.85158405838881],[-71.79051636233439,-41.852531450778145],[-71.7909017796894,-41.85348851796043],[-71.79110186351043,-41.8544587060466],[-71.79121787768143,-41.85554485227798],[-71.79086096655635,-41.8568581391307],[-71.79069671852933,-41.85773378191818],[-71.79055808045975,-41.85806870543385],[-71.7899826232364,-41.858554799442665],[-71.78953295323895,-41.85894281933379],[-71.78917893608578,-41.85935777139901],[-71.78919558720807,-41.8597421348222],[-71.7892068086161,-41.859956651421946],[-71.78920889000625,-41.86005111730296]]]}"
000000000000000000cb,0.0,4.89063190643128E7,1.905793277987683E7,7000,0,1226.9253588516747,0.0,"39,766","39,766",-41.8308643969142,-71.69147387912017,100.0,100.0,100.0,100.0,100.0,100.0,100.0,100.0,100.0,91.81143341307815,0.0,0.0,0.0,0.0,0.0,0.0,0.0,0.0,7554.889258453042,10606.147956512219,6.211500636561636,0.0,0.0,0.0,0.0,0.0,0.0,0.0,0.0,"{""type"":""Polygon"",""coordinates"":[[[-71.73491831688449,-41.86135773781388],[-71.650670112493,-41.86333449696845],[-71.6480711569166,-41.800353508783786],[-71.73223702521595,-41.798381119382086],[-71.73491831688449,-41.86135773781388]]]}"
000000000000000000cc,0.0,4.89100041055357E7,2.660661698886034E7,7000,0,1094.4861773117257,0.0,"40,766","40,766",-41.832808122955754,-71.60726272906912,100.0,100.0,100.0,100.0,100.0,100.0,100.0,100.0,99.99999999999997,84.9669625834128,0.0,0.0,0.0,0.0,0.0,0.0,0.0,0.0,14892.408693483976,18664.617062975343,6.782939175950334,0.0,0.0,0.0,0.0,0.0,0.0,0.0,0.0,"{""type"":""Polygon"",""coordinates"":[[[-71.650670112493,-41.86333449696845],[-71.56641363970378,-41.86524949930389],[-71.5638970789384,-41.80226425178813],[-71.6480711569166,-41.800353508783786],[-71.650670112493,-41.86333449696845]]]}"
000000000000000000cd,0.0,4.89135722464494E7,4.898259860153174E7,7000,0,691.5732057416268,0.0,"41,766","41,766",-41.83469014284645,-71.52304340761616,99.26684646038755,99.26684646038755,99.26684646038755,99.26684646038755,99.26684646038755,99.26684646038755,99.26684646038755,99.26547869365275,99.99999999999999,80.1840842096877,0.0,0.0,0.0,0.0,0.0,0.0,0.0,0.0,17850.534043494903,55936.24247921465,9.221924927312148,0.7331535396124408,0.7331535396124408,0.7331535396124408,0.7331535396124408,0.7331535396124408,0.7331535396124408,0.7331535396124408,0.7345213063472444,"{""type"":""Polygon"",""coordinates"":[[[-71.56641363970378,-41.86524949930389],[-71.4821490019746,-41.867102663838956],[-71.47971489311216,-41.80411341425696],[-71.5638970789384,-41.80226425178813],[-71.56641363970378,-41.86524949930389]]]}"
000000000000000000ce,0.0,4.89170234530518E7,4.459112229204004E7,7000,0,974.2968601332066,13.454772803557338,"42,766","42,766",-41.83651049923722,-71.43881615752699,100.0,100.0,100.0,100.0,100.0,100.0,100.0,100.0,100.00000000000003,70.9231373250636,0.003694803882464768,0.007534812007634153,0.0018578250140034943,0.001001650710126133,0.0,0.007513918639398659,0.0030046607013441626,0.002838983936993329,7749.90957359022,20251.451279285033,8.112272343744758,0.0,0.0,0.0,0.0,0.0,0.0,0.0,0.0,"{""type"":""Polygon"",""coordinates"":[[[-71.4821490019746,-41.867102663838956],[-71.39787666448166,-41.86889418979111],[-71.39552506298969,-41.8059009756393],[-71.47971489311216,-41.80411341425696],[-71.4821490019746,-41.867102663838956]]]}"
000000000000000000cf,0.0,4.89203576924481E7,2399516.5995583627,7000,2597.2288747315665,1554.5325047801146,74.85094055760695,"43,766","43,766",-41.83826914704114,-71.3545812982073,100.0,100.0,100.0,100.0,100.0,100.0,100.0,100.0,100.0,63.66322767145136,0.0,0.0,0.0,0.0,0.0,0.0,0.0,0.0,14523.0230049637,0,5.946474289597508,0.0,0.0,0.0,0.0,0.0,0.0,0.0,0.0,"{""type"":""Polygon"",""coordinates"":[[[-71.39787666448166,-41.86889418979111],[-71.31359682020623,-41.87062386533954],[-71.3113275986849,-41.8076268402927],[-71.39552506298969,-41.8059009756393],[-71.39787666448166,-41.86889418979111]]]}"
000000000000000000d0,0.0,3.84013023931101E7,3850520.269117885,7000,0,1566.4289185905225,1.9348345275141274,"44,766","44,766",-41.8391075056231,-71.27932827001115,100.0,100.0,100.0,100.0,100.0,100.0,100.0,100.0,100.0,57.72824270959904,0.0,0.0,0.0,0.0,0.0,0.0,0.0,0.0,18407.51828396317,0,5.427767453941077,0.0,0.0,0.0,0.0,0.0,0.0,0.0,0.0,"{""type"":""Polygon"",""coordinates"":[[[-71.24095039420044,-41.80902198251143],[-71.3113275986849,-41.8076268402927],[-71.31359682020623,-41.87062386533954],[-71.25172068029521,-41.87185432227736],[-71.24490315974582,-41.83206909056192],[-71.24095039420044,-41.80902198251143]]]}"
000000000000000000d1,0.0,2.56665495231326E7,4578070.404424631,7000,6050.396559635285,1295.2735674676526,0.0,"38,767","38,767",-41.76350553214705,-71.75359521071107,100.0,100.0,100.0,100.0,100.0,100.0,100.0,100.0,99.9999999996667,96.21162584719654,0.0,0.0,0.0,0.0,0.0,0.0,0.0,0.0,0,0,5.721173203586431,0.0,0.0,0.0,0.0,0.0,0.0,0.0,0.0,"{""type"":""Polygon"",""coordinates"":[[[-71.77205614840629,-41.79742642286157],[-71.73223702521595,-41.798381119382086],[-71.72956431014516,-41.735403605466246],[-71.78575548318537,-41.734053996217135],[-71.78511314053165,-41.73438415316243],[-71.78477857524524,-41.73451314163544],[-71.784575229606,-41.7346601969241],[-71.78418048349826,-41.73494552181625],[-71.7841196697494,-41.73530293389742],[-71.78411342547989,-41.73537889825035],[-71.78411261100996,-41.73561574928668],[-71.78404510049401,-41.73618323515802],[-71.78421107136164,-41.73650977358699],[-71.78462753659626,-41.73687255406832],[-71.78475830403464,-41.7370113541604],[-71.78504372980167,-41.73731579901291],[-71.785310513073,-41.73784365584889],[-71.7854096065315,-41.73854548248644],[-71.78538490104198,-41.73877782738993],[-71.78534200579189,-41.739112926234576],[-71.78501087960741,-41.740010637513144],[-71.7847766748193,-41.74044370685234],[-71.78454780915617,-41.74107791785754],[-71.7843431964185,-41.7416094060243],[-71.78407894625043,-41.74210944970438],[-71.78398148132192,-41.74270814140207],[-71.78397903791108,-41.743441093018966],[-71.78378582740216,-41.744102118440246],[-71.78374356541586,-41.74424503756745],[-71.7835093597037,-41.744673653807915],[-71.78307768953184,-41.74527170881907],[-71.78304610609399,-41.74580798575413],[-71.78281045192098,-41.74666111328689],[-71.7827802259124,-41.7467727641526],[-71.78267760225727,-41.74713906353893],[-71.78264674275668,-41.74742057142847],[-71.78264674275667,-41.74743843502135],[-71.78251443600794,-41.747737611316495],[-71.78237579440432,-41.74813962189008],[-71.78226801228081,-41.74825115903735],[-71.78211235709323,-41.748402797622454],[-71.78221262800177,-41.74873815700222],[-71.78248122356658,-41.74873870194281],[-71.78273787329681,-41.74873023594894],[-71.78304167174286,-41.74888723253513],[-71.78329786854103,-41.749008364353],[-71.7836494487669,-41.749187799578756],[-71.78376166476826,-41.74952319639699],[-71.7840115262241,-41.74977391743312],[-71.78411107256672,-41.750337250470785],[-71.78412808593855,-41.7506098836734],[-71.78412781444858,-41.75067695284576],[-71.78413903603376,-41.75088703742059],[-71.78414464682622,-41.751003215928826],[-71.78407795078705,-41.75130251625553],[-71.78398166231531,-41.75153919976991],[-71.78377180040518,-41.751833761198526],[-71.78290909366574,-41.75281985827027],[-71.78200059300214,-41.75321591352098],[-71.78131380859674,-41.75333522829208],[-71.78081181885628,-41.75353539980021],[-71.78038141202968,-41.753735659379025],[-71.77981281440732,-41.75419939137937],[-71.77921516591046,-41.75443513687287],[-71.77874828618653,-41.75483199006132],[-71.77838294486395,-41.755197740807255],[-71.77798176576758,-41.75556791560911],[-71.7774125304144,-41.75619695398657],[-71.77712383992206,-41.75685334366745],[-71.77585215069648,-41.75866982104286],[-71.77562436467072,-41.75893308506571],[-71.77461783267505,-41.76003496893091],[-71.77458154244094,-41.76016455464712],[-71.7745332157887,-41.760311940729544],[-71.77451520641642,-41.76036102790015],[-71.77455556912875,-41.76076331703351],[-71.774649054943,-41.761331125685906],[-71.77491584683682,-41.76186348848763],[-71.77516001371558,-41.76202932049798],[-71.77517186910787,-41.76204272444659],[-71.77524924589419,-41.762096536869024],[-71.77548671558779,-41.76246344556788],[-71.7755506984364,-41.76296416616644],[-71.7755840925914,-41.7636569035024],[-71.77558391159329,-41.763692663097004],[-71.77561721524576,-41.76443013088595],[-71.77571531620211,-41.765391227201995],[-71.77575423077982,-41.766227032719854],[-71.77565649183151,-41.76685698061473],[-71.77565042839576,-41.7668972137631],[-71.77524752641024,-41.76772318422945],[-71.77468344468392,-41.768557821995714],[-71.77401700705093,-41.76966043376699],[-71.77394505993993,-41.76974073461722],[-71.77321988646386,-41.77053927150697],[-71.77307626336916,-41.77063282627294],[-71.77248303686511,-41.77125732876658],[-71.77215379794673,-41.77152485286906],[-71.77158554779665,-41.77182314350381],[-71.77074262798783,-41.77213879216877],[-71.7702280421901,-41.77246848049395],[-71.76985146912254,-41.772588344273125],[-71.76958250101954,-41.77268613801887],[-71.76921714930378,-41.77302061837106],[-71.7688218413584,-41.77337289569181],[-71.7687918855397,-41.77339069699493],[-71.76855784995396,-41.77374327870888],[-71.7680183728471,-41.7743231568168],[-71.76762252042562,-41.77482293405024],[-71.7670884718423,-41.77558610859799],[-71.7669781505624,-41.77637240618893],[-71.76627721587315,-41.77868154465043],[-71.76600724927262,-41.779020630476765],[-71.76582135862935,-41.77925269714954],[-71.76535925610912,-41.77988636443064],[-71.764891270294,-41.78052001207252],[-71.76448935039399,-41.78101974095065],[-71.76430083431278,-41.78194896025514],[-71.76361057309997,-41.782944120633616],[-71.76226706189748,-41.784559173451065],[-71.76115930578743,-41.78537924385711],[-71.75973623183172,-41.785912522168346],[-71.75906071297831,-41.78611225404993],[-71.75816354863436,-41.78648128105074],[-71.7571596773421,-41.786680330461884],[-71.75582709041214,-41.78691433426056],[-71.7546206619019,-41.78696985188831],[-71.75406478012712,-41.787111716643786],[-71.75393219014583,-41.78744660664569],[-71.75493951062377,-41.78792244904184],[-71.75596682947817,-41.78787549866032],[-71.75709614337089,-41.78768122284563],[-71.7580934985749,-41.78764763111592],[-71.75949187228066,-41.78738235857602],[-71.76130166714051,-41.787261037561706],[-71.76139126516279,-41.787247795055535],[-71.76181572414306,-41.787128000085],[-71.76401548066906,-41.78650685113553],[-71.76529309919206,-41.78657209547186],[-71.7653348205873,-41.78659449754072],[-71.76655695642027,-41.7871466898056],[-71.76788859412316,-41.78714941961267],[-71.76898564805204,-41.787611916641495],[-71.7691285489616,-41.787741813449806],[-71.76958675455452,-41.788180696461446],[-71.76969381691708,-41.78828371860295],[-71.77002115783392,-41.78861061173611],[-71.77048578769404,-41.788915456071365],[-71.77078326267379,-41.78924230513363],[-71.77088435161417,-41.78934530223746],[-71.77138391332524,-41.78994511474473],[-71.77188446976348,-41.790245544309066],[-71.77226484145679,-41.79076025036013],[-71.77231778394811,-41.790979352752345],[-71.77248321786496,-41.791480257108994],[-71.77285164287471,-41.79200834846985],[-71.77309626381657,-41.79207136377829],[-71.77311409226863,-41.792075896789186],[-71.77372170704523,-41.79251509410499],[-71.77395347639526,-41.79284174609567],[-71.77398650871778,-41.793646276972545],[-71.77393157551106,-41.79398580155799],[-71.77388261526454,-41.7943119788467],[-71.77385854238645,-41.79435658905324],[-71.77365401334964,-41.79477629460917],[-71.7736693077821,-41.79554058380679],[-71.77359609359883,-41.795973905686786],[-71.77352414639384,-41.79604975401945],[-71.77302123950749,-41.79641078118157],[-71.77268602814719,-41.79660674473007],[-71.77221823395723,-41.797173420643034],[-71.77205614840629,-41.79742642286157]]]}"
000000000000000000d2,0.0,4.89070355798096E7,8088057.600851074,7000,1009.383974560755,1540.2021072796933,0.0,"39,767","39,767",-41.767885140098095,-71.68883798145447,100.0,100.0,100.0,100.0,100.0,100.0,100.0,100.0,100.0,89.51557511174971,0.0,0.0,0.0,0.0,0.0,0.0,0.0,0.0,6790.240742595876,6181.184663264176,5.189617789111375,0.0,0.0,0.0,0.0,0.0,0.0,0.0,0.0,"{""type"":""Polygon"",""coordinates"":[[[-71.73223702521595,-41.798381119382086],[-71.6480711569166,-41.800353508783786],[-71.64548051038167,-41.737371672248],[-71.72956431014516,-41.735403605466246],[-71.73223702521595,-41.798381119382086]]]}"
000000000000000000d3,0.0,4.8910720783681E7,4401921.7163854,7000,2598.2862532894787,1422.0657769304098,0.0,"40,767","40,767",-41.76982459302807,-71.60470907111824,100.0,100.0,100.0,100.0,100.0,100.0,100.0,100.0,100.0,81.98658580305927,0.0,0.0,0.0,0.0,0.0,0.0,0.0,0.0,3364.295504157228,10790.846661511234,5.359086659943854,0.0,0.0,0.0,0.0,0.0,0.0,0.0,0.0,"{""type"":""Polygon"",""coordinates"":[[[-71.6480711569166,-41.800353508783786],[-71.5638970789384,-41.80226425178813],[-71.56138855936037,-41.73927827593985],[-71.64548051038167,-41.737371672248],[-71.6480711569166,-41.800353508783786]]]}"
000000000000000000d4,0.0,4.89142890821137E7,4.872437297166135E7,7000,0,861.9712918660288,0.0,"41,767","41,767",-41.771702488163044,-71.52057201452001,100.0,100.0,100.0,100.0,100.0,100.0,100.0,100.0,100.00000000037579,80.20108261425376,0.0,0.0,0.0,7.646072786856926E-4,0.0,7.64911518897935E-4,0.0,0.0,5675.490109211771,47854.84365604736,8.212410587592412,0.0,0.0,0.0,0.0,0.0,0.0,0.0,0.0,"{""type"":""Polygon"",""coordinates"":[[[-71.5638970789384,-41.80226425178813],[-71.47971489311216,-41.80411341425696],[-71.47728855729356,-41.74112333574876],[-71.56138855936037,-41.73927827593985],[-71.5638970789384,-41.80226425178813]]]}"
000000000000000000d5,0.0,4.89177404410768E7,3.6884942936249204E7,7000,998.848621986427,1095.657769304099,0.3436116151801412,"42,767","42,767",-41.77351883739962,-71.43642710142618,100.0,100.0,100.0,100.0,100.0,100.0,100.0,100.0,100.0000000005378,70.93081423113657,0.002600581663480531,0.005630936953920386,0.001994472604185246,0.0,0.0,0.008483023594715774,0.0036354979996347137,0.008281752016259279,5562.100887955796,31489.595642786717,6.907147945852197,0.0,0.0,0.0,0.0,0.0,0.0,0.0,0.0,"{""type"":""Polygon"",""coordinates"":[[[-71.47971489311216,-41.80411341425696],[-71.39552506298969,-41.8059009756393],[-71.39318087551669,-41.74290696299678],[-71.47728855729356,-41.74112333574876],[-71.47971489311216,-41.80411341425696]]]}"
000000000000000000d6,0.0,4.89210748276836E7,223802.34550508985,7000,2596.197777309076,1676.1684210526319,0.0,"43,767","43,767",-41.77527364067579,-71.35227458045519,100.0,100.0,100.0,100.0,100.0,100.0,100.0,100.0,100.0,64.43792903895275,0.0,0.0,0.0,0.0,0.0,0.0,0.0,0.0,14737.081905699337,0,4.646396577769313,0.0,0.0,0.0,0.0,0.0,0.0,0.0,0.0,"{""type"":""Polygon"",""coordinates"":[[[-71.39552506298969,-41.8059009756393],[-71.3113275986849,-41.8076268402927],[-71.30906570370486,-41.744629092320615],[-71.39318087551669,-41.74290696299678],[-71.39552506298969,-41.8059009756393]]]}"
000000000000000000d7,0.0,4.2747333383713E7,519742.2749163759,7000,2551.0879297532583,1588.1642935377877,89.45687884306118,"44,767","44,767",-41.77659616030376,-71.27340414248673,100.0,100.0,100.0,100.0,100.0,100.0,100.0,100.0,100.0,60.33959702446149,0.0,0.0,0.0,0.0,0.0,0.0,0.0,0.0,16040.134630098288,0,4.65990380394759,0.0,0.0,0.0,0.0,0.0,0.0,0.0,0.0,"{""type"":""Polygon"",""coordinates"":[[[-71.23578693030362,-41.7460790200209],[-71.30906570370486,-41.744629092320615],[-71.3113275986849,-41.8076268402927],[-71.24095039420044,-41.80902198251143],[-71.23438221102441,-41.770687936858565],[-71.23578693030362,-41.7460790200209]]]}"
000000000000000000d8,0.0,1370362.08509713,97832.64909461523,7000,0,1269.7142857142856,0.0,"37,768","37,768",-41.678336918624254,-71.81804600395185,100.0,100.0,100.0,100.0,100.0,100.0,100.0,100.0,100.0,115.29732142857141,0.0,0.0,0.0,0.0,0.0,0.0,0.0,0.0,0,0,7.150654602050781,0.0,0.0,0.0,0.0,0.0,0.0,0.0,0.0,"{""type"":""MultiPolygon"",""coordinates"":[[[[-71.8218608855554,-41.67013133473799],[-71.83363488198944,-41.66984139667233],[-71.83360267017993,-41.669893357853255],[-71.83317124877495,-41.6707731634328],[-71.83307488464338,-41.671166317154544],[-71.83294848019344,-41.67163990625628],[-71.83314347057289,-41.67231054365243],[-71.83319604104443,-41.67272177252991],[-71.83318337346172,-41.67300780568752],[-71.83301543746026,-41.67341431137877],[-71.83285383516784,-41.673641980847314],[-71.83245969171675,-41.673936371115275],[-71.83191055026411,-41.67421263763028],[-71.8311827033781,-41.67443503493324],[-71.8308782269034,-41.67464021811807],[-71.8305554724723,-41.67493466878055],[-71.83022068339625,-41.67530511996583],[-71.82996959135706,-41.67560417667232],[-71.82977260838199,-41.6756977399013],[-71.82955798094959,-41.67569743087645],[-71.82915279436352,-41.675638745877066],[-71.8288133891224,-41.675495222238204],[-71.82866463341833,-41.67540118076493],[-71.82813530142337,-41.67494899446645],[-71.82719598378802,-41.67398668639891],[-71.82610591580224,-41.67369898148686],[-71.82549840056694,-41.67352380812369],[-71.82511763975495,-41.67325506869696],[-71.82475488502975,-41.672919320846574],[-71.82461237089979,-41.672740296945214],[-71.82441637993463,-41.67246737025179],[-71.82382840631301,-41.67166647277309],[-71.82304371590507,-41.67090549273821],[-71.8218608855554,-41.67013133473799]]],[[[-71.81181416046182,-41.69152539131657],[-71.8108935258333,-41.67040024059641],[-71.81758168490637,-41.67023638920097],[-71.81745988913248,-41.670423040563875],[-71.81719050856644,-41.67082040551068],[-71.81665627112238,-41.672151391356344],[-71.81652343552106,-41.67275006052762],[-71.81618772677189,-41.67339307698016],[-71.81610384477305,-41.67354930922411],[-71.81598983037024,-41.673821803797175],[-71.81576171095435,-41.67438900601899],[-71.81552092308722,-41.67521547844068],[-71.81554327356584,-41.67573834926922],[-71.81556037575288,-41.67602000056763],[-71.81566099812567,-41.67626146198064],[-71.81572614928533,-41.67641799827339],[-71.81575999168798,-41.677084001174215],[-71.81575791047081,-41.67781694054562],[-71.81592205512253,-41.67878251616599],[-71.8160281066386,-41.67921175511517],[-71.81605751511589,-41.67935030678347],[-71.8160551624378,-41.68018159111904],[-71.81606104413298,-41.68022634940871],[-71.8160891857807,-41.680811804533285],[-71.81655700637651,-41.68191203555349],[-71.81669916216983,-41.68222060785324],[-71.81675843143472,-41.68234584225309],[-71.8167879303319,-41.68247100452736],[-71.81689416253408,-41.68284658581664],[-71.81689968226424,-41.68301200008626],[-71.8169223041081,-41.683450048716985],[-71.81699152694037,-41.68424562112598],[-71.81691913705006,-41.68455834124251],[-71.81682258700823,-41.68497833572813],[-71.81685688173123,-41.685478923211896],[-71.81710617439542,-41.685877086505286],[-71.8172901350637,-41.686176854007755],[-71.8175159007163,-41.68646319844167],[-71.8176881883049,-41.68667803433221],[-71.81791965436155,-41.687040380807844],[-71.8179895103862,-41.687643833354514],[-71.81798869600259,-41.68793435398721],[-71.81798842454137,-41.688037131042584],[-71.81798788161896,-41.688242684578334],[-71.81792101166788,-41.6886761051742],[-71.81777134598889,-41.68891275186806],[-71.81768746440765,-41.689042220984796],[-71.81701152464466,-41.68983671356883],[-71.81696962900028,-41.68989023001833],[-71.81643222412238,-41.69015752578548],[-71.8157578199831,-41.69037096585965],[-71.81535795457023,-41.69050885864236],[-71.81439163370361,-41.690641394355275],[-71.81356239974944,-41.69080990266235],[-71.81289432372601,-41.69090711050605],[-71.81222561288016,-41.691205494172465],[-71.81181416046182,-41.69152539131657]]]]}"
000000000000000000d9,0.0,4.34948510314863E7,1.2125980682383783E7,7000,8728.510958506651,1290.3605664488018,0.0,"38,768","38,768",-41.701780539249974,-71.76603867976802,100.0,100.0,100.0,100.0,100.0,100.0,100.0,100.0,100.0,99.27105978260867,0.0,0.0,0.0,0.0,0.0,0.0,0.0,0.0,646.5270402499743,0,5.923783310185309,0.0,0.0,0.0,0.0,0.0,0.0,0.0,0.0,"{""type"":""Polygon"",""coordinates"":[[[-71.78575548318537,-41.734053996217135],[-71.72956431014516,-41.735403605466246],[-71.72690008138818,-41.67242529096742],[-71.8108935258333,-41.67040024059641],[-71.81181416046182,-41.69152539131657],[-71.8117953387858,-41.69153998277134],[-71.8114959111078,-41.69197301951422],[-71.81096365486704,-41.69253974963861],[-71.8105755470273,-41.69271787280523],[-71.80880991733405,-41.692938388221364],[-71.80549625863028,-41.69240096310452],[-71.80289735752665,-41.692128421952944],[-71.79948807758706,-41.69168447908304],[-71.79724503660822,-41.69204259353921],[-71.79607894228243,-41.69311316958065],[-71.79437440625792,-41.69472793064061],[-71.79320956839373,-41.69724201792983],[-71.79285112108556,-41.6993062017669],[-71.79272325276169,-41.700110428604475],[-71.79243557146998,-41.700565747952105],[-71.79223793182953,-41.70083350831209],[-71.79187206288778,-41.70146749095234],[-71.79147678278994,-41.70200306961657],[-71.79127307941731,-41.70230212793538],[-71.79126068165124,-41.70244070452712],[-71.79123615760159,-41.70263726300314],[-71.79127651821368,-41.70306639619855],[-71.7916027512257,-41.703630080839105],[-71.79159650710181,-41.70369711620052],[-71.79200735209497,-41.7039169063564],[-71.79294206773922,-41.70441467562118],[-71.79507491772827,-41.70508439638512],[-71.79566991238,-41.705532381981904],[-71.79600283742202,-41.7058636889067],[-71.79655529857187,-41.70654845975545],[-71.79656127111964,-41.70656635664717],[-71.79665031636395,-41.70669611333039],[-71.79672144394983,-41.706816910275215],[-71.79679266201299,-41.70693764817366],[-71.7968638800603,-41.707045069562646],[-71.79692324350312,-41.707143491704414],[-71.79704197035572,-41.707322457932264],[-71.79714277955422,-41.70748797651661],[-71.79720223343827,-41.707564121000964],[-71.79773577951967,-41.7085974401165],[-71.79843700757357,-41.709394167039825],[-71.79887064789787,-41.709962526338124],[-71.80013174880477,-41.71102840117461],[-71.80113168535351,-41.71172732617162],[-71.80290124865485,-41.712329225744895],[-71.80376534941217,-41.712594418782096],[-71.80476038808312,-41.712926813076415],[-71.80506986655732,-41.71314190367183],[-71.80509963800874,-41.7131597851355],[-71.80563525218801,-41.713558479751256],[-71.80609802066725,-41.714390557226785],[-71.8063353770203,-41.71479314815559],[-71.80703124727792,-41.715460230219776],[-71.80805993800703,-41.71655693945504],[-71.80896393072753,-41.71745672693256],[-71.80968829942115,-41.71860206759436],[-71.80983082023832,-41.71882128931985],[-71.81002654872336,-41.71919255892069],[-71.81026335921702,-41.71979179136724],[-71.81029837856053,-41.7200555445094],[-71.81034507101255,-41.72042212087501],[-71.81036262592491,-41.72052046197924],[-71.81006265396474,-41.72112327762625],[-71.80982910093994,-41.72142233285842],[-71.80979317665089,-41.72145354079008],[-71.80939855214122,-41.721756827042356],[-71.8090277259128,-41.72209142927008],[-71.80835954989232,-41.72212159755093],[-71.80776222612975,-41.72238869370417],[-71.8070636427614,-41.72258864922128],[-71.80622787443163,-41.722788340804264],[-71.80563072765909,-41.72298851429845],[-71.80453153670267,-41.72348719140907],[-71.80361088105381,-41.72413812159086],[-71.8033540670624,-41.724240491613635],[-71.80208872576627,-41.724443833198514],[-71.80156333120466,-41.724585962553675],[-71.80109141647603,-41.72478183321894],[-71.8004348068276,-41.72488789000717],[-71.80003519368013,-41.72488720141728],[-71.80002315822206,-41.724896120834046],[-71.79960490314964,-41.72511891132923],[-71.7989349880545,-41.725680830193596],[-71.79528060954053,-41.72861060957025],[-71.79299573077746,-41.73042548554303],[-71.7919069937521,-41.73134418187709],[-71.79177505279901,-41.731549556325426],[-71.79121299096992,-41.73192393138016],[-71.79107543906,-41.732017493525355],[-71.7907407894958,-41.73218223792801],[-71.79034062127816,-41.732315610181594],[-71.78939087584968,-41.73265352516862],[-71.7883576003063,-41.732977921853994],[-71.78640415927507,-41.733720675449554],[-71.78575548318537,-41.734053996217135]]]}"
000000000000000000da,0.0,4.89077519314886E7,1.6251582850565273E7,7000,19486.364647824226,1264.8197507190798,0.0,"39,768","39,768",-41.70490505016617,-71.68621049807552,100.0,100.0,100.0,100.0,100.0,100.0,100.0,100.0,100.0,94.53901751439544,0.0,0.0,0.0,0.0,0.0,0.0,0.0,0.0,6834.472220286057,0,6.2447817456470585,0.0,0.0,0.0,0.0,0.0,0.0,0.0,0.0,"{""type"":""Polygon"",""coordinates"":[[[-71.72956431014516,-41.735403605466246],[-71.64548051038167,-41.737371672248],[-71.64289817309734,-41.67438902399214],[-71.72690008138818,-41.67242529096742],[-71.72956431014516,-41.735403605466246]]]}"
000000000000000000db,0.0,4.89114372979868E7,2.483892128308708E7,7000,6301.822617645065,980.3326959847037,0.0,"40,768","40,768",-41.706840247873956,-71.6021635473632,100.0,100.0,100.0,100.0,100.0,100.0,100.0,100.0,99.99999999999999,90.00427222753342,0.0,0.0,0.0015019190616906023,0.0,0.0,0.0,0.0,0.0,8506.487431386906,27361.8105919459,6.890515510529905,0.0,0.0,0.0,0.0,0.0,0.0,0.0,0.0,"{""type"":""Polygon"",""coordinates"":[[[-71.64548051038167,-41.737371672248],[-71.56138855936037,-41.73927827593985],[-71.55888799060241,-41.676291447032966],[-71.64289817309734,-41.67438902399214],[-71.64548051038167,-41.737371672248]]]}"
000000000000000000dc,0.0,4.89150057538984E7,4.840019359209291E7,7000,0,797.7088122605365,0.0,"41,768","41,768",-41.70871402847468,-71.51810849967133,100.0,100.0,100.0,100.0,100.0,100.0,100.0,100.0,100.0,86.91297139661233,0.0,0.001031286424727142,4.150522894889179E-4,0.0,0.0012124419938554368,0.0027269591415908343,0.0034970945574662547,0.0059627696807558524,19473.906544481535,34264.28011213972,8.618574305943081,0.0,0.0,0.0,0.0,0.0,0.0,0.0,0.0,"{""type"":""Polygon"",""coordinates"":[[[-71.56138855936037,-41.73927827593985],[-71.47728855729356,-41.74112333574876],[-71.47486990411244,-41.67813245059023],[-71.55888799060241,-41.676291447032966],[-71.56138855936037,-41.73927827593985]]]}"
000000000000000000dd,0.0,4.89184572651943E7,3.651800374011595E7,7000,0,1087.0974212034387,0.0,"42,768","42,768",-41.71052638241255,-71.43404561844511,100.0,100.0,100.0,100.0,100.0,100.0,100.0,100.0,99.99999999999997,73.60397745379223,0.1866565137721702,0.22082204201749617,0.20754771538448336,0.056364349277845914,0.04801788632132948,0.20529711062353956,0.21837061528793572,0.2978069741542235,8847.728672102267,18690.85880397635,7.00734433635471,0.0,0.0,0.0,0.0,0.0,0.0,0.0,0.0,"{""type"":""Polygon"",""coordinates"":[[[-71.47728855729356,-41.74112333574876],[-71.39318087551669,-41.74290696299678],[-71.39084410221811,-41.67991218970268],[-71.47486990411244,-41.67813245059023],[-71.47728855729356,-41.74112333574876]]]}"
000000000000000000de,0.0,4.89217917989768E7,3256043.984370572,7000,0,1473.7769230769231,0.0,"43,768","43,768",-41.71227732839028,-71.34997514246061,100.0,100.0,100.0,100.0,100.0,100.0,100.0,100.0,100.0,68.18275063856962,0.0,0.0,0.0,0.0,0.0,0.0,0.0,0.0,8412.259542153437,0,5.548809513735132,0.0,0.0,0.0,0.0,0.0,0.0,0.0,0.0,"{""type"":""Polygon"",""coordinates"":[[[-71.39318087551669,-41.74290696299678],[-71.30906570370486,-41.744629092320615],[-71.3068108635449,-41.6816304671075],[-71.39084410221811,-41.67991218970268],[-71.39318087551669,-41.74290696299678]]]}"
000000000000000000e0,0.0,2.70799487186885E7,1.1194705103091432E7,7000,0,1050.1012006861065,0.0,"37,769","37,769",-41.631440363048874,-71.83602786608712,100.0,100.0,100.0,100.0,100.0,100.0,100.0,100.0,100.0,116.54632206050228,0.0,0.0,0.0,0.0,0.0,0.0,0.0,0.0,3843.7846084833714,0,7.290265605874257,0.0,0.0,0.0,0.0,0.0,0.0,0.0,0.0,"{""type"":""Polygon"",""coordinates"":[[[-71.81758168490637,-41.67023638920097],[-71.8108935258333,-41.67040024059641],[-71.80815621923553,-41.6074255555753],[-71.88554771266149,-41.60550759900809],[-71.8855558547502,-41.60561730351319],[-71.88555513100899,-41.60598376651832],[-71.88548918008426,-41.60625182255659],[-71.88539970754546,-41.60635451846514],[-71.88488666481751,-41.6068948521056],[-71.88424841351649,-41.607470722693705],[-71.88379516835502,-41.6078814069464],[-71.88325823935234,-41.6083904055729],[-71.8826916357648,-41.60888587461146],[-71.8821189697489,-41.609457389878166],[-71.88162365350838,-41.61002892692475],[-71.88143240242448,-41.61039079489988],[-71.88118732222183,-41.610886564843724],[-71.88070973643833,-41.61151182551493],[-71.88042322080517,-41.61189137588881],[-71.87998715924849,-41.612579169678796],[-71.8798377039856,-41.61290534325204],[-71.87897860624456,-41.6137223117593],[-71.87831030690474,-41.61442776725924],[-71.87772569082318,-41.61493664397523],[-71.87726646516751,-41.61526236238827],[-71.87699849275322,-41.6152442468626],[-71.87655799337303,-41.61514988425806],[-71.87596866955096,-41.614979438738985],[-71.87498036901722,-41.61482641181682],[-71.87456357015333,-41.614808058974695],[-71.8738366361409,-41.61497709739176],[-71.87300203962525,-41.61539628124854],[-71.87228043980261,-41.61589161050223],[-71.87151676897045,-41.616579034525316],[-71.87096145307846,-41.617302375761064],[-71.87069836074795,-41.61781611177809],[-71.87060209857452,-41.61830757846536],[-71.87051035997192,-41.61950972373673],[-71.87043210167528,-41.619907398778246],[-71.87038994170622,-41.62012188398586],[-71.87024030091182,-41.62049711452504],[-71.87014440048601,-41.62080096159264],[-71.86984014261995,-41.62105088470286],[-71.86959550569136,-41.62126067447719],[-71.86921407435933,-41.621412180614925],[-71.86879672498118,-41.621581503391496],[-71.86738435555398,-41.621964256279156],[-71.86712189352987,-41.622151677933324],[-71.8668767116404,-41.62264747550515],[-71.86652902348827,-41.62373757533348],[-71.86650351005676,-41.624546479657184],[-71.86640797037991,-41.62466706541963],[-71.86641303687865,-41.62507374708651],[-71.86641177025398,-41.62569496131768],[-71.86588476347039,-41.62704855229026],[-71.86490267378747,-41.629572540930084],[-71.8647349356382,-41.63000590705116],[-71.86469901758703,-41.630104191171405],[-71.86423850618863,-41.63093937247759],[-71.86370670063239,-41.63173877074487],[-71.86303791631909,-41.63250216586105],[-71.8624454909289,-41.633726047082305],[-71.86212304023127,-41.63411003569556],[-71.86157983129233,-41.634605478518566],[-71.86140675336334,-41.63476617669446],[-71.8609770890278,-41.63510080632673],[-71.86067825075729,-41.635534006762356],[-71.8603434936527,-41.636069892377435],[-71.86001398374343,-41.636936567420946],[-71.8597092636734,-41.63733836028191],[-71.85961209337512,-41.63820081214061],[-71.85942453832892,-41.63951455515023],[-71.85934645821638,-41.6398139477456],[-71.85827233446666,-41.64331207291254],[-71.85699291728113,-41.64525904865884],[-71.85497556952868,-41.64680737576359],[-71.85378272526685,-41.6473063677753],[-71.8532818451388,-41.647462196923634],[-71.85291233696107,-41.647492959164516],[-71.85256074283186,-41.64752383639758],[-71.85254879984372,-41.64752830135064],[-71.85215594766352,-41.647340086511576],[-71.8510072458,-41.646806737402684],[-71.84838184554104,-41.64582008152504],[-71.84798310706125,-41.645631848790366],[-71.84731573696803,-41.64563096843968],[-71.84658258731,-41.64576405251811],[-71.8455518500195,-41.645726906229854],[-71.84463393726362,-41.64585530393989],[-71.84272843414577,-41.64537446507872],[-71.84250811526078,-41.64532503034015],[-71.84222219812125,-41.64526653243374],[-71.84145990195059,-41.64513140576038],[-71.84082246712273,-41.64509476867104],[-71.8403219283264,-41.645094053058315],[-71.83979162054042,-41.6450933478779],[-71.83906433467332,-41.64526217314427],[-71.83870666286839,-41.645342104764964],[-71.83812215406395,-41.64556474872183],[-71.837889616979,-41.6456314701588],[-71.83749041283735,-41.64563089348695],[-71.83694815672156,-41.64563014071571],[-71.8368886197845,-41.64563001765599],[-71.83655492318822,-41.64562957530236],[-71.83630962701123,-41.646040427846835],[-71.83622502647819,-41.646505079593155],[-71.83628320631244,-41.64705935730991],[-71.83624556586103,-41.64779226042992],[-71.83613065387827,-41.64848479504896],[-71.83606333534298,-41.64917299439572],[-71.83604931064635,-41.649999798652374],[-71.83581514336132,-41.65068767917933],[-71.8357248423295,-41.65105855460078],[-71.83542561818517,-41.65156309971003],[-71.83502550611117,-41.651920095953955],[-71.83463733719758,-41.65222342475066],[-71.83421360821055,-41.65247308071188],[-71.83398676864992,-41.6526336562489],[-71.8338967385439,-41.652883841570414],[-71.83396052872217,-41.65355879899442],[-71.83444786716332,-41.65408239900083],[-71.83475632142566,-41.65462810729594],[-71.83481549683499,-41.654793519750456],[-71.83501075751079,-41.65535694005011],[-71.83503392095645,-41.6556072187674],[-71.83504568364306,-41.65568771901806],[-71.83503292565219,-41.655996070507165],[-71.83500759063331,-41.65658598988051],[-71.83514295199629,-41.65725658509945],[-71.83524763985561,-41.65825336086214],[-71.83557391830297,-41.6588526773114],[-71.83537521965462,-41.659670307109145],[-71.83531441567173,-41.6601126453645],[-71.83524836371278,-41.66031368080459],[-71.83507481891108,-41.66059949029567],[-71.83499682324968,-41.660813895003834],[-71.83497194063905,-41.66122054214498],[-71.8350418833905,-41.66182401509596],[-71.83508341471945,-41.66190449676726],[-71.83531468711811,-41.66236067952692],[-71.8358130622757,-41.66325523419149],[-71.83583676855449,-41.663308876859276],[-71.83628709703193,-41.66435538318467],[-71.83726258032931,-41.66512992417468],[-71.83727370956207,-41.6654517634501],[-71.83712939143206,-41.66595209989865],[-71.8370989896107,-41.66618889321982],[-71.83695539525418,-41.6663853002866],[-71.83667463054893,-41.66666207830111],[-71.8363699783937,-41.66691191395786],[-71.83601194161285,-41.667090165233724],[-71.83563626043056,-41.66716112630693],[-71.8350991586205,-41.667401648910804],[-71.83460983057118,-41.66765576827439],[-71.83455590309933,-41.66776737079523],[-71.83432689220628,-41.6687279174037],[-71.83396776732314,-41.66930394974774],[-71.83363488198944,-41.66984139667233],[-71.8218608855554,-41.67013133473799],[-71.82172280394069,-41.6700409337905],[-71.82113925915391,-41.66982104805233],[-71.82021566545465,-41.66971231860262],[-71.81855279188953,-41.66967391703566],[-71.81818903430994,-41.669722521858034],[-71.81778917195315,-41.66991852472233],[-71.81758168490637,-41.67023638920097]]]}"
000000000000000000e1,0.0,4.89046657061681E7,1.8980146639082275E7,7000,0,1122.0200956937797,0.0,"38,769","38,769",-41.63993193831118,-71.76754826143537,100.0,100.0,100.0,100.0,100.0,100.0,100.0,100.0,99.99999999999997,102.48161647546208,0.0,0.0,0.0,0.0,0.0,0.0,0.0,0.0,8290.100560214763,0,5.988820906761271,0.0,0.0,0.0,0.0,0.0,0.0,0.0,0.0,"{""type"":""Polygon"",""coordinates"":[[[-71.8108935258333,-41.67040024059641],[-71.72690008138818,-41.67242529096742],[-71.72424433917043,-41.609446137498466],[-71.80815621923553,-41.6074255555753],[-71.8108935258333,-41.67040024059641]]]}"
000000000000000000e2,0.0,4.89084681158883E7,1.4234067100790413E7,7000,0,1034.2180595581171,0.0,"39,769","39,769",-41.64192413436863,-71.68359137126338,100.0,100.0,100.0,100.0,100.0,100.0,100.0,100.0,100.00000000000003,90.026655880473,0.0,0.0,0.0,0.0,0.0,0.0,0.0,0.0,17796.88201451232,8279.906825240108,5.209332914343274,0.0,0.0,0.0,0.0,0.0,0.0,0.0,0.0,"{""type"":""Polygon"",""coordinates"":[[[-71.72690008138818,-41.67242529096742],[-71.64289817309734,-41.67438902399214],[-71.64032396419921,-41.61140556970517],[-71.72424433917043,-41.609446137498466],[-71.72690008138818,-41.67242529096742]]]}"
000000000000000000e3,0.0,4.89121536449926E7,3.930861489944833E7,7000,0,797.7284894837476,0.0,"40,769","40,769",-41.643855091785774,-71.59962611270313,100.0,100.0,100.0,100.0,100.0,100.0,100.0,100.0,100.0,99.30908420968771,0.0,0.0,0.0,0.0,0.0,0.0,0.0,0.0,15122.96678702158,16555.168480117547,8.049448648602283,0.0,0.0,0.0,0.0,0.0,0.0,0.0,0.0,"{""type"":""Polygon"",""coordinates"":[[[-71.64289817309734,-41.67438902399214],[-71.55888799060241,-41.676291447032966],[-71.55639537285246,-41.6133038008331],[-71.64032396419921,-41.61140556970517],[-71.64289817309734,-41.67438902399214]]]}"
000000000000000000e4,0.0,4.89157222583554E7,3.706727308173592E7,7000,0,871.2804995196924,0.0,"41,769","41,769",-41.64572475690207,-71.51565280169625,100.0,100.0,100.0,100.0,100.0,100.0,100.0,100.0,100.00000000000003,85.15183141394755,0.0,0.0,0.0,0.0,0.0,0.0,0.0,0.0,4185.2084440947765,13621.312356964077,8.07233501148773,0.0,0.0,0.0,0.0,0.0,0.0,0.0,0.0,"{""type"":""Polygon"",""coordinates"":[[[-71.55888799060241,-41.676291447032966],[-71.47486990411244,-41.67813245059023],[-71.47245893373959,-41.61514079503232],[-71.55639537285246,-41.6133038008331],[-71.55888799060241,-41.676291447032966]]]}"
000000000000000000e5,0.0,4.89191739219466E7,3.437983585659981E7,7000,0,1058.0219675262656,0.9228136351806739,"42,769","42,769",-41.64753313526467,-71.43167169242832,99.58372062927084,99.55440396315144,99.532905155361,99.5192239479235,99.5192239479235,99.4996803579718,99.4996803579718,99.4840457371958,99.99999999999997,72.45916905444125,0.005212815913725548,0.007602645374333081,0.008253671441927957,0.0,0.003475833487019039,0.001085539913790685,0.005430552550054988,0.003475788149824607,5879.547899322488,14447.720848708348,7.328213530852892,0.41627937072915777,0.4455960368485546,0.4670948446390129,0.4807760520764924,0.4807760520764924,0.5003196420282017,0.5003196420282017,0.5159542628042025,"{""type"":""Polygon"",""coordinates"":[[[-71.47486990411244,-41.67813245059023],[-71.39084410221811,-41.67991218970268],[-71.38851483385028,-41.61691656048138],[-71.47245893373959,-41.61514079503232],[-71.47486990411244,-41.67813245059023]]]}"
000000000000000000e6,0.0,4.89225086028696E7,1.555186817628478E7,7000,0,1250.276126558006,0.0,"43,769","43,769",-41.64928021309371,-71.3476830336717,100.0,100.0,100.0,100.0,100.0,100.0,100.0,100.0,99.99999999999999,68.04090690978886,0.0,0.0033614449444182657,0.006722567530449123,0.0024008773890710627,0.0,0.0,0.0,0.0,13271.76151284521,4840.801025539369,6.806951738822484,0.0,0.0,0.0,0.0,0.0,0.0,0.0,0.0,"{""type"":""Polygon"",""coordinates"":[[[-71.39084410221811,-41.67991218970268],[-71.3068108635449,-41.6816304671075],[-71.30456325958751,-41.61863110538757],[-71.38851483385028,-41.61691656048138],[-71.39084410221811,-41.67991218970268]]]}"
000000000000000000e7,0.0,2.71001971017844E7,2564314.7268692325,7000,2397.8527267573345,1508.7696335078533,0.0,"44,769","44,769",-41.65347150935591,-71.28194679309838,100.0,100.0,100.0,100.0,100.0,100.0,100.0,100.0,100.0,64.08471495055265,0.0,0.0,0.0,0.0,0.0,0.0,0.0,0.0,964.2861038859962,0,5.675488850458755,0.0,0.0,0.0,0.0,0.0,0.0,0.0,0.0,"{""type"":""Polygon"",""coordinates"":[[[-71.27074998053817,-41.61930431488718],[-71.30456325958751,-41.61863110538757],[-71.3068108635449,-41.6816304671075],[-71.24756487039959,-41.68280495605163],[-71.25805790422535,-41.654059469269896],[-71.27074998053817,-41.61930431488718]]]}"
000000000000000000e8,0.0,2.70923918862607E7,6573200.597090763,7000,0,1091.4660869565214,0.0,"37,770","37,770",-41.58203615193809,-71.83469106929428,100.0,100.0,100.0,100.0,100.0,100.0,100.0,100.0,100.0,112.22846381199538,0.0,0.0,0.0,0.0,0.0,0.0,0.0,0.0,0,0,6.7157357859364035,0.0,0.0,0.0,0.0,0.0,0.0,0.0,0.0,"{""type"":""Polygon"",""coordinates"":[[[-71.88554771266149,-41.60550759900809],[-71.80815621923553,-41.6074255555753],[-71.80542757624444,-41.5444500020034],[-71.8401016982432,-41.54359815654083],[-71.8401433193882,-41.54368987613432],[-71.84020249378925,-41.54382408366191],[-71.84016023928687,-41.54407874809017],[-71.84010052199336,-41.54417699309947],[-71.84002886122627,-41.544270710354446],[-71.83988590156659,-41.544346546025345],[-71.83973072692605,-41.54453846972684],[-71.83961726390449,-41.54473496974376],[-71.83949764813909,-41.54497614768795],[-71.83942001549252,-41.54511907261243],[-71.83933541579185,-41.54562401706953],[-71.83922122878029,-41.54608414168885],[-71.83922068589425,-41.54631658398083],[-71.83917815981751,-41.546656203230974],[-71.83909446486254,-41.54684824265194],[-71.83893349904359,-41.54695973467365],[-71.83871905878642,-41.5470667252797],[-71.83851629046006,-41.54728542147278],[-71.83827769141948,-41.54752196951451],[-71.83810993908514,-41.54800441934753],[-71.83806225542261,-41.54801325827728],[-71.83772919343507,-41.548003890019416],[-71.83755031158702,-41.548137695981374],[-71.83745467264143,-41.54832527341017],[-71.83744227667378,-41.54854426308262],[-71.8374299711872,-41.54868283331184],[-71.83740599358326,-41.54875877173237],[-71.83737016289626,-41.54882126832679],[-71.8372688235575,-41.548897079567936],[-71.83707220705135,-41.54899065523313],[-71.83689350579496,-41.54907984229955],[-71.83675072568057,-41.54910647395023],[-71.83636364466597,-41.54923994389515],[-71.83605401570593,-41.549351269605395],[-71.8331790302904,-41.54986554009627],[-71.8319416764487,-41.549810166014325],[-71.83120966740248,-41.54988056095999],[-71.83003700167181,-41.55012015510803],[-71.8291204011304,-41.550252916517714],[-71.8287392827311,-41.550390861599325],[-71.82838168974226,-41.55062273154473],[-71.82822053750687,-41.55080130757027],[-71.82824342999673,-41.551154416844284],[-71.82828387640758,-41.55161929184101],[-71.82833644768556,-41.551990291624904],[-71.82846059187366,-41.552281014501006],[-71.82862083914664,-41.55243322162969],[-71.82910194241506,-41.55276018601409],[-71.82984418098837,-41.5533109782173],[-71.83043757246776,-41.553919708113014],[-71.83101910951663,-41.554528417555765],[-71.83120242873845,-41.55494881122992],[-71.83122559246277,-41.55520801771621],[-71.83132358585593,-41.55642380721621],[-71.83131399462951,-41.55781822166417],[-71.8310030939626,-41.55840331759005],[-71.83081117870128,-41.55894825146463],[-71.83058279848397,-41.55984180405185],[-71.83059410891859,-41.560047414038955],[-71.83062243024506,-41.560610576899904],[-71.83065057060209,-41.56124076490985],[-71.83065038963517,-41.56129886898437],[-71.83069554087807,-41.562241960127146],[-71.82947220232296,-41.56354072512981],[-71.82616074955982,-41.56680282999198],[-71.8228608443955,-41.570064886674],[-71.81942988028209,-41.5732640413372],[-71.81834376706256,-41.57430818096506],[-71.81763896328911,-41.57520094319002],[-71.8178710627913,-41.575210244649824],[-71.81892442140484,-41.575256608098556],[-71.81926962836917,-41.57526605647785],[-71.81967446562638,-41.57520409791169],[-71.82185319424815,-41.575104735487336],[-71.8236990121565,-41.57480812763391],[-71.82494291309821,-41.574818956722275],[-71.82543741371856,-41.574645391522424],[-71.8262410095146,-41.574619846343055],[-71.82679486598836,-41.574491052864154],[-71.82700967626043,-41.57427683964464],[-71.82738491525352,-41.574192467880444],[-71.82765292990754,-41.574121378075716],[-71.8279388602137,-41.574005634112204],[-71.82808236817527,-41.57376445542202],[-71.82830885002782,-41.57366203409609],[-71.8289408810298,-41.573207121852754],[-71.82955988110878,-41.57319903977641],[-71.8299238971087,-41.57283756167617],[-71.83052570340394,-41.57258821054652],[-71.8318534554234,-41.57237561655585],[-71.83278244420723,-41.57216243558665],[-71.83382525733595,-41.57165002483763],[-71.83447636910982,-41.570734710160714],[-71.83459055783482,-41.57027901792052],[-71.83482445457946,-41.56956871456604],[-71.83518955031305,-41.56876477042702],[-71.83563273163122,-41.56766592412663],[-71.8362895400418,-41.56681326157392],[-71.8368207585204,-41.56619728228854],[-71.837868172889,-41.56616300157179],[-71.83847602631909,-41.56583759319806],[-71.83892246035036,-41.56580693942663],[-71.83960088686213,-41.565807862839726],[-71.84011246545298,-41.56588009735463],[-71.84064811105576,-41.56584057654404],[-71.84158910788804,-41.565569237995525],[-71.84242206870584,-41.56563299835527],[-71.84316617609836,-41.56551777724524],[-71.84373221770662,-41.565237010751716],[-71.84520241917978,-41.56511382111832],[-71.84636860464363,-41.565195861913885],[-71.84679684126765,-41.56528135090567],[-71.84711179794023,-41.565482887998705],[-71.8474561598599,-41.56580960574406],[-71.84789570482198,-41.56619452626475],[-71.84824051827736,-41.56633806424198],[-71.8485675071253,-41.566481503423454],[-71.84870982950352,-41.5666961760162],[-71.84909608107564,-41.56692465186305],[-71.84951228041255,-41.567108425546074],[-71.84982732484933,-41.567238408070395],[-71.85013594504177,-41.56760982774406],[-71.8502187322891,-41.56784674972457],[-71.85036693497915,-41.56810619277136],[-71.85035453951873,-41.56829833724548],[-71.85009722050768,-41.56892820396325],[-71.84993472217722,-41.56971460976205],[-71.84956349098861,-41.570670555458754],[-71.84959714881853,-41.57153761441199],[-71.84960257750043,-41.571761120099865],[-71.8496084585724,-41.571814745135434],[-71.84963704962837,-41.57232431445135],[-71.85038068760619,-41.572454846966416],[-71.85060082003496,-41.57249539041345],[-71.85136237028773,-41.572594678156186],[-71.85219530528542,-41.57271641912306],[-71.85377195852392,-41.57295082422288],[-71.85456932984121,-41.573045737325224],[-71.8559613997823,-41.573306656238714],[-71.85672284658513,-41.57347301383673],[-71.85735952543926,-41.573558731223734],[-71.85793667004185,-41.57364435022198],[-71.85846577110712,-41.57389977594706],[-71.85932139657707,-41.57456672593489],[-71.85982072900646,-41.5748399466529],[-71.86043849232676,-41.575426223499186],[-71.86093094689744,-41.57613742457537],[-71.86094126102128,-41.57691064587643],[-71.86132686425049,-41.57747869102332],[-71.86138612514587,-41.57763068569074],[-71.86142756252869,-41.57773803324818],[-71.86150473737773,-41.57782301636399],[-71.8616412635296,-41.57797518410644],[-71.8618907018128,-41.57827044105014],[-71.86219370075199,-41.57853450294799],[-71.86316702292567,-41.57984960899423],[-71.86343355959224,-41.58048013235395],[-71.86347490623068,-41.58064108105311],[-71.86356357077615,-41.58093164293501],[-71.86364581164338,-41.581441245841276],[-71.86365757326179,-41.58153513151564],[-71.86376351828162,-41.582102867201876],[-71.86372669537955,-41.58263019707473],[-71.86371420997197,-41.58289390180023],[-71.8635985842173,-41.58408258095387],[-71.8636992817666,-41.58434639325794],[-71.86377030382822,-41.58450736311916],[-71.86419263595928,-41.58469558991036],[-71.86427578139967,-41.58476272727404],[-71.86566274180655,-41.58477326325341],[-71.86672842626437,-41.584725350618534],[-71.86762139449057,-41.58469507311545],[-71.86843664421247,-41.584821193384315],[-71.8688471181613,-41.5849691238242],[-71.86966761208403,-41.58543490416243],[-71.86975690818345,-41.58546181011083],[-71.87066036252513,-41.586146611622645],[-71.87223574688025,-41.58723443514925],[-71.87284832886974,-41.5875211021791],[-71.87328829064853,-41.58778974042854],[-71.87393036413084,-41.588246318037044],[-71.8739536151819,-41.58853240813765],[-71.8740486097306,-41.58864423608289],[-71.87417264542646,-41.58914493869491],[-71.87455262318197,-41.589695122204425],[-71.8746533172098,-41.589976755300526],[-71.87456800322425,-41.59098671272232],[-71.87446522833909,-41.59179558808595],[-71.87458211667416,-41.59289957891206],[-71.87459840142327,-41.59374879127452],[-71.8748351634852,-41.59446414317918],[-71.87532723354792,-41.595510480502696],[-71.87538649179518,-41.59569376783519],[-71.87562406749514,-41.59598006694383],[-71.87571906153639,-41.596091955142306],[-71.87598613034335,-41.59655699477891],[-71.87606284925386,-41.596905709514125],[-71.87611595537544,-41.597156053036926],[-71.87593637160596,-41.59765195563596],[-71.87574529798077,-41.59794667535322],[-71.8755242784855,-41.598312917095576],[-71.87530877754189,-41.59892057762533],[-71.8752247303242,-41.599304793808365],[-71.87529565930164,-41.59956414305814],[-71.87566387452546,-41.600038221214874],[-71.8757291037619,-41.60017689739877],[-71.87649005020121,-41.60082575899544],[-71.87731088596077,-41.60126461894011],[-71.87832252032095,-41.601551690058216],[-71.87972742187831,-41.60175429649424],[-71.88087610898876,-41.601992384362376],[-71.88184593525,-41.60242245421878],[-71.8837787936173,-41.60370711308883],[-71.88430178964984,-41.6042663018551],[-71.88440293287408,-41.604337880943376],[-71.88501006293393,-41.604468124630785],[-71.88519461721044,-41.60449515098826],[-71.88554536050249,-41.60478599148155],[-71.8855267241652,-41.605223944017354],[-71.88554771266149,-41.60550759900809]]]}"
000000000000000000e9,34.26530094223509,4.89053815520964E7,3.596717287170774E7,7000,0,1009.3741626794258,0.0,"38,770","38,770",-41.57695457931931,-71.7648560066436,100.0,100.0,100.0,100.0,100.0,100.0,100.0,100.0,65.73469905659825,123.65206535634388,0.007272377731683571,0.006233352630273937,0.007687841247509848,0.0,0.03573793653676647,0.033244549602873444,0.0014544413142414132,0.0,24067.28118346916,23620.696300831598,7.921488059127092,0.0,0.0,0.0,0.0,0.0,0.0,0.0,0.0,"{""type"":""Polygon"",""coordinates"":[[[-71.80815621923553,-41.6074255555753],[-71.72424433917043,-41.609446137498466],[-71.72159699320224,-41.54646616415865],[-71.80542757624444,-41.5444500020034],[-71.80815621923553,-41.6074255555753]]]}"
000000000000000000ea,43.75455812970822,4.89091841295247E7,3.218974454531142E7,7000,0,981.5542747358311,0.0,"39,770","39,770",-41.578942406244174,-71.68098054814985,100.0,100.0,100.0,100.0,100.0,100.0,100.0,100.0,56.24544187029179,115.017578125,0.088221356530262,0.08009650427266107,0.014856896888503673,0.0025535300266977634,0.0176427042411029,0.0,0.0,0.0,36265.925340909875,19303.575898312803,8.389755615454455,0.0,0.0,0.0,0.0,0.0,0.0,0.0,0.0,"{""type"":""Polygon"",""coordinates"":[[[-71.72424433917043,-41.609446137498466],[-71.64032396419921,-41.61140556970517],[-71.63775797442737,-41.548421284994966],[-71.72159699320224,-41.54646616415865],[-71.72424433917043,-41.609446137498466]]]}"
000000000000000000eb,58.413574432331174,4.89128698211859E7,3.1652615824694976E7,7000,0,1030.9607655502393,0.0,"40,770","40,770",-41.580869102588906,-71.5970967383946,100.0,100.0,100.0,100.0,100.0,100.0,100.0,100.0,41.58642556766884,105.13449872286077,0.07060269534708637,0.0949786980294847,0.012457247666968117,0.0,0.0011803380614104385,0.051720056013210065,0.01351743603251162,0.0042409016033521105,18422.590914056902,15996.596119480459,8.491517022743079,0.0,0.0,0.0,0.0,0.0,0.0,0.0,0.0,"{""type"":""Polygon"",""coordinates"":[[[-71.64032396419921,-41.61140556970517],[-71.55639537285246,-41.6133038008331],[-71.55391070629757,-41.55031529828889],[-71.63775797442737,-41.548421284994966],[-71.64032396419921,-41.61140556970517]]]}"
000000000000000000ec,54.71554118199643,4.8916438591945E7,4.6997112092356086E7,7000,0,753.0220941402497,2.800708651360994,"41,770","41,770",-41.582734653997825,-71.51320491259624,99.75237887816805,99.75237887816805,99.75237887816805,99.75237887816805,99.75237887816805,99.75237887816805,99.75237887816805,99.75237887816805,45.28445881800357,92.29433581254001,0.33980699557056177,0.4203887737984315,0.09482803556183733,0.00843103240750637,0.007633511428181679,0.20018003704039872,0.2014524511648394,0.2021298465043285,28771.68445008922,32775.11713344482,8.815273589502139,0.2476211218319508,0.2476211218319508,0.2476211218319508,0.2476211218319508,0.2476211218319508,0.2476211218319508,0.2476211218319508,0.2476211218319508,"{""type"":""Polygon"",""coordinates"":[[[-71.55639537285246,-41.6133038008331],[-71.47245893373959,-41.61514079503232],[-71.47005564634509,-41.55214825684588],[-71.55391070629757,-41.55031529828889],[-71.55639537285246,-41.6133038008331]]]}"
000000000000000000ed,22.90958941545787,4.89198904078112E7,3.39995187326288E7,7000,0,1174.4680038204392,0.3388907123120093,"42,770","42,770",-41.58453905428812,-71.42930533537624,100.0,100.0,100.0,100.0,100.0,100.0,100.0,100.0,77.09041058682894,73.73863636363637,0.0,0.004174868247972466,0.0013183676021026308,0.0,0.0010986401733124086,0.0,0.008569435605816954,0.005932684087940114,7328.046240325646,7380.384503407669,6.805643385015607,0.0,0.0,0.0,0.0,0.0,0.0,0.0,0.0,"{""type"":""Polygon"",""coordinates"":[[[-71.47245893373959,-41.61514079503232],[-71.38851483385028,-41.61691656048138],[-71.38619288936475,-41.553920153831044],[-71.47005564634509,-41.55214825684588],[-71.47245893373959,-41.61514079503232]]]}"
000000000000000000ee,0.0,4.89232252358504E7,1.0770371540988304E7,7000,0,1339.0355427473582,0.0,"43,770","43,770",-41.586282314161885,-71.34539821334889,100.0,100.0,100.0,100.0,100.0,100.0,100.0,100.0,100.0,67.69966947115387,0.0,0.0,0.0,0.0,0.0,0.0,0.0,0.0,12023.273955082303,3024.229035806998,6.213650851249696,0.0,0.0,0.0,0.0,0.0,0.0,0.0,0.0,"{""type"":""Polygon"",""coordinates"":[[[-71.38851483385028,-41.61691656048138],[-71.30456325958751,-41.61863110538757],[-71.30232280135074,-41.55563095416216],[-71.38619288936475,-41.553920153831044],[-71.38851483385028,-41.61691656048138]]]}"
000000000000000000ef,0.0,1.2301836190799E7,2062793.0159076473,7000,0,1513.0343511450385,0.0,"44,770","44,770",-41.59368910448501,-71.29184163835849,100.0,100.0,100.0,100.0,100.0,100.0,100.0,100.0,100.0,64.44615384615386,0.0,0.0,0.0,0.06524099469750956,0.018121781455597917,0.0,0.0,0.0,1675.0234881758224,0,5.246173739800086,0.0,0.0,0.0,0.0,0.0,0.0,0.0,0.0,"{""type"":""Polygon"",""coordinates"":[[[-71.29393331153042,-41.555798654887596],[-71.30232280135074,-41.55563095416216],[-71.30456325958751,-41.61863110538757],[-71.27074998053817,-41.61930431488718],[-71.27822608921309,-41.59881410361814],[-71.29393331153042,-41.555798654887596]]]}"
000000000000000000f0,41.8560911698064,2.25241989305581E7,1.5270964988610376E7,7000,0,1142.752100840336,0.0,"37,771","37,771",-41.514024194007064,-71.82391239271809,100.0,100.0,100.0,100.0,100.0,100.0,100.0,100.0,58.143908830193624,129.78806341719078,0.0,0.0,0.0,0.0,0.0,0.0,0.0,0.0,4321.521448511221,5322.372624977354,7.6362106907042815,0.0,0.0,0.0,0.0,0.0,0.0,0.0,0.0,"{""type"":""Polygon"",""coordinates"":[[[-71.8401016982432,-41.54359815654083],[-71.80542757624444,-41.5444500020034],[-71.80270768759293,-41.48147362699464],[-71.82799486994918,-41.48085417085305],[-71.82800681386564,-41.48100298845637],[-71.8280535942008,-41.48130693709142],[-71.82807114813522,-41.48140532162147],[-71.82827184201741,-41.481937503144025],[-71.82865522307947,-41.48305092836231],[-71.82889781066794,-41.4834579760777],[-71.8289384379632,-41.48383796257601],[-71.8292043701748,-41.484401507186824],[-71.82959028365423,-41.48456298533556],[-71.83014811555528,-41.48489001661687],[-71.83147161644591,-41.48565629561102],[-71.832303065705,-41.48590332095882],[-71.83270064770025,-41.486136275698996],[-71.8328247901782,-41.48640463257317],[-71.83290161009825,-41.48657005973642],[-71.83301362780459,-41.48695013047609],[-71.83303118146418,-41.48705744483387],[-71.83307217016036,-41.48729888598377],[-71.83319604104443,-41.48767002310217],[-71.83333230800918,-41.487835597609546],[-71.83363479150684,-41.48810417742286],[-71.83399056891514,-41.48843986555704],[-71.83423903377542,-41.48890057390339],[-71.83486091893066,-41.48978197437187],[-71.83519814611833,-41.49039917430692],[-71.83559491013831,-41.49096741024824],[-71.83591521641856,-41.49125387063351],[-71.83592118822747,-41.4912583885903],[-71.83640761883032,-41.49164339778805],[-71.8377186975884,-41.492686668788636],[-71.8384960226684,-41.49323299509384],[-71.83897077725067,-41.493559946467705],[-71.83926149282632,-41.493765934034336],[-71.8397293697131,-41.49446824972979],[-71.83973516048825,-41.49453530109235],[-71.8397992209313,-41.495098527833],[-71.8397561520473,-41.495688480516286],[-71.83970756382448,-41.496108531452926],[-71.8394811806096,-41.49629592564918],[-71.839135452773,-41.49668429357075],[-71.83867644216103,-41.49718420994041],[-71.83825344243598,-41.497554521314434],[-71.83814025032798,-41.49765271877781],[-71.83760387662244,-41.498183821844044],[-71.83744200522924,-41.498719902234086],[-71.8376848575287,-41.49907776824498],[-71.83878203366184,-41.50013410826553],[-71.83890662615859,-41.50025498400235],[-71.84105047802514,-41.50120995812013],[-71.8411810413368,-41.5012860852171],[-71.84130572336781,-41.501371151489316],[-71.84140063730473,-41.501447310134445],[-71.84149555121311,-41.5015233947758],[-71.84159634631432,-41.50162185466615],[-71.84170311308304,-41.50172483140594],[-71.84183358564462,-41.501863498073064],[-71.84196405815227,-41.50200674336434],[-71.84205300019836,-41.5021006880835],[-71.84212411762512,-41.50219911692195],[-71.84221296914598,-41.50231542456912],[-71.8422840865367,-41.50242729457431],[-71.84236108511853,-41.50253916148386],[-71.84242623079,-41.502642008953444],[-71.84248540476328,-41.50274041312858],[-71.84258610906845,-41.502919356920664],[-71.84272228150549,-41.50315643531024],[-71.842811042378,-41.50330847140964],[-71.84355216302124,-41.50417656028137],[-71.84441081484376,-41.5056078993749],[-71.84470668273867,-41.506180389763564],[-71.84478322833236,-41.506497848081814],[-71.84544218921764,-41.50691436898193],[-71.84576809521836,-41.507366191261944],[-71.84591657143851,-41.50746922379536],[-71.84627269693209,-41.507715490447886],[-71.84664619396887,-41.50817187453737],[-71.84666971847672,-41.50827916384301],[-71.84660348793473,-41.50864552750785],[-71.84657308702558,-41.50891366828398],[-71.84657281558887,-41.509029859552996],[-71.84657209175765,-41.50934720949669],[-71.84705922978435,-41.50953111902122],[-71.84710075953302,-41.50954902761975],[-71.84743372115457,-41.509549446617946],[-71.84790375741025,-41.50941155158467],[-71.84836709756449,-41.50961772493796],[-71.8490610660194,-41.5103561165833],[-71.84921424555196,-41.5109730594666],[-71.84942632624671,-41.51181808449056],[-71.84947346532371,-41.51200585963032],[-71.84976417122239,-41.512260953504295],[-71.84978796693146,-41.51227885529345],[-71.84987102570409,-41.51236392312968],[-71.84998973275727,-41.512462396506514],[-71.85009649668457,-41.51254297640556],[-71.85022705625155,-41.51265489722381],[-71.85038738296389,-41.51276686081621],[-71.850476413112,-41.51282949096361],[-71.85076702760735,-41.513178493025514],[-71.85086727687914,-41.51354068057241],[-71.85107492305812,-41.51375101841596],[-71.85113418588583,-41.51380917381616],[-71.85116386253428,-41.513849445901535],[-71.85143647137238,-41.51424306620547],[-71.85163841709695,-41.51435958142341],[-71.8518343911843,-41.51447601078808],[-71.85196476907603,-41.514646010438476],[-71.85206547035311,-41.51483828145948],[-71.85196947389834,-41.51520914667767],[-71.85177241416618,-41.51556644786749],[-71.8517365851107,-41.51564235979001],[-71.85156359224008,-41.515874575193905],[-71.85143773805744,-41.51630791559269],[-71.85132898407907,-41.51704521895808],[-71.85132735548343,-41.517764793441025],[-71.85097955964477,-41.519029209173226],[-71.85069844550591,-41.5197125900705],[-71.85047116540072,-41.52028887481479],[-71.848860475816,-41.52245438980491],[-71.84729275538055,-41.524021084540465],[-71.8469405216273,-41.524574831214174],[-71.84704601988494,-41.525231924390624],[-71.84694124545766,-41.52679605126397],[-71.84682380395978,-41.528659631655856],[-71.84676254978675,-41.52943725540766],[-71.84680245095547,-41.53016577844959],[-71.84687166725656,-41.53106869675497],[-71.84710175479925,-41.5318645411178],[-71.8471430131061,-41.53201652692978],[-71.84718436188628,-41.53217302988905],[-71.8472726691098,-41.53253072044251],[-71.84753351909386,-41.532928814611395],[-71.8476577462216,-41.533188192650215],[-71.8477702110882,-41.53342971141966],[-71.84810281008878,-41.533631243618885],[-71.84807222836726,-41.53399770235304],[-71.84791723870927,-41.534149487590454],[-71.84776822055994,-41.53429678152426],[-71.84730379378104,-41.53446596983687],[-71.84675612578859,-41.534661910087465],[-71.84660104500465,-41.534831538234194],[-71.84610060585203,-41.535197324275096],[-71.84546860915029,-41.535795382564864],[-71.84469980630143,-41.53641109217046],[-71.84246767066848,-41.537029279304846],[-71.84175260580172,-41.53756467742733],[-71.84127595531119,-41.537863427048926],[-71.84060875199256,-41.53826031125851],[-71.83986898165321,-41.539139722161856],[-71.83983921346118,-41.5391709663902],[-71.83941024354965,-41.53943405916781],[-71.83916992604455,-41.540381250806306],[-71.83894227570924,-41.54102450170238],[-71.83881035425549,-41.541457865743],[-71.8387795001901,-41.54189579995492],[-71.83877931922784,-41.5419896458319],[-71.83877850489762,-41.542289071938725],[-71.83877787152967,-41.54255723447102],[-71.83883686522421,-41.542758425941074],[-71.83924665394254,-41.5430405710099],[-71.83992987524095,-41.54339461227552],[-71.84007229199615,-41.54353336980965],[-71.8401016982432,-41.54359815654083]]]}"
000000000000000000f1,87.04817920061873,4.89060972238435E7,8094133.208823967,7000,2598.4972439279545,1381.130268199234,9.700504811108248,"38,771","38,771",-41.513976372444766,-71.7621722943171,100.0,100.0,100.0,100.0,100.0,100.0,100.0,100.0,12.951820799381245,105.15873681687441,0.0,0.0,0.0,0.0,0.0,0.0,0.0,0.0,3049.120666965494,3945.277473488332,5.950232345054386,0.0,0.0,0.0,0.0,0.0,0.0,0.0,0.0,"{""type"":""Polygon"",""coordinates"":[[[-71.80542757624444,-41.5444500020034],[-71.72159699320224,-41.54646616415865],[-71.71895804370489,-41.483485329940684],[-71.80270768759293,-41.48147362699464],[-71.80542757624444,-41.5444500020034]]]}"
000000000000000000f2,100.0,4.89098999689281E7,2.535789741424887E7,7000,21657.916322144956,1009.3730769230768,77.16613917839013,"39,771","39,771",-41.515959841265826,-71.67837801625832,100.0,100.0,100.0,100.0,100.0,100.0,100.0,100.0,0.0,107.78558693910257,0.0,0.0,0.0,0.0,0.0,0.0,0.0,0.0,3336.1405316390774,0,7.476207955433772,0.0,0.0,0.0,0.0,0.0,0.0,0.0,0.0,"{""type"":""Polygon"",""coordinates"":[[[-71.72159699320224,-41.54646616415865],[-71.63775797442737,-41.548421284994966],[-71.63520011344846,-41.485436188019406],[-71.71895804370489,-41.483485329940684],[-71.72159699320224,-41.54646616415865]]]}"
000000000000000000f3,100.0,4.8913585823102E7,2.626023569786929E7,7000,18230.233388476252,1000.6264367816093,46.556984496322514,"40,771","40,771",-41.5178823065097,-71.5945754370156,100.0,100.0,100.0,100.0,100.0,100.0,100.0,100.0,0.0,98.80857502396931,0.0,0.0,0.0,0.0,0.0,0.0,0.0,0.0,3517.206132066722,922.1217424915086,7.495345432943489,0.0,0.0,0.0,0.0,0.0,0.0,0.0,0.0,"{""type"":""Polygon"",""coordinates"":[[[-71.63775797442737,-41.548421284994966],[-71.55391070629757,-41.55031529828889],[-71.55143399112406,-41.48732604650784],[-71.63520011344846,-41.485436188019406],[-71.63775797442737,-41.548421284994966]]]}"
000000000000000000f4,100.0,4.89171547512444E7,3.698934219858762E7,7000,10150.841495764398,1022.6868395773296,27.634712898316,"41,771","41,771",-41.519743753270305,-71.51076484889451,100.0,100.0,100.0,100.0,100.0,100.0,100.0,100.0,0.0,88.60933984249438,0.010113430232269491,0.011252429302006985,0.0033470262072673868,0.0030341666654063308,0.004578993569746726,0.0034387236494830163,0.00943378263276984,0.003842645086886728,19550.043388444024,23421.404358823478,7.859068547748208,0.0,0.0,0.0,0.0,0.0,0.0,0.0,0.0,"{""type"":""Polygon"",""coordinates"":[[[-71.55391070629757,-41.55031529828889],[-71.47005564634509,-41.55214825684588],[-71.46766004209825,-41.48915501712179],[-71.55143399112406,-41.48732604650784],[-71.55391070629757,-41.55031529828889]]]}"
000000000000000000f5,81.27805270447087,4.89206067193472E7,2.134069137587682E7,7000,0,1302.710325047801,30.426682676488355,"42,771","42,771",-41.52154419844872,-71.4269465068913,100.0,100.0,100.0,100.0,100.0,100.0,100.0,100.0,18.72194729552914,74.82575303611377,0.33403810351385316,0.3837695437304576,0.20415718266734295,0.16755496030167977,0.06778071046765193,0.1889277063917157,0.2938563125640905,0.25235563949557493,9950.45326790441,15431.579486893323,5.947706109153915,0.0,0.0,0.0,0.0,0.0,0.0,0.0,0.0,"{""type"":""Polygon"",""coordinates"":[[[-71.47005564634509,-41.55214825684588],[-71.38619288936475,-41.553920153831044],[-71.38387845011866,-41.49092296058524],[-71.46766004209825,-41.48915501712179],[-71.47005564634509,-41.55214825684588]]]}"
000000000000000000f6,0.0,4.55941425466977E7,543420.762294964,7000,0,1625.7950566426366,0.0,"43,771","43,771",-41.52450268227414,-71.34581311486451,100.0,100.0,100.0,100.0,100.0,100.0,100.0,100.0,100.0,70.35306170614487,0.0,0.0,0.0,0.0,0.0,0.0,0.0,0.0,9054.481832744905,9639.268095424193,5.193978564795701,0.0,0.0,0.0,0.0,0.0,0.0,0.0,0.0,"{""type"":""Polygon"",""coordinates"":[[[-71.3171145802101,-41.4922880763487],[-71.38387845011866,-41.49092296058524],[-71.38619288936475,-41.553920153831044],[-71.30232280135074,-41.55563095416216],[-71.30158522249873,-41.5348357557129],[-71.3171145802101,-41.4922880763487]]]}"
000000000000000000f7,0.0,807954.790930342,236051.20230671,7000,0,1523.0,0.0,"44,771","44,771",-41.54875373577825,-71.29928022538068,100.0,100.0,100.0,100.0,100.0,100.0,100.0,100.0,100.0,66.14583333333333,0.0,0.0,0.0,0.0,0.0,0.0,0.0,0.22174596046208128,0,0,6.298958206176758,0.0,0.0,0.0,0.0,0.0,0.0,0.0,0.0,"{""type"":""Polygon"",""coordinates"":[[[-71.30158522249873,-41.5348357557129],[-71.30232280135074,-41.55563095416216],[-71.29393331153042,-41.555798654887596],[-71.2983950118907,-41.54356903610508],[-71.30158522249873,-41.5348357557129]]]}"
000000000000000000f8,99.99619751339429,2.37532649344708E7,6659649.3429683335,7000,6145.479127469446,1221.8501945525293,0.0,"37,772","37,772",-41.446421598462585,-71.8227426986564,100.0,100.0,100.0,100.0,100.0,100.0,100.0,100.0,0.0038024866057110645,113.864990234375,0.0,0.0,0.0,0.0,0.0,0.0,0.0,0.0,2537.7452076356844,0,6.598723242431879,0.0,0.0,0.0,0.0,0.0,0.0,0.0,0.0,"{""type"":""Polygon"",""coordinates"":[[[-71.82799486994918,-41.48085417085305],[-71.80270768759293,-41.48147362699464],[-71.79999637253931,-41.418496432272875],[-71.86598916969152,-41.41687016316523],[-71.86601468316489,-41.41714091076384],[-71.86602581138135,-41.41749845782782],[-71.86598953158477,-41.41782026428706],[-71.86594121883172,-41.418226883397274],[-71.86579818046859,-41.41847253190795],[-71.86561334332207,-41.4188432787342],[-71.8653153237286,-41.41941059124031],[-71.86479157215388,-41.41998648682491],[-71.86476180631863,-41.420044598436604],[-71.86320203641108,-41.42200478586164],[-71.86285126806163,-41.42221443276866],[-71.86262544433077,-41.42228121297638],[-71.86248267587862,-41.42239728952514],[-71.86223287616828,-41.42260255595683],[-71.86182845535373,-41.422901553971414],[-71.86113903880428,-41.423195649298734],[-71.86042582583853,-41.423516638085424],[-71.85966511180975,-41.42381517868344],[-71.85939757671636,-41.423966808002035],[-71.85901730916244,-41.42407355903421],[-71.8587679590723,-41.42405092673502],[-71.85858384158918,-41.424055169258445],[-71.85801972666336,-41.42405444450306],[-71.85785940384046,-41.42405426981568],[-71.85718825470192,-41.424111582602805],[-71.85691501751626,-41.424142457206784],[-71.85679622259953,-41.42415576233129],[-71.85641595189786,-41.42427596221835],[-71.8561188283362,-41.424373880271666],[-71.85582143306503,-41.42461486804019],[-71.85523867504185,-41.424971728324344],[-71.85498316955346,-41.42504290288838],[-71.85462053959465,-41.42520782149716],[-71.8543530906845,-41.425305822290355],[-71.854055965174,-41.425408241694896],[-71.85404411271938,-41.42542162420193],[-71.85375232505059,-41.42576986339952],[-71.85368681981272,-41.42584130694007],[-71.85353174244108,-41.426144986272746],[-71.85340091281373,-41.42625661664666],[-71.85277055934479,-41.42663122156128],[-71.85206881801405,-41.42710854702691],[-71.85174156136866,-41.42736735294081],[-71.85152731077346,-41.4275861078271],[-71.85112278570915,-41.42788943670784],[-71.85059340085985,-41.428291005446866],[-71.85024261844165,-41.42843356108889],[-71.84944577903366,-41.42890632249543],[-71.8486255942067,-41.42919127817515],[-71.84851873930259,-41.429182180952616],[-71.84787190897002,-41.428984677777095],[-71.84734975695274,-41.42880966964614],[-71.84664302720806,-41.428817693699145],[-71.84572837487704,-41.42887907907722],[-71.84445695939608,-41.429109744116204],[-71.84324534598154,-41.42918853502311],[-71.84098696071887,-41.4298915830599],[-71.84036852587978,-41.43024832781894],[-71.8399939356445,-41.430435544608194],[-71.83920747566677,-41.43147135980529],[-71.83766929471928,-41.4314736268978],[-71.83696851509411,-41.43147263338632],[-71.83673081970261,-41.43153488276974],[-71.83646941790283,-41.43157027528503],[-71.83620204408348,-41.431636935720405],[-71.83602967606997,-41.43166796249593],[-71.83583333023934,-41.43183750678691],[-71.83563101247255,-41.43197132317719],[-71.83549936108344,-41.43236887043156],[-71.83545764884494,-41.43242693080119],[-71.83535006562741,-41.43270837922065],[-71.83530174817382,-41.433030086289556],[-71.83530084335253,-41.433387681970565],[-71.83531197265431,-41.433696065236624],[-71.83546561126833,-41.434000211524975],[-71.83557798999527,-41.434174672649846],[-71.83621154467993,-41.43493537306091],[-71.83622864575281,-41.435234886538325],[-71.83625171862744,-41.4355030580187],[-71.83626891017998,-41.4357354445855],[-71.83620213456537,-41.436303015172015],[-71.83605835883779,-41.436812277216305],[-71.83560504412728,-41.43758487019195],[-71.83546163005666,-41.4379332875243],[-71.83536599047942,-41.438165559307855],[-71.83533567897065,-41.43839789117985],[-71.83533486463158,-41.43873313831934],[-71.83536381890872,-41.439001362828094],[-71.83539874500201,-41.43930087213375],[-71.83549899915513,-41.43959593128277],[-71.83551085230651,-41.4396049586313],[-71.83599710257656,-41.439900595052194],[-71.83616268446664,-41.44020029640429],[-71.83619751998985,-41.44049978528287],[-71.83603030944343,-41.44086604774074],[-71.83572122304913,-41.44097735501842],[-71.83497148822792,-41.44149468835732],[-71.83396034775714,-41.44203850485317],[-71.83279520228882,-41.44240781255709],[-71.8322723919709,-41.44246959373991],[-71.83172569323857,-41.4425447821755],[-71.83054959104565,-41.44256095290646],[-71.82996723878206,-41.44265841881337],[-71.82949201827358,-41.442684536156634],[-71.82909397983164,-41.442701780227196],[-71.82865422775514,-41.44277263035448],[-71.82801215243421,-41.442995204812405],[-71.82743567699302,-41.4431284308777],[-71.82714422668109,-41.44327990703934],[-71.82700705220996,-41.44349428572932],[-71.82703627870185,-41.443664128049235],[-71.82716648585748,-41.44382971636575],[-71.82725561303187,-41.44382538042863],[-71.82768921411574,-41.4438170426536],[-71.8281527648691,-41.443737286212404],[-71.82866970052373,-41.44366208101457],[-71.82908592676412,-41.44351968321754],[-71.82956711981033,-41.44348463576657],[-71.8306542804239,-41.443432632868614],[-71.8310819954413,-41.443410900691426],[-71.83151550080679,-41.44345176690819],[-71.83213313860982,-41.44349740147427],[-71.83258455815242,-41.44349800481378],[-71.83325594060722,-41.44342751473355],[-71.83395075661058,-41.44345531788013],[-71.83486490014988,-41.44370246466991],[-71.83580292829338,-41.44390491926562],[-71.83646733682153,-41.444227691383276],[-71.83710785680888,-41.44463085034844],[-71.83827497698111,-41.44587497322823],[-71.83829262083002,-41.44591517881189],[-71.83832808948742,-41.44600020290623],[-71.8383812019848,-41.44613430369885],[-71.83844019575336,-41.44629531013922],[-71.83847557391299,-41.446402645169336],[-71.83852289558833,-41.44650549221574],[-71.83855239246077,-41.44655472361467],[-71.83896607223448,-41.447426823400775],[-71.8394157628878,-41.44815595897766],[-71.83945684123749,-41.4483437623144],[-71.83980057814394,-41.44865703955232],[-71.83989467820578,-41.44905942506941],[-71.84026230154417,-41.44932809114045],[-71.84036915924455,-41.44935509174578],[-71.84105174475191,-41.449610771805105],[-71.84116430245369,-41.44972267707959],[-71.8412294483721,-41.44978983058216],[-71.84163280988432,-41.45004065053327],[-71.84192985662635,-41.4500231967623],[-71.84199464046596,-41.450264602954306],[-71.84209543540786,-41.45032735521206],[-71.84218998718676,-41.45055090978756],[-71.84271169534472,-41.450994109650054],[-71.84282380005489,-41.45129370125396],[-71.84301362698744,-41.4514280813651],[-71.84336342217044,-41.45169220334912],[-71.84340440952683,-41.45196491774098],[-71.84356863033845,-41.45281430842084],[-71.8437083310608,-41.45404806945931],[-71.84361676556843,-41.45504016112703],[-71.84328162840139,-41.456049811998454],[-71.84263632548894,-41.4576042765722],[-71.84175803461866,-41.45961878689813],[-71.84131142363367,-41.46003384350598],[-71.84126319757178,-41.460319788722806],[-71.84121433813945,-41.460882864101244],[-71.84134444898136,-41.461115419184104],[-71.84165226315194,-41.46158960213665],[-71.84169334121081,-41.46178630579065],[-71.84181757063821,-41.46200999201351],[-71.84186452989194,-41.462246896429534],[-71.84177495443082,-41.462438964764544],[-71.84140036586358,-41.462554642463914],[-71.84079423719004,-41.46260299889899],[-71.84055030151264,-41.46273675787061],[-71.8403832742302,-41.462991305717225],[-71.83980582603272,-41.46343742783069],[-71.83950190074272,-41.4638079649914],[-71.83932292941701,-41.46411606289732],[-71.83876945678401,-41.46444604821533],[-71.8383232939804,-41.464664384959136],[-71.83790092715245,-41.464873880227486],[-71.83759718099353,-41.46517739724297],[-71.83687613331301,-41.465998726178675],[-71.83663147075742,-41.466414054829855],[-71.83646977983001,-41.46691434777649],[-71.8364682416395,-41.467517710514485],[-71.83663318991066,-41.468112402681946],[-71.83671507588276,-41.46862203392999],[-71.83673253885529,-41.468747177742294],[-71.83679650942517,-41.469314926015734],[-71.83683062102503,-41.46991386934422],[-71.83699529766224,-41.470615789595314],[-71.83736256244698,-41.471076679093485],[-71.8377003298559,-41.47144364624884],[-71.83806750334028,-41.47196259432563],[-71.83813264989722,-41.47204761005774],[-71.8381973440342,-41.47231588199626],[-71.83816549461457,-41.47317842171348],[-71.83816486124539,-41.47342423169157],[-71.83779443054311,-41.474241613706845],[-71.83672810525097,-41.47525913216551],[-71.83621552588215,-41.47586624850501],[-71.83560766810652,-41.476531285180265],[-71.83536300456971,-41.47693314749421],[-71.8349937468543,-41.47723654848184],[-71.8347077324345,-41.47752217161779],[-71.83421369869299,-41.47782985291682],[-71.83385656429736,-41.478057267933764],[-71.83359362191825,-41.478611143326134],[-71.83206437149533,-41.4793597703582],[-71.83006677078609,-41.47962048598661],[-71.82954920402366,-41.47983430343517],[-71.82933502885913,-41.47990994696005],[-71.82890713051566,-41.4799093326976],[-71.828604009115,-41.479908870564024],[-71.82840793013217,-41.47990855447397],[-71.82820533616882,-41.48010938805953],[-71.82803242089715,-41.48031025217257],[-71.82799631769664,-41.4804844911023],[-71.82797233937826,-41.48057389568366],[-71.82799486994918,-41.48085417085305]]]}"
000000000000000000f9,100.00000000000003,4.89068127178649E7,2.7653437031770166E7,7000,3944.5755942291867,1085.2358581016304,0.910567998991679,"38,772","38,772",-41.450997361945554,-71.75949712466338,100.0,100.0,100.0,100.0,100.0,100.0,100.0,100.0,0.0,110.79359419942475,0.0,0.0,0.0,0.0,0.0,0.0,0.0,0.0,16398.63380279725,0,7.034413571234287,0.0,0.0,0.0,0.0,0.0,0.0,0.0,0.0,"{""type"":""Polygon"",""coordinates"":[[[-71.80270768759293,-41.48147362699464],[-71.71895804370489,-41.483485329940684],[-71.71632749089868,-41.420503740262106],[-71.79999637253931,-41.418496432272875],[-71.80270768759293,-41.48147362699464]]]}"
000000000000000000fa,100.00000000000003,4.8910615630588E7,2.1654936187263183E7,7000,6638.877960314566,1202.206929740135,11.138858648947664,"39,772","39,772",-41.45297644700011,-71.6757837060544,100.0,100.0,100.0,100.0,100.0,100.0,100.0,100.0,0.0,100.91581448508181,0.0,0.0,0.0,0.0,0.0,0.0,0.0,0.0,7902.825067729953,0,6.532742833494567,0.0,0.0,0.0,0.0,0.0,0.0,0.0,0.0,"{""type"":""Polygon"",""coordinates"":[[[-71.71895804370489,-41.483485329940684],[-71.63520011344846,-41.485436188019406],[-71.63265029092543,-41.42245022193649],[-71.71632749089868,-41.420503740262106],[-71.71895804370489,-41.483485329940684]]]}"
000000000000000000fb,100.0,4.89143016472505E7,1.19071622262337E7,7000,0,1371.3627639155475,0.0,"40,772","40,772",-41.45489469198358,-71.59206210582653,100.0,100.0,100.0,100.0,100.0,100.0,100.0,100.0,0.0,88.95754434324066,0.0,0.0,0.0,0.0,0.0,0.0,0.0,0.0,9339.55712071011,7997.500729582702,5.99751665987653,0.0,0.0,0.0,0.0,0.0,0.0,0.0,0.0,"{""type"":""Polygon"",""coordinates"":[[[-71.63520011344846,-41.485436188019406],[-71.55143399112406,-41.48732604650784],[-71.54896504639613,-41.424335974088144],[-71.63265029092543,-41.42245022193649],[-71.63520011344846,-41.485436188019406]]]}"
000000000000000000fc,100.00000000000003,4.89178707327294E7,1.2130778592363948E7,7000,0,1340.5351299326278,0.0,"41,772","41,772",-41.45675205529241,-71.50833249561941,100.0,100.0,100.0,100.0,100.0,100.0,100.0,100.0,0.0,80.92717356432468,0.037649657935055335,0.050914814661740956,0.03023841519493669,0.012341964848723769,0.019747951465900773,0.0,0.017895567707707595,0.0,5815.182822271855,9575.133899028031,6.0808209401810815,0.0,0.0,0.0,0.0,0.0,0.0,0.0,0.0,"{""type"":""Polygon"",""coordinates"":[[[-71.55143399112406,-41.48732604650784],[-71.46766004209825,-41.48915501712179],[-71.46527194000316,-41.42616085710911],[-71.54896504639613,-41.424335974088144],[-71.55143399112406,-41.48732604650784]]]}"
000000000000000000fd,81.39991053670497,4.89213228530251E7,1.5182536713230947E7,7000,0,1408.9586140519734,0.0,"42,772","42,772",-41.45854853406462,-71.42459518182483,100.0,100.0,100.0,100.0,100.0,100.0,100.0,100.0,18.600089463295042,74.57385907924285,0.0,0.0,0.0,0.0,0.0,0.0,0.0,0.0,9713.055105477024,9908.80999347564,5.802753099325876,0.0,0.0,0.0,0.0,0.0,0.0,0.0,0.0,"{""type"":""Polygon"",""coordinates"":[[[-71.46766004209825,-41.48915501712179],[-71.38387845011866,-41.49092296058524],[-71.38157124445655,-41.427924968241946],[-71.46527194000316,-41.42616085710911],[-71.46766004209825,-41.48915501712179]]]}"
000000000000000000fe,72.79626074533894,4.1232239338332E7,5010374.357943364,7000,0,1501.3473804100229,0.0,"43,772","43,772",-41.45801558138613,-71.34651594623857,100.0,100.0,100.0,100.0,100.0,100.0,100.0,100.0,27.20373925466108,71.20976562499999,0.0,0.0,0.0,0.0,0.0,0.0,0.0,0.0,11405.385000587728,0,5.52569661097093,0.0,0.0,0.0,0.0,0.0,0.0,0.0,0.0,"{""type"":""Polygon"",""coordinates"":[[[-71.29868038563866,-41.452767298234384],[-71.2978632319689,-41.42962825734743],[-71.38157124445655,-41.427924968241946],[-71.38387845011866,-41.49092296058524],[-71.3171145802101,-41.4922880763487],[-71.31855859301972,-41.48832880861952],[-71.32583076858701,-41.45479338355966],[-71.31705794325872,-41.45632375403506],[-71.31075496718977,-41.45628615589984],[-71.30482262010622,-41.4538101887267],[-71.30062697499923,-41.453391455439444],[-71.29868038563866,-41.452767298234384]]]}"
00000000000000000100,100.0,4130017.71185482,228819.1860268088,7000,0,1315.6904761904761,0.0,"36,773","36,773",-41.36233945695901,-71.89251577189978,100.0,100.0,100.0,100.0,100.0,100.0,100.0,100.0,0.0,125.39856150793653,0.0,0.0,0.0,0.0,0.0,0.0,0.0,0.0,1499.8852837676482,0,6.523462277367003,0.0,0.0,0.0,0.0,0.0,0.0,0.0,0.0,"{""type"":""Polygon"",""coordinates"":[[[-71.88213344473225,-41.381980214249424],[-71.88087339491851,-41.35345487609058],[-71.90914964693006,-41.352742980003995],[-71.90934015727514,-41.35306871841773],[-71.90942247652377,-41.353569359038694],[-71.9094992776492,-41.35379741702493],[-71.9097240723532,-41.354244547407866],[-71.90990137510317,-41.35473182819145],[-71.91020921223853,-41.3551969231831],[-71.91050519875762,-41.35558595362899],[-71.91090765674579,-41.356261164521705],[-71.91123919344558,-41.35673964083595],[-71.91116148815,-41.357190997568935],[-71.91114918556357,-41.357521777455574],[-71.91113724481745,-41.35756642962986],[-71.91093479482461,-41.358156289067914],[-71.91079792842284,-41.35843770236444],[-71.91071443355582,-41.358759459088276],[-71.91060108675013,-41.359237610989986],[-71.91039284693987,-41.35967542620545],[-71.91024394905739,-41.36008656106772],[-71.91008935209146,-41.36038590052909],[-71.90988708233424,-41.36077905040031],[-71.90962547026975,-41.36118109694866],[-71.90936421982701,-41.36139990218562],[-71.9091797703685,-41.361739422410075],[-71.90897180098456,-41.36203869249255],[-71.90884108505408,-41.36215926018804],[-71.90849670032806,-41.36238250983421],[-71.907606291708,-41.36276166987565],[-71.90750533695739,-41.36281522088378],[-71.90685862872874,-41.36288623761244],[-71.9064729913288,-41.36290824478559],[-71.90614660584023,-41.362925855631104],[-71.9057669380309,-41.36292557371761],[-71.90542291173477,-41.3629029250993],[-71.90507309549069,-41.36277751012415],[-71.9047410094176,-41.36265652254736],[-71.90449793774609,-41.36256691902055],[-71.90404146545792,-41.36234756688697],[-71.90356092949705,-41.36234714774459],[-71.90334734766846,-41.36235592805198],[-71.9029617059002,-41.36236451729282],[-71.90259388480368,-41.3624044308919],[-71.90245149649034,-41.3624043091269],[-71.90208358432598,-41.36247553141984],[-71.90189949238585,-41.36260054184451],[-71.90173313107424,-41.36272101998003],[-71.90148381509712,-41.3628370115256],[-71.9012464400474,-41.36291731778157],[-71.90082488177525,-41.36311358020078],[-71.9003260672346,-41.36344386849539],[-71.90018955800134,-41.36350638274125],[-71.90007059861394,-41.363689486757856],[-71.90003477509366,-41.36381016253591],[-71.89980924965518,-41.3638903841876],[-71.89970838282963,-41.36392609167858],[-71.89946494536049,-41.36401525686287],[-71.89923335844198,-41.36416699143588],[-71.89900792288508,-41.36417124695672],[-71.89866334631029,-41.36445698668677],[-71.89840208663091,-41.36459531662983],[-71.89824169406651,-41.36473822451708],[-71.89801010623574,-41.36486758933769],[-71.8976658904104,-41.36494329592598],[-71.8968641962526,-41.36547895263395],[-71.8965083092415,-41.365398144212485],[-71.89560655812178,-41.365374997084984],[-71.89512012888835,-41.3653477324632],[-71.89471665529966,-41.365378643910994],[-71.89433091234768,-41.365454266932396],[-71.8939273472696,-41.36557009463665],[-71.89309036194128,-41.36583303729702],[-71.89303101659254,-41.365841924941954],[-71.89176648755323,-41.366341332077084],[-71.89110726222803,-41.366751926359065],[-71.89088127798152,-41.36707351017643],[-71.89072685230316,-41.36718063505188],[-71.89042994225991,-41.3673457282967],[-71.89007350508807,-41.36763141034008],[-71.88972846627968,-41.36815403055783],[-71.88953803436667,-41.36852927418228],[-71.8894545337809,-41.36876607219083],[-71.88930544492204,-41.36923072333423],[-71.88948239746749,-41.369852141116844],[-71.88957666355749,-41.37024556624516],[-71.88959928017753,-41.37090257776037],[-71.88972882814544,-41.371461424613244],[-71.88990623278221,-41.37181464633822],[-71.89005396435822,-41.372194741593],[-71.89005296922842,-41.37278918866234],[-71.89009395048002,-41.37310650213766],[-71.88996820225158,-41.37379020450126],[-71.88977777048521,-41.374111878723824],[-71.88935565386004,-41.374634363497535],[-71.88926627289814,-41.37483989903965],[-71.88881448250179,-41.37531765401015],[-71.88871885918007,-41.375751162453106],[-71.88849223993238,-41.376403433205844],[-71.88839652604489,-41.37683240136922],[-71.88835418756733,-41.37732851064026],[-71.88817578691061,-41.377516038303185],[-71.88797350287804,-41.3778287272104],[-71.8876049403093,-41.37825294867241],[-71.88706991767984,-41.378824498169095],[-71.8868140763007,-41.37921761725709],[-71.88677779891698,-41.37960638079538],[-71.88646849107738,-41.37999044735151],[-71.88617139603981,-41.38024494361341],[-71.88573769467565,-41.380503699535396],[-71.88525667808477,-41.380749073915446],[-71.88465678593816,-41.38103008181753],[-71.88397954241435,-41.381440586713275],[-71.88371827040797,-41.3815520132615],[-71.88322539935132,-41.38175265927391],[-71.88305314760898,-41.38181501596517],[-71.88283349031217,-41.38188189296531],[-71.8825604564385,-41.381890510208855],[-71.88213344473225,-41.381980214249424]]]}"
00000000000000000101,100.00000000120619,4.47314402348821E7,2.348707296197179E7,7000,13829.064002409144,1078.5147679324896,0.0,"37,773","37,773",-41.38451065813607,-71.83717249409105,100.0,100.0,100.0,100.0,100.0,100.0,100.0,100.0,0.0,117.95338294696174,0.0,0.0,0.0,0.0,0.0,0.0,0.0,0.0,11395.954888972205,0,6.696178527124565,0.0,0.0,0.0,0.0,0.0,0.0,0.0,0.0,"{""type"":""Polygon"",""coordinates"":[[[-71.86598916969152,-41.41687016316523],[-71.79999637253931,-41.418496432272875],[-71.79729363132066,-41.35551837395157],[-71.88087339491851,-41.35345487609058],[-71.88213344473225,-41.381980214249424],[-71.88192527631358,-41.382023933006536],[-71.88143249289334,-41.382144116258715],[-71.88083892622417,-41.38223735312471],[-71.88039363739516,-41.38234421587189],[-71.8800076053019,-41.38253597603932],[-71.87876527895396,-41.3836386668288],[-71.87743953433252,-41.38489764297746],[-71.87717201441704,-41.38516997888615],[-71.87685066452356,-41.38562550286213],[-71.8766660148435,-41.38596502333522],[-71.8764632709976,-41.386474285465404],[-71.87636176331986,-41.38681834146504],[-71.87621212538187,-41.387497496471696],[-71.87609288542595,-41.38777005416968],[-71.8758606478395,-41.388198864851624],[-71.8756404426605,-41.38850698321504],[-71.87534324684637,-41.38874805022251],[-71.87464770801952,-41.389359632898426],[-71.87407710808957,-41.38980142563355],[-71.87347095195791,-41.390194065357896],[-71.873316427192,-41.390287761065004],[-71.8718258202034,-41.39078669250966],[-71.87141010279784,-41.39089354682319],[-71.86987253166645,-41.391101872861356],[-71.86930843703999,-41.391257663915034],[-71.86904697182443,-41.39141376065935],[-71.86855353479883,-41.391793129296275],[-71.8684762712118,-41.39185110872335],[-71.86807792012054,-41.392199290908565],[-71.86764383175468,-41.3925921356798],[-71.86714496414059,-41.392765828042],[-71.86667522807699,-41.39319438867651],[-71.86634798664747,-41.39359177168893],[-71.86616866869409,-41.39419944984163],[-71.8659603087032,-41.39448522313074],[-71.86577520023212,-41.39503030431316],[-71.86567405098229,-41.395164245231676],[-71.8653882453675,-41.39560637615554],[-71.86520349845286,-41.39595924648504],[-71.86492936350629,-41.396504201486145],[-71.86482730924713,-41.3970449176998],[-71.86483834703209,-41.39744712379082],[-71.86476633000198,-41.39781799916611],[-71.86483662803282,-41.39825165737278],[-71.86496066737699,-41.398546787833666],[-71.86520331750577,-41.398922531611866],[-71.86561759557286,-41.399508485602205],[-71.86610904680897,-41.40009905356234],[-71.86663587226928,-41.40080132347883],[-71.86688422090408,-41.40128882261478],[-71.86707294764032,-41.40189242234556],[-71.86737947001674,-41.40295644761935],[-71.86752648846459,-41.403622585767486],[-71.86775728467032,-41.40400724825506],[-71.86794058251583,-41.40434268318108],[-71.86816567863747,-41.40458427849059],[-71.8688529084005,-41.40528228897871],[-71.86927930494026,-41.405801188511376],[-71.8698052203482,-41.406999630325004],[-71.86992328656214,-41.40732156690875],[-71.87001185881144,-41.40755406939622],[-71.87010006914717,-41.40800114886172],[-71.87015797130277,-41.40870284581071],[-71.87018040838518,-41.40940017940005],[-71.87011400185435,-41.40994087568065],[-71.86993477652848,-41.41047700206372],[-71.86994074769193,-41.410494914231535],[-71.86933277410257,-41.41170543085642],[-71.86846360504818,-41.412848624573286],[-71.86698102705816,-41.41493410140341],[-71.86658176933476,-41.415657676864754],[-71.86648613920859,-41.41599278480925],[-71.86648586778908,-41.41611346854913],[-71.86644406918168,-41.41620728388081],[-71.86632509692451,-41.41630993934372],[-71.8662061246222,-41.41645283667798],[-71.86609294256492,-41.416618052787754],[-71.86598564123227,-41.41683245483028],[-71.86598916969152,-41.41687016316523]]]}"
00000000000000000102,99.99999999999999,4.89075280307461E7,2.9166543981409565E7,7000,21757.835647478234,1023.0979827089336,0.0,"38,773","38,773",-41.388017505771245,-71.75683042395872,100.0,100.0,100.0,100.0,100.0,100.0,100.0,100.0,0.0,110.57232685540629,0.0,0.0,0.0,0.0,0.0,0.0,0.001542538226746446,0.0,17414.09663288947,6380.636683558108,7.003495614313576,0.0,0.0,0.0,0.0,0.0,0.0,0.0,0.0,"{""type"":""Polygon"",""coordinates"":[[[-71.79999637253931,-41.418496432272875],[-71.71632749089868,-41.420503740262106],[-71.71370533500293,-41.35752120372163],[-71.79729363132066,-41.35551837395157],[-71.79999637253931,-41.418496432272875]]]}"
00000000000000000103,100.0,4.89113311110533E7,1.1898434108390253E7,7000,0,1374.0666666666666,1.9212691401770023,"39,773","39,773",-41.38999221773136,-71.67319768757515,100.0,100.0,100.0,100.0,100.0,100.0,100.0,100.0,0.0,98.39272238278743,0.0,0.0,0.0,0.0,0.0,0.0,0.0,0.0,14315.571042695728,923.0287894868859,6.1456348051684895,0.0,0.0,0.0,0.0,0.0,0.0,0.0,0.0,"{""type"":""Polygon"",""coordinates"":[[[-71.71632749089868,-41.420503740262106],[-71.63265029092543,-41.42245022193649],[-71.63010868813483,-41.35946344720139],[-71.71370533500293,-41.35752120372163],[-71.71632749089868,-41.420503740262106]]]}"
00000000000000000104,100.0,4.89150172901737E7,1.654758531190578E7,7000,1931.910751861742,1239.3823246878,41.2288947752792,"40,773","40,773",-41.39190623548613,-71.58955673691281,100.0,100.0,100.0,100.0,100.0,100.0,100.0,100.0,0.0,86.82291666666667,0.007704117069435932,0.007704116470060694,0.005438205768184332,0.0,0.0,0.0,0.0,0.0,10825.79479398398,11464.55468839632,5.712912877278686,0.0,0.0,0.0,0.0,0.0,0.0,0.0,0.0,"{""type"":""Polygon"",""coordinates"":[[[-71.63265029092543,-41.42245022193649],[-71.54896504639613,-41.424335974088144],[-71.5465039628558,-41.36134505317631],[-71.63010868813483,-41.35946344720139],[-71.63265029092543,-41.42245022193649]]]}"
00000000000000000105,100.00000000000003,4.89185865329575E7,1.5129846482367013E7,7000,22855.838447800146,1236.344262295082,5.498606101444554,"41,773","41,773",-41.393759536678516,-71.50590787333056,100.0,100.0,100.0,100.0,100.0,100.0,100.0,100.0,0.0,82.27244746551169,0.18727254406241745,0.299253033118025,0.14715765476099502,0.1610345452235549,0.16450794527764165,0.2551485539619937,0.216027009906439,0.4374839766171004,0,17673.917942749697,6.286465031878092,0.0,0.0,0.0,0.0,0.0,0.0,0.0,0.0,"{""type"":""Polygon"",""coordinates"":[[[-71.54896504639613,-41.424335974088144],[-71.46527194000316,-41.42616085710911],[-71.46289152138971,-41.363165985921874],[-71.5465039628558,-41.36134505317631],[-71.54896504639613,-41.424335974088144]]]}"
00000000000000000106,100.0,4.89220388054135E7,1046623.7446939801,7000,0,1622.4893822393826,0.0,"42,773","42,773",-41.395552060325514,-71.42225129090181,100.0,100.0,100.0,100.0,100.0,100.0,100.0,100.0,0.0,74.6467055662496,0.0,0.0,0.0,0.0,0.0,0.0,0.0,0.0,3790.327102715236,0,4.45810432837948,0.0,0.0,0.0,0.0,0.0,0.0,0.0,0.0,"{""type"":""Polygon"",""coordinates"":[[[-71.46527194000316,-41.42616085710911],[-71.38157124445655,-41.427924968241946],[-71.37927145373487,-41.3649261650202],[-71.46289152138971,-41.363165985921874],[-71.46527194000316,-41.42616085710911]]]}"
0000000000000000010a,100.0,4.86624570778649E7,1.8804168547141723E7,7000,7864.650397043283,1176.1037827352086,0.0,"37,774","37,774",-41.32310455548325,-71.83751767077094,100.0,100.0,100.0,100.0,100.0,100.0,100.0,100.0,0.0,117.07103742321371,0.0,0.0,0.0,0.0,0.0,0.0,0.0,0.0,14509.566244208085,0,6.629923806250615,0.0,0.0,0.0,0.0,0.0,0.0,0.0,0.0,"{""type"":""Polygon"",""coordinates"":[[[-71.87892468638333,-41.30923423497563],[-71.88087339491851,-41.35345487609058],[-71.79729363132066,-41.35551837395157],[-71.79459946417295,-41.29253948083226],[-71.87809896949362,-41.29048051735663],[-71.87830949267696,-41.29526295067141],[-71.87774269916785,-41.29582975969796],[-71.8776121510519,-41.29591006816503],[-71.87755877377465,-41.29595471053685],[-71.87719047031307,-41.29641916008388],[-71.87685211204634,-41.296722696388294],[-71.87669134650622,-41.2971203627593],[-71.87658377739577,-41.297553791802365],[-71.87671884945196,-41.2982511447685],[-71.87688395754589,-41.2986848556814],[-71.8769177933856,-41.2995877911306],[-71.87675440424341,-41.30138881219251],[-71.8767886924481,-41.30205034223339],[-71.87681085764439,-41.30289061974826],[-71.87682225688759,-41.303118557344725],[-71.87671993509453,-41.303949809206905],[-71.87668935616135,-41.30445038239065],[-71.87638501419013,-41.305549547466335],[-71.87612319300631,-41.30608113953262],[-71.87602105192522,-41.306814013488754],[-71.87601996628027,-41.30738168208602],[-71.87615467669862,-41.308244443364366],[-71.87655708867044,-41.308580068642264],[-71.87690666555638,-41.30864747585847],[-71.87697189453345,-41.30865650544174],[-71.87716740044287,-41.30869245893664],[-71.87728591622846,-41.30871495396564],[-71.87805002532109,-41.30901076630013],[-71.87855367044162,-41.30914534432253],[-71.87892468638333,-41.30923423497563]]]}"
0000000000000000010b,100.00000000000003,4.8908243158984E7,2.6595494556045853E7,7000,17912.33106917094,1105.3971153846153,0.20364084222740786,"38,774","38,774",-41.325036794528856,-71.75417218378958,100.0,100.0,100.0,100.0,100.0,100.0,100.0,100.0,0.0,114.4871494391026,0.0,0.0,0.0,0.0,0.0,0.0,0.0,0.0,11892.986540879087,2840.594152670099,7.476639079314012,0.0,0.0,0.0,0.0,0.0,0.0,0.0,0.0,"{""type"":""Polygon"",""coordinates"":[[[-71.79729363132066,-41.35551837395157],[-71.71370533500293,-41.35752120372163],[-71.711091395202,-41.29453794172556],[-71.79459946417295,-41.29253948083226],[-71.79729363132066,-41.35551837395157]]]}"
0000000000000000010c,100.0,4.89120464068331E7,1.766851840212056E7,7000,10778.818681559982,1241.6528447444553,57.82605967850073,"39,774","39,774",-41.327007185232034,-71.67061987068224,100.0,100.0,100.0,100.0,100.0,100.0,100.0,100.0,0.0,98.96842855994858,0.0,0.0,0.0,0.0,0.0,0.0021229416207751923,0.0,0.0,16778.765812051937,9094.712629809977,6.510988318241896,0.0,0.0,0.0,0.0,0.0,0.0,0.0,0.0,"{""type"":""Polygon"",""coordinates"":[[[-71.71370533500293,-41.35752120372163],[-71.63010868813483,-41.35946344720139],[-71.62757512419877,-41.29647593758437],[-71.711091395202,-41.29453794172556],[-71.71370533500293,-41.35752120372163]]]}"
0000000000000000010d,100.00000000014042,4.89157327483528E7,2.1732652368588503E7,7000,35012.37449588152,1019.8299711815564,20.145509707762756,"40,774","40,774",-41.32891698785558,-71.58705935930422,100.0,100.0,100.0,100.0,100.0,100.0,100.0,100.0,0.0,95.02890850144092,0.0,0.0,0.0,0.0,0.0,0.0,0.0,0.0,8636.574236835018,25776.352916104264,7.340815637388789,0.0,0.0,0.0,0.0,0.0,0.0,0.0,0.0,"{""type"":""Polygon"",""coordinates"":[[[-71.63010868813483,-41.35946344720139],[-71.5465039628558,-41.36134505317631],[-71.54405074068497,-41.29835331353996],[-71.62757512419877,-41.29647593758437],[-71.63010868813483,-41.35946344720139]]]}"
0000000000000000010e,100.00000000000003,4.89193021484115E7,1.6729000467185965E7,7000,25007.327744679413,1218.650289017341,0.0,"41,774","41,774",-41.33076619823404,-71.50349095769202,99.9636698794367,99.9636698794367,99.9636698794367,99.9636698794367,99.9636698794367,99.9636698794367,99.9636698794367,99.9636698794367,0.0,86.31175666988108,0.1712948204268782,0.21881944227586506,0.160099973905294,0.08564453816536746,0.033181730393241515,0.1910593050590659,0.13543760501319688,0.20898218173582506,3040.3712474947665,21173.52681004092,6.783194249299362,0.036330120563310336,0.036330120563310336,0.036330120563310336,0.036330120563310336,0.036330120563310336,0.036330120563310336,0.036330120563310336,0.036330120563310336,"{""type"":""Polygon"",""coordinates"":[[[-71.5465039628558,-41.36134505317631],[-71.46289152138971,-41.363165985921874],[-71.46051860525809,-41.30017025589441],[-71.54405074068497,-41.29835331353996],[-71.5465039628558,-41.36134505317631]]]}"
00000000000000000111,100.0,3.67053639712362E7,304091.3243633493,7000,0,1407.9562982005143,0.0,"44,774","44,774",-41.33563088162532,-71.2631770070808,100.0,100.0,100.0,100.0,100.0,100.0,100.0,100.0,0.0,65.74312258687259,0.0,0.0,0.0,0.0,0.0,0.0,0.0,0.0,9336.726108592175,2600.821154029442,5.369594006434063,0.0,0.0,0.0,0.0,0.0,0.0,0.0,0.0,"{""type"":""Polygon"",""coordinates"":[[[-71.22934138557727,-41.304882025015154],[-71.29343197524766,-41.30362238631833],[-71.29564403047375,-41.3666256880702],[-71.23331276102276,-41.3678527864387],[-71.23142773372136,-41.32205431269377],[-71.22934138557727,-41.304882025015154]]]}"
00000000000000000113,100.0,4.13033653914116E7,4521460.498601727,7000,4197.6706879935955,1301.1854379977246,0.0,"37,775","37,775",-41.26249203167395,-71.83014584023253,100.0,100.0,100.0,100.0,100.0,100.0,100.0,100.0,0.0,110.50641847000759,0.0,0.0,0.0,0.0,0.0,0.0,0.0,0.0,13750.617172352837,15288.192503193804,5.927735840486775,0.0,0.0,0.0,0.0,0.0,0.0,0.0,0.0,"{""type"":""Polygon"",""coordinates"":[[[-71.87675096637571,-41.25980009439461],[-71.87809896949362,-41.29048051735663],[-71.79459946417295,-41.29253948083226],[-71.79191387133115,-41.22955970641536],[-71.85638962335973,-41.22797713378204],[-71.85639034716837,-41.22798845858157],[-71.85657935164187,-41.228203297824024],[-71.85662069918267,-41.228252467495516],[-71.85678572738767,-41.22858787737805],[-71.85734052552054,-41.22937074888917],[-71.85742312992069,-41.22948710648273],[-71.85749397245031,-41.22958552234144],[-71.85762380514193,-41.22976892470855],[-71.85772414270448,-41.22992104019183],[-71.85772405222879,-41.229979138083785],[-71.85772341889891,-41.23027412452313],[-71.85772323794752,-41.23035454677928],[-71.85772206176347,-41.23088641730449],[-71.85755522453519,-41.23135107707805],[-71.85748908675912,-41.231851606543906],[-71.85775436158539,-41.2323882962868],[-71.85815607337898,-41.23279099419277],[-71.85849336612797,-41.232858465694754],[-71.85861767940499,-41.23288540906434],[-71.85908543707353,-41.232886049308135],[-71.85922133095036,-41.233020257053205],[-71.85938671969052,-41.233185823139706],[-71.85932067277518,-41.233619340516995],[-71.85908914656098,-41.23391851909644],[-71.85891715296351,-41.23402557932874],[-71.85838950026638,-41.23435116857104],[-71.85782086120831,-41.23448456532607],[-71.85735816830226,-41.23485052790588],[-71.85672402277292,-41.235153682455554],[-71.8559892664516,-41.23541644284954],[-71.85479226411329,-41.23581716013707],[-71.85399281239535,-41.235883198910166],[-71.85322357796231,-41.23564980892663],[-71.85269654905133,-41.235684922344625],[-71.85215748577757,-41.235787017444174],[-71.85142887126193,-41.235951442059765],[-71.85082384759563,-41.23642000913709],[-71.85052527110942,-41.23755041610316],[-71.85036358730011,-41.23831450584671],[-71.85016191219164,-41.2384840911303],[-71.84972942767439,-41.23858181231845],[-71.84949228476131,-41.238715652842934],[-71.84916004913993,-41.23901465123016],[-71.84896344004099,-41.23951496133808],[-71.84876085925346,-41.24004657343165],[-71.84859483157925,-41.24018046223491],[-71.84796075887195,-41.24038075264215],[-71.84769393765531,-41.240509981505916],[-71.84739725825501,-41.240777786947525],[-71.8472900410197,-41.24106369393569],[-71.84719467646079,-41.24131390605696],[-71.84706284893478,-41.2419796437593],[-71.84701941912691,-41.242833289673996],[-71.84703109088835,-41.2429093105283],[-71.84719594316289,-41.24331176698626],[-71.84789353333747,-41.24381326863201],[-71.84799423591608,-41.24381345996575],[-71.84819555049835,-41.243813679209836],[-71.8486930910199,-41.24377856739431],[-71.84903120821642,-41.24351083049658],[-71.84962420174911,-41.243176402507245],[-71.85052418537623,-41.24321335573443],[-71.85142914269447,-41.24367938258221],[-71.85192513999323,-41.24431022601385],[-71.85259295270666,-41.244914443768366],[-71.85326184972696,-41.24501362507786],[-71.85394766448422,-41.24551955171895],[-71.8542967237167,-41.24569883340973],[-71.85482374994741,-41.245677091455114],[-71.85534462290127,-41.245820843979956],[-71.85542152781528,-41.24584327960448],[-71.8558530997486,-41.246174558838895],[-71.85608942358355,-41.246411719701086],[-71.85632511390818,-41.24697968788049],[-71.85638962335973,-41.247243394507535],[-71.85638953288365,-41.24727921590276],[-71.85638853764677,-41.247744031038835],[-71.85610326643669,-41.24820851478726],[-71.85602599978465,-41.2483424950277],[-71.85569322820213,-41.24884265778823],[-71.85505871740892,-41.249244160247386],[-71.85462569676015,-41.24954306364702],[-71.85385546862955,-41.24970742224478],[-71.85319200149102,-41.24977367895845],[-71.85188922047776,-41.24974072607271],[-71.85107103252093,-41.250123991179834],[-71.85081416648372,-41.25111592561308],[-71.85065963056326,-41.25133919526545],[-71.8449336050829,-41.25846950431735],[-71.84313360334066,-41.26070187959668],[-71.83840409373987,-41.26659960412116],[-71.83729895391787,-41.26796128489402],[-71.83587223748737,-41.26993033098392],[-71.8354030881429,-41.27039894146176],[-71.83503437336748,-41.270961599069906],[-71.83488580155002,-41.27114017904487],[-71.83444044760859,-41.271546271358794],[-71.83437466691436,-41.27179200519798],[-71.8344451526921,-41.272020008423674],[-71.83461064491212,-41.27217670277672],[-71.83528509946152,-41.27256205246857],[-71.83576999284863,-41.2729069228121],[-71.83600008848025,-41.27330504163795],[-71.836195257943,-41.27343489444702],[-71.836432048919,-41.273484384545434],[-71.836692998341,-41.27337748009017],[-71.83722765444185,-41.27281958306247],[-71.83788708350006,-41.27204726101707],[-71.83813726444448,-41.27152917152237],[-71.83829786874388,-41.271261253870456],[-71.83881994525467,-41.27095801310713],[-71.83883777003538,-41.27093569786243],[-71.84035622050713,-41.270142242580285],[-71.84093176760761,-41.269794427606136],[-71.8415661258834,-41.26959418323114],[-71.8421943302343,-41.269460939009306],[-71.8425676511389,-41.269430122733596],[-71.8431007591399,-41.269462142883214],[-71.84393027774185,-41.26939625094534],[-71.84506724308564,-41.269581016935604],[-71.84530420836906,-41.269563472736806],[-71.84616339829695,-41.269510988292204],[-71.84641872998314,-41.269229736226066],[-71.84650233251726,-41.26894377976393],[-71.84657453468797,-41.268492510533015],[-71.84686198602321,-41.26714752526956],[-71.84761160213762,-41.26575851198905],[-71.84811276271941,-41.26421269578435],[-71.84836474512646,-41.26284536118264],[-71.84869164336722,-41.262380915691764],[-71.84881641290802,-41.26220233620556],[-71.84919072123401,-41.26170219589368],[-71.8495592385206,-41.26116631928569],[-71.85025980923216,-41.26043427728736],[-71.85089478208894,-41.25993448640755],[-71.8522587298566,-41.25920324274929],[-71.85326112591112,-41.25860111476501],[-71.85393707870051,-41.25828018236443],[-71.85439380518143,-41.25796791010532],[-71.85483849762151,-41.25775389597059],[-71.85508748892278,-41.257633524299024],[-71.85562093764594,-41.25746886322697],[-71.85621952828365,-41.25730424680782],[-71.8566876514254,-41.25720196037014],[-71.85719124040496,-41.25713555026338],[-71.85772450460726,-41.257069209957336],[-71.85812142123324,-41.257002602952205],[-71.85895596688721,-41.25730313949699],[-71.85985556191493,-41.25763500533863],[-71.8604889773247,-41.25776985355391],[-71.86088543808377,-41.257940174527135],[-71.86141851506565,-41.25793632098444],[-71.86201673275974,-41.25793703443356],[-71.86258545469484,-41.25790194611317],[-71.86274541320803,-41.257893204436414],[-71.86311861926369,-41.25787131753164],[-71.86345663047432,-41.25767057113319],[-71.86374759486503,-41.257308919808494],[-71.8639910601973,-41.25701870623311],[-71.86408605776732,-41.25687129739711],[-71.86438317379115,-41.25640232635126],[-71.86445510043548,-41.256004651143314],[-71.86515509510514,-41.25547355813563],[-71.8657887712381,-41.25550559491852],[-71.86635142462943,-41.255501763759014],[-71.86678289106592,-41.255935845892296],[-71.86718441035734,-41.2565710016594],[-71.86812424214492,-41.2574972514234],[-71.86842578749943,-41.25775681278558],[-71.87057387131505,-41.2587425926553],[-71.87228550620637,-41.25883835657208],[-71.87358259333966,-41.25887104545564],[-71.87428148195931,-41.25887185169571],[-71.87514583991202,-41.259100692303136],[-71.87598043070656,-41.25940110539718],[-71.87654849399571,-41.25970559485348],[-71.87675096637571,-41.25980009439461]]]}"
00000000000000000114,100.0,4.89089580991087E7,1.9973548465937864E7,7000,0,1190.5788461538461,0.0,"38,775","38,775",-41.2620552623902,-71.75152237204487,100.0,100.0,100.0,100.0,100.0,100.0,100.0,100.0,0.0,104.00349895733078,0.0,0.0,0.0,0.0,0.0,0.0,0.0,0.0,28967.086356458807,12293.878402216473,6.469820237733402,0.0,0.0,0.0,0.0,0.0,0.0,0.0,0.0,"{""type"":""Polygon"",""coordinates"":[[[-71.79459946417295,-41.29253948083226],[-71.711091395202,-41.29453794172556],[-71.70848585274443,-41.2315537898515],[-71.79191387133115,-41.22955970641536],[-71.79459946417295,-41.29253948083226]]]}"
00000000000000000115,100.0,4.89127615144529E7,2.464201076916888E7,7000,9052.17186321659,1135.277724204436,0.0,"39,775","39,775",-41.2640213124633,-71.66805019772299,100.0,100.0,100.0,100.0,100.0,100.0,100.0,100.0,0.0,97.89288730694982,0.0,0.0,0.0,0.0,0.0,0.0,0.0,0.0,25388.988671891308,29116.29415452131,6.417191465665015,0.0,0.0,0.0,0.0,0.0,0.0,0.0,0.0,"{""type"":""Polygon"",""coordinates"":[[[-71.711091395202,-41.29453794172556],[-71.62757512419877,-41.29647593758437],[-71.62504950877353,-41.2334874844052],[-71.70848585274443,-41.2315537898515],[-71.711091395202,-41.29453794172556]]]}"
00000000000000000116,100.0,4.89164480183459E7,1.0656502107404616E7,7000,12204.705011716535,1399.0970220941404,0.0,"40,775","40,775",-41.265926922340576,-71.58456989458995,100.0,100.0,100.0,100.0,100.0,100.0,100.0,100.0,0.0,89.50911458333334,0.0,0.0,0.0,0.0,0.0,0.0,0.0,0.0,17002.705195808245,14451.101796146628,6.1864924871004545,0.0,0.0,0.0,0.0,0.0,0.0,0.0,0.0,"{""type"":""Polygon"",""coordinates"":[[[-71.62757512419877,-41.29647593758437],[-71.54405074068497,-41.29835331353996],[-71.54160519893968,-41.235360828005504],[-71.62504950877353,-41.2334874844052],[-71.62757512419877,-41.29647593758437]]]}"
00000000000000000117,100.0,4.89200175756423E7,2.020660069000614E7,7000,11029.713620514436,1252.1031822565094,0.0,"41,775","41,775",-41.26777205796672,-71.50108167478392,100.0,100.0,100.0,100.0,100.0,100.0,100.0,100.0,0.0,84.58619439071568,0.08622859451852749,0.12748561731630903,0.0334494239911632,0.0022298513013143673,0.0037169873418017667,0.14494787853574453,0.08102168018083218,0.1438333403468276,13859.623487569785,29475.12197888628,6.468479988791727,0.0,0.0,0.0,0.0,0.0,0.0,0.0,0.0,"{""type"":""Polygon"",""coordinates"":[[[-71.54405074068497,-41.29835331353996],[-71.46051860525809,-41.30017025589441],[-71.45815319177105,-41.2371736959441],[-71.54160519893968,-41.235360828005504],[-71.54405074068497,-41.29835331353996]]]}"
00000000000000000118,100.0,4.89234701523122E7,3631346.001096959,7000,3725.654454992297,1589.869565217391,0.0,"42,775","42,775",-41.269556713623835,-71.41758583555927,100.0,100.0,100.0,100.0,100.0,100.0,100.0,100.0,0.0,75.62244610682112,0.024823681603288947,0.0,0.014481310385648993,0.0,0.010343777405251438,0.05585439697057064,0.018616991560039133,0.031030743520447667,775.5178375856026,8251.613665965058,4.677367387130913,0.0,0.0,0.0,0.0,0.0,0.0,0.0,0.0,"{""type"":""Polygon"",""coordinates"":[[[-71.46051860525809,-41.30017025589441],[-71.37697889689612,-41.301926551131295],[-71.37469357408767,-41.23892623005563],[-71.45815319177105,-41.2371736959441],[-71.46051860525809,-41.30017025589441]]]}"
0000000000000000011a,98.14610173128041,4.41345013201943E7,8277146.560539112,7000,0,1230.248128342246,14.108205107177849,"44,775","44,775",-41.2709979185128,-71.25414254067114,100.0,100.0,100.0,100.0,100.0,100.0,100.0,100.0,1.8538982687195968,64.77098897189612,0.0,0.0,0.0,0.0,0.004536414626822827,0.0,0.0,0.0054437002252395094,10477.804066553357,16176.53344003037,6.77950579053946,0.0,0.0,0.0,0.0,0.0,0.0,0.0,0.0,"{""type"":""Polygon"",""coordinates"":[[[-71.20861578924318,-41.267846817950094],[-71.20775302955411,-41.24224980199629],[-71.29122679455068,-41.240618262282],[-71.29343197524766,-41.30362238631833],[-71.22934138557727,-41.304882025015154],[-71.22678650463381,-41.283840451081765],[-71.22246581953185,-41.28193866999182],[-71.21018874804504,-41.26967570197181],[-71.20861578924318,-41.267846817950094]]]}"
0000000000000000011b,99.1261348519104,3767570.97490543,3592676.71191364,7000,0,1030.7619047619048,0.5909575158679399,"45,775","45,775",-41.249590273479896,-71.1949614221715,100.0,100.0,100.0,100.0,100.0,100.0,100.0,100.0,0.8738651480895825,61.10081845238095,0.0,0.0,0.0,0.0,0.0,0.0,0.0,0.0,1838.8423365701976,3089.9619723749133,7.849572154453821,0.0,0.0,0.0,0.0,0.0,0.0,0.0,0.0,"{""type"":""Polygon"",""coordinates"":[[[-71.1708437446934,-41.24295190235151],[-71.20775302955411,-41.24224980199629],[-71.20861578924318,-41.267846817950094],[-71.19580327544614,-41.252945058544164],[-71.18186563278951,-41.250741758642306],[-71.17260985664008,-41.24645642673644],[-71.1708437446934,-41.24295190235151]]]}"
0000000000000000011d,100.0,4.57825438783864E7,7798121.484367372,7000,0,1472.8386763185106,0.0,"37,776","37,776",-41.19561024455338,-71.82993871135913,100.0,100.0,100.0,100.0,100.0,100.0,100.0,100.0,0.0,105.59860751295336,0.0,0.0,0.0,0.0,0.0,0.0,0.0,0.0,16852.662594491925,27146.01865935046,4.5016072920567005,0.0,0.0,0.0,0.0,0.0,0.0,0.0,0.0,"{""type"":""Polygon"",""coordinates"":[[[-71.85638962335973,-41.22797713378204],[-71.79191387133115,-41.22955970641536],[-71.78923676253397,-41.16657913658636],[-71.87257664334139,-41.16452925125724],[-71.87392810235535,-41.19541674343562],[-71.87317628727682,-41.19634111326029],[-71.87305161788699,-41.19656447841192],[-71.8728793605351,-41.19687711184119],[-71.87264739197656,-41.197507115975895],[-71.87284181493375,-41.19794087528507],[-71.873148241192,-41.19860712718974],[-71.87344878652486,-41.199273457323116],[-71.87387879564564,-41.20030639629687],[-71.87394809645009,-41.20117356586983],[-71.87421706665931,-41.20201868499879],[-71.87438561396819,-41.20586718913661],[-71.87397967083241,-41.20633602798586],[-71.87331027515056,-41.20663477193704],[-71.87208411659402,-41.20720106175059],[-71.87068062824453,-41.207633039376674],[-71.86951380921887,-41.208069762973366],[-71.86844750092511,-41.20853785094414],[-71.86735187577732,-41.20890307994387],[-71.86641620344034,-41.20917018756228],[-71.86528438178736,-41.209834810322285],[-71.86268425260967,-41.21069885144443],[-71.86179615595077,-41.21084525248504],[-71.86148827099888,-41.21089853598778],[-71.86068883631395,-41.21109874414744],[-71.86012029189307,-41.21126338111453],[-71.85885879635592,-41.21162834348916],[-71.8581180736367,-41.211998420342745],[-71.85765510974107,-41.21259674866626],[-71.85712139304168,-41.21309671506057],[-71.85645748041227,-41.213529423865126],[-71.85572299489691,-41.21376543525743],[-71.85525532270104,-41.21379607942591],[-71.85462759676848,-41.213929377756635],[-71.85447930560784,-41.21408568811965],[-71.85425971875162,-41.21433123100162],[-71.85402239829753,-41.21459460340246],[-71.85399190762764,-41.21499683887071],[-71.85412726084583,-41.215363504601946],[-71.85455856312521,-41.21569925481551],[-71.85496615997393,-41.21610657473145],[-71.85532643714826,-41.21646455935755],[-71.85579908543215,-41.2168584611533],[-71.85589363309893,-41.216930087799604],[-71.85612344262022,-41.21742655248075],[-71.85628810918178,-41.217900480935796],[-71.85637632337571,-41.21815539831902],[-71.85638808526637,-41.21819561288956],[-71.8566243182232,-41.21845964943683],[-71.85709017886525,-41.21926026440611],[-71.85745597262797,-41.21982838188054],[-71.85774341402707,-41.221026526072855],[-71.8579492461548,-41.22164361921873],[-71.85818330652478,-41.22289986269796],[-71.85818918743634,-41.22295797273571],[-71.85838787170731,-41.224156040132115],[-71.85818529698717,-41.22472347418611],[-71.85785759432733,-41.22568845883088],[-71.85725846395366,-41.226255372619846],[-71.85668927999329,-41.226656948101244],[-71.8563569614932,-41.227022991005995],[-71.85635596625623,-41.22745657715429],[-71.8563673662433,-41.22764880477343],[-71.85638962335973,-41.22797713378204]]]}"
0000000000000000011e,100.0,4.89096728476189E7,1.0867717888307234E7,7000,6703.061095637175,1422.5187680461984,0.0,"38,776","38,776",-41.199072896477794,-71.74888098443323,100.0,100.0,100.0,100.0,100.0,100.0,100.0,100.0,0.0,102.93815166827078,0.0,0.0,0.0,0.0,0.0,0.0,0.0,0.0,22880.925076899613,39285.54394577525,5.977205740935075,0.0,0.0,0.0,0.0,0.0,0.0,0.0,0.0,"{""type"":""Polygon"",""coordinates"":[[[-71.79191387133115,-41.22955970641536],[-71.70848585274443,-41.2315537898515],[-71.70588852680979,-41.16856889354933],[-71.78923676253397,-41.16657913658636],[-71.79191387133115,-41.22955970641536]]]}"
0000000000000000011f,100.0,4.89134764304366E7,1183544.0718455282,7000,4798.730373091211,1566.4468085106387,0.0,"39,776","39,776",-41.20103463299985,-71.665488706241,100.0,100.0,100.0,100.0,100.0,100.0,100.0,100.0,0.0,93.94280394524961,0.0,0.0,0.0,0.0,0.0,0.0,0.0,0.0,22390.949348489426,13391.691595557104,5.361692332760724,0.0,0.0,0.0,0.0,0.0,0.0,0.0,0.0,"{""type"":""Polygon"",""coordinates"":[[[-71.70848585274443,-41.2315537898515],[-71.62504950877353,-41.2334874844052],[-71.62253202313504,-41.17049829278883],[-71.70588852680979,-41.16856889354933],[-71.70848585274443,-41.2315537898515]]]}"
00000000000000000121,100.0,4.89207328111433E7,635786.9677860338,7000,602.2162912552524,1641.3458937198068,0.0,"41,776","41,776",-41.20477712033574,-71.49868004917928,100.0,100.0,100.0,100.0,100.0,100.0,100.0,100.0,0.0,80.43591988727859,0.0,0.0,0.0,0.0,0.0,0.0,0.0,0.0,4619.815555430508,19717.394395017294,4.996875398792507,0.0,0.0,0.0,0.0,0.0,0.0,0.0,0.0,"{""type"":""Polygon"",""coordinates"":[[[-71.54160519893968,-41.235360828005504],[-71.45815319177105,-41.2371736959441],[-71.45579528109063,-41.17417640807398],[-71.53916751892272,-41.17236750595256],[-71.54160519893968,-41.235360828005504]]]}"
00000000000000000122,79.20607460724683,4.89241855398634E7,1.6463136672174271E7,7000,22085.231227666194,1111.251207729469,27.403574108394608,"42,776","42,776",-41.2065578584635,-71.41526415666632,99.31926813579966,99.29523657274876,99.28290447476846,99.28290447476846,99.26235058930737,99.04998155145661,99.04998155145661,98.97577255958515,20.79392539224342,79.76691200128701,0.5056744317321841,0.6230456344499858,0.30822995306570344,0.14978566071265137,0.09268093378233687,0.4296409482715461,0.21455249595138184,0.4319170693062273,0,68708.52105226433,7.416213268662971,0.6807318642003435,0.7047634272512379,0.7170955252315375,0.7170955252315375,0.7376494106926303,0.9500184485433846,0.9500184485433846,1.0242274404148415,"{""type"":""Polygon"",""coordinates"":[[[-71.45815319177105,-41.2371736959441],[-71.37469357408767,-41.23892623005563],[-71.37241557606181,-41.17592502301348],[-71.45579528109063,-41.17417640807398],[-71.45815319177105,-41.2371736959441]]]}"
00000000000000000123,39.74247855477475,4.89275212498835E7,1.71298387097247E7,7000,0,1228.892307692308,16.779071836606303,"43,776","43,776",-41.20827821957018,-71.33184091609459,86.1650488742494,85.93135138404048,85.8009787288463,85.63505206326094,85.58764482488185,85.42829357050897,85.42829357050897,85.27444019994215,60.25752144522526,72.98645833333333,0.47714135198127716,0.5509844701820347,0.5293892539921478,0.3155066484543087,0.3209905171242576,0.26393025548191956,0.24229934939504244,0.4961306510183707,17202.57912249141,55608.54932344514,6.88171273965102,13.834951125750603,14.06864861595952,14.199021271153702,14.364947936739059,14.412355175118154,14.571706429491032,14.571706429491032,14.725559800057859,"{""type"":""Polygon"",""coordinates"":[[[-71.37469357408767,-41.23892623005563],[-71.29122679455068,-41.240618262282],[-71.28902866976537,-41.17761330081146],[-71.37241557606181,-41.17592502301348],[-71.37469357408767,-41.23892623005563]]]}"
00000000000000000124,91.83614995914807,4.89307399094153E7,2.5801746333825193E7,7000,0,1089.9893719806764,33.804618483439214,"44,776","44,776",-41.20993819343807,-71.24841061467203,100.0,100.0,100.0,100.0,100.0,100.0,100.0,100.0,8.163850040851923,65.86423073823342,0.0,0.0,0.0,0.0,0.0,0.0,0.0,0.0,7492.886563181604,9192.092571963756,7.560606946152,0.0,0.0,0.0,0.0,0.0,0.0,0.0,0.0,"{""type"":""Polygon"",""coordinates"":[[[-71.29122679455068,-41.240618262282],[-71.20775302955411,-41.24224980199629],[-71.20563482763711,-41.179241340130794],[-71.28902866976537,-41.17761330081146],[-71.29122679455068,-41.240618262282]]]}"
00000000000000000125,97.28963479090697,2.79854632631856E7,1.8975680282756656E7,7000,0,995.2026800670017,0.0,"45,776","45,776",-41.2094934365651,-71.18253316515532,100.0,100.0,100.0,100.0,100.0,100.0,100.0,100.0,2.7103636551134755,60.759354096989966,0.0,0.0,0.0,0.0,0.0,0.0,0.0,0.0,5778.457323327517,3002.767766451411,8.233524072449342,0.0,0.0,0.0,0.0,0.0,0.0,0.0,0.0,"{""type"":""Polygon"",""coordinates"":[[[-71.14894110520277,-41.18031355334497],[-71.20563482763711,-41.179241340130794],[-71.20775302955411,-41.24224980199629],[-71.1708437446934,-41.24295190235151],[-71.15626816878489,-41.2140142121831],[-71.15653887072868,-41.19293787727274],[-71.14894110520277,-41.18031355334497]]]}"
00000000000000000126,100.00000000000003,3.27736548066317E7,7685688.0698506,7000,0,1366.4546762589928,0.0,"37,777","37,777",-41.13516485745023,-71.81626671222934,100.0,100.0,100.0,100.0,100.0,100.0,100.0,100.0,0.0,120.70644484412469,0.0,0.0,0.0,0.0,0.0,0.0,0.0,0.0,12284.289271660018,14427.319805291267,6.173891751817662,0.0,0.0,0.0,0.0,0.0,0.0,0.0,0.0,"{""type"":""Polygon"",""coordinates"":[[[-71.87248092457425,-41.16233818144667],[-71.87257664334139,-41.16452925125724],[-71.78923676253397,-41.16657913658636],[-71.78656813801207,-41.10359779685371],[-71.8475288142053,-41.10210607283336],[-71.84642280153565,-41.10289740844352],[-71.84612729716659,-41.102932790692336],[-71.84505747131756,-41.103029683088565],[-71.84472658821399,-41.1030291897502],[-71.84449613702051,-41.10304679531862],[-71.8442597140075,-41.10305985995013],[-71.84395805499587,-41.103193532521004],[-71.84392186313346,-41.1034974443551],[-71.84432323065528,-41.10369467025222],[-71.84462425596158,-41.10382910724392],[-71.84496690148968,-41.10385196690691],[-71.84509103914925,-41.10386104960764],[-71.84565762017922,-41.10416127188721],[-71.84595819181673,-41.10449690029172],[-71.84607563363701,-41.10478760717079],[-71.84625785837788,-41.10522591399814],[-71.84647464596621,-41.10602624671736],[-71.84649219887794,-41.10609328502404],[-71.84622483354438,-41.106727647812285],[-71.84609219130154,-41.107827009788764],[-71.84606043315735,-41.108792428741424],[-71.84579279602035,-41.10952510695],[-71.84556098841792,-41.110092465728236],[-71.84535795304775,-41.1109905305901],[-71.84495477725501,-41.111553236386555],[-71.84448717955023,-41.111856481864436],[-71.84425618530449,-41.11205730690239],[-71.84392322032838,-41.11292403584958],[-71.84366128160163,-41.11369244896358],[-71.84319368198003,-41.114022517522415],[-71.84239564851812,-41.114088515025834],[-71.84172727132146,-41.114324450899154],[-71.84092914367257,-41.11442172705141],[-71.84008966430244,-41.11451889483964],[-71.83872946411873,-41.11489246761299],[-71.8378950458623,-41.11532484487889],[-71.83732646031041,-41.11582019425831],[-71.83689287242323,-41.116686672581295],[-71.83646525574021,-41.11752190612176],[-71.83623298888227,-41.118223279472744],[-71.83623108876313,-41.11898312922401],[-71.8363130653212,-41.11931403220653],[-71.83646525574021,-41.119886329536435],[-71.83670041784292,-41.120391729137104],[-71.83672982440366,-41.12044989593402],[-71.83689413916669,-41.12095076517848],[-71.83711201896305,-41.12129073421323],[-71.83779497343161,-41.12238231183448],[-71.83856135009938,-41.12318340108942],[-71.8400943693019,-41.12477227568519],[-71.84009427882113,-41.12479017949123],[-71.84052496693593,-41.12511704894599],[-71.8408966611646,-41.12541254468864],[-71.84122646251781,-41.125913647775555],[-71.8414323054375,-41.12636538495522],[-71.84152640501323,-41.12658000476688],[-71.84176165382988,-41.127045213973034],[-71.84195021467794,-41.12729577481418],[-71.8419560958926,-41.127331525250305],[-71.84196776784137,-41.12739408962639],[-71.84232751699643,-41.12774770452909],[-71.8426930564625,-41.12814604805602],[-71.84315929962757,-41.12844610831221],[-71.84362581354316,-41.12864784935786],[-71.84376080929543,-41.12904582644064],[-71.84376008545779,-41.12935424425108],[-71.84375990449837,-41.12944365263484],[-71.84352854780113,-41.129778607204855],[-71.84339825689972,-41.12988568295929],[-71.84332713976002,-41.129943640383466],[-71.84299001172703,-41.130046028316684],[-71.84249237172882,-41.130478888007055],[-71.84212466050619,-41.13097901977684],[-71.8418576533928,-41.131412170456905],[-71.84146062579352,-41.1317781706531],[-71.84109381817407,-41.13191177867776],[-71.84062603378872,-41.13221059097104],[-71.83983179403293,-41.13308102573174],[-71.83962956930593,-41.13357686286879],[-71.83959211021477,-41.1344081984157],[-71.8397911681362,-41.135208529152614],[-71.84006197718885,-41.13567380595541],[-71.83979352063815,-41.136674594654735],[-71.83935866940168,-41.138005938441815],[-71.83952823069158,-41.138774964876625],[-71.83992806562485,-41.139673948015556],[-71.84015191505875,-41.14000943545978],[-71.84019317427422,-41.14007211184145],[-71.8401928123513,-41.14020168566543],[-71.84019245042838,-41.140376006071136],[-71.83996127207878,-41.14060810518704],[-71.8395940103137,-41.14090259851623],[-71.83939250928216,-41.14110346681422],[-71.83945702219938,-41.14130468009304],[-71.83989350195519,-41.14173886230851],[-71.84029460315598,-41.142141647855084],[-71.84042941937123,-41.14261115955427],[-71.84046470682746,-41.14270512098488],[-71.84046334961768,-41.14323700752032],[-71.84041005650896,-41.14329501747709],[-71.84022619973885,-41.14350484013249],[-71.83989413532089,-41.14390217995522],[-71.83926049753536,-41.144303569040076],[-71.83902904706068,-41.14466975736553],[-71.83889151581482,-41.14529974568221],[-71.8389314179785,-41.14590319474417],[-71.83916024457496,-41.14660527418092],[-71.83899321655765,-41.147235277242785],[-71.83896770089395,-41.147986152608176],[-71.83895973855874,-41.14879962345809],[-71.83895865278575,-41.149264459048766],[-71.83906388226806,-41.14976522459234],[-71.83936391729783,-41.150400280289965],[-71.83970611613057,-41.150691259739645],[-71.84002478959128,-41.150964367926505],[-71.84023732886725,-41.15111216919017],[-71.84079224661777,-41.15149731641595],[-71.84212656058988,-41.152397566512974],[-71.84213832301252,-41.15240653793422],[-71.84298838308831,-41.15302898567853],[-71.84317133345135,-41.153194636104004],[-71.84362572306341,-41.153597461589555],[-71.84415692920571,-41.15399597047499],[-71.84475952272494,-41.15426502786313],[-71.84552126805053,-41.15476214601101],[-71.84688641530308,-41.15513048723452],[-71.84788475692073,-41.15559661621541],[-71.8497047271809,-41.15625163834812],[-71.85266452014142,-41.15760970419765],[-71.85377503473623,-41.1582145219873],[-71.85474919727757,-41.158926482907205],[-71.85565278530227,-41.159526503847225],[-71.85631968534224,-41.16015756033129],[-71.85741824422841,-41.160860702955816],[-71.8585870987053,-41.161858874563855],[-71.85947918534865,-41.162289046664924],[-71.86034186510376,-41.16271020078478],[-71.86073787367442,-41.16280904103925],[-71.86103933565569,-41.1628808655558],[-71.86160091186996,-41.163042469833314],[-71.8626418201757,-41.16304372444379],[-71.8636526876665,-41.163286270816144],[-71.86413174706458,-41.16328682099246],[-71.86480523367608,-41.16368094676401],[-71.86553861226663,-41.16368182331736],[-71.86656774599737,-41.163683059859736],[-71.8674670477835,-41.163518689663654],[-71.86870353828928,-41.163345786916786],[-71.86970371051027,-41.16304750841495],[-71.870768657448,-41.16284755871348],[-71.87134279181016,-41.162642576031246],[-71.87194650933154,-41.1624242560257],[-71.87212998566807,-41.16234842645301],[-71.87248092457425,-41.16233818144667]]]}"
00000000000000000127,100.0,4.89103874010616E7,1.2095196673725918E7,7000,12684.902749951385,1253.7502410800387,0.0,"38,777","38,777",-41.13608971891243,-71.74624792270941,100.0,100.0,100.0,100.0,100.0,100.0,100.0,100.0,0.0,105.88911322725814,0.0,0.0,0.0,0.0,0.0,0.0,0.0,0.0,15919.427091251666,3499.5604183237515,6.334717031201149,0.0,0.0,0.0,0.0,0.0,0.0,0.0,0.0,"{""type"":""Polygon"",""coordinates"":[[[-71.78923676253397,-41.16657913658636],[-71.70588852680979,-41.16856889354933],[-71.7032994176093,-41.10558305580099],[-71.78656813801207,-41.10359779685371],[-71.78923676253397,-41.16657913658636]]]}"
00000000000000000128,99.99999999999999,4.89141911513151E7,1.5702013648406392E7,7000,23993.921692125172,1204.3165537270088,0.0,"39,777","39,777",-41.138047122031026,-71.66293533015705,100.0,100.0,100.0,100.0,100.0,100.0,100.0,100.0,0.0,104.86661831076724,0.0,0.0,0.0,0.0,0.0,0.0,0.0,0.0,11567.284200506527,6132.803968894646,7.156219632205927,0.0,0.0,0.0,0.0,0.0,0.0,0.0,0.0,"{""type"":""Polygon"",""coordinates"":[[[-71.70588852680979,-41.16856889354933],[-71.62253202313504,-41.17049829278883],[-71.62002239585497,-41.107508269942166],[-71.7032994176093,-41.10558305580099],[-71.70588852680979,-41.16856889354933]]]}"
00000000000000000129,99.99999999999999,4.89178779798118E7,353721.1397591684,7000,1399.2693262282703,1490.9430501930503,0.0,"40,777","40,777",-41.13994434622909,-71.57961457835904,100.0,100.0,100.0,100.0,100.0,100.0,100.0,100.0,0.0,90.56560496794872,0.0,0.0,0.0,0.0,0.0,0.0,0.0,0.0,25038.160840362405,29004.062144203683,5.842279593761151,0.0,0.0,0.0,0.0,0.0,0.0,0.0,0.0,"{""type"":""Polygon"",""coordinates"":[[[-71.62253202313504,-41.17049829278883],[-71.53916751892272,-41.17236750595256],[-71.53673742912225,-41.109373328672056],[-71.62002239585497,-41.107508269942166],[-71.62253202313504,-41.17049829278883]]]}"
0000000000000000012a,29.3747138243346,4.89214478514636E7,1.020743315727826E7,7000,330.1772222635163,1277.3227053140097,0.0,"41,777","41,777",-41.14178138293273,-71.49628602795754,99.04049011073707,98.97474637230405,98.95483569990748,98.8884673024171,98.84228693514214,98.70782654021237,98.70782654021237,98.70118973006176,70.62528617566541,86.3224532559639,0.03625515281600626,0.06390225312952674,0.053578135184157556,0.008110916516203166,0.017694377135394238,0.00958523492915969,0.10986471769696673,0.12092415496240112,16977.629698135006,46587.001033467655,7.386491496973389,0.9595098892629326,1.02525362769595,1.0451643000925273,1.1115326975828965,1.1577130648578606,1.2921734597876398,1.2921734597876398,1.298810269938244,"{""type"":""Polygon"",""coordinates"":[[[-71.53916751892272,-41.17236750595256],[-71.45579528109063,-41.17417640807398],[-71.45344487337817,-41.11117827072832],[-71.53673742912225,-41.109373328672056],[-71.53916751892272,-41.17236750595256]]]}"
0000000000000000012b,1.3698904131904448,4.89249007321871E7,3.668223948856715E7,7000,11271.637170662194,907.2913843175218,0.0,"42,777","42,777",-41.14355818073976,-71.4129498914107,80.84556452179552,80.7033692401544,80.48560663019437,80.41078945484749,80.32866020368066,80.1043474613931,80.1043474613931,79.95848391887606,98.63010958589442,82.6772243713733,2.6109862042371055,3.141376784460327,2.4188515215156827,1.8507306259163847,1.7167467081110968,1.1355062777504026,0.8663403207724877,1.1289723367987319,10685.313677122269,290277.3050037217,8.74640488172638,19.15443547820447,19.2966307598456,19.514393369805628,19.589210545152515,19.671339796319344,19.895652538606896,19.895652538606896,20.04151608112394,"{""type"":""Polygon"",""coordinates"":[[[-71.45579528109063,-41.17417640807398],[-71.37241557606181,-41.17592502301348],[-71.37014481236018,-41.11292301582836],[-71.45344487337817,-41.11117827072832],[-71.45579528109063,-41.17417640807398]]]}"
0000000000000000012c,0.9384615768639843,4.89282365890838E7,3.3539792774517953E7,7000,9238.610656530753,877.9085659287778,2.154088836335451,"43,777","43,777",-41.14527474784088,-71.32960641756983,39.73609629836751,39.44640267765528,39.14622443752131,38.98993314106703,38.67553173418702,38.143360722114316,38.14717478418751,37.9565092478619,99.06153842356822,76.96618342957973,2.0621472357503294,2.21256515735933,1.6042976190373963,1.044995817792455,1.0444453747555105,1.0625337022100652,0.7510464477177572,1.2715072707157498,3910.969389601292,384524.70691942563,8.885176035758965,60.26390370163249,60.55359732234472,60.85377556247869,61.01006685893297,61.32446826581298,61.856639277885684,61.85282521581249,62.0434907521381,"{""type"":""Polygon"",""coordinates"":[[[-71.37241557606181,-41.17592502301348],[-71.28902866976537,-41.17761330081146],[-71.28683751039873,-41.114607662330116],[-71.37014481236018,-41.11292301582836],[-71.37241557606181,-41.17592502301348]]]}"
0000000000000000012d,17.27961069313681,4.89314553903498E7,4.415878402416602E7,7000,6729.917057356301,867.6760154738878,9.819670102834625,"44,777","44,777",-41.146931082875426,-71.24625584697615,80.42649339104817,80.1995432167685,79.7992775218042,79.38676408690459,78.99574661576091,78.437567627599,78.43450195332711,78.18148019155727,82.72038930784797,68.74756441223833,0.9904832128769105,1.0909183422685749,0.7673371987644928,0.5332777520824412,0.42900766557510467,0.6374575474994411,0.48324367525580314,0.8853522985159434,10819.931454868165,191774.73218645493,9.102335447597044,19.573506608951835,19.800456783231493,20.200722478195804,20.613235913095412,21.004253384239092,21.562432372401005,21.565498046672886,21.818519808442733,"{""type"":""Polygon"",""coordinates"":[[[-71.28902866976537,-41.17761330081146],[-71.20563482763711,-41.179241340130794],[-71.20352332198068,-41.11623202733195],[-71.28683751039873,-41.114607662330116],[-71.28902866976537,-41.17761330081146]]]}"
0000000000000000012e,73.53346425983212,4.52434395316678E7,4.526403270312885E7,7000,0,846.5286160249742,0.0,"45,777","45,777",-41.147158769482004,-71.1655798508896,100.0,100.0,100.0,100.0,100.0,100.0,100.0,100.0,26.46653573913972,62.894665109034264,0.0,0.0,0.0,0.0,0.0,0.0,0.0,0.0,14997.891035678238,33510.030751987004,9.101531047563562,0.0,0.0,0.0,0.0,0.0,0.0,0.0,0.0,"{""type"":""Polygon"",""coordinates"":[[[-71.1339577405131,-41.11754217791512],[-71.20352332198068,-41.11623202733195],[-71.20563482763711,-41.179241340130794],[-71.14894110520277,-41.18031355334497],[-71.14804158800003,-41.17881855793808],[-71.1345306343789,-41.168880293131146],[-71.12539560359626,-41.156162399173915],[-71.12134670490254,-41.15329922786793],[-71.1204502986894,-41.12548933894824],[-71.1233984494074,-41.12007321946593],[-71.13453806866642,-41.12109608844453],[-71.1339577405131,-41.11754217791512]]]}"
0000000000000000012f,80.8833055754809,1930851.46296508,1933356.2742962714,7000,0,851.0,0.0,"46,777","46,777",-41.13936042732642,-71.11642940045022,100.0,100.0,100.0,100.0,100.0,100.0,100.0,100.0,19.116694424519128,61.38194444444444,0.0,0.0,0.0,0.0,0.0,0.0,0.0,0.0,3499.8986834865646,0,9.117881774902344,0.0,0.0,0.0,0.0,0.0,0.0,0.0,0.0,"{""type"":""Polygon"",""coordinates"":[[[-71.1204502986894,-41.12548933894824],[-71.12134670490254,-41.15329922786793],[-71.11066341073932,-41.14574277548793],[-71.11149283571585,-41.13028889565234],[-71.11958716468601,-41.127074815568676],[-71.1204502986894,-41.12548933894824]]]}"
00000000000000000130,99.99047646050003,2.98702256248357E7,1.3218577854734382E7,7000,13354.225292884783,1145.26224328594,0.0,"37,778","37,778",-41.0738021842776,-71.81179040684745,100.0,100.0,100.0,100.0,100.0,100.0,100.0,100.0,0.009523539499977486,126.42490770042197,0.0,0.0,0.0,0.0,0.0,0.0,0.0,0.0,18581.72133551908,7837.794574724746,7.1105775694303865,0.0,0.0,0.0,0.0,0.0,0.0,0.0,0.0,"{""type"":""Polygon"",""coordinates"":[[[-71.8475288142053,-41.10210607283336],[-71.78656813801207,-41.10359779685371],[-71.78390799799507,-41.04061556273758],[-71.83690409215069,-41.03932221188829],[-71.83639730390344,-41.04010212606304],[-71.83569851206387,-41.0409682485457],[-71.83533079293613,-41.04163819007147],[-71.83496415916768,-41.0419013894978],[-71.83423116180359,-41.04226684751825],[-71.833533812902,-41.04256973827685],[-71.83310800133417,-41.04284177185053],[-71.83306665071153,-41.04286855698181],[-71.83296558144268,-41.043136551474795],[-71.83310040078247,-41.04353013967159],[-71.83332977449378,-41.04386567934758],[-71.83360049859715,-41.04420577757676],[-71.83372997919443,-41.04436686637091],[-71.83381231833076,-41.044501085041304],[-71.83381231833076,-41.044510019468255],[-71.83387104150391,-41.0446084596405],[-71.83396514333032,-41.044764989426646],[-71.83433005909055,-41.04519908497],[-71.83452984418348,-41.045601653354744],[-71.83435756574127,-41.0460036933868],[-71.83423288096986,-41.046294043979074],[-71.83414999904821,-41.04640118661809],[-71.83399599786537,-41.04659765288147],[-71.8340301097672,-41.04709829243475],[-71.83449582281787,-41.04739843844675],[-71.83489665941967,-41.047631457776845],[-71.8351089306966,-41.04777032919549],[-71.83540363103549,-41.04796294566723],[-71.83556251756423,-41.04816431480264],[-71.83582744891075,-41.04846413803839],[-71.83596253847709,-41.048763782222025],[-71.83612685363875,-41.049161829481875],[-71.83629723099872,-41.04950182216161],[-71.83625515693802,-41.04980118849432],[-71.83618385722667,-41.04998435726787],[-71.83594670413707,-41.050372849918986],[-71.83575144403895,-41.05055590012833],[-71.83519588406432,-41.05078306360622],[-71.83460485404312,-41.05099224918883],[-71.83351770699252,-41.05129016789553],[-71.83227067279398,-41.05175764931741],[-71.83215250197883,-41.05180216745147],[-71.83079281056786,-41.05246176072556],[-71.83037269577733,-41.05280528874872],[-71.83017707030679,-41.053095525460236],[-71.83008767250297,-41.05341724506008],[-71.83006921384398,-41.053712156611255],[-71.83002134800267,-41.05394898735756],[-71.82975487357436,-41.054239163653165],[-71.82941203059318,-41.054403998659495],[-71.82902159270051,-41.054667170440155],[-71.8289384379632,-41.05487711856331],[-71.8289495674886,-41.05513641081057],[-71.82894947700467,-41.055145328710594],[-71.8291202201626,-41.05535568142054],[-71.8291907975937,-41.055445165397146],[-71.82939067641264,-41.0558030247116],[-71.82938416157762,-41.05605780737757],[-71.82927684774803,-41.05642416050524],[-71.8290991374141,-41.05663838257218],[-71.82886867483163,-41.05673192684518],[-71.82856754404338,-41.05670470989976],[-71.8283078547024,-41.05665065829451],[-71.82780050979079,-41.0564800476681],[-71.8270693055393,-41.05609454153295],[-71.826402705664,-41.055861111946975],[-71.82560571567524,-41.05579286757711],[-71.82506796346513,-41.05595747450093],[-71.82463643995733,-41.05612215554215],[-71.82410366279778,-41.05662192773781],[-71.82377158147314,-41.057157824392846],[-71.82357595193074,-41.05743461707939],[-71.82336855914822,-41.05772490252493],[-71.82284175191616,-41.058188923921605],[-71.82246922212468,-41.05835819071565],[-71.82217414781647,-41.05829070317029],[-71.82140655519332,-41.0582895022899],[-71.82097457427831,-41.05862408262626],[-71.82084925084052,-41.059093161129795],[-71.82083739714095,-41.05912442950605],[-71.82077098022071,-41.059656227123234],[-71.8206050283457,-41.05988840231856],[-71.8202380156033,-41.06019177819062],[-71.81974169715492,-41.06032511168632],[-71.81923931532178,-41.060453883058265],[-71.81887818264538,-41.060788571793616],[-71.81830974396085,-41.06135531619931],[-71.81804280726516,-41.06178845144463],[-71.8179410998008,-41.062284481956084],[-71.81807592552501,-41.062619895941445],[-71.8184107274117,-41.06328643120588],[-71.81872815546951,-41.06384117599584],[-71.81911019075622,-41.064485388156385],[-71.8200165952354,-41.065617659444584],[-71.82030986181947,-41.06635115753335],[-71.82053933526761,-41.06668229641349],[-71.82089277472596,-41.06700018095969],[-71.82124033219186,-41.06731807409305],[-71.82152319174938,-41.06754640838005],[-71.82251310773128,-41.068397200547025],[-71.82384605096662,-41.06908757282788],[-71.82495521906995,-41.06951389189156],[-71.82535697259054,-41.069465358750016],[-71.82602466048071,-41.06935461259826],[-71.82628462314557,-41.069310332027605],[-71.82690507616296,-41.069203954644095],[-71.82748381467786,-41.069213806485045],[-71.82819755453119,-41.069563523793754],[-71.82860989057775,-41.06997534356211],[-71.82877484294302,-41.070136486429234],[-71.82900467220621,-41.07031561766045],[-71.82908113111708,-41.070463191685015],[-71.82927512855485,-41.07079872828909],[-71.8293209133806,-41.071366462655455],[-71.82852022087967,-41.072674911003695],[-71.82837164600623,-41.07300541914361],[-71.82828812916189,-41.07331814993078],[-71.82826930846154,-41.07375167867019],[-71.82833373316195,-41.07394848513369],[-71.8284747978746,-41.07424369851239],[-71.82876923293529,-41.074583861911464],[-71.82902258802368,-41.074807660241525],[-71.829099227898,-41.0748793523702],[-71.82951753470132,-41.07529114264919],[-71.8298242745761,-41.07544354861212],[-71.83037341964564,-41.075511463089946],[-71.83117673147979,-41.07549917507691],[-71.83210409355407,-41.075487175923165],[-71.83219855783776,-41.075514138878226],[-71.83279447842605,-41.075742933743406],[-71.83349653405409,-41.076079163239974],[-71.83436380902678,-41.076478180606124],[-71.83485929025005,-41.076747117799684],[-71.83593349377279,-41.077074904405684],[-71.83669544134774,-41.07707601953598],[-71.83722711155237,-41.077045439561424],[-71.83819553440817,-41.077180922969234],[-71.83870331506562,-41.0772486958929],[-71.83895729556949,-41.077275898981156],[-71.83976022368574,-41.077442371097796],[-71.84079269902057,-41.07791312093877],[-71.84122293378086,-41.078311470720095],[-71.84155870649573,-41.07870979989473],[-71.8419948214264,-41.07911267008076],[-71.84349317020752,-41.07997732189856],[-71.84432504024619,-41.08040755581047],[-71.8453575006515,-41.08094529253874],[-71.84541061196647,-41.080972223609265],[-71.84619524690979,-41.08141128695724],[-71.84693889300897,-41.08168489835763],[-71.84755903406509,-41.08173940383515],[-71.84779518316898,-41.08176205414403],[-71.84821997967487,-41.08200843012271],[-71.84848544327089,-41.082165235989265],[-71.84869191480209,-41.08227726611137],[-71.84918746402063,-41.08257739070219],[-71.84958782958103,-41.08314108506631],[-71.84962266362268,-41.08344057604365],[-71.8495563432232,-41.08400817047009],[-71.84946758424923,-41.084084012294625],[-71.84941429266162,-41.08413756214877],[-71.84924853676613,-41.084289369066745],[-71.84915380614694,-41.08437413631509],[-71.84903564164794,-41.08439185304505],[-71.8486219750742,-41.08444045256991],[-71.84809023358237,-41.08447552991616],[-71.84745226927805,-41.08447467756205],[-71.84689039637072,-41.08474213182458],[-71.84632282228685,-41.0849380449449],[-71.84618656092478,-41.08513897755431],[-71.84622646216638,-41.08572908017109],[-71.84625505352915,-41.086135797586095],[-71.8462543296972,-41.0864576196747],[-71.84625387730225,-41.08663640904224],[-71.84656005806359,-41.087106135846405],[-71.84692432592252,-41.08796927522538],[-71.84700078049919,-41.08810794985934],[-71.84739499628841,-41.08879232112758],[-71.84745362645776,-41.08898464256212],[-71.84754193360587,-41.089118841476335],[-71.8479540634627,-41.08973617602015],[-71.84845449967305,-41.090474382456975],[-71.84868901949672,-41.091270277659476],[-71.8487061198937,-41.091533963293685],[-71.84872340124632,-41.091735184448275],[-71.84875859729662,-41.09185591643163],[-71.8488877097663,-41.09223152824359],[-71.8491226816584,-41.09283523833396],[-71.84925722266674,-41.09340306757022],[-71.84928536136397,-41.09403328771072],[-71.84914783458834,-41.0947259429967],[-71.84913589147078,-41.09478403803929],[-71.8489223629289,-41.095132405853434],[-71.84860297462798,-41.09530631559468],[-71.84849051005855,-41.09536869133259],[-71.84822432263937,-41.09553375664337],[-71.84798708811506,-41.0958999137652],[-71.84818749791754,-41.096101327820655],[-71.84868974332308,-41.096097494239245],[-71.84908567608517,-41.09606672245927],[-71.84968835066216,-41.09606751378905],[-71.84997181812864,-41.09612604381157],[-71.85015494539553,-41.09616649377352],[-71.8505207472211,-41.09636812958859],[-71.85068559766994,-41.09663651849521],[-71.85103330335565,-41.09702580026566],[-71.85132210778633,-41.0973300840376],[-71.85158738781317,-41.0975986332456],[-71.8519174494172,-41.09800133399374],[-71.85211731385516,-41.09843064898184],[-71.85211613765014,-41.0989670180911],[-71.8520154363893,-41.09906522384755],[-71.85179041916977,-41.09929737384471],[-71.84898560720279,-41.101063726757175],[-71.8475288142053,-41.10210607283336]]]}"
00000000000000000131,100.00000000000003,4.89111017559633E7,7555078.228765338,7000,0,1295.3915139826424,0.0,"38,778","38,778",-41.073105686868544,-71.74362321956608,100.0,100.0,100.0,100.0,100.0,100.0,100.0,100.0,0.0,104.53058702989394,0.0,0.0,0.0,0.0,0.0,0.0,0.0,0.0,21570.288212524898,0,6.046573064688201,0.0,0.0,0.0,0.0,0.0,0.0,0.0,0.0,"{""type"":""Polygon"",""coordinates"":[[[-71.78656813801207,-41.10359779685371],[-71.7032994176093,-41.10558305580099],[-71.70071843483339,-41.042596434789814],[-71.78390799799507,-41.04061556273758],[-71.78656813801207,-41.10359779685371]]]}"
00000000000000000132,100.0,4.89149056735836E7,1.0836312468741672E7,7000,8543.990065195881,1265.4303675048359,0.0,"39,778","39,778",-41.0750587955276,-71.66039000439427,100.0,100.0,100.0,100.0,100.0,100.0,100.0,100.0,0.0,99.93875926821404,0.0,0.0,0.0,0.0,0.0,0.0,0.0,0.0,16757.497251466215,2667.3365671929478,6.48027215880167,0.0,0.0,0.0,0.0,0.0,0.0,0.0,0.0,"{""type"":""Polygon"",""coordinates"":[[[-71.7032994176093,-41.10558305580099],[-71.62002239585497,-41.107508269942166],[-71.61752080820831,-41.04451747057677],[-71.70071843483339,-41.042596434789814],[-71.7032994176093,-41.10558305580099]]]}"
00000000000000000133,34.11612128784725,4.89185926643462E7,1.8751818156033132E7,7000,41637.74055059526,1022.1050096339115,0.0,"40,778","40,778",-41.07695183449435,-71.5771486693153,99.97999589180675,99.97999589180675,99.97999589180675,99.97999589180675,99.97999589180675,99.97999589180675,99.97999589180675,99.97999589180675,65.88387871215275,95.89334982303731,0.13536741954732776,0.15304487234594455,0.06627342339037043,0.02610645120801918,0.028116180562968194,0.0381578549099767,0.04337981782398284,0.03855999255110786,2076.815207765569,57612.77835384411,7.056028743140025,0.020004108193252098,0.020004108193252098,0.020004108193252098,0.020004108193252098,0.020004108193252098,0.020004108193252098,0.020004108193252098,0.020004108193252098,"{""type"":""Polygon"",""coordinates"":[[[-71.62002239585497,-41.107508269942166],[-71.53673742912225,-41.109373328672056],[-71.53431511084017,-41.04637835127404],[-71.61752080820831,-41.04451747057677],[-71.62002239585497,-41.107508269942166]]]}"
00000000000000000134,1.8537478549889403,4.89221626931001E7,3.3940382826386966E7,7000,54472.19882949701,842.1317829457364,0.0,"41,778","41,778",-41.07878481088899,-71.49389957800292,93.57148650173296,93.55931561830002,93.50939048705804,93.47449487509265,93.40533855504904,93.295901649843,93.29989477509622,93.18208441269098,98.14625214501106,90.76264520813166,1.1387453477346754,1.3127101065642233,0.8866545207546912,0.38544802911386383,0.3818493667893832,0.38785805004337015,0.579746520831101,0.5644062756022596,4296.395805184635,131620.98351837278,8.627365120428921,6.428513498267037,6.440684381699985,6.4906095129419565,6.525505124907355,6.594661444950961,6.704098350156992,6.700105224903787,6.817915587309022,"{""type"":""Polygon"",""coordinates"":[[[-71.53673742912225,-41.109373328672056],[-71.45344487337817,-41.11117827072832],[-71.45110187820846,-41.0481793685849],[-71.53431511084017,-41.04637835127404],[-71.53673742912225,-41.109373328672056]]]}"
00000000000000000135,25.951348966786746,4.89256157258079E7,8515265.102940451,7000,20315.043028241056,776.8180058083253,0.0,"42,778","42,778",-41.080557720632925,-71.41064294963184,78.9998588263282,78.95566015726735,78.85663122222556,78.64974298707132,78.60498056207554,78.39520166469248,78.4066926300172,78.28822356771931,74.04865103410923,85.03393231687642,1.1486865804329083,1.4742810944604887,1.2069755262076707,0.6171580043607744,0.3855412062055726,0.4279797168384441,0.43063331845188296,0.5623458204227053,474.44407948960253,37198.744814746206,9.289166253118525,21.000141173671807,21.044339842732647,21.143368777774434,21.350257012928683,21.395019437924457,21.604798335307514,21.593307369982792,21.711776432280693,"{""type"":""Polygon"",""coordinates"":[[[-71.45344487337817,-41.11117827072832],[-71.37014481236018,-41.11292301582836],[-71.3678811925215,-41.049920293566245],[-71.45110187820846,-41.0481793685849],[-71.45344487337817,-41.11117827072832]]]}"
00000000000000000136,100.0,4.89289517295396E7,9102773.346210945,7000,10207.389701303036,784.1117533718691,9.910476885284838,"43,778","43,778",-41.082270516666036,-71.32737896575007,100.0,100.0,100.0,100.0,100.0,100.0,100.0,100.0,0.0,77.84532554592165,0.0,0.0,0.0,0.0,0.0,0.0,0.0,0.0,0,8765.683293185304,9.31017487954083,0.0,0.0,0.0,0.0,0.0,0.0,0.0,0.0,"{""type"":""Polygon"",""coordinates"":[[[-71.37014481236018,-41.11292301582836],[-71.28683751039873,-41.114607662330116],[-71.28465331658197,-41.05160115056588],[-71.3678811925215,-41.049920293566245],[-71.37014481236018,-41.11292301582836]]]}"
00000000000000000137,84.87929113345156,4.89321706724899E7,1.2432352716254031E7,7000,13222.75324568324,794.7088974854931,19.262427649805012,"44,778","44,778",-41.08392318313997,-71.24410794287334,93.51473197730155,93.52563223783356,93.48748672245516,93.46024206225755,93.4656915537824,93.44389427070061,93.47659000845998,93.43299557411329,15.12070886654843,68.61516763378467,0.43777905012975205,0.5309226647974893,0.47583692778423586,0.23311430664167804,0.2820161315009583,0.20465467872468673,0.3263710032545514,0.43836929774234673,0,26766.606369935613,9.260258996694185,6.485268022698454,6.47436776216644,6.512513277544841,6.539757937742452,6.534308446217597,6.556105729299386,6.523409991540017,6.567004425886713,"{""type"":""Polygon"",""coordinates"":[[[-71.28683751039873,-41.114607662330116],[-71.20352332198068,-41.11623202733195],[-71.20141851270277,-41.053221964234275],[-71.28465331658197,-41.05160115056588],[-71.28683751039873,-41.114607662330116]]]}"
00000000000000000138,2.9930376878991125,3.9022180616603E7,2.7419523588839784E7,7000,10738.236949203138,811.2729468599038,15.275282724326969,"45,778","45,778",-41.08439956238103,-71.16893689029239,77.6245421463141,77.48858684572615,77.2488267587678,77.10047640826511,76.8749568137554,76.56401620370144,76.56291858548715,76.34535999965127,97.0069623121009,61.90434006835545,0.25957036489140023,0.27032401005018314,0.23516084524769482,0.08925316984831723,0.12170022342976054,0.09391488296687324,0.23890381947315473,0.24029765664413727,11180.409499127214,128073.11097802318,9.186189988783964,22.37545785368591,22.511413154273853,22.7511732412322,22.89952359173489,23.125043186244593,23.435983796298565,23.43708141451284,23.65464000034873,"{""type"":""Polygon"",""coordinates"":[[[-71.12201572164354,-41.05471209681443],[-71.20141851270277,-41.053221964234275],[-71.20352332198068,-41.11623202733195],[-71.1339577405131,-41.11754217791512],[-71.13338937893907,-41.11406121347228],[-71.13900459978186,-41.11129196810112],[-71.14263401603242,-41.07623694125844],[-71.14010177799307,-41.0742916268154],[-71.1323549207168,-41.070970740738005],[-71.12717415765249,-41.06837494805197],[-71.12685202934293,-41.06728194576891],[-71.12506631138227,-41.061207583909194],[-71.12335157582136,-41.056930488554514],[-71.12201572164354,-41.05471209681443]]]}"
0000000000000000013a,100.0,4.67199535733938E7,1.778102599989742E7,7000,19702.570585528607,1167.4394710071213,0.0,"37,779","37,779",-41.0069275987052,-71.82266364567145,100.0,100.0,100.0,100.0,100.0,100.0,100.0,100.0,0.0,122.68084903258654,0.0,0.0,0.0,0.0,0.0,0.0,0.0,0.0,18861.36372752707,3273.056384387031,6.768071107417648,0.0,0.0,0.0,0.0,0.0,0.0,0.0,0.0,"{""type"":""Polygon"",""coordinates"":[[[-71.83690409215069,-41.03932221188829],[-71.78390799799507,-41.04061556273758],[-71.78125625221413,-40.97763244231771],[-71.86435838397531,-40.97559610512157],[-71.86608805700756,-41.015501438874914],[-71.86573376342353,-41.01569497177095],[-71.86521354101566,-41.01614133610304],[-71.86510651080279,-41.016525600034754],[-71.86521155059783,-41.01711574874983],[-71.86559325822175,-41.018054857149274],[-71.86555679742825,-41.018542034366426],[-71.86527859148222,-41.01895737194791],[-71.86490023099954,-41.01926982394972],[-71.8646164151011,-41.01955104712422],[-71.86434390816954,-41.02007374804321],[-71.86399458867898,-41.02058733595905],[-71.8637147528158,-41.0218072679718],[-71.86333512380963,-41.02270967325219],[-71.86288537684018,-41.02329915607249],[-71.86260716852493,-41.02368323180602],[-71.86222075259886,-41.02504154733692],[-71.86209598837597,-41.02544818920692],[-71.86170360050035,-41.02677517208812],[-71.86168523416629,-41.027083610004446],[-71.86157693610559,-41.028066796192064],[-71.86155160322052,-41.028916025388384],[-71.86155078894917,-41.029304907896034],[-71.86155069847459,-41.02933617515133],[-71.86153287497915,-41.029412158799786],[-71.86138404422914,-41.02998408008043],[-71.86134242589128,-41.030140439123194],[-71.86127710318465,-41.03035045024519],[-71.8610987775548,-41.030922416852015],[-71.86107498270155,-41.03102066662652],[-71.86096786060227,-41.031418354848675],[-71.86089656648214,-41.03164176586224],[-71.86058895207267,-41.03197660980256],[-71.86028721823413,-41.03231151042507],[-71.86013920116868,-41.03252142636631],[-71.86000891714136,-41.03270450225176],[-71.85980191018677,-41.03289196079922],[-71.85968374968738,-41.03296782061175],[-71.85957137955407,-41.033039182885304],[-71.85933505833738,-41.033146141381856],[-71.85917564093842,-41.033154906740904],[-71.8589098244599,-41.03327524997987],[-71.85877972087344,-41.03339132269825],[-71.85857244168251,-41.03370399678196],[-71.85830635326707,-41.0338913189376],[-71.85809364522855,-41.03398497415502],[-71.85780439463633,-41.03402033266909],[-71.85755640071987,-41.03403348913157],[-71.85724950684639,-41.03401966041858],[-71.85708429793313,-41.033983691478326],[-71.85680110830148,-41.03389841525029],[-71.85658306115889,-41.03375958759678],[-71.85635922339543,-41.03352240783249],[-71.85506360313789,-41.032162036906556],[-71.85481614991878,-41.031942689461175],[-71.85428577603801,-41.03153971822453],[-71.85358376665538,-41.031377968242005],[-71.85281733601273,-41.03097465791852],[-71.851920616125,-41.030772430418125],[-71.85018525548132,-41.03074335664831],[-71.8488220225599,-41.03063874989435],[-71.84762345483435,-41.03077572147727],[-71.84685574298472,-41.03094010989531],[-71.84615851242994,-41.03124313730245],[-71.84575615197275,-41.031676107521626],[-71.84561889509492,-41.03230620360047],[-71.84552343955139,-41.03277090076564],[-71.84529190318882,-41.033306957872306],[-71.84465890959277,-41.03390508605783],[-71.84409060765648,-41.0346060488279],[-71.84388919997409,-41.034914185101464],[-71.84379437726508,-41.035070510590415],[-71.84305542870844,-41.03550305597614],[-71.8421283701934,-41.03564038186076],[-71.84116068323561,-41.03546920903198],[-71.840393317585,-41.03543683106961],[-71.83983233691794,-41.03553440701822],[-71.83935939324942,-41.0358376590432],[-71.83893349904359,-41.03617230382599],[-71.83889214918254,-41.03620356415974],[-71.83832944670637,-41.036971554805575],[-71.83796218304487,-41.03747163798284],[-71.83746444464475,-41.0382397306578],[-71.83696019078195,-41.03923579247926],[-71.83690409215069,-41.03932221188829]]]}"
0000000000000000013b,99.99999999999999,4.8911815908835E7,1.3636473035864154E7,7000,19066.03969126986,1190.8183574879229,0.0,"38,779","38,779",-41.010120848183554,-71.74100685103694,100.0,100.0,100.0,100.0,100.0,100.0,100.0,100.0,0.0,114.9331965894466,0.0,0.0,0.0,0.0,0.0,0.0,0.0,0.0,7683.088525324917,0,6.940084483908871,0.0,0.0,0.0,0.0,0.0,0.0,0.0,0.0,"{""type"":""Polygon"",""coordinates"":[[[-71.78390799799507,-41.04061556273758],[-71.70071843483339,-41.042596434789814],[-71.69814575973048,-40.979609083729436],[-71.78125625221413,-40.97763244231771],[-71.78390799799507,-41.04061556273758]]]}"
0000000000000000013c,100.0,4.89156199937862E7,1.1646234945861874E7,7000,23254.17202780256,1114.1568247821879,0.0,"39,779","39,779",-41.01206964195054,-71.65785273703109,100.0,100.0,100.0,100.0,100.0,100.0,100.0,100.0,0.0,107.24536251212416,0.0,0.0,0.0,0.0,0.0,0.0,0.0,0.0,1212.5086239163804,0,7.049863207398053,0.0,0.0,0.0,0.0,0.0,0.0,0.0,0.0,"{""type"":""Polygon"",""coordinates"":[[[-71.70071843483339,-41.042596434789814],[-71.61752080820831,-41.04451747057677],[-71.61502707930205,-40.98152573974415],[-71.69814575973048,-40.979609083729436],[-71.70071843483339,-41.042596434789814]]]}"
0000000000000000013d,78.82595542524093,4.89193071467604E7,1.044885451557753E7,7000,18321.731220080695,825.7109826589597,0.0,"40,779","40,779",-41.01395852110002,-71.57469062468118,100.0,100.0,100.0,100.0,100.0,100.0,100.0,100.0,21.17404457475907,102.81118283462034,0.02812506024839459,0.0317310442970143,0.007211332415034374,0.0,0.0,0.011538748007027567,0.003605773760915769,0.0,3219.9454816107004,6369.843024212313,8.722280336623028,0.0,0.0,0.0,0.0,0.0,0.0,0.0,0.0,"{""type"":""Polygon"",""coordinates"":[[[-71.61752080820831,-41.04451747057677],[-71.53431511084017,-41.04637835127404],[-71.53190047368747,-40.983382657282235],[-71.61502707930205,-40.98152573974415],[-71.61752080820831,-41.04451747057677]]]}"
0000000000000000013e,94.81512169569552,4.89228773325833E7,1.2408117737060139E7,7000,23369.05610971361,810.188770571152,0.0,"41,779","41,779",-41.01578747111384,-71.49152068328095,99.22855089908047,99.22855089908047,99.22855089908047,99.22855089908047,99.20668914253086,99.20668914253086,99.20668914253086,99.2012239569356,5.184878304304485,92.833111057226,0.2555760364808132,0.2801878145698898,0.13996977960155818,0.047441713630367935,0.06338267551945954,0.09070918467201136,0.07264389012545032,0.08790138939621402,0,8452.52245364196,9.110181730401736,0.7714491009195208,0.7714491009195208,0.7714491009195208,0.7714491009195208,0.7933108574691338,0.7933108574691338,0.7933108574691338,0.798776043064388,"{""type"":""Polygon"",""coordinates"":[[[-71.53431511084017,-41.04637835127404],[-71.45110187820846,-41.0481793685849],[-71.44876629573965,-40.98517965176308],[-71.53190047368747,-40.983382657282235],[-71.53431511084017,-41.04637835127404]]]}"
0000000000000000013f,100.0,4.89263305172206E7,3.408743855504723E7,7000,9788.656091052171,947.4462729912875,0.0,"42,779","42,779",-41.01755647747725,-71.40834327798956,100.0,100.0,100.0,100.0,100.0,100.0,100.0,100.0,0.0,80.36078170377542,0.0,0.0,0.0,0.0,0.0,0.0,0.0,0.0,0,14604.164377427542,8.57180827861834,0.0,0.0,0.0,0.0,0.0,0.0,0.0,0.0,"{""type"":""Polygon"",""coordinates"":[[[-71.45110187820846,-41.0481793685849],[-71.3678811925215,-41.049920293566245],[-71.36562471668893,-40.98691673246145],[-71.44876629573965,-40.98517965176308],[-71.45110187820846,-41.0481793685849]]]}"
00000000000000000140,100.0,4.89296666677574E7,4.488397025520183E7,7000,0,972.9807135969143,6.68642816338159,"43,779","43,779",-41.01926549295122,-71.32515857667514,100.0,100.0,100.0,100.0,100.0,100.0,100.0,100.0,0.0,72.11912238325283,0.023178849734537404,0.032920014093720855,0.0025194629795805604,0.0,0.0,0.0,0.02452121265837693,0.004702772665369515,89.74351623187493,39261.84355956425,8.509169269506485,0.0,0.0,0.0,0.0,0.0,0.0,0.0,0.0,"{""type"":""Polygon"",""coordinates"":[[[-71.3678811925215,-41.049920293566245],[-71.28465331658197,-41.05160115056588],[-71.28247599781825,-40.988593923851454],[-71.36562471668893,-40.98691673246145],[-71.3678811925215,-41.049920293566245]]]}"
00000000000000000141,100.0,4.89328857523658E7,4.82483542469907E7,7000,0,940.5247332686711,5.768989275690207,"44,779","44,779",-41.02091451437152,-71.24196680818447,100.0,100.0,100.0,100.0,100.0,100.0,100.0,100.0,0.0,64.79688005172972,0.0,0.001249527758394514,0.0,0.0,0.0,0.0,0.0021866740792454023,9.371454353365524E-4,19001.24409497979,38885.92953252337,8.662442883140939,0.0,0.0,0.0,0.0,0.0,0.0,0.0,0.0,"{""type"":""Polygon"",""coordinates"":[[[-71.28465331658197,-41.05160115056588],[-71.20141851270277,-41.053221964234275],[-71.19932030927377,-40.9902111610777],[-71.28247599781825,-40.988593923851454],[-71.28465331658197,-41.05160115056588]]]}"
00000000000000000142,92.87050048668026,4.88225199593162E7,4.5898961697845906E7,7000,6349.73890308389,873.7679611650486,3.2780218670683965,"45,779","45,779",-41.022433377505045,-71.15885968000576,100.0,100.0,100.0,100.0,100.0,100.0,100.0,100.0,7.129499513319739,62.2185479308115,0.0,0.0,0.0,0.0,0.0,0.0,4.119588745643439E-5,4.119588745643439E-5,20286.013372911544,49740.946429108124,9.14103773692415,0.0,0.0,0.0,0.0,0.0,0.0,0.0,0.0,"{""type"":""Polygon"",""coordinates"":[[[-71.11798020730959,-41.04864422217983],[-71.11615809263505,-40.99176842544511],[-71.19932030927377,-40.9902111610777],[-71.20141851270277,-41.053221964234275],[-71.12201572164354,-41.05471209681443],[-71.12187256176547,-41.05447432470002],[-71.12089056884716,-41.05283988245573],[-71.11960448178357,-41.05098408403403],[-71.11811013137655,-41.04881384082187],[-71.11798020730959,-41.04864422217983]]]}"
00000000000000000143,19.21221695910991,1.42291748518822E7,1.3836983905668946E7,7000,0,906.0200668896322,46.17394929231385,"46,779","46,779",-41.00917817437162,-71.09615294633807,100.0,100.0,100.0,100.0,100.0,100.0,100.0,100.0,80.78778304089006,59.59524305555555,0.0,0.0,0.0,0.0,0.0,0.0,0.0,0.0,4864.551644353917,17477.98458743232,8.917257026672363,0.0,0.0,0.0,0.0,0.0,0.0,0.0,0.0,"{""type"":""Polygon"",""coordinates"":[[[-71.04778509838007,-40.99300384987604],[-71.11615809263505,-40.99176842544511],[-71.11798020730959,-41.04864422217983],[-71.1166014501547,-41.046844542974746],[-71.11508696060598,-41.04487077669052],[-71.11188016607622,-41.040993232318336],[-71.10911099966451,-41.03796829867443],[-71.10844205208025,-41.037230085472046],[-71.10449435014989,-41.03363717974211],[-71.10041051426091,-41.03011011368448],[-71.09879649867511,-41.02856879980262],[-71.09665241664918,-41.02652726388669],[-71.09383001231205,-41.02273717644466],[-71.09497908723405,-41.01812458262554],[-71.09270033782519,-41.01431195737471],[-71.09234390805062,-41.014054342703375],[-71.08817861616772,-41.011004465052096],[-71.08314907210452,-41.00817544537385],[-71.07847110227344,-41.00597929645532],[-71.07787319308102,-41.005697419454336],[-71.07770889031015,-41.005633497156715],[-71.07228640830711,-41.003538388910826],[-71.06648110536808,-41.00184225245839],[-71.05994113182462,-41.0012169272615],[-71.05435156294085,-40.999736504937644],[-71.05410083261613,-40.99952880264252],[-71.05044604670685,-40.99643699169138],[-71.04848842322728,-40.9939089580499],[-71.04778509838007,-40.99300384987604]]]}"
00000000000000000145,100.0,4.72832522906051E7,7345251.885302286,7000,4907.692877779666,1357.4534534534534,0.0,"37,780","37,780",-40.94505330706968,-71.82014212347148,100.0,100.0,100.0,100.0,100.0,100.0,100.0,100.0,0.0,114.6072697258442,0.0,0.0,0.0,0.0,0.0,0.0,0.0,0.0,12391.095277259234,0,5.915539358707226,0.0,0.0,0.0,0.0,0.0,0.0,0.0,0.0,"{""type"":""Polygon"",""coordinates"":[[[-71.86371158622684,-40.96064122181113],[-71.86435838397531,-40.97559610512157],[-71.78125625221413,-40.97763244231771],[-71.77861290089466,-40.914648606547445],[-71.86163637790294,-40.91261671460394],[-71.86175969471599,-40.91547340796795],[-71.86153468447114,-40.91570976740911],[-71.86067825075729,-40.91666524222143],[-71.85956278441338,-40.917531073713754],[-71.85930845861809,-40.91798668590192],[-71.85956622246968,-40.91868428154075],[-71.85988315681371,-40.91927467907687],[-71.86013612501866,-40.91948957008166],[-71.86060740894574,-40.91955718288705],[-71.86090760440537,-40.919682645202734],[-71.86136640167354,-40.92009895650952],[-71.86197873348458,-40.920545679466834],[-71.86228951313561,-40.92774031120531],[-71.86220473862959,-40.92786847937994],[-71.86199764264826,-40.92824370186649],[-71.86169048169042,-40.92858307319892],[-71.86105299734126,-40.92905160134015],[-71.86056208103494,-40.92990925023119],[-71.86060858511898,-40.93020873741669],[-71.86056615240445,-40.9307763441705],[-71.8607660113446,-40.93102243046542],[-71.86119585691836,-40.93119285200759],[-71.86140765810968,-40.93139424266621],[-71.86154816518597,-40.931836916953294],[-71.8621185165098,-40.93247678797716],[-71.86230625089556,-40.93290159685999],[-71.8622049195784,-40.933464704080464],[-71.86203301816197,-40.933933849974515],[-71.86177797057117,-40.93468889445487],[-71.86132921659159,-40.93507277590037],[-71.8611695287808,-40.93533634098047],[-71.86074954492697,-40.93603305893375],[-71.86042428776494,-40.936582496136765],[-71.8597378538113,-40.93784210247312],[-71.85947791869597,-40.93812340880443],[-71.8592711828172,-40.93833769757374],[-71.85900536641954,-40.938587684179815],[-71.85853281343226,-40.9390698551459],[-71.85828373438423,-40.93977132178104],[-71.85750365335669,-40.94070457772533],[-71.85746701067208,-40.94129896952481],[-71.85748881533183,-40.942134893705024],[-71.85744032031887,-40.94275166512062],[-71.85691456513659,-40.94325163428318],[-71.8560581188285,-40.94402831357678],[-71.85576868541077,-40.94433633676424],[-71.85546178979219,-40.94447451902509],[-71.8552955846992,-40.945001753220424],[-71.85489323591504,-40.9457030251521],[-71.85433146676064,-40.946475608531074],[-71.85428360459755,-40.94679736551955],[-71.85434784303784,-40.94707010503226],[-71.85446501030006,-40.94739655396977],[-71.85463510632509,-40.94779453723201],[-71.85489911688815,-40.94838041558703],[-71.85515751769074,-40.94883217231544],[-71.85567513294556,-40.949387133351365],[-71.85612778547569,-40.94995534230203],[-71.85617447116829,-40.95020120549151],[-71.85613837118566,-40.950536412200925],[-71.85624992826143,-40.95071985552091],[-71.85650868985823,-40.951024057535335],[-71.85645974231377,-40.95186879660571],[-71.85658848972028,-40.952298079427614],[-71.85654623741489,-40.952762863981114],[-71.85654515170246,-40.95326795714886],[-71.85653836599977,-40.953656824318415],[-71.85658957543255,-40.95452403568682],[-71.85653510886242,-40.9551587178622],[-71.85662187537085,-40.95593204298952],[-71.85685087007631,-40.95637039973661],[-71.85695048407827,-40.9566476421351],[-71.8568733081104,-40.95692021851587],[-71.85684897008142,-40.95727332746702],[-71.85696559355628,-40.95784557475227],[-71.85685267959525,-40.958274541753354],[-71.8567283656201,-40.95849337815705],[-71.85663354677631,-40.95872572279972],[-71.8563552424475,-40.95925275802924],[-71.85631914248565,-40.95962377922925],[-71.85643024711695,-40.96001726068156],[-71.85678916547434,-40.96039762260261],[-71.85716617859376,-40.960559000337426],[-71.85779688515541,-40.96065362666731],[-71.85875185445154,-40.960730824176224],[-71.85924720687497,-40.9607224308591],[-71.85950650885493,-40.9607898411047],[-71.8598010959109,-40.96089295034857],[-71.86003660250168,-40.9610541854508],[-71.86055538589386,-40.96110842135726],[-71.86138702989228,-40.96098878994553],[-71.86256075521126,-40.96079800380636],[-71.86349263914178,-40.96069624776934],[-71.86371158622684,-40.96064122181113]]]}"
00000000000000000146,100.0,4.89125298562232E7,2049882.2028144985,7000,6112.563700927447,1480.1632850241547,0.0,"38,780","38,780",-40.947135185913545,-71.73839872667618,100.0,100.0,100.0,100.0,100.0,100.0,100.0,100.0,0.0,102.22089579303676,0.0,0.0,0.0,0.0,0.0,0.0,0.0,0.0,10966.74206241532,0,5.501110642837141,0.0,0.0,0.0,0.0,0.0,0.0,0.0,0.0,"{""type"":""Polygon"",""coordinates"":[[[-71.78125625221413,-40.97763244231771],[-71.69814575973048,-40.979609083729436],[-71.69558112094732,-40.916620831453706],[-71.77861290089466,-40.914648606547445],[-71.78125625221413,-40.97763244231771]]]}"
00000000000000000147,100.0,4.89163341084696E7,9642331.482056387,7000,3807.464202381448,1288.11359223301,0.0,"39,780","39,780",-40.94907969124308,-71.65532353222817,100.0,100.0,100.0,100.0,100.0,100.0,100.0,100.0,0.0,95.76508899676375,0.0,0.0,0.0,0.0,0.0,0.0,0.0,0.0,19786.4723284739,0,5.683144153483863,0.0,0.0,0.0,0.0,0.0,0.0,0.0,0.0,"{""type"":""Polygon"",""coordinates"":[[[-71.69814575973048,-40.979609083729436],[-71.61502707930205,-40.98152573974415],[-71.61254120932463,-40.91853332335005],[-71.69558112094732,-40.916620831453706],[-71.69814575973048,-40.979609083729436]]]}"
00000000000000000148,100.00000000000003,4.89200214235991E7,2.3400437566545147E7,7000,28622.76624476134,826.3972868217055,0.0,"40,780","40,780",-40.950964397205524,-71.57224030107622,100.0,100.0,100.0,100.0,100.0,100.0,100.0,100.0,0.0,100.85245918202394,0.0,0.0,0.0,0.0,0.0,0.0,0.0,0.0,6110.985262659478,2955.982725581473,8.857892342612768,0.0,0.0,0.0,0.0,0.0,0.0,0.0,0.0,"{""type"":""Polygon"",""coordinates"":[[[-71.61502707930205,-40.98152573974415],[-71.53190047368747,-40.983382657282235],[-71.5294935178376,-40.92038604630678],[-71.61254120932463,-40.91853332335005],[-71.61502707930205,-40.98152573974415]]]}"
00000000000000000149,100.0,4.8923591766458E7,2.0093681100051876E7,7000,27743.427491558803,852.9536231884058,0.0,"41,780","41,780",-40.952789302028,-71.48914935192163,100.0,100.0,100.0,100.0,100.0,100.0,100.0,100.0,0.0,89.52097409909912,0.6062132218725037,0.6899217067494922,0.5957046686350076,0.4098978541530322,0.5634255445919518,0.566425940645038,0.6013357530345483,0.510497760674078,0,3618.529044263226,8.90342002338424,0.0,0.0,0.0,0.0,0.0,0.0,0.0,0.0,"{""type"":""Polygon"",""coordinates"":[[[-71.53190047368747,-40.983382657282235],[-71.44876629573965,-40.98517965176308],[-71.4464381261292,-40.92217906896607],[-71.5294935178376,-40.92038604630678],[-71.53190047368747,-40.983382657282235]]]}"
0000000000000000014a,99.99999999999999,4.89270451029896E7,1.6325987373361744E7,7000,22308.112651925898,1055.8448108632397,0.0,"42,780","42,780",-40.95455440024039,-71.40605089300728,100.0,100.0,100.0,100.0,100.0,100.0,100.0,100.0,0.0,77.3658551356589,0.255171245063542,0.26025607319891825,0.05269815454219184,0.004622802748656927,0.018028663989829122,0.07581230175091586,0.122501955770029,0.13960616933780687,0,7942.447853489034,7.69763532461122,0.0,0.0,0.0,0.0,0.0,0.0,0.0,0.0,"{""type"":""Polygon"",""coordinates"":[[[-71.44876629573965,-40.98517965176308],[-71.36562471668893,-40.98691673246145],[-71.36337538500497,-40.92391235597078],[-71.4464381261292,-40.92217906896607],[-71.44876629573965,-40.98517965176308]]]}"
0000000000000000014b,100.00000000000003,4.89303814002678E7,1.4498525905483877E7,7000,6643.896382199975,1275.6206563706564,0.0,"43,780","43,780",-40.956259667672036,-71.32294518090929,100.0,100.0,100.0,100.0,100.0,100.0,100.0,100.0,0.0,70.60140429122467,0.084812481757616,0.07909016476678027,0.01196646637520117,0.0,0.0,0.017694490891232362,0.046830860799087444,0.02081490299563353,1097.1887876076833,6865.417801843433,6.885511993511205,0.0,0.0,0.0,0.0,0.0,0.0,0.0,0.0,"{""type"":""Polygon"",""coordinates"":[[[-71.36562471668893,-40.98691673246145],[-71.28247599781825,-40.988593923851454],[-71.28030555423616,-40.925585857465315],[-71.36337538500497,-40.92391235597078],[-71.36562471668893,-40.98691673246145]]]}"
0000000000000000014c,100.0,4.89336006265025E7,8250080.181458175,7000,0,1318.3336575875485,0.0,"44,780","44,780",-40.957905065231834,-71.23983243876484,100.0,100.0,100.0,100.0,100.0,100.0,100.0,100.0,0.0,63.82377462855297,0.0,0.0,0.0,0.0,0.0,0.0,0.0,0.0,18544.05399838109,21954.909848262545,6.683192034654839,0.0,0.0,0.0,0.0,0.0,0.0,0.0,0.0,"{""type"":""Polygon"",""coordinates"":[[[-71.28247599781825,-40.988593923851454],[-71.19932030927377,-40.9902111610777],[-71.19722880245675,-40.927199508714615],[-71.28030555423616,-40.925585857465315],[-71.28247599781825,-40.988593923851454]]]}"
0000000000000000014d,100.0,4.89367027509494E7,2.143384500784209E7,7000,0,1150.431619786615,0.0,"45,780","45,780",-40.959490578286555,-71.15671296331877,100.0,100.0,100.0,100.0,100.0,100.0,100.0,100.0,0.0,59.38265100129199,0.0,0.0,0.0,0.0,0.0,0.0,0.0,0.0,12829.193556221688,19145.08741643808,7.71601707842923,0.0,0.0,0.0,0.0,0.0,0.0,0.0,0.0,"{""type"":""Polygon"",""coordinates"":[[[-71.19932030927377,-40.9902111610777],[-71.11615809263505,-40.99176842544511],[-71.11414547906914,-40.928753424590056],[-71.19722880245675,-40.927199508714615],[-71.19932030927377,-40.9902111610777]]]}"
0000000000000000014e,76.38228635464314,4.66449730094039E7,3.9087654407725684E7,7000,0,930.1064908722109,7.7089100642462505,"46,780","46,780",-40.96044769550056,-71.07543551683173,100.0,100.0,100.0,100.0,100.0,100.0,100.0,100.0,23.61771364535684,58.24556444783198,0.0,0.0,0.0,0.0,0.0,0.0,0.0,0.0,22137.195366280714,31187.944134370366,8.80257968747519,0.0,0.0,0.0,0.0,0.0,0.0,0.0,0.0,"{""type"":""Polygon"",""coordinates"":[[[-71.0321326363242,-40.930228506081356],[-71.11414547906914,-40.928753424590056],[-71.11615809263505,-40.99176842544511],[-71.04778509838007,-40.99300384987604],[-71.0473069347337,-40.9923884558886],[-71.04441109926424,-40.988261288032895],[-71.04128309530059,-40.98430643123898],[-71.03835293915819,-40.98055877714768],[-71.03815615583001,-40.980302352933805],[-71.03780412201097,-40.979767507808596],[-71.03548479020989,-40.976221575977206],[-71.03485199559461,-40.974723420087166],[-71.03371191090714,-40.972023065356005],[-71.0332023540644,-40.96895706134888],[-71.03299686255293,-40.9676859713511],[-71.03298978914515,-40.96695735073495],[-71.03296122345868,-40.96325616862323],[-71.0333628658978,-40.95876749622235],[-71.03392356861043,-40.954275629789606],[-71.03439558122206,-40.949805480984956],[-71.03476076717098,-40.945370037804956],[-71.03524973677708,-40.94094019840833],[-71.03611041981856,-40.93687993693465],[-71.03460469941352,-40.93665729143807],[-71.0328395245438,-40.93523896888148],[-71.03182113356345,-40.934345479178845],[-71.03129053545399,-40.933143075035716],[-71.03159632545751,-40.931170025425644],[-71.0321326363242,-40.930228506081356]]]}"
00000000000000000150,100.0,4.88075644277026E7,1.1309817683950335E7,7000,16752.808109001442,1277.3927875243667,0.0,"37,781","37,781",-40.88215045852593,-71.81870239173556,100.0,100.0,100.0,100.0,100.0,100.0,100.0,100.0,0.0,118.16924294060371,0.0,0.0,0.0,0.0,0.0,0.0,0.0,0.0,16490.702117574354,0,6.228541898123826,0.0,0.0,0.0,0.0,0.0,0.0,0.0,0.0,"{""type"":""Polygon"",""coordinates"":[[[-71.86049277727047,-40.88608820616825],[-71.86163637790294,-40.91261671460394],[-71.77861290089466,-40.914648606547445],[-71.77597794426102,-40.851663852494006],[-71.85892285291064,-40.84963639765321],[-71.86015051054349,-40.87814631197084],[-71.85932818221968,-40.87808886600209],[-71.8592456687956,-40.87812903126257],[-71.85916306487455,-40.878169107053914],[-71.85908643230188,-40.87821821585167],[-71.85900970923518,-40.87827619627939],[-71.85893895752264,-40.87833424857913],[-71.85886811531878,-40.87840124715078],[-71.85879736357435,-40.8784726660843],[-71.85873828314128,-40.87854859076958],[-71.8586850835994,-40.87862897850861],[-71.85863197452395,-40.87870938074363],[-71.85818276367141,-40.87947312818757],[-71.85816367332689,-40.88011678174911],[-71.85854466571767,-40.88095754103432],[-71.85871466906003,-40.881360107492995],[-71.85881907766642,-40.88210216911513],[-71.85876569718742,-40.88225861141592],[-71.85856420841633,-40.88286176013285],[-71.85867513130314,-40.883299910391514],[-71.8591921979138,-40.88386827142153],[-71.85980860534391,-40.884812108563125],[-71.85999091260831,-40.884973304140175],[-71.86049277727047,-40.88608820616825]]]}"
00000000000000000151,100.0,4.89132435946326E7,8397429.025465935,7000,1999.2504274016903,1371.3152804642168,0.0,"38,781","38,781",-40.884148677979105,-71.73579886710681,100.0,100.0,100.0,100.0,100.0,100.0,100.0,100.0,0.0,108.0298597678917,0.0,0.0,0.0,0.0,0.0,0.0,0.0,0.0,9526.99872106219,2022.3247068097908,6.328995904239973,0.0,0.0,0.0,0.0,0.0,0.0,0.0,0.0,"{""type"":""Polygon"",""coordinates"":[[[-71.77861290089466,-40.914648606547445],[-71.69558112094732,-40.916620831453706],[-71.69302460920922,-40.853631713682624],[-71.77597794426102,-40.851663852494006],[-71.77861290089466,-40.914648606547445]]]}"
00000000000000000152,99.99825261811704,4.89170480141188E7,8648407.433068369,7000,18074.40591975321,1045.6579203109816,0.0,"39,781","39,781",-40.88608891041607,-71.65280229598827,100.0,100.0,100.0,100.0,100.0,100.0,100.0,100.0,0.0017473818829701316,108.29086849337214,0.0,0.0,0.0,0.0,0.0,0.0,0.0,0.0,4602.482697297975,6996.305845596703,7.456986087092373,0.0,0.0,0.0,0.0,0.0,0.0,0.0,0.0,"{""type"":""Polygon"",""coordinates"":[[[-71.69558112094732,-40.916620831453706],[-71.61254120932463,-40.91853332335005],[-71.61006328900808,-40.85554003424757],[-71.69302460920922,-40.853631713682624],[-71.69558112094732,-40.916620831453706]]]}"
00000000000000000153,100.0,4.89207354913631E7,1.8355456815179773E7,7000,30291.58691074195,808.6326530612247,0.0,"40,781","40,781",-40.88796944165984,-71.56979775964142,100.0,100.0,100.0,100.0,100.0,100.0,100.0,100.0,0.0,104.26830746847719,0.5471515177017702,0.5751258615867917,0.4512967897395621,0.32664466532815745,0.4591127635200083,0.34145460039890424,0.3361064094331211,0.2616437655430233,0,2861.891347278392,9.199093664189663,0.0,0.0,0.0,0.0,0.0,0.0,0.0,0.0,"{""type"":""Polygon"",""coordinates"":[[[-71.61254120932463,-40.91853332335005],[-71.5294935178376,-40.92038604630678],[-71.52709406233053,-40.85738865901792],[-71.61006328900808,-40.85554003424757],[-71.61254120932463,-40.91853332335005]]]}"
00000000000000000154,100.0,4.89243059912142E7,1.5042594775440942E7,7000,13629.409036042529,1028.4405797101451,0.0,"41,781","41,781",-40.88979032124421,-71.48678550191185,100.0,100.0,100.0,100.0,100.0,100.0,100.0,100.0,0.0,86.56494801740813,0.6262036189703789,0.6593414173076235,0.1430730333820443,0.04869664321780127,0.047696400063876036,0.25012561577841735,0.360131787079681,0.3916229916476405,5891.892599537477,16086.128545285921,7.56893953585302,0.0,0.0,0.0,0.0,0.0,0.0,0.0,0.0,"{""type"":""Polygon"",""coordinates"":[[[-71.5294935178376,-40.92038604630678],[-71.4464381261292,-40.92217906896607],[-71.44411727894627,-40.85917777619872],[-71.52709406233053,-40.85738865901792],[-71.5294935178376,-40.92038604630678]]]}"
00000000000000000155,100.0,4.89277594796001E7,3117595.241379831,7000,596.1744486020203,1580.147572815534,0.0,"42,781","42,781",-40.891551533211846,-71.40376574968717,100.0,100.0,100.0,100.0,100.0,100.0,100.0,100.0,0.0,77.25751415857606,0.014528710778810133,0.033900022186583195,0.0,0.0,0.0,0.0,0.04842834655173049,0.019371593325784208,0,959.098117026924,4.7108414888844905,0.0,0.0,0.0,0.0,0.0,0.0,0.0,0.0,"{""type"":""Polygon"",""coordinates"":[[[-71.4464381261292,-40.92217906896607],[-71.36337538500497,-40.92391235597078],[-71.36113319761152,-40.86090718646158],[-71.44411727894627,-40.85917777619872],[-71.4464381261292,-40.92217906896607]]]}"
00000000000000000156,100.0,4.89310959236019E7,78448.2030324001,7000,0,1577.4115942028989,0.0,"43,781","43,781",-40.89325302607158,-71.32073879490926,100.0,100.0,100.0,100.0,100.0,100.0,100.0,100.0,0.0,73.09096484877735,0.0,0.0,0.0,0.0,0.0,0.0,0.0,0.0,0,0,5.115080517875643,0.0,0.0,0.0,0.0,0.0,0.0,0.0,0.0,"{""type"":""Polygon"",""coordinates"":[[[-71.36337538500497,-40.92391235597078],[-71.28030555423616,-40.925585857465315],[-71.27814198596363,-40.86257697402287],[-71.36113319761152,-40.86090718646158],[-71.36337538500497,-40.92391235597078]]]}"
00000000000000000158,100.0,4.89374175522997E7,4601271.449587485,7000,0,1331.9495145631067,0.0,"45,781","45,781",-40.8964768335955,-71.15466417267142,100.0,100.0,100.0,100.0,100.0,100.0,100.0,100.0,0.0,62.289029663756864,0.0,0.0,0.0,0.0,0.0,0.0,0.0,0.0,0,7698.437739034185,6.988253428979942,0.0,0.0,0.0,0.0,0.0,0.0,0.0,0.0,"{""type"":""Polygon"",""coordinates"":[[[-71.19722880245675,-40.927199508714615],[-71.11414547906914,-40.928753424590056],[-71.11213929278023,-40.86573757268844],[-71.19514399236816,-40.86418710451105],[-71.19722880245675,-40.927199508714615]]]}"
00000000000000000159,99.87076994106242,4.36610335217112E7,2.5352560274448335E7,7000,0,1024.1454545454546,3.878004357471788,"46,781","46,781",-40.89947425829139,-71.07580367017759,99.90055120751967,99.90055120751967,99.90055120751967,99.90055120751967,99.90055120751967,99.90055120751967,99.90055120751967,99.90055120751967,0.1292300589375917,59.94123617059243,0.005957415912523016,0.001489338442520606,0.0017872058180555348,0.0,0.0,0.0,0.008936116691558336,0.006553136700351985,27046.22991943843,24336.248279584626,8.406395999165111,0.0994487924803326,0.0994487924803326,0.0994487924803326,0.0994487924803326,0.0994487924803326,0.0994487924803326,0.0994487924803326,0.0994487924803326,"{""type"":""Polygon"",""coordinates"":[[[-71.05561137849004,-40.86675923069746],[-71.11213929278023,-40.86573757268844],[-71.11414547906914,-40.928753424590056],[-71.0321326363242,-40.930228506081356],[-71.0321588442605,-40.93018246046372],[-71.0324648149926,-40.92779374966577],[-71.03476303427915,-40.925779295864054],[-71.03574922516215,-40.924017560346144],[-71.03447130269562,-40.92234409621495],[-71.0334621655602,-40.92082484202846],[-71.03217979247135,-40.91945978463653],[-71.03088390332027,-40.91861754635639],[-71.03173153680169,-40.91706470023764],[-71.03339641921106,-40.91603723579293],[-71.03444047000147,-40.914740810738266],[-71.0345232648485,-40.91391014120465],[-71.03542194607601,-40.913291881195384],[-71.03468531780342,-40.91208782221748],[-71.03449306694893,-40.911125213610354],[-71.03422772434925,-40.91073417237239],[-71.03374999841957,-40.91036362832712],[-71.03362476303812,-40.90966083776482],[-71.03352627957614,-40.90914153996665],[-71.0333307635361,-40.90840684000308],[-71.03314984763759,-40.907077848099966],[-71.03367708803556,-40.9060675824466],[-71.03358957742087,-40.90479297001205],[-71.03340349261187,-40.90341025725826],[-71.03390126022008,-40.90239981656298],[-71.03391150757027,-40.90169817104948],[-71.03491792308107,-40.900951165732906],[-71.03533860730364,-40.90038255705199],[-71.03713687110033,-40.89946340039147],[-71.03728024217375,-40.898914808598164],[-71.03742325046248,-40.898397555435416],[-71.037912670338,-40.897959145209754],[-71.0384762687539,-40.89686873010431],[-71.03903524154802,-40.89609567204214],[-71.03952511293024,-40.89521468872975],[-71.03912483672761,-40.89479124270452],[-71.03851771111711,-40.894008413670626],[-71.03846511468167,-40.892756426495026],[-71.03821301443263,-40.89145367020788],[-71.03836128204377,-40.89056991190284],[-71.03851480924499,-40.88932409128018],[-71.03867132894368,-40.887868244884906],[-71.03987206702305,-40.88548245767612],[-71.04291103144242,-40.884256238382264],[-71.04525262929981,-40.88360070729063],[-71.04683230711733,-40.883510940250005],[-71.05087786882713,-40.88354427923342],[-71.052188204068,-40.8829293011795],[-71.05302146629144,-40.88231037832633],[-71.05262927375884,-40.88090367963131],[-71.05209280817623,-40.88011703386752],[-71.0498295069467,-40.87983919896015],[-71.04777603023341,-40.87971497198384],[-71.04675522768588,-40.87903160051554],[-71.04615255671634,-40.87835167204701],[-71.04539110072616,-40.8739694815568],[-71.0461571814894,-40.8731041790601],[-71.04585448544897,-40.87245357671163],[-71.04631460510613,-40.87157236278558],[-71.04649841705255,-40.87066204836344],[-71.04740006469662,-40.87020021054209],[-71.04805061362607,-40.86999994583139],[-71.04867105534663,-40.869848619446586],[-71.04922085552248,-40.8696967531378],[-71.05032217660715,-40.86967894194125],[-71.05100917458142,-40.86939854106128],[-71.05158916828171,-40.86960891602887],[-71.05261748530697,-40.86975150691128],[-71.05296678606021,-40.86920455466012],[-71.0538643389182,-40.86861295906274],[-71.05442918502843,-40.86781307216982],[-71.05494995993978,-40.86721836231345],[-71.05553792789476,-40.86685667128381],[-71.05561137849004,-40.86675923069746]]]}"
0000000000000000015a,100.0,3.97312155701957E7,2541612.6742710783,7000,0,1368.1063829787236,0.0,"36,782","36,782",-40.81623855883038,-71.89154056404396,100.0,100.0,100.0,100.0,100.0,100.0,100.0,100.0,0.0,119.36762101534826,0.0,0.0,0.0,0.0,0.0,0.0,0.0,0.0,5397.80762051027,0,5.505649758511197,0.0,0.0,0.0,0.0,0.0,0.0,0.0,0.0,"{""type"":""Polygon"",""coordinates"":[[[-71.9090723934139,-40.848381624332056],[-71.85892285291064,-40.84963639765321],[-71.85621799018945,-40.78665535225997],[-71.9218663619572,-40.78501036722113],[-71.92134849486519,-40.78575515611522],[-71.92137083779521,-40.78674298297901],[-71.92155808414932,-40.78754323777922],[-71.92221009858628,-40.788209728206716],[-71.92306808163227,-40.78878243713241],[-71.92488933156305,-40.79043750296971],[-71.92603522820899,-40.791332239868545],[-71.9270046418652,-40.7922491895304],[-71.92765040336062,-40.793313386716804],[-71.92739685688086,-40.7939525029619],[-71.92773163226362,-40.79441309081215],[-71.92807201550714,-40.79508380134989],[-71.92812972594268,-40.79610742056656],[-71.92818779818825,-40.79675558692113],[-71.92828114794317,-40.79750211588505],[-71.92811018761462,-40.797859660629676],[-71.92778617682676,-40.7983376817865],[-71.92706696573295,-40.79977654089547],[-71.92691888999174,-40.80073753900148],[-71.926935986095,-40.8012649781715],[-71.92714719977923,-40.801698692164024],[-71.92734095541698,-40.80206982585051],[-71.92737541894203,-40.802785017411416],[-71.92726886241381,-40.80342859930416],[-71.92710929891894,-40.80410348035681],[-71.92705574924679,-40.80468904007997],[-71.92710224338833,-40.80517624124025],[-71.9273956809602,-40.80585137921555],[-71.92768332911007,-40.8064013540006],[-71.92789445182646,-40.807009420737394],[-71.92798219344407,-40.80742518519786],[-71.9279813793467,-40.80817612434545],[-71.92782805763734,-40.80853360114441],[-71.92767491676234,-40.808721269607865],[-71.92718039694897,-40.8090159635583],[-71.92592659073225,-40.80973481902439],[-71.92575590046452,-40.80979730190839],[-71.92560266810337,-40.81004305179536],[-71.92550814160879,-40.8103737320148],[-71.92564898155231,-40.81068669497314],[-71.9260075487223,-40.81093729066782],[-71.92630759060717,-40.810959852591886],[-71.92688415504885,-40.81096019720094],[-71.92742535034154,-40.81096948631691],[-71.92801946101018,-40.8110637402865],[-71.92838996549968,-40.81113543430037],[-71.92901338171549,-40.811328039067874],[-71.92930157108326,-40.81145785989198],[-71.92974244782995,-40.81180234163975],[-71.93068290438474,-40.81256276315039],[-71.9311118391793,-40.81306361688581],[-71.93119360989469,-40.81368050559371],[-71.93086363236138,-40.81413178153755],[-71.93056305218954,-40.814681417560706],[-71.93037436403516,-40.81504780633296],[-71.93000313829687,-40.81565998157249],[-71.92957266422529,-40.8165269134916],[-71.92960748931965,-40.816991798516774],[-71.92959545883295,-40.81721971178582],[-71.92957166922254,-40.81749238479806],[-71.92960640386222,-40.81802431878848],[-71.92987071263272,-40.81846701183886],[-71.93020575668906,-40.81873987129774],[-71.93051149311762,-40.81895461182878],[-71.93088181369849,-40.81936610504221],[-71.93116982040783,-40.819616562872106],[-71.93143439919811,-40.81980895464402],[-71.93169327914802,-40.81985828634877],[-71.93221691790541,-40.81984514190555],[-71.93289369412523,-40.8197516534651],[-71.9332053978281,-40.81982333855172],[-71.93348752287467,-40.820109628475514],[-71.93396385139742,-40.82039151402521],[-71.93446360660248,-40.82077168700157],[-71.93482813341599,-40.821066930354185],[-71.93513386524876,-40.82136210585115],[-71.93513350343612,-40.82169738961762],[-71.9351333225298,-40.82190746232255],[-71.93475649443367,-40.822130706217],[-71.934315082154,-40.82225118664935],[-71.9340912099051,-40.82251473334461],[-71.93397940939977,-40.82254596478694],[-71.93373192852488,-40.82290790646866],[-71.93354333276822,-40.82318491615455],[-71.93341968263383,-40.82327875803427],[-71.93305479233499,-40.823300846880905],[-71.93256046207483,-40.823363129718594],[-71.93237783556178,-40.8236446856184],[-71.93244223878231,-40.82393522757067],[-71.9327303344844,-40.82416340146955],[-71.93292435796839,-40.824315459120946],[-71.9329829720318,-40.82454345731872],[-71.93286511071705,-40.824753517342835],[-71.93268836388714,-40.824923195531426],[-71.93239402682214,-40.82502141101905],[-71.93209996083758,-40.8248647970775],[-71.93183520171152,-40.824864609364866],[-71.93145276140997,-40.8248286061894],[-71.93086453690555,-40.824622644479945],[-71.93040566131134,-40.82450619057115],[-71.9300467374443,-40.82454620049104],[-71.93001136967165,-40.82460426597374],[-71.92959346882759,-40.82467998709495],[-71.92886367872023,-40.824791340868835],[-71.92813985692713,-40.824907090991154],[-71.92703349718434,-40.824960034167695],[-71.9262507843879,-40.825075756721326],[-71.92577381073554,-40.82540620738573],[-71.92553193153311,-40.82596031647869],[-71.92527250366597,-40.826384791284816],[-71.92486626523855,-40.82655439919076],[-71.92427775678297,-40.82667020306052],[-71.92400068885638,-40.82705443875035],[-71.92388807057802,-40.82781875791181],[-71.92387025065389,-40.82795732360741],[-71.92384591786244,-40.82861881515041],[-71.92401570462373,-40.82938325992375],[-71.92429756672313,-40.82993322627278],[-71.92443840721988,-40.83023727291919],[-71.9255088652567,-40.83073865771903],[-71.92607964202067,-40.83078812498496],[-71.92653843360698,-40.83105222294545],[-71.92667918262386,-40.831450065921295],[-71.92667882080129,-40.831785355813295],[-71.92710812299717,-40.83209402552099],[-71.92741377204673,-40.832357912348925],[-71.92770187245642,-40.832621880040556],[-71.92767799224433,-40.83292578385701],[-71.92752439901771,-40.83349781322237],[-71.92692947329387,-40.83393998184373],[-71.92687646632399,-40.83397567709463],[-71.92681767018632,-40.8340025140099],[-71.92606933005682,-40.83480210216942],[-71.92557987320015,-40.83570476225485],[-71.9249790640718,-40.836124491791686],[-71.92434894592272,-40.83651742979481],[-71.92311249587151,-40.83690999396796],[-71.92193547114182,-40.836877858635404],[-71.92100539047725,-40.8370292535353],[-71.92045758051854,-40.83745353408875],[-71.9199801456168,-40.83802528288986],[-71.9195559895872,-40.83841839452104],[-71.9190729449025,-40.838722013498405],[-71.91841359673371,-40.83890035775694],[-71.91781919618312,-40.83883282054848],[-71.91726007326959,-40.83883241711687],[-71.91614806605897,-40.838590293677],[-71.91530643685553,-40.838531534355724],[-71.91475925000137,-40.838468543096994],[-71.91439976516955,-40.838799047175144],[-71.9141570629191,-40.83988954588654],[-71.91391508415322,-40.84043020710505],[-71.9133142523201,-40.840760561428304],[-71.91264874059968,-40.84107739320337],[-71.91261934117706,-40.84109080412032],[-71.91246583091576,-40.841452768830045],[-71.91263589531384,-40.841944593625215],[-71.91311813592554,-40.84223095791254],[-71.91337078954177,-40.84258433140442],[-71.91341737620463,-40.8429106098803],[-71.91342868364603,-40.843277148741834],[-71.91307534852218,-40.84341100599534],[-71.91298045635283,-40.84398757526251],[-71.91271513805461,-40.84429132229887],[-71.91216731339517,-40.844621683413024],[-71.91163694655634,-40.84512637175039],[-71.91110097027531,-40.84536731091035],[-71.91073587265167,-40.84548325760108],[-71.91027633390063,-40.84578235268475],[-71.90996424518656,-40.84591179391383],[-71.90939325771606,-40.84591576631602],[-71.908551067367,-40.8462772064001],[-71.9082212465481,-40.84636633370733],[-71.90802114663705,-40.846379576511964],[-71.90782095613557,-40.8463928042457],[-71.90763252546398,-40.846437376066895],[-71.90754984389451,-40.846651863342224],[-71.90794950142953,-40.84711260434413],[-71.90833730805569,-40.84759563805854],[-71.908836923854,-40.84812349179492],[-71.9090723934139,-40.848381624332056]]]}"
0000000000000000015b,100.0,4.8910035622787E7,1.9047861671596847E7,7000,8220.303799390877,1126.7889105058366,3.2836149818252487,"37,782","37,782",-40.81916588723432,-71.81611721210432,100.0,100.0,100.0,100.0,100.0,100.0,100.0,100.0,0.0,122.82267371234208,0.0,0.0,0.0,0.0,0.0,0.0,0.0,0.0,13981.050280919151,0,6.826331205525598,0.0,0.0,0.0,0.0,0.0,0.0,0.0,0.0,"{""type"":""Polygon"",""coordinates"":[[[-71.85892285291064,-40.84963639765321],[-71.77597794426102,-40.851663852494006],[-71.7733512015373,-40.78867831952575],[-71.85621799018945,-40.78665535225997],[-71.85892285291064,-40.84963639765321]]]}"
0000000000000000015c,99.99999999999997,4.89139571205986E7,1.7252677571880218E7,7000,18271.816223467653,1015.6937984496126,0.0,"38,782","38,782",-40.821161348297544,-71.7332072192681,100.0,100.0,100.0,100.0,100.0,100.0,100.0,100.0,0.0,118.52426861702129,0.0,0.0,0.0,0.0,0.0,0.0,0.0,0.0,6129.000603724944,3913.70163791774,7.715608279894123,0.0,0.0,0.0,0.0,0.0,0.0,0.0,0.0,"{""type"":""Polygon"",""coordinates"":[[[-71.77597794426102,-40.851663852494006],[-71.69302460920922,-40.853631713682624],[-71.69047622472074,-40.7906418249635],[-71.7733512015373,-40.78867831952575],[-71.77597794426102,-40.851663852494006]]]}"
0000000000000000015d,96.0662407495756,4.89177617073015E7,1.6275999781133039E7,7000,35971.079131758066,807.931067961165,0.0,"39,782","39,782",-40.82309728906655,-71.65028904877067,100.0,100.0,100.0,100.0,100.0,100.0,100.0,100.0,3.93375925037751,117.96977144012946,0.00964821071529867,0.018941038380004414,0.013830045883327658,0.0076072036586239,0.017455960754910047,0.02117312186774467,0.009839242380623954,0.011233140045886658,858.1634205973281,12985.19786906625,8.86124797784009,0.0,0.0,0.0,0.0,0.0,0.0,0.0,0.0,"{""type"":""Polygon"",""coordinates"":[[[-71.69302460920922,-40.853631713682624],[-71.61006328900808,-40.85554003424757],[-71.60759313745092,-40.79254593741803],[-71.69047622472074,-40.7906418249635],[-71.69302460920922,-40.853631713682624]]]}"
0000000000000000015e,46.00805912308515,4.89214493466234E7,1.8430896833737135E7,7000,21950.617819579114,967.7142857142857,0.0,"40,782","40,782",-40.824973713437686,-71.56736294351863,99.9372216141101,99.9372216141101,99.9372216141101,99.9372216141101,99.9372216141101,99.9372216141101,99.9372216141101,99.9372216141101,53.99194087691485,102.68286812297734,0.5519709487588199,0.6807810038927076,0.2848180633367621,0.1885738211389734,0.2574110733697732,0.4579943856084604,0.4331192914001401,0.4409158874497694,7072.027761744883,34074.774789367846,8.727983411770422,0.06277838588990055,0.06277838588990055,0.06277838588990055,0.06277838588990055,0.06277838588990055,0.06277838588990055,0.06277838588990055,0.06277838588990055,"{""type"":""Polygon"",""coordinates"":[[[-71.61006328900808,-40.85554003424757],[-71.52709406233053,-40.85738865901792],[-71.52470228846839,-40.794390546145486],[-71.60759313745092,-40.79254593741803],[-71.61006328900808,-40.85554003424757]]]}"
0000000000000000015f,100.0,4.89250200033977E7,7731831.128259133,7000,1987.2992387743122,1440.8945841392651,0.0,"41,782","41,782",-40.82679057680287,-71.48442911295008,100.0,100.0,100.0,100.0,100.0,100.0,100.0,100.0,0.0,84.2621074879227,0.15079999763430618,0.18207624926507798,0.02736704309129308,0.00977309298684222,0.018571030368287406,0.08380525789044728,0.02015837589022278,0.07122228731163084,11144.866962435486,11213.377717640813,6.4353980151927415,0.0,0.0,0.0,0.0,0.0,0.0,0.0,0.0,"{""type"":""Polygon"",""coordinates"":[[[-71.52709406233053,-40.85738865901792],[-71.44411727894627,-40.85917777619872],[-71.4418038449334,-40.79617566044826],[-71.52470228846839,-40.794390546145486],[-71.52709406233053,-40.85738865901792]]]}"
00000000000000000160,100.0,4.89284736436074E7,23111.738038605334,7000,0,1701.2031098153548,0.0,"42,782","42,782",-40.828547875974834,-71.40148785202354,100.0,100.0,100.0,100.0,100.0,100.0,100.0,100.0,0.0,77.90521844660196,0.0,0.0,0.0,0.0,0.0,0.0,0.0,0.0,9249.147299414071,0,4.387341245632727,0.0,0.0,0.0,0.0,0.0,0.0,0.0,0.0,"{""type"":""Polygon"",""coordinates"":[[[-71.44411727894627,-40.85917777619872],[-71.36113319761152,-40.86090718646158],[-71.35889806404097,-40.79790123009385],[-71.4418038449334,-40.79617566044826],[-71.44411727894627,-40.85917777619872]]]}"
00000000000000000161,100.0,4.89318102342804E7,1504155.4891846601,7000,0,1431.969082125604,0.0,"43,782","43,782",-40.83024561032189,-71.31853940639236,100.0,100.0,100.0,100.0,100.0,100.0,100.0,100.0,0.0,73.43310185185186,0.0,0.0,0.0,0.0,0.0,0.0,0.0,0.0,11325.060512823047,0,5.549389081577172,0.0,0.0,0.0,0.0,0.0,0.0,0.0,0.0,"{""type"":""Polygon"",""coordinates"":[[[-71.36113319761152,-40.86090718646158],[-71.27814198596363,-40.86257697402287],[-71.2759852931281,-40.799567369669],[-71.35889806404097,-40.79790123009385],[-71.36113319761152,-40.86090718646158]]]}"
00000000000000000162,100.0,4.8935029743627E7,6282601.614935538,7000,0,1429.3811833171678,0.0,"44,782","44,782",-40.83188376383657,-71.23558401676266,100.0,100.0,100.0,100.0,100.0,100.0,100.0,100.0,0.0,67.89055420711973,0.0,0.0,0.0,0.0,0.0,0.0,0.0,0.0,6004.10246054007,0,5.995438940177845,0.0,0.0,0.0,0.0,0.0,0.0,0.0,0.0,"{""type"":""Polygon"",""coordinates"":[[[-71.27814198596363,-40.86257697402287],[-71.19514399236816,-40.86418710451105],[-71.19306569782681,-40.80117393993619],[-71.2759852931281,-40.799567369669],[-71.27814198596363,-40.86257697402287]]]}"
00000000000000000163,99.98806505420406,4.86672931223839E7,1.949279045161723E7,7000,0,1135.4516129032259,0.0,"45,782","45,782",-40.83362329703441,-71.1528383074941,100.0,100.0,100.0,100.0,100.0,100.0,100.0,100.0,0.011934945795919395,63.020996571988256,0.0,0.0,0.0,0.0,0.0,0.0,0.0,0.0,18369.02420343293,1959.6725644324429,7.672112350015519,0.0,0.0,0.0,0.0,0.0,0.0,0.0,0.0,"{""type"":""Polygon"",""coordinates"":[[[-71.11811829129562,-40.80257469694804],[-71.19306569782681,-40.80117393993619],[-71.19514399236816,-40.86418710451105],[-71.11213929278023,-40.86573757268844],[-71.1102932153707,-40.80756904467089],[-71.11831177199446,-40.80490133778163],[-71.11811829129562,-40.80257469694804]]]}"
00000000000000000164,98.25282098682356,1.33599071235417E7,1.3151669207772369E7,7000,0,894.6528301886793,0.0,"46,782","46,782",-40.84722513535031,-71.0934881881775,100.0,100.0,100.0,100.0,100.0,100.0,100.0,100.0,1.7471790131764215,62.141199302915076,0.0,0.0,0.0,0.0,0.0,0.0,0.0,0.0,17539.90467067679,16187.391411428107,9.025146493077731,0.0,0.0,0.0,0.0,0.0,0.0,0.0,0.0,"{""type"":""Polygon"",""coordinates"":[[[-71.1102932153707,-40.80756904467089],[-71.11213929278023,-40.86573757268844],[-71.05561137849004,-40.86675923069746],[-71.05588604732802,-40.86639466323115],[-71.05597228369317,-40.86446891240899],[-71.05601408701403,-40.86401331870405],[-71.05646594346206,-40.86370414149138],[-71.05698399540591,-40.86329270374079],[-71.05798110527012,-40.86314440024565],[-71.05867398456923,-40.8632751645911],[-71.05865820641212,-40.86272078088784],[-71.05864560202181,-40.862367566732296],[-71.0591077022939,-40.86174559117777],[-71.05960144896733,-40.85847329722048],[-71.06582315011244,-40.854773652469],[-71.06752670435404,-40.85041603041979],[-71.07111097306233,-40.84919340676145],[-71.07302532671574,-40.8495216307631],[-71.07383478948528,-40.85056958401695],[-71.07573480365495,-40.85193921002996],[-71.0806657859894,-40.85208140731118],[-71.08576381896648,-40.850351936260495],[-71.0866164166613,-40.84827571911501],[-71.08705273417591,-40.84650918197867],[-71.08942608649905,-40.84340799400204],[-71.09288530761756,-40.84093664466305],[-71.0952327845477,-40.839703538245],[-71.09865496259248,-40.839940392682195],[-71.09976222497184,-40.83901036740546],[-71.10073719726613,-40.83828942713924],[-71.10145919931722,-40.83538069789332],[-71.0912301876562,-40.831550369416675],[-71.09336876747953,-40.825322906518245],[-71.10164461844744,-40.82163743085417],[-71.09921757049439,-40.81881147103056],[-71.09884373780504,-40.81599702633855],[-71.09887755775455,-40.813498703758356],[-71.10303158710578,-40.81040662556013],[-71.11005140498631,-40.80764949922776],[-71.1102932153707,-40.80756904467089]]]}"
00000000000000000166,100.0,4.78540055366139E7,8680213.454629097,7000,0,1266.0780632411067,0.0,"36,783","36,783",-40.75354617519606,-71.89548067528402,100.0,100.0,100.0,100.0,100.0,100.0,100.0,100.0,0.0,122.91656383678841,0.0,0.0,0.0,0.0,0.0,0.0,0.0,0.0,8495.846276268938,12395.950664669515,5.914531403868243,0.0,0.0,0.0,0.0,0.0,0.0,0.0,0.0,"{""type"":""Polygon"",""coordinates"":[[[-71.9218663619572,-40.78501036722113],[-71.85621799018945,-40.78665535225997],[-71.8535216090279,-40.72367341780608],[-71.93630179423042,-40.72159566639788],[-71.93861104594386,-40.77402353627867],[-71.93837840296214,-40.77410791595191],[-71.93810776984714,-40.77427312167238],[-71.93719040141052,-40.77447828656694],[-71.93651987589264,-40.774714801573154],[-71.93639043797741,-40.774754984459726],[-71.93593193244267,-40.77465191602031],[-71.93539075211567,-40.7748348296724],[-71.93514354373673,-40.77509397107908],[-71.93333221392787,-40.77544162293498],[-71.93187337335225,-40.776008409736804],[-71.93104987794796,-40.77636550553424],[-71.93067286393848,-40.776977659603034],[-71.93036613267009,-40.77792962609883],[-71.93008319066865,-40.77855072720795],[-71.92991214088624,-40.77906918619713],[-71.92907688109088,-40.779363655753265],[-71.92880605887727,-40.77960038455026],[-71.92800019404089,-40.779926219683546],[-71.92686506891972,-40.780126625924254],[-71.92638266887451,-40.780247040809826],[-71.92458105677753,-40.78225729563745],[-71.92349856479363,-40.78266784521629],[-71.92314551256253,-40.782873231615675],[-71.92282782852864,-40.78297135318942],[-71.92265668426086,-40.78349870643464],[-71.92237346380779,-40.784285222159234],[-71.92214379362949,-40.78461136477054],[-71.9218663619572,-40.78501036722113]]]}"
00000000000000000167,100.0,4.89107487605761E7,1.7249913246334843E7,7000,10362.655252252513,1129.1653696498056,0.0,"37,783","37,783",-40.75618214934089,-71.81345562970452,100.0,100.0,100.0,100.0,100.0,100.0,100.0,100.0,0.0,122.51321064139941,0.0,0.0,0.0,0.0,0.0,0.0,0.0,0.0,11303.29990155576,8572.783997776824,6.958258536350854,0.0,0.0,0.0,0.0,0.0,0.0,0.0,0.0,"{""type"":""Polygon"",""coordinates"":[[[-71.85621799018945,-40.78665535225997],[-71.7733512015373,-40.78867831952575],[-71.77073285394235,-40.725691906139474],[-71.8535216090279,-40.72367341780608],[-71.85621799018945,-40.78665535225997]]]}"
00000000000000000168,100.00000000000003,4.89146704306502E7,2.1285941654779043E7,7000,23625.681828547833,828.7802516940949,0.0,"38,783","38,783",-40.75817318325412,-71.73062376671989,100.0,100.0,100.0,100.0,100.0,100.0,100.0,100.0,0.0,126.75403746770024,0.0,0.0,0.0,0.0,0.0,0.0,0.0,0.0,0,4753.111089251232,8.743656166579372,0.0,0.0,0.0,0.0,0.0,0.0,0.0,0.0,"{""type"":""Polygon"",""coordinates"":[[[-71.7733512015373,-40.78867831952575],[-71.69047622472074,-40.7906418249635],[-71.68793587716218,-40.727651094615226],[-71.77073285394235,-40.725691906139474],[-71.7733512015373,-40.78867831952575]]]}"
00000000000000000169,7.795672887635488,4.89184751845075E7,2.653191668877407E7,7000,29930.771746385984,968.3745136186772,0.0,"39,783","39,783",-40.760104861769555,-71.64778375385683,90.87528562993694,90.7084309802702,90.46457976225611,90.3105645755586,90.12574096410313,89.73555399965616,89.73555399965616,89.53019358723441,92.20432711236451,119.8079908398184,1.1724014620888492,1.2977902260486225,0.5786269255566863,0.577256092967896,0.7625682900656314,0.7497329742771233,0.7899736798664853,0.7269557066892247,0,175439.05184067093,8.818173557311182,9.124714370063053,9.291569019729812,9.535420237743892,9.689435424441406,9.874259035896877,10.264446000343838,10.264446000343838,10.469806412765587,"{""type"":""Polygon"",""coordinates"":[[[-71.69047622472074,-40.7906418249635],[-71.60759313745092,-40.79254593741803],[-71.60513084538294,-40.72955099216615],[-71.68793587716218,-40.727651094615226],[-71.69047622472074,-40.7906418249635]]]}"
0000000000000000016a,8.061123197137013,4.89221629858547E7,7471233.543411854,7000,0,1422.999028182702,0.0,"40,783","40,783",-40.76197715182522,-71.5649358156722,99.99088823363701,99.99088823363701,99.99088823363701,99.99088823363701,99.99088823363701,99.99088823363701,99.99088823363701,99.99088823363701,91.938876802863,93.3779689526589,0.1994390362533381,0.22192161786966078,0.050618941093956815,0.01518577312035193,0.03543329337319827,0.13262037237892452,0.13565709345534532,0.17716613447537535,15825.22183559112,42744.50696801135,6.382613904188579,0.009111766362989276,0.009111766362989276,0.009111766362989276,0.009111766362989276,0.009111766362989276,0.009111766362989276,0.009111766362989276,0.009111766362989276,"{""type"":""Polygon"",""coordinates"":[[[-71.60759313745092,-40.79254593741803],[-71.52470228846839,-40.794390546145486],[-71.52231801528718,-40.73139154790478],[-71.60513084538294,-40.72955099216615],[-71.60759313745092,-40.79254593741803]]]}"
0000000000000000016c,100.0,4.89291875915204E7,44303.15930501902,7000,0,1587.87074829932,0.0,"42,783","42,783",-40.76554343696441,-71.3992171715472,100.0,100.0,100.0,100.0,100.0,100.0,100.0,100.0,0.0,78.48657813515271,0.0,0.0,0.0,0.0,0.0,0.0,0.0,0.0,9475.744187758773,0,5.02209370336105,0.0,0.0,0.0,0.0,0.0,0.0,0.0,0.0,"{""type"":""Polygon"",""coordinates"":[[[-71.4418038449334,-40.79617566044826],[-71.35889806404097,-40.79790123009385],[-71.35667007504178,-40.73489452218313],[-71.43949764306845,-40.73317271133382],[-71.4418038449334,-40.79617566044826]]]}"
0000000000000000016e,99.99999999999997,4.89357439796751E7,1.099201236994865E7,7000,0,1317.0272638753652,0.0,"44,783","44,783",-40.768871960602134,-71.23346984496499,100.0,100.0,100.0,100.0,100.0,100.0,100.0,100.0,0.0,67.88744128603823,0.0,0.0,0.0,0.0,0.0,0.0,0.0,0.0,5577.846446054215,1961.2185632729393,6.945890020327852,0.0,0.0,0.0,0.0,0.0,0.0,0.0,0.0,"{""type"":""Polygon"",""coordinates"":[[[-71.2759852931281,-40.799567369669],[-71.19306569782681,-40.80117393993619],[-71.19099391894521,-40.73815996125979],[-71.2738353852269,-40.736556975197516],[-71.2759852931281,-40.799567369669]]]}"
0000000000000000016f,99.93185691031334,4.4581681940411E7,3.480044103067577E7,7000,0,967.4446808510637,0.0,"45,783","45,783",-40.76978362721363,-71.15414069269335,100.0,100.0,100.0,100.0,100.0,100.0,100.0,100.0,0.06814308968664304,63.38221068512603,0.0013040385888304653,0.0,0.0013040383038279597,0.0,0.0,0.0,0.0019560562718853778,0.0,17004.019671004804,14645.459036511937,8.557295070237883,0.0,0.0,0.0,0.0,0.0,0.0,0.0,0.0,"{""type"":""Polygon"",""coordinates"":[[[-71.10845800963926,-40.74957782996436],[-71.10814593044425,-40.739703655284686],[-71.19099391894521,-40.73815996125979],[-71.19306569782681,-40.80117393993619],[-71.11811829129562,-40.80257469694804],[-71.11724626700602,-40.79208709664033],[-71.1194685742806,-40.78948028300079],[-71.11786061910468,-40.78655363881197],[-71.11817550139014,-40.783641765777666],[-71.1182168449716,-40.780517639089325],[-71.12164834736338,-40.77981519222902],[-71.12329427580154,-40.779412008379346],[-71.12214355911014,-40.77346727691632],[-71.11971318961966,-40.77095012093447],[-71.11756722438867,-40.767393617468215],[-71.1186964664711,-40.76469350168556],[-71.12014566337113,-40.75867026059463],[-71.11061771434194,-40.754636899442794],[-71.11229070683713,-40.752151132306864],[-71.11039140829743,-40.75088940653691],[-71.10845800963926,-40.74957782996436]]]}"
00000000000000000170,96.99115593931099,536914.116798662,510761.0717918248,7000,0,893.0,0.0,"46,783","46,783",-40.74390220176982,-71.10500992852543,100.0,100.0,100.0,100.0,100.0,100.0,100.0,100.0,3.008844060688996,62.010416666666664,0.0,0.0,0.0,0.0,0.0,0.0,0.0,0.0,1151.927138253542,1204.2307410920127,9.158853912353516,0.0,0.0,0.0,0.0,0.0,0.0,0.0,0.0,"{""type"":""Polygon"",""coordinates"":[[[-71.10156809339864,-40.73982363326409],[-71.10814593044425,-40.739703655284686],[-71.10845800963926,-40.74957782996436],[-71.10821873685568,-40.74941546144375],[-71.10298235374417,-40.74718905187999],[-71.10063682591299,-40.7441715584629],[-71.10156809339864,-40.73982363326409]]]}"
00000000000000000172,100.0,3.57590995312207E7,5179120.680900423,7000,2725.8994959117717,1296.4316644113667,0.0,"36,784","36,784",-40.6977388918545,-71.88681205522364,100.0,100.0,100.0,100.0,100.0,100.0,100.0,100.0,0.0,124.64708784393325,0.0,0.0,0.0,0.0,0.0,0.0,0.0,0.0,10603.63776803734,3502.8830181210133,6.160869818804873,0.0,0.0,0.0,0.0,0.0,0.0,0.0,0.0,"{""type"":""Polygon"",""coordinates"":[[[-71.93558386939004,-40.705257148788824],[-71.93630179423042,-40.72159566639788],[-71.8535216090279,-40.72367341780608],[-71.85083370966264,-40.66069068613999],[-71.86584314572956,-40.660318817310106],[-71.86596627994237,-40.660955952041625],[-71.86638734249131,-40.6617520937615],[-71.86687173562223,-40.66315624394635],[-71.86798554746946,-40.66390851109875],[-71.8689530614273,-40.66447728238602],[-71.86968018772671,-40.664840140984346],[-71.87073011640204,-40.66528386797961],[-71.87161574501327,-40.665687204046186],[-71.87226650719187,-40.666134898074745],[-71.87299362579539,-40.66653797873725],[-71.87347502315974,-40.66653852527047],[-71.87380424750464,-40.66629753411328],[-71.87388150977664,-40.66577014962422],[-71.87428663880158,-40.66573031741126],[-71.87501474788722,-40.665650697919254],[-71.87642961604928,-40.66556727619481],[-71.87727515029255,-40.66544749696937],[-71.87792137720069,-40.6651620479122],[-71.87881349925759,-40.665243474116686],[-71.87998118827689,-40.66553076973333],[-71.88079079670236,-40.66580878245106],[-71.88123599449594,-40.666336664179134],[-71.88188139898901,-40.66653848962007],[-71.88256850813666,-40.666378278910166],[-71.88418264325149,-40.666496149036355],[-71.88469288263292,-40.666782686378994],[-71.88516711501147,-40.667507353486094],[-71.88534841235742,-40.667914287236435],[-71.88663956485756,-40.66812118509269],[-71.88670406806176,-40.66816144605852],[-71.88678033200127,-40.66821072912933],[-71.88686238582756,-40.66825997387321],[-71.88699130166313,-40.66839864470476],[-71.88725510400675,-40.66863137904438],[-71.88742491081554,-40.66890865248223],[-71.88751854425871,-40.66908756322429],[-71.88759435566355,-40.669369275001706],[-71.8876699861159,-40.66977612610824],[-71.88778062728282,-40.67033494004676],[-71.88854796747523,-40.6713414698606],[-71.88911094175249,-40.67174877480278],[-71.88912731621006,-40.67248637502256],[-71.88953712970172,-40.67315274049773],[-71.89006472985305,-40.673680750451126],[-71.89046866180631,-40.6743650382683],[-71.89115475689468,-40.67484843262578],[-71.89179986944897,-40.67529604203424],[-71.89279680137854,-40.67603456770089],[-71.89294905485752,-40.67630289885831],[-71.89309524707619,-40.67664721728837],[-71.893259260913,-40.676902158019544],[-71.89385750811304,-40.6772647543563],[-71.89454929502516,-40.677949283122956],[-71.8951766694279,-40.67850865514735],[-71.89608014062215,-40.678969874836476],[-71.89697202975553,-40.67933276344971],[-71.89791674734263,-40.67973138460153],[-71.89815123009066,-40.679986380932846],[-71.89845600312013,-40.68030406879919],[-71.89917736142284,-40.680908119279025],[-71.89956997358965,-40.68139122353342],[-71.89979875588831,-40.6815567863761],[-71.90072573408128,-40.68204034037007],[-71.90153565040204,-40.682322719834175],[-71.90233995591714,-40.682403798042834],[-71.90293275787101,-40.682551796720354],[-71.90327334935554,-40.68256552515396],[-71.90339655925064,-40.68261930136726],[-71.90403042906055,-40.682803079601456],[-71.90437653753212,-40.68303134853499],[-71.90482821483872,-40.68334014176999],[-71.90522706172692,-40.683684687843396],[-71.90541477016647,-40.683778705074495],[-71.90634806388613,-40.684020798955565],[-71.90852564783751,-40.68470648729914],[-71.90909446584905,-40.685234411436554],[-71.90993918761528,-40.68587874812048],[-71.91062569196608,-40.6862815583918],[-71.91127103542368,-40.68672904851702],[-71.9120398553721,-40.68704704690501],[-71.91288493093653,-40.687414219735686],[-71.91341312460656,-40.687633632984046],[-71.91420536819024,-40.68803205559332],[-71.91493347425612,-40.68808178296467],[-71.91620188900076,-40.68808271572382],[-71.91647787842555,-40.68807391174373],[-71.91681845500621,-40.688109928238326],[-71.91762841968716,-40.688445767698035],[-71.91821540303856,-40.68865179085464],[-71.91869103151001,-40.68869236404157],[-71.91907864374869,-40.688603252885315],[-71.91963649696115,-40.6886662345532],[-71.92006508530187,-40.68872019168981],[-71.92042890549888,-40.68891259320137],[-71.92075753734692,-40.68914082914938],[-71.92080439426783,-40.68922579983805],[-71.92084537145345,-40.68931072077156],[-71.92097997197193,-40.68971761166448],[-71.92228798201663,-40.691019289237325],[-71.92255817676133,-40.69102392372162],[-71.9227518448274,-40.69112688667074],[-71.92292181310467,-40.69139515074312],[-71.92302728565535,-40.69161426594859],[-71.92359643879689,-40.69206166199082],[-71.92376658752157,-40.69216007791811],[-71.92398359259026,-40.6924284333469],[-71.92395971208998,-40.69278605455556],[-71.92423515183887,-40.693242173693086],[-71.92472822908009,-40.693488303948904],[-71.92490986511322,-40.69380579622083],[-71.92495075129716,-40.69401148489065],[-71.92501506561534,-40.69433334883247],[-71.92502619171965,-40.69485186289223],[-71.92563034762642,-40.69554510327619],[-71.9257651269679,-40.695826852090164],[-71.92578186131155,-40.69662251870152],[-71.92566372587152,-40.697194561513086],[-71.92569864186386,-40.69749405812074],[-71.92579805291886,-40.69785618250414],[-71.92624436202804,-40.697896719818175],[-71.92653825269561,-40.69773156790892],[-71.9268671493983,-40.6976735876881],[-71.92791281424954,-40.697473113010545],[-71.92876426865476,-40.697634591996305],[-71.92977410698933,-40.697876608549095],[-71.93086616508502,-40.69823932252859],[-71.93172918945231,-40.69858846312755],[-71.93286737206273,-40.699733482516166],[-71.93296687125624,-40.70008661915427],[-71.93303127435341,-40.70032357942256],[-71.93385286492759,-40.70095882158563],[-71.93414068794749,-40.70098583160988],[-71.93442245032217,-40.701102147511776],[-71.93481004276546,-40.701205184063554],[-71.93522079072318,-40.70163457657722],[-71.93504413570096,-40.702068069593295],[-71.93492057662354,-40.702246766495676],[-71.93478543947904,-40.70236290795758],[-71.93461493503189,-40.702483535079764],[-71.93447364692497,-40.7028320667041],[-71.93447328511155,-40.703243329936065],[-71.93456699477242,-40.70351160152931],[-71.93476047437758,-40.703873803770655],[-71.93499511007003,-40.704160003179695],[-71.93503590446089,-40.70451758382551],[-71.93528790694155,-40.705045200171874],[-71.93534661100733,-40.70510778446284],[-71.9353524904586,-40.70511232868887],[-71.93558386939004,-40.705257148788824]]]}"
00000000000000000173,100.0,4.89114616790102E7,2.4289495754892215E7,7000,12763.173723663696,1060.6803118908383,0.0,"37,784","37,784",-40.69319755403162,-71.81080243633382,100.0,100.0,100.0,100.0,100.0,100.0,100.0,100.0,0.0,125.35526209023045,0.0,0.0,0.0,0.003118863577538491,0.0,0.0,0.001871226284067524,0.0,2761.047993448202,9284.316993530785,7.261995342295497,0.0,0.0,0.0,0.0,0.0,0.0,0.0,0.0,"{""type"":""Polygon"",""coordinates"":[[[-71.8535216090279,-40.72367341780608],[-71.77073285394235,-40.725691906139474],[-71.76812272069535,-40.66270467492645],[-71.85083370966264,-40.66069068613999],[-71.8535216090279,-40.72367341780608]]]}"
00000000000000000174,85.91747890453094,4.89153835213169E7,3.3324932784779005E7,7000,27323.06359203846,902.1445198836082,0.0,"38,784","38,784",-40.69518419792881,-71.72804846452901,100.0,100.0,100.0,100.0,100.0,100.0,100.0,100.0,14.082521095469062,125.20369584545749,0.036588503368649085,0.0463624417208124,0.005910036988323257,0.03136619187590889,0.02636803972688359,0.024774041203610406,0.02182005266261746,0.03932627331071695,0,30193.08559177688,8.641720638034647,0.0,0.0,0.0,0.0,0.0,0.0,0.0,0.0,"{""type"":""Polygon"",""coordinates"":[[[-71.77073285394235,-40.725691906139474],[-71.68793587716218,-40.727651094615226],[-71.68540347621017,-40.66465960036361],[-71.76812272069535,-40.66270467492645],[-71.77073285394235,-40.725691906139474]]]}"
00000000000000000175,92.06121707146045,4.8919188442277E7,1.6743189821476659E7,7000,17826.45538454791,1232.2992202729047,0.0,"39,784","39,784",-40.6971116189681,-71.64528633724234,99.9552362003475,99.94709730552535,99.94709730552535,99.94709730552535,99.94709730552535,99.94709730552535,99.94709730552535,99.94709730552535,7.9387829285395615,113.91845354126058,0.025862748090297587,0.029109844751805385,0.0,0.004974172046268577,0.005514949670401409,0.009132225519366658,0.016335202762752833,0.009947915032246535,5315.793951682626,20671.842679489124,7.85107509992276,0.04476379965249952,0.05290269447465296,0.05290269447465296,0.05290269447465296,0.05290269447465296,0.05290269447465296,0.05290269447465296,0.05290269447465296,"{""type"":""Polygon"",""coordinates"":[[[-71.68793587716218,-40.727651094615226],[-71.60513084538294,-40.72955099216615],[-71.60267623189647,-40.666555261475224],[-71.68540347621017,-40.66465960036361],[-71.68793587716218,-40.727651094615226]]]}"
00000000000000000178,100.0,4.89299013198545E7,4124382.4208746776,7000,0,1354.0408958130477,0.0,"42,784","42,784",-40.70253817578385,-71.39695364251132,100.0,100.0,100.0,100.0,100.0,100.0,100.0,100.0,0.0,79.27318646543331,0.0,0.0,0.0,0.0,0.0,0.0,0.0,0.0,14206.673738660149,6031.545377702862,6.235203692650726,0.0,0.0,0.0,0.0,0.0,0.0,0.0,0.0,"{""type"":""Polygon"",""coordinates"":[[[-71.43949764306845,-40.73317271133382],[-71.35667007504178,-40.73489452218313],[-71.354449049534,-40.671886976805965],[-71.43719876409205,-40.67016896252265],[-71.43949764306845,-40.73317271133382]]]}"
00000000000000000179,100.0,4.89332382037597E7,1.73574146758562E7,7000,3422.040570161189,1142.62015503876,0.0,"43,784","43,784",-40.70422843718473,-71.31416145787983,100.0,100.0,100.0,100.0,100.0,100.0,100.0,100.0,0.0,74.92296910293645,0.11303695982473254,0.1693387521753567,0.06764620184828178,0.004800433186166601,0.013092458504225255,0.1475167624575085,0.10780128629861384,0.12482276081087917,18848.098256920188,8732.917370432813,7.407535697368315,0.0,0.0,0.0,0.0,0.0,0.0,0.0,0.0,"{""type"":""Polygon"",""coordinates"":[[[-71.35667007504178,-40.73489452218313],[-71.2738353852269,-40.736556975197516],[-71.27169226238483,-40.67354573519615],[-71.354449049534,-40.671886976805965],[-71.35667007504178,-40.73489452218313]]]}"
0000000000000000017a,100.0,4.89364579960566E7,2.3734256466117214E7,7000,0,1147.719298245614,0.0,"44,784","44,784",-40.705859373827565,-71.23136236466915,100.0,100.0,100.0,100.0,100.0,100.0,100.0,100.0,0.0,69.99841926070039,0.08004077789453737,0.08233067974226434,0.06408287081487091,0.025137861194961485,0.048760832020494305,0.04073998127654508,0.07502970348665956,0.1225952136324161,7929.675071240873,29506.564179931058,7.8710679161873305,0.0,0.0,0.0,0.0,0.0,0.0,0.0,0.0,"{""type"":""Polygon"",""coordinates"":[[[-71.2738353852269,-40.736556975197516],[-71.19099391894521,-40.73815996125979],[-71.188928746485,-40.67514527811393],[-71.27169226238483,-40.67354573519615],[-71.2738353852269,-40.736556975197516]]]}"
0000000000000000017b,100.00000000000003,4.4469389183361E7,3.394275763217062E7,7000,0,973.0668103448276,0.0,"45,784","45,784",-40.70960297256515,-71.15165028070076,100.0,100.0,100.0,100.0,100.0,100.0,100.0,100.0,0.0,64.80174731182795,0.0,0.0035693150717337804,0.0,0.0,0.0,0.020300522999062744,0.024985544908435357,0.009369474560207095,16371.023186377719,28407.01605188662,8.845657268237042,0.0,0.0,0.0,0.0,0.0,0.0,0.0,0.0,"{""type"":""Polygon"",""coordinates"":[[[-71.14018137814547,-40.676059557434996],[-71.188928746485,-40.67514527811393],[-71.19099391894521,-40.73815996125979],[-71.10814593044425,-40.739703655284686],[-71.10701575202005,-40.703878383316514],[-71.11491859297016,-40.69845205418895],[-71.12600649796005,-40.6881484612032],[-71.14018137814547,-40.676059557434996]]]}"
0000000000000000017c,99.41298859244029,4710689.08620222,4408695.677356798,7000,0,971.372340425532,0.0,"46,784","46,784",-40.722476521558576,-71.09854414269185,100.0,100.0,100.0,100.0,100.0,100.0,100.0,100.0,0.5870114075597036,62.069813829787236,0.0,0.0,0.0,0.0,0.0,0.0,0.0,0.0,5071.32517854368,8173.0485772442225,9.008410693229512,0.0,0.0,0.0,0.0,0.0,0.0,0.0,0.0,"{""type"":""Polygon"",""coordinates"":[[[-71.10701575202005,-40.703878383316514],[-71.10814593044425,-40.739703655284686],[-71.10156809339864,-40.73982363326409],[-71.10186594258862,-40.738432877646616],[-71.09839029633174,-40.73731507243571],[-71.09761832941311,-40.7335588179505],[-71.09845775496349,-40.73231831022087],[-71.09601717791548,-40.73073472972756],[-71.09455474683975,-40.72765246950575],[-71.08487440614725,-40.72530984738088],[-71.08426734836347,-40.72501900119978],[-71.08227842303876,-40.72566918156213],[-71.08055389403887,-40.72631700524021],[-71.07977917291443,-40.72668186606286],[-71.07813352034874,-40.72501039043399],[-71.08033781735683,-40.72323107048854],[-71.08529866600718,-40.71878269123409],[-71.10701575202005,-40.703878383316514]]]}"
0000000000000000017d,100.0,2714720.16263426,41908.1027273739,7000,4741.756772099397,1333.774193548387,0.0,"36,785","36,785",-40.650947986222114,-71.85762766850259,100.0,100.0,100.0,100.0,100.0,100.0,100.0,100.0,0.0,120.81972446236557,0.0,0.0,0.0,0.0,0.0,0.0,0.0,0.0,281.0600375608618,0,6.221765665854177,0.0,0.0,0.0,0.0,0.0,0.0,0.0,0.0,"{""type"":""Polygon"",""coordinates"":[[[-71.86584314572956,-40.660318817310106],[-71.85083370966264,-40.66069068613999],[-71.84970436526889,-40.634157426091114],[-71.85021782751056,-40.634523162790785],[-71.85056933377837,-40.63477837362654],[-71.85132500306752,-40.63532026617218],[-71.85186370585724,-40.63585287426736],[-71.85283525047947,-40.636985058237904],[-71.85316223455676,-40.637691734716846],[-71.8532090111665,-40.63779461575146],[-71.85342398443245,-40.63876484896952],[-71.85348749923294,-40.63922982808335],[-71.85353952345454,-40.63957409718731],[-71.85369568654461,-40.640651595709556],[-71.85391093090846,-40.641510109921896],[-71.85388469263744,-40.64274824764597],[-71.85387817830774,-40.64307454262376],[-71.8538770925861,-40.64356178971094],[-71.85439742424757,-40.64447432931293],[-71.85493630273102,-40.644904099285895],[-71.85622767113513,-40.644798509656525],[-71.85757413396519,-40.643557456707406],[-71.85833150546287,-40.6433974407459],[-71.85951175641547,-40.64307263600904],[-71.8600875399393,-40.64272019458594],[-71.86104385939271,-40.6428062813041],[-71.86129040296119,-40.64280653500814],[-71.86199348082287,-40.64333934978272],[-71.86209291224512,-40.64350038172269],[-71.86254275082457,-40.64446192529206],[-71.86320493158281,-40.644932093975825],[-71.86344504979645,-40.64517377958052],[-71.86436525998283,-40.64576488527798],[-71.86522530257528,-40.647057757093656],[-71.86523045956667,-40.64738855554729],[-71.86538245506429,-40.64769266392275],[-71.86571069270894,-40.64792101071977],[-71.86662573927892,-40.64813667732007],[-71.86754060223195,-40.648459518910514],[-71.86767540677282,-40.64856695737374],[-71.86807972957473,-40.648893754807546],[-71.86813084665172,-40.649752069631724],[-71.86733703821805,-40.65052002541489],[-71.86714261184311,-40.65089077420635],[-71.86719472427559,-40.65126184042272],[-71.86714134522137,-40.65152998934666],[-71.86669495121554,-40.6516993619015],[-71.86641294640546,-40.65187337480659],[-71.86613655068454,-40.65214575330065],[-71.8659536136773,-40.65261483037571],[-71.86610533740452,-40.65304414100128],[-71.86615790237578,-40.653205133423405],[-71.86619879628878,-40.6532766745912],[-71.86623978066972,-40.65333930922979],[-71.86629243609164,-40.65340195881377],[-71.86634518197793,-40.653460124948694],[-71.86640380861303,-40.653509422256],[-71.86646234476396,-40.65355862989451],[-71.8665327328877,-40.65359896069582],[-71.86659724024173,-40.653634741128144],[-71.86690692964011,-40.65429667072916],[-71.86694791392844,-40.65438164415463],[-71.86700002639328,-40.65473042398631],[-71.8670281635018,-40.655311535783056],[-71.86690964383155,-40.65588352129324],[-71.86632744922814,-40.65645053628703],[-71.86625706105829,-40.65645046183435],[-71.8661865823994,-40.65645936826127],[-71.86612198448759,-40.656477172660765],[-71.86605150579832,-40.65649942239582],[-71.86599278862404,-40.65652619966399],[-71.86592810019897,-40.656561830418326],[-71.8658751732958,-40.656601988705724],[-71.86582233685708,-40.65664665933413],[-71.86577520023212,-40.6567002735659],[-71.86572815407347,-40.65675382738958],[-71.86569286944986,-40.65681640650415],[-71.8656633751204,-40.65687894833636],[-71.86563976156015,-40.656932547018236],[-71.86562202877045,-40.65698612310039],[-71.86561017675228,-40.65705766752459],[-71.86560420550632,-40.657115771100614],[-71.86560420550632,-40.657124691594774],[-71.8655981437868,-40.65719619866154],[-71.86560972438517,-40.65726329025938],[-71.86562139545651,-40.65733032146846],[-71.8656271857553,-40.65735719560055],[-71.86563885682601,-40.65739739039334],[-71.86566807973755,-40.657464489152645],[-71.86569730264637,-40.65751816970606],[-71.86573240632272,-40.65757632537815],[-71.86577927153398,-40.657634510893416],[-71.86582025596975,-40.65768372350414],[-71.86583753638146,-40.657822275890986],[-71.86588937761087,-40.65833642955427],[-71.86571223075664,-40.65887265396575],[-71.86575194857382,-40.65951189173211],[-71.86579781857512,-40.660084056421475],[-71.86584314572956,-40.660318817310106]]]}"
0000000000000000017e,100.0,4.64996436558092E7,1.777336809177746E7,7000,23865.423872902116,1077.2100409836064,0.0,"37,785","37,785",-40.63107786999967,-71.80624911590435,100.0,100.0,100.0,100.0,100.0,100.0,100.0,100.0,0.0,124.35810753237902,0.0,0.0,0.0,0.0,0.0,0.0,0.0,0.0,4379.62519408183,0,7.063490076201582,0.0,0.0,0.0,0.0,0.0,0.0,0.0,0.0,"{""type"":""Polygon"",""coordinates"":[[[-71.84970436526889,-40.634157426091114],[-71.85083370966264,-40.66069068613999],[-71.76812272069535,-40.66270467492645],[-71.76552089251433,-40.59971665691949],[-71.84064123453014,-40.59789225679668],[-71.84067009784066,-40.59798547116774],[-71.840786455862,-40.5983968895306],[-71.84078582249808,-40.59864273624914],[-71.84078500817303,-40.59898248989654],[-71.84084164899865,-40.599849778129666],[-71.84088082707177,-40.600654426780416],[-71.84090236143783,-40.60144119984136],[-71.84099501348348,-40.60194193596177],[-71.84110331862345,-40.60327422955802],[-71.84036734963095,-40.60448459121437],[-71.84003727593841,-40.605154607188624],[-71.83966612358384,-40.60583798519731],[-71.8396425080731,-40.6059094782233],[-71.83935930276847,-40.60661092500364],[-71.83898697336355,-40.60778605908765],[-71.83862830617808,-40.60816549997042],[-71.83822874104416,-40.60847784302392],[-71.83794607736087,-40.60893785986406],[-71.83761057225124,-40.60940670908689],[-71.83756867932824,-40.60976426734362],[-71.8377086541486,-40.61009526919433],[-71.83807763725004,-40.61032379041706],[-71.83910097949767,-40.61163490717896],[-71.8394986434293,-40.61210480955033],[-71.8397262028829,-40.61263707561533],[-71.83996525323377,-40.61320510485575],[-71.84010468410814,-40.613781960740575],[-71.83979876852709,-40.614179362376774],[-71.83980971670886,-40.614501203914166],[-71.84007265391921,-40.61490386797097],[-71.84051157580171,-40.615333628408976],[-71.84066792630641,-40.616201012409306],[-71.84088408437093,-40.61655895482638],[-71.84114168234001,-40.616773822698484],[-71.84150957566808,-40.617485107678654],[-71.8418648013327,-40.61857625809791],[-71.8419629723896,-40.619242458547305],[-71.84207860609305,-40.619989110414174],[-71.84210665495057,-40.62052557687939],[-71.8423863290678,-40.621326099949414],[-71.84311822175947,-40.62192607404978],[-71.8433582648206,-40.62211857800609],[-71.84346159276129,-40.62309322669901],[-71.84340820967881,-40.62336132336259],[-71.84332505872388,-40.62377691701676],[-71.84330135300692,-40.623897572946056],[-71.84287103059881,-40.62475975693734],[-71.84287682131637,-40.62481341854453],[-71.8429748110987,-40.625564493387614],[-71.84324272206574,-40.626373920805335],[-71.84331863465572,-40.62653043962065],[-71.84394312585313,-40.627939399027504],[-71.84470433027333,-40.628584111264395],[-71.84534781937165,-40.629394069421984],[-71.84572647481504,-40.63057910067537],[-71.84636969039114,-40.631545491518516],[-71.84663922709505,-40.63170682580865],[-71.84728352655361,-40.632190446074674],[-71.84771646682067,-40.63273182521223],[-71.84818405973688,-40.63352814801261],[-71.84826006161593,-40.63364446991561],[-71.8494445123406,-40.63397232590969],[-71.84970436526889,-40.634157426091114]]]}"
0000000000000000017f,100.0,4.89160963891313E7,2.9752535848721556E7,7000,51704.62231715138,877.1115421920465,0.0713380670732599,"38,785","38,785",-40.632194400623945,-71.72548127186428,100.0,100.0,100.0,100.0,100.0,100.0,100.0,100.0,0.0,123.5606796116505,0.12052573842362505,0.1446731396897738,0.06088967838153396,0.1145633350486013,0.08582772767809234,0.11253865117460066,0.09470188917709778,0.14256546274575174,763.8360228123712,14715.66937797964,8.484719229392637,0.0,0.0,0.0,0.0,0.0,0.0,0.0,0.0,"{""type"":""Polygon"",""coordinates"":[[[-71.76812272069535,-40.66270467492645],[-71.68540347621017,-40.66465960036361],[-71.68287911258719,-40.60166722384384],[-71.76552089251433,-40.59971665691949],[-71.76812272069535,-40.66270467492645]]]}"
00000000000000000180,100.00000000000003,4.89199014771517E7,2.1986184727351815E7,7000,17837.09559023621,1186.9102439024393,0.0,"39,785","39,785",-40.63411757011776,-71.64279681155986,100.0,100.0,100.0,100.0,100.0,100.0,100.0,100.0,0.0,112.03231603313841,0.025178221757561164,0.03138655590805724,0.0017245155837023378,0.024143497409629348,0.0031041568731960674,0.02345372466941563,0.0162105028687545,0.032076252549291466,10465.660728419763,16095.122425124637,7.699007418374104,0.0,0.0,0.0,0.0,0.0,0.0,0.0,0.0,"{""type"":""Polygon"",""coordinates"":[[[-71.68540347621017,-40.66465960036361],[-71.60267623189647,-40.666555261475224],[-71.60022947826602,-40.60355871720115],[-71.68287911258719,-40.60166722384384],[-71.68540347621017,-40.66465960036361]]]}"
00000000000000000181,100.0,4.89235896024256E7,1.3901493059594825E7,7000,5402.2791794093955,1313.1533203125,0.0,"40,785","40,785",-40.6359815830642,-71.56010449380202,100.0,100.0,100.0,100.0,100.0,100.0,100.0,100.0,0.0,97.77202119883042,0.0,0.0,0.0,0.0,0.0,0.0,0.0,0.0,13221.96865152323,11667.405648690392,6.729288395292346,0.0,0.0,0.0,0.0,0.0,0.0,0.0,0.0,"{""type"":""Polygon"",""coordinates"":[[[-71.60267623189647,-40.666555261475224],[-71.51994124295364,-40.66839175728592],[-71.51757206220252,-40.60539113160695],[-71.60022947826602,-40.60355871720115],[-71.60267623189647,-40.666555261475224]]]}"
00000000000000000182,88.77947839290975,4.89271607297751E7,1.233862037519696E7,7000,14416.275926393513,1142.221359223301,0.0,"41,785","41,785",-40.637786447884025,-71.47740455614654,100.0,100.0,100.0,100.0,100.0,100.0,100.0,100.0,11.220521599608393,91.95301396963826,0.0,0.0,0.0,0.0,0.0,0.019658318872871394,0.030101699081248347,0.05037430031217615,4643.497230730487,13196.515419850937,7.675827667325042,0.0,0.0,0.0,0.0,0.0,0.0,0.0,0.0,"{""type"":""Polygon"",""coordinates"":[[[-71.51994124295364,-40.66839175728592],[-71.43719876409205,-40.67016896252265],[-71.43490711756655,-40.607164491424136],[-71.51757206220252,-40.60539113160695],[-71.51994124295364,-40.66839175728592]]]}"
00000000000000000183,75.2978862114073,4.89306148251536E7,1.875457426555491E7,7000,20844.35309829466,1020.1130604288498,0.0,"42,785","42,785",-40.639532144190696,-71.39469723619273,98.26610586406824,98.2560035297326,98.2495381519534,98.17316218630867,98.09679018417454,98.04223895835716,98.04587583880098,98.04587583880098,24.702113788592698,83.1255380929175,0.636034028533599,0.6865454697178994,0.5018785913118038,0.1515331478957051,0.28811497303229017,0.6711907055470688,0.6833072986452303,0.9366712121399388,3126.321324704733,23673.416718570144,7.824075355306704,1.7338941359317597,1.7439964702673993,1.7504618480465979,1.82683781369133,1.903209815825464,1.9577610416428457,1.9541241611990205,1.9541241611990205,"{""type"":""Polygon"",""coordinates"":[[[-71.43719876409205,-40.67016896252265],[-71.354449049534,-40.671886976805965],[-71.35223498765383,-40.60887868664215],[-71.43490711756655,-40.607164491424136],[-71.43719876409205,-40.67016896252265]]]}"
00000000000000000184,100.0,4.8933951855615E7,1.757350565336202E7,7000,20303.74227434884,1108.7875848690594,0.0,"43,785","43,785",-40.6412186764544,-71.31198282799024,100.0,100.0,100.0,100.0,100.0,100.0,100.0,100.0,0.0,75.43901699029126,0.0,0.0,0.0,0.0,0.0,0.0,0.0,0.0,7233.306167184771,18261.22022905771,7.43600115470516,0.0,0.0,0.0,0.0,0.0,0.0,0.0,0.0,"{""type"":""Polygon"",""coordinates"":[[[-71.354449049534,-40.671886976805965],[-71.27169226238483,-40.67354573519615],[-71.26955592472609,-40.61053381741981],[-71.35223498765383,-40.60887868664215],[-71.354449049534,-40.671886976805965]]]}"
00000000000000000185,100.00000000000003,4.89371717893325E7,2.2387461720897608E7,7000,0,1163.132424537488,0.0,"44,785","44,785",-40.642846013022684,-71.22926152277843,100.0,100.0,100.0,100.0,100.0,100.0,100.0,100.0,0.0,68.45478012633623,0.012607301529725095,0.03116185661107826,0.009561108350108536,7.618006172815445E-4,7.618006172815445E-4,0.030925809462423313,0.02739802849486827,0.052104533486325676,14554.338506058673,25764.893968821187,6.971867875153863,0.0,0.0,0.0,0.0,0.0,0.0,0.0,0.0,"{""type"":""Polygon"",""coordinates"":[[[-71.27169226238483,-40.67354573519615],[-71.188928746485,-40.67514527811393],[-71.18687008990918,-40.612129744338134],[-71.26955592472609,-40.61053381741981],[-71.27169226238483,-40.67354573519615]]]}"
00000000000000000186,77.24504833587325,2.80237935180193E7,1.5777596909859471E7,7000,0,1115.6410256410256,0.0,"45,785","45,785",-40.64267014278195,-71.16372236093733,100.0,100.0,100.0,100.0,100.0,100.0,100.0,100.0,22.75495166412675,65.88602104664392,0.0,0.0,0.0,0.0,0.0,0.0,0.0,0.0,11681.118139501255,9095.84587958344,7.647832351007559,0.0,0.0,0.0,0.0,0.0,0.0,0.0,0.0,"{""type"":""Polygon"",""coordinates"":[[[-71.14180882605923,-40.61297450988483],[-71.18687008990918,-40.612129744338134],[-71.188928746485,-40.67514527811393],[-71.14018137814547,-40.676059557434996],[-71.143431552988,-40.67328683466322],[-71.14993780631877,-40.664859922120186],[-71.14891671799651,-40.66344885023756],[-71.14964506982203,-40.660642625417175],[-71.15025928133053,-40.657571837086834],[-71.14723508505202,-40.65122452362177],[-71.12861434817081,-40.64029502357911],[-71.14180882605923,-40.61297450988483]]]}"
00000000000000000187,100.0,1.14444501631359E7,155209.26204011202,7000,0,1273.864406779661,0.0,"36,786","36,786",-40.56331951624512,-71.8601319660642,100.0,100.0,100.0,100.0,100.0,100.0,100.0,100.0,0.0,123.16812323446327,0.0,0.0,0.0,0.0,0.0,0.0,0.0,0.0,2481.165627060789,0,6.101165233224124,0.0,0.0,0.0,0.0,0.0,0.0,0.0,0.0,"{""type"":""Polygon"",""coordinates"":[[[-71.84763829332428,-40.58554647877084],[-71.84548344774161,-40.534722608471604],[-71.8584996994111,-40.53440105006774],[-71.8586254602926,-40.5345424163672],[-71.85897605241226,-40.53498983637384],[-71.85923734507178,-40.53614345807388],[-71.85932402035888,-40.53669335242501],[-71.85944028101439,-40.53715391246256],[-71.8600945065154,-40.538075590362745],[-71.86050372473295,-40.53852759007983],[-71.86056171913542,-40.53884500937454],[-71.86073660702684,-40.53927433104111],[-71.86083504362436,-40.539833237609734],[-71.86081016305346,-40.540499269586206],[-71.8603206034917,-40.542090012986556],[-71.86014282016866,-40.54303297659556],[-71.86005858793315,-40.544078936255694],[-71.86003949770262,-40.54480751536576],[-71.86000900761638,-40.545388615274454],[-71.86008319713855,-40.54632738967982],[-71.86026351379437,-40.54700710255778],[-71.86004537857944,-40.54762367654202],[-71.85925182111305,-40.54878943856814],[-71.85874072597719,-40.54938778568967],[-71.85863414593436,-40.54994645845604],[-71.85863315070458,-40.55039792992573],[-71.8587026358302,-40.55078691085848],[-71.85874325928845,-40.55100600744506],[-71.85871747379774,-40.552123454658236],[-71.85865776002166,-40.552624053980985],[-71.85851535166745,-40.553455339713906],[-71.85841383817605,-40.55436712187077],[-71.85840777631769,-40.55446098114326],[-71.85840759536669,-40.554536944238755],[-71.85841329532307,-40.554608452548926],[-71.85842487618652,-40.55468001155711],[-71.85844233795636,-40.55475605163296],[-71.85847147106244,-40.55482309254075],[-71.85850060416583,-40.55489020846821],[-71.8585356181716,-40.55495730001461],[-71.8585765130778,-40.55501993682835],[-71.85862328888211,-40.555078118918004],[-71.85867594558195,-40.555131846289434],[-71.85873448317432,-40.55518104385531],[-71.85879293028037,-40.555225796383205],[-71.85885734875002,-40.5552661088451],[-71.85892764810418,-40.555297536259374],[-71.85899785696732,-40.555324443552884],[-71.85907403718505,-40.555342405347766],[-71.85915021738433,-40.55536036708529],[-71.85922639756514,-40.55536496267442],[-71.85929081594588,-40.55536945672045],[-71.8593494438989,-40.555365053957765],[-71.85940807184099,-40.555356220818794],[-71.85949601373359,-40.555351831711576],[-71.86028712775918,-40.555352816327634],[-71.86193982946001,-40.55535475715237],[-71.86329956749454,-40.55535191754144],[-71.86445265764407,-40.55607299541492],[-71.8656589419234,-40.5565705587212],[-71.86575837218388,-40.55666458962979],[-71.86586956394828,-40.55675406546345],[-71.86598075567326,-40.55683468043811],[-71.8660978281222,-40.556915270494386],[-71.86622069081524,-40.55698696032979],[-71.86633785364779,-40.55705412350764],[-71.86646659700325,-40.557116852497415],[-71.86659543077896,-40.55716615480947],[-71.86672426450176,-40.557215532039685],[-71.86685897892067,-40.55726037891221],[-71.86699378375472,-40.55729630452098],[-71.86713437880177,-40.557323254798305],[-71.86726909304443,-40.55735022968607],[-71.86740968796796,-40.557363813546395],[-71.86755037330128,-40.55737741184306],[-71.86769105857145,-40.55737756880449],[-71.86783165330567,-40.55737771091941],[-71.86797233844955,-40.55736442630779],[-71.86864672153537,-40.55718194262429],[-71.86883490437512,-40.5568424105994],[-71.86914603912037,-40.55660589067398],[-71.86930445625633,-40.55648981786351],[-71.86936896303975,-40.55646308180234],[-71.86942758910907,-40.55644523146768],[-71.86949209586712,-40.55643193672126],[-71.86955660261188,-40.556423072342085],[-71.86962689956826,-40.55642310424131],[-71.86969140628526,-40.55643218672862],[-71.86975582251674,-40.5564456098708],[-71.87026599498316,-40.55628978772265],[-71.87051814056451,-40.55620959743682],[-71.87087052882829,-40.555865748911806],[-71.87140422213417,-40.55564283381845],[-71.87179705022446,-40.55555835804044],[-71.8722602646583,-40.555464988409746],[-71.87285276196496,-40.55513930622138],[-71.87479454211245,-40.55413569193027],[-71.87644743869708,-40.55398992409324],[-71.87698085107709,-40.5539457996375],[-71.87810005513138,-40.55402303822298],[-71.8786275841623,-40.55398779129552],[-71.8789558079151,-40.55393894573116],[-71.8794603562693,-40.55363105312348],[-71.87964201880868,-40.553640218541695],[-71.88048555403603,-40.553860086083354],[-71.88106573197237,-40.55386067173853],[-71.88197503409685,-40.553343099997676],[-71.8836986388114,-40.552987234280806],[-71.88528119484076,-40.55284127606018],[-71.88650015466092,-40.552842540573266],[-71.88667032375042,-40.552735381501336],[-71.88672903704045,-40.55265947862376],[-71.88679363069343,-40.55258798043201],[-71.88685822433303,-40.552520988169526],[-71.8869344882348,-40.55245851004829],[-71.88700496221522,-40.552395997431944],[-71.88708701598236,-40.5523424153369],[-71.88716916019506,-40.55229335382389],[-71.88725130438611,-40.552248723188136],[-71.88731580746368,-40.5522040958443],[-71.88738040099503,-40.55216842017627],[-71.88745078440748,-40.552137134654],[-71.88751528744376,-40.55211488750797],[-71.88758558035869,-40.55209259948731],[-71.8876559637248,-40.55207926319124],[-71.88769115540188,-40.552065873357975],[-71.887726347075,-40.55205248350506],[-71.88776732863278,-40.55204806509894],[-71.88780252029729,-40.552048118542764],[-71.88783762149083,-40.55205258839954],[-71.88787869350094,-40.55206162789625],[-71.88791379468591,-40.55207946595763],[-71.88794310598168,-40.552101850982666],[-71.88797232680771,-40.55212872751985],[-71.8880531137831,-40.55290661817211],[-71.88808776261384,-40.553170339464295],[-71.88840964373442,-40.55348362271883],[-71.88862604029856,-40.553747567765555],[-71.88894185959617,-40.55413677061413],[-71.88932833296144,-40.5542891058893],[-71.88983150753701,-40.55484390286296],[-71.89009485514335,-40.55503634694071],[-71.89024077730406,-40.55539411221591],[-71.89041555812814,-40.55604686744298],[-71.89024502921967,-40.55641328054362],[-71.88986914156104,-40.55690909779242],[-71.88901242358912,-40.55751173260536],[-71.88765053570226,-40.558802290649815],[-71.88732756819168,-40.55919090270445],[-71.88711469894632,-40.56028139065238],[-71.8867149241397,-40.56103198043468],[-71.8866913121697,-40.56111241654959],[-71.88659731660857,-40.561246432103275],[-71.88650332101909,-40.56138044716648],[-71.88625643545222,-40.56180483165351],[-71.88605007913579,-40.56251982212943],[-71.88601470633832,-40.56265392060863],[-71.88553341877193,-40.5630423643173],[-71.88547479572435,-40.563051211816685],[-71.88540441186562,-40.56305117547231],[-71.88534587926151,-40.563042166626026],[-71.88527549537366,-40.56303311966077],[-71.88521696274533,-40.56301074512324],[-71.88391603379581,-40.5628216686409],[-71.8821170699073,-40.562609817595],[-71.88100348932632,-40.562528177679184],[-71.88037608637995,-40.562679499077426],[-71.87939015199271,-40.56339817053999],[-71.87802378907017,-40.56375880212699],[-71.87716721950271,-40.56418704613485],[-71.87716712903264,-40.56422277150259],[-71.87711429449995,-40.5642763982976],[-71.87706145995833,-40.56432994990964],[-71.87701450596606,-40.564388056268015],[-71.87696746149662,-40.56445500776913],[-71.87693217813988,-40.564522058804364],[-71.87690277533954,-40.5645890844807],[-71.87687916262713,-40.564665005100274],[-71.87686143047411,-40.56473654552769],[-71.8768846813072,-40.56483040483269],[-71.87691381269877,-40.564919883936255],[-71.87694882464714,-40.5650092625849],[-71.87698971715035,-40.56509426105638],[-71.8770306096482,-40.56517925941253],[-71.87708317278472,-40.56525976265164],[-71.87713582638249,-40.565340280409984],[-71.87719427005622,-40.56541189844571],[-71.87725868474278,-40.5654835057613],[-71.87701703912961,-40.566198406892866],[-71.8761889649691,-40.56703793351307],[-71.87569490591147,-40.56796718623918],[-71.87554074412665,-40.56890573587833],[-71.87550401307985,-40.569737130502766],[-71.87533311413785,-40.5702331507945],[-71.87471049475656,-40.570898458037455],[-71.87421760948493,-40.57115718496236],[-71.8729986017163,-40.57101281447982],[-71.87220733882506,-40.57093596308477],[-71.87110955550702,-40.571775119163554],[-71.8702706995312,-40.572100523310816],[-71.86975419401666,-40.57240389174818],[-71.86919426090695,-40.573958856615604],[-71.86833169597082,-40.574391489498886],[-71.86746840487682,-40.575177259637826],[-71.86703829647915,-40.57625401385582],[-71.86721146177376,-40.57760415195966],[-71.86725190318458,-40.57790817391396],[-71.86732645288572,-40.578766574400184],[-71.86746496690711,-40.57984848666566],[-71.86742959200609,-40.57996015914358],[-71.8668931777364,-40.581425764716215],[-71.86617536371539,-40.58271681227347],[-71.86552811734703,-40.58386927734964],[-71.86401910710192,-40.58494484802181],[-71.86279725494849,-40.586092207112145],[-71.86206830319723,-40.58698532148298],[-71.86179724164504,-40.58763318861696],[-71.86143127198847,-40.58882179557845],[-71.86013874879367,-40.59004500839026],[-71.85976870582428,-40.59037091988465],[-71.85908208948727,-40.59060250360434],[-71.8584003573267,-40.59135710651208],[-71.85733799219797,-40.59183859501692],[-71.85715586434597,-40.59197690475266],[-71.85599388073753,-40.59241357440139],[-71.85497312666354,-40.59262680576685],[-71.85437552889678,-40.59239361224635],[-71.85388984981502,-40.5919236956557],[-71.85288781767143,-40.59162289913032],[-71.85217431455436,-40.59076374969381],[-71.85130853615549,-40.58982836958662],[-71.85080638540288,-40.588893481909366],[-71.8493886873625,-40.58829268518692],[-71.84847024290742,-40.587379571760394],[-71.84792112928538,-40.586453547930624],[-71.84790439075988,-40.58607357069381],[-71.84763829332428,-40.58554647877084]]]}"
00000000000000000188,100.0,4.71316674060856E7,1.9416918173659828E7,7000,31272.759649860203,1004.5492385786804,0.41771969982918644,"37,786","37,786",-40.56638059797372,-71.80424276122108,100.0,100.0,100.0,100.0,100.0,100.0,100.0,100.0,0.0,127.79758282623395,0.0,0.0,0.0,0.0,0.0,0.0,0.0,0.0,11965.390888722288,3663.8012218034078,7.410399885351711,0.0,0.0,0.0,0.0,0.0,0.0,0.0,0.0,"{""type"":""Polygon"",""coordinates"":[[[-71.84064123453014,-40.59789225679668],[-71.76552089251433,-40.59971665691949],[-71.76292718861143,-40.536727837864554],[-71.84548344774161,-40.534722608471604],[-71.84763829332428,-40.58554647877084],[-71.84728569804233,-40.58484791680965],[-71.84685257622601,-40.58450765008239],[-71.84632001743869,-40.58409123164252],[-71.84626165849548,-40.58394360982401],[-71.84583034485482,-40.58285236635872],[-71.84545576110112,-40.582583638198024],[-71.84491559968755,-40.58290478308758],[-71.84486104061897,-40.58366011192529],[-71.8450227272508,-40.58473760392496],[-71.84475653690404,-40.58576091459333],[-71.8441633532568,-40.58619374089307],[-71.84303081817208,-40.58657211218577],[-71.84211543152806,-40.58689274618383],[-71.84153509112649,-40.58683382599535],[-71.84026809230956,-40.58703772457008],[-71.83892752729157,-40.58614633282868],[-71.83802561047784,-40.58570694949468],[-71.83029705153015,-40.581346456303],[-71.82629303822306,-40.578944554678166],[-71.82518079830528,-40.57830364185728],[-71.82445483615848,-40.57792260827957],[-71.82432607565418,-40.57785534056695],[-71.82420301567153,-40.57781496540244],[-71.82418546152306,-40.5778148949495],[-71.82398612233595,-40.57781460805166],[-71.8238217103929,-40.577903744374744],[-71.8238151954435,-40.57818540779035],[-71.82390224239546,-40.57849395448381],[-71.82404231374,-40.57874445543969],[-71.8245158231957,-40.57928162259195],[-71.82464440265267,-40.57942488576027],[-71.8257492246925,-40.58067812123483],[-71.8273342439903,-40.582173561218006],[-71.82929974016162,-40.58390641221556],[-71.82999537919727,-40.58473882699139],[-71.83050796863847,-40.58607165651181],[-71.83100408927953,-40.586975398444004],[-71.83143008464312,-40.587785061133445],[-71.83204953227391,-40.58859508816211],[-71.83381204688308,-40.589581048889244],[-71.83403445292687,-40.58974677477628],[-71.83484671321618,-40.59087880326801],[-71.83505572716743,-40.59174185664175],[-71.83518973127738,-40.59209516993481],[-71.83549257492786,-40.59292704537266],[-71.83549194155333,-40.59319527085631],[-71.83549167010712,-40.59328466929976],[-71.83549049384014,-40.59378533879886],[-71.83543647603629,-40.59427248548468],[-71.83592227401091,-40.594648673737844],[-71.83602759498577,-40.59473822985731],[-71.83646073165033,-40.595078565062686],[-71.83715753121054,-40.59551310966034],[-71.83834139023291,-40.59577853623155],[-71.83834727151475,-40.59578301606536],[-71.83910876086722,-40.5961371670289],[-71.83999185458639,-40.59714864468767],[-71.84027261634493,-40.59747086477756],[-71.84048895564128,-40.597717064895456],[-71.84064105356893,-40.597891627220356],[-71.84064123453014,-40.59789225679668]]]}"
00000000000000000189,100.00000000000003,4.89168090306308E7,2.267390039543322E7,7000,21188.88488382207,1117.3054474708172,0.0,"38,786","38,786",-40.56920379871044,-71.72292221759976,100.0,100.0,100.0,100.0,100.0,100.0,100.0,100.0,0.0,116.95860692282751,0.0,0.001087494547718005,0.0,1.2593401558216324E-4,7.110034051282406E-4,1.1150407629670702E-4,4.460167762638001E-4,0.0011570206188206574,10269.006776287675,10563.16204437639,7.699794079079238,0.0,0.0,0.0,0.0,0.0,0.0,0.0,0.0,"{""type"":""Polygon"",""coordinates"":[[[-71.76552089251433,-40.59971665691949],[-71.68287911258719,-40.60166722384384],[-71.68036278649222,-40.538674055339094],[-71.76292718861143,-40.536727837864554],[-71.76552089251433,-40.59971665691949]]]}"
0000000000000000018a,100.0,4.89206142856583E7,1.7117079987837557E7,7000,0,1299.408780487805,0.0,"39,786","39,786",-40.57112268141282,-71.64031517698771,100.0,100.0,100.0,100.0,100.0,100.0,100.0,100.0,0.0,108.10399440661479,0.0,0.0,0.0,0.0,0.0,0.0,0.0,0.0,15945.260058520915,7808.186414824713,7.135977904620337,0.0,0.0,0.0,0.0,0.0,0.0,0.0,0.0,"{""type"":""Polygon"",""coordinates"":[[[-71.68287911258719,-40.60166722384384],[-71.60022947826602,-40.60355871720115],[-71.59779040357975,-40.540561345288445],[-71.68036278649222,-40.538674055339094],[-71.68287911258719,-40.60166722384384]]]}"
0000000000000000018b,100.0,4.8924302572812E7,5063153.296211426,7000,7503.589316692139,1334.1998050682262,0.0,"40,786","40,786",-40.57298257957515,-71.55770030414746,100.0,100.0,100.0,100.0,100.0,100.0,100.0,100.0,0.0,98.2120325203252,0.0,0.0,0.0,0.0,0.0,0.0,0.0,0.0,12272.703901427356,0,6.744628985893435,0.0,0.0,0.0,0.0,0.0,0.0,0.0,0.0,"{""type"":""Polygon"",""coordinates"":[[[-71.60022947826602,-40.60355871720115],[-71.51757206220252,-40.60539113160695],[-71.51521029206218,-40.542389731927756],[-71.59779040357975,-40.540561345288445],[-71.60022947826602,-40.60355871720115]]]}"
0000000000000000018c,100.0,4.89278738569274E7,1.0939336378896017E7,7000,19081.843691821512,1207.8553398058248,0.0,"41,786","41,786",-40.574783489809874,-71.47507781889067,100.0,100.0,100.0,100.0,100.0,100.0,100.0,100.0,0.0,91.27387026239067,0.0,0.0,0.0,0.0,0.0,0.0,0.0,0.0,21.10235219255509,0,7.392676487469465,0.0,0.0,0.0,0.0,0.0,0.0,0.0,0.0,"{""type"":""Polygon"",""coordinates"":[[[-71.51757206220252,-40.60539113160695],[-71.43490711756655,-40.607164491424136],[-71.43262279423249,-40.54415917979542],[-71.51521029206218,-40.542389731927756],[-71.51757206220252,-40.60539113160695]]]}"
0000000000000000018d,100.0,4.89313281039486E7,2007143.6349737728,7000,0,1464.9688109161796,0.0,"42,786","42,786",-40.57652533838951,-71.39244798148643,100.0,100.0,100.0,100.0,100.0,100.0,100.0,100.0,0.0,78.52313008130082,0.0,0.0,0.0,0.0,0.0,0.0,0.0,0.0,0,0,6.318405787026009,0.0,0.0,0.0,0.0,0.0,0.0,0.0,0.0,"{""type"":""Polygon"",""coordinates"":[[[-71.43490711756655,-40.607164491424136],[-71.35223498765383,-40.60887868664215],[-71.35002798014794,-40.54586960879048],[-71.43262279423249,-40.54415917979542],[-71.43490711756655,-40.607164491424136]]]}"
0000000000000000018e,100.0,4.89346652809113E7,60444.955235290545,7000,0,1642.73756097561,0.0,"43,786","43,786",-40.578208127319286,-71.30981105215285,100.0,100.0,100.0,100.0,100.0,100.0,100.0,100.0,0.0,73.34786184210526,0.0,0.0,0.0,0.0,0.0,0.0,0.0,0.0,2927.390381166413,0,5.808244943525822,0.0,0.0,0.0,0.0,0.0,0.0,0.0,0.0,"{""type"":""Polygon"",""coordinates"":[[[-71.35223498765383,-40.60887868664215],[-71.26955592472609,-40.61053381741981],[-71.26742628174335,-40.54752099931439],[-71.35002798014794,-40.54586960879048],[-71.35223498765383,-40.60887868664215]]]}"
0000000000000000018f,100.0,4.89378853560048E7,2494344.5092077213,7000,0,1400.8069835111546,0.0,"44,786","44,786",-40.579831859781905,-71.22716734358018,100.0,100.0,100.0,100.0,100.0,100.0,100.0,100.0,0.0,68.5553839631783,0.0,0.0,0.0,0.0,0.0,0.0,0.0,0.0,9096.941993870156,0,6.332626832548037,0.0,0.0,0.0,0.0,0.0,0.0,0.0,0.0,"{""type"":""Polygon"",""coordinates"":[[[-71.26955592472609,-40.61053381741981],[-71.18687008990918,-40.612129744338134],[-71.18481794932885,-40.5491134520557],[-71.26742628174335,-40.54752099931439],[-71.26955592472609,-40.61053381741981]]]}"
00000000000000000190,67.93547147737009,3.34166516808588E7,4321214.459679537,7000,0,1332.7181688125895,0.0,"45,786","45,786",-40.57934065952939,-71.15671266579362,100.0,100.0,100.0,100.0,100.0,100.0,100.0,100.0,32.06452852262989,67.174375,0.0,0.0,0.0,0.0,0.0,0.0,0.0,0.0,2748.726677954845,10176.135188153761,7.160170496259417,0.0,0.0,0.0,0.0,0.0,0.0,0.0,0.0,"{""type"":""Polygon"",""coordinates"":[[[-71.13587524087987,-40.55002904403424],[-71.18481794932885,-40.5491134520557],[-71.18687008990918,-40.612129744338134],[-71.14180882605923,-40.61297450988483],[-71.14376726688295,-40.60891733741305],[-71.14304987414003,-40.60492927052917],[-71.14295567828242,-40.60036027200962],[-71.14238941474464,-40.59648951009687],[-71.12184717558796,-40.58664420155155],[-71.11901234542123,-40.581057400801754],[-71.11465230540196,-40.57246401682323],[-71.13587524087987,-40.55002904403424]]]}"
00000000000000000192,100.0,4.86251862668979E7,2.7647048186279345E7,7000,824.1628401991813,1091.7354965585055,0.0,"37,787","37,787",-40.50426960786209,-71.80265643820896,100.0,100.0,100.0,100.0,100.0,100.0,100.0,100.0,0.0,125.67345390419948,0.0,0.0,0.0,0.0,0.0,0.0,0.0,0.0,31339.10974718991,0,7.221605466482208,0.0,0.0,0.0,0.0,0.0,0.0,0.0,0.0,"{""type"":""Polygon"",""coordinates"":[[[-71.8450999966024,-40.525657755145396],[-71.84548344774161,-40.534722608471604],[-71.76292718861143,-40.536727837864554],[-71.7603416997021,-40.47373809629005],[-71.84282099517561,-40.47173735119938],[-71.84326669922665,-40.482290038945756],[-71.84316255690322,-40.48236925298576],[-71.84300421707546,-40.48250314082611],[-71.84285166788625,-40.482641499098385],[-71.84269911862333,-40.48278436734298],[-71.84255824121364,-40.48293168111295],[-71.84241745422116,-40.483083519476615],[-71.8422823674142,-40.48323973840255],[-71.84215325224062,-40.48340053219848],[-71.84201246506754,-40.48350756270723],[-71.8418775590478,-40.48361915367924],[-71.84174844370868,-40.48373965071594],[-71.84161941879707,-40.48386467246744],[-71.84150197531837,-40.48399412536233],[-71.84139041302119,-40.48412806351187],[-71.8412788506846,-40.4842665116778],[-71.84117905076695,-40.48440942030654],[-71.84107916033732,-40.48455682426134],[-71.84099103234144,-40.48470417815547],[-71.84090281384046,-40.484860537869984],[-71.84082635778634,-40.485016922717186],[-71.84074981123315,-40.48517772765501],[-71.84068502713816,-40.485342993058815],[-71.84062612426933,-40.48550387307155],[-71.8405730121493,-40.485673658903174],[-71.84053166250283,-40.48584346995289],[-71.84049610361214,-40.48601324111016],[-71.84046054471746,-40.48618752212368],[-71.84043674830478,-40.486361828400035],[-71.84041874265293,-40.486536169979885],[-71.84040661824356,-40.48671499671959],[-71.84040625632089,-40.4868893384163],[-71.84041168516096,-40.48706815062405],[-71.84042299524415,-40.48724250250121],[-71.84044009608918,-40.48741237944058],[-71.84046895941809,-40.4875867169154],[-71.84049782274435,-40.48776112907535],[-71.84053844855022,-40.48793549146637],[-71.84058486511043,-40.48810545416716],[-71.84064295366156,-40.48827091740428],[-71.84070113268257,-40.48843639486743],[-71.84068330800697,-40.48856152313904],[-71.84068303656521,-40.48868220269672],[-71.84068267464286,-40.488807377557606],[-71.84068828443935,-40.48892810715387],[-71.84069968499323,-40.48905323224253],[-71.84071705726501,-40.48915609689486],[-71.84072284802205,-40.489178458163444],[-71.84074592056861,-40.48930366917949],[-71.84078075558668,-40.489428830698195],[-71.8408214718367,-40.48954960753519],[-71.84086218808146,-40.48967481911617],[-71.84092045754264,-40.48979114716405],[-71.84097284576019,-40.48990742445339],[-71.84104287766438,-40.49001926786733],[-71.84111281907258,-40.490126661477305],[-71.84118873217469,-40.49022960998163],[-71.84127043600554,-40.490332519012576],[-71.84135802104106,-40.49042653336895],[-71.84144569653267,-40.490516052121905],[-71.84154504396432,-40.49060107185428],[-71.84165018210477,-40.49068169237389],[-71.84174952947208,-40.49075784196458],[-71.84186063924113,-40.49082507228166],[-71.84197174897108,-40.49088779237826],[-71.84208873987411,-40.49094605275811],[-71.84221152146355,-40.49099540386168],[-71.84232851227775,-40.4910402089187],[-71.84245726545933,-40.49108067989138],[-71.8425801373855,-40.49111208011115],[-71.84270309974383,-40.49113462505048],[-71.84283764349091,-40.491152656210375],[-71.84296648694477,-40.49116630632514],[-71.84309523986616,-40.4911709214926],[-71.84322408321488,-40.49116660617621],[-71.84334704532237,-40.491157880525094],[-71.84347588856829,-40.49113567489934],[-71.84360482224137,-40.49111348372026],[-71.84364001886298,-40.49112549768129],[-71.844855521376,-40.519878753124],[-71.84476793731098,-40.519916258799235],[-71.84467420061942,-40.51994292564253],[-71.84458625458618,-40.51997406140113],[-71.84449830852842,-40.52000970492688],[-71.84441615313546,-40.520054325249696],[-71.84433408820063,-40.52010339283926],[-71.84425781393666,-40.52016143720137],[-71.84418733034776,-40.52022387532472],[-71.84411693722271,-40.52028640308257],[-71.84405233477794,-40.52035783245309],[-71.843993523017,-40.52043373070004],[-71.84394068290243,-40.52051412712832],[-71.84389363347792,-40.52059899242285],[-71.84385825592524,-40.5206838697474],[-71.84382287836858,-40.52077317960091],[-71.8437933819884,-40.52086254028543],[-71.84376976678634,-40.520956459613565],[-71.84375782346508,-40.521050315872884],[-71.84361703700768,-40.52113502355972],[-71.84347625048744,-40.52122423860353],[-71.84334134509328,-40.52131342912054],[-71.84304837127542,-40.5213353944551],[-71.84290767498149,-40.52139329383056],[-71.8427610069453,-40.52148696372341],[-71.84269034206207,-40.521643355601704],[-71.84269007062204,-40.52177298389454],[-71.84271323350485,-40.5218803381787],[-71.8429119275392,-40.52208171163531],[-71.84291753729609,-40.52219350964199],[-71.8429348189659,-40.52230975238544],[-71.84295210063476,-40.522412547010376],[-71.84295210063476,-40.522425994911345],[-71.84297526349836,-40.522537780640256],[-71.8430101887504,-40.52264959321926],[-71.84303280873024,-40.52298486970943],[-71.84314337516832,-40.52332026580307],[-71.84310103057959,-40.52389240668414],[-71.84305977174408,-40.523972794760326],[-71.84304719503656,-40.52434383209288],[-71.84298856404816,-40.52437497800997],[-71.84293572376534,-40.52441066785762],[-71.84288876467096,-40.524450841167614],[-71.84284180556959,-40.52449552192911],[-71.84280072766016,-40.52454911853048],[-71.84276544046497,-40.52460267641136],[-71.84273603446597,-40.52466522524099],[-71.84271241918479,-40.524723302978636],[-71.84269468510273,-40.52479037165242],[-71.84269459462271,-40.524852935962585],[-71.84268853246179,-40.52491994187712],[-71.84269423270267,-40.52498705002401],[-71.84271169534472,-40.52504960268902],[-71.84270563318411,-40.52510774369695],[-71.84271142390469,-40.52516141903066],[-71.84272300534553,-40.52521948803006],[-71.84274046798599,-40.52527317580412],[-71.8427696025446,-40.52532687606888],[-71.84279294638156,-40.52537160001443],[-71.84282796213375,-40.52541633646038],[-71.8428688590797,-40.52545661658251],[-71.84292151841383,-40.525492491534735],[-71.84296250582761,-40.52551933905166],[-71.8430151651461,-40.52554619906119],[-71.84307370564966,-40.52555973811755],[-71.8431263649496,-40.525573225999686],[-71.84318490543252,-40.52557324267573],[-71.84324353638445,-40.525568916778674],[-71.8432962861359,-40.52556003227143],[-71.84335491706713,-40.5255421839678],[-71.84340766679996,-40.52551992729424],[-71.84345462581715,-40.52549320178589],[-71.84350158482734,-40.525457461327086],[-71.84436249877584,-40.5255346263671],[-71.8450999966024,-40.525657755145396]]]}"
00000000000000000193,99.99999999999999,4.89175214423349E7,4182744.1136971544,7000,214.3232522876707,1324.9853658536585,0.0,"38,787","38,787",-40.506212348303876,-71.72037123187495,100.0,100.0,100.0,100.0,100.0,100.0,100.0,100.0,0.0,107.37891006842621,0.0,0.0,0.0,0.0,0.0,0.0,0.0,0.0,8283.752674856833,0,6.268421682840685,0.0,0.0,0.0,0.0,0.0,0.0,0.0,0.0,"{""type"":""Polygon"",""coordinates"":[[[-71.76292718861143,-40.536727837864554],[-71.68036278649222,-40.538674055339094],[-71.6778543170711,-40.4756800796199],[-71.7603416997021,-40.47373809629005],[-71.76292718861143,-40.536727837864554]]]}"
00000000000000000194,99.99999999999996,4.89213268643134E7,1.862580901010059E7,7000,0,1287.5451895043734,0.0,"39,787","39,787",-40.508127012464264,-71.63784136782988,100.0,100.0,100.0,100.0,100.0,100.0,100.0,100.0,0.0,104.21462989957887,0.0,0.0036696883321631173,0.0,0.002038713255098239,0.006523951919639744,0.0,0.0020387169825868113,0.0,23631.138982136064,15914.574506520577,6.508083825811121,0.0,0.0,0.0,0.0,0.0,0.0,0.0,0.0,"{""type"":""Polygon"",""coordinates"":[[[-71.68036278649222,-40.538674055339094],[-71.59779040357975,-40.540561345288445],[-71.59535900801652,-40.477563235492724],[-71.6778543170711,-40.4756800796199],[-71.68036278649222,-40.538674055339094]]]}"
00000000000000000195,100.0,4.89250153133054E7,1.2534439506408049E7,7000,19341.571006826205,1319.8868292682928,0.0,"40,787","40,787",-40.50998279281455,-71.55530366774198,100.0,100.0,100.0,100.0,100.0,100.0,100.0,100.0,0.0,96.93604674796748,0.0,0.0,0.0,0.0,0.0,0.0,0.0,0.0,10541.86949458327,5976.7860147391175,6.44517523900474,0.0,0.0,0.0,0.0,0.0,0.0,0.0,0.0,"{""type"":""Polygon"",""coordinates"":[[[-71.59779040357975,-40.540561345288445],[-71.51521029206218,-40.542389731927756],[-71.51285602326533,-40.479387513241996],[-71.59535900801652,-40.477563235492724],[-71.59779040357975,-40.540561345288445]]]}"
00000000000000000196,100.0,4.89285867541426E7,9854750.228419637,7000,16786.54403223172,1410.093113482056,0.0,"41,787","41,787",-40.51177970104813,-71.47275841142554,100.0,100.0,100.0,100.0,100.0,100.0,100.0,100.0,0.0,88.37048644920482,0.0,0.0,0.0,0.0,0.0,0.0,0.0,0.0,4517.850998797117,0,6.051842909592848,0.0,0.0,0.0,0.0,0.0,0.0,0.0,0.0,"{""type"":""Polygon"",""coordinates"":[[[-71.51521029206218,-40.542389731927756],[-71.43262279423249,-40.54415917979542],[-71.43034552246756,-40.48115307274906],[-71.51285602326533,-40.479387513241996],[-71.51521029206218,-40.542389731927756]]]}"
00000000000000000197,100.0,4.89320411527484E7,1.2178279723130362E7,7000,489.20105164641404,1397.449756097561,0.0,"42,787","42,787",-40.513517723141675,-71.39020581279148,100.0,100.0,100.0,100.0,100.0,100.0,100.0,100.0,0.0,82.75458211143693,0.0,0.0,0.0,0.0,0.0,0.0,0.0,0.0,9843.192157558477,8096.285224397595,6.149865978833868,0.0,0.0,0.0,0.0,0.0,0.0,0.0,0.0,"{""type"":""Polygon"",""coordinates"":[[[-71.43262279423249,-40.54415917979542],[-71.35002798014794,-40.54586960879048],[-71.34782793654136,-40.48285966872992],[-71.43034552246756,-40.48115307274906],[-71.43262279423249,-40.54415917979542]]]}"
00000000000000000198,99.99999999999999,4.89353784761905E7,1.2429145987382766E7,7000,13789.824895477732,1369.4878048780488,0.0,"43,787","43,787",-40.51519677114763,-71.30764617957875,100.0,100.0,100.0,100.0,100.0,100.0,100.0,100.0,0.0,75.89449055989583,0.0,0.0,0.0,0.0,0.0,0.0,0.0,0.0,10788.309266359242,8145.217132502045,6.204310027509928,0.0,0.0,0.0,0.0,0.0,0.0,0.0,0.0,"{""type"":""Polygon"",""coordinates"":[[[-71.35002798014794,-40.54586960879048],[-71.26742628174335,-40.54752099931439],[-71.26530342418984,-40.48450746173948],[-71.34782793654136,-40.48285966872992],[-71.35002798014794,-40.54586960879048]]]}"
00000000000000000199,85.69105410703943,4.79885700918345E7,2.4176996389683478E7,7000,0,1140.136811023622,0.0,"44,787","44,787",-40.51737958263767,-71.22573535175782,100.0,100.0,100.0,100.0,100.0,100.0,100.0,100.0,14.308945892960578,70.00621921182265,0.0,0.0,0.0,0.0,0.0,0.0,0.0,0.0,14196.311642099536,20719.161434577556,7.608275815089934,0.0,0.0,0.0,0.0,0.0,0.0,0.0,0.0,"{""type"":""Polygon"",""coordinates"":[[[-71.20703820115115,-40.48563532830153],[-71.26530342418984,-40.48450746173948],[-71.26742628174335,-40.54752099931439],[-71.18481794932885,-40.5491134520557],[-71.18300566038533,-40.49329466113571],[-71.20584748228849,-40.48714981141381],[-71.20703820115115,-40.48563532830153]]]}"
0000000000000000019a,64.16303485531976,6170718.38628413,3888981.8078629095,7000,0,1129.3923076923077,0.0,"45,787","45,787",-40.53324105138806,-71.17080972952347,100.0,100.0,100.0,100.0,100.0,100.0,100.0,100.0,35.83696514468031,67.81976744186048,0.0,0.0,0.0,0.0,0.0,0.0,0.0,0.0,1597.1044489170147,5014.482269628609,7.596390415162079,0.0,0.0,0.0,0.0,0.0,0.0,0.0,0.0,"{""type"":""Polygon"",""coordinates"":[[[-71.18300566038533,-40.49329466113571],[-71.18481794932885,-40.5491134520557],[-71.13587524087987,-40.55002904403424],[-71.14175506444691,-40.543810040349605],[-71.17909876766603,-40.538453618952374],[-71.17653077446428,-40.495035510299495],[-71.18300566038533,-40.49329466113571]]]}"
0000000000000000019b,100.0,3.99310232724445E7,9105190.895015404,7000,2398.854793710148,1339.584123222749,0.0,"37,788","37,788",-40.4448786696492,-71.79617997047923,100.0,100.0,100.0,100.0,100.0,100.0,100.0,100.0,0.0,120.0115164096481,0.0,0.0,0.0,0.0,0.0,0.0,0.0,0.0,10675.583772671409,0,6.337488315623002,0.0,0.0,0.0,0.0,0.0,0.0,0.0,0.0,"{""type"":""Polygon"",""coordinates"":[[[-71.84274499198595,-40.469935664344725],[-71.84282099517561,-40.47173735119938],[-71.7603416997021,-40.47373809629005],[-71.75811440498958,-40.419310078968],[-71.75840881422704,-40.41901926546205],[-71.75848058379154,-40.418563422834545],[-71.75860973276598,-40.418429596743294],[-71.75873146037868,-40.41710663236851],[-71.7588557220506,-40.41670460746052],[-71.75895609069323,-40.41642321384657],[-71.75918461250917,-40.41630742824022],[-71.75961685768891,-40.416478190705],[-71.76065058743326,-40.416896070463935],[-71.76136981594152,-40.416915477969866],[-71.76211266409207,-40.416916977872084],[-71.76266283037846,-40.4167839787912],[-71.76369772691774,-40.41687555345858],[-71.76481271449606,-40.417467849386036],[-71.76573040430776,-40.4176395850534],[-71.76652998694424,-40.418132942802444],[-71.76767401565836,-40.41880132934639],[-71.76867731129504,-40.41958111877361],[-71.76939987046376,-40.42038273750087],[-71.77045067350127,-40.42095256291445],[-71.77103983122966,-40.4214275387294],[-71.77163152188648,-40.422872630779636],[-71.7719935223648,-40.4230655485025],[-71.77216320994907,-40.42306589873996],[-71.77258430627236,-40.42306671685142],[-71.7728828653138,-40.42299126293773],[-71.7737028831313,-40.42266208745554],[-71.7746220861436,-40.4223956694368],[-71.77526698372795,-40.421923122742704],[-71.77608744797145,-40.42146427809207],[-71.77673189012764,-40.42112127166682],[-71.77770456909099,-40.42059120995128],[-71.7783857503104,-40.419769982556765],[-71.77914846884852,-40.41904730852547],[-71.7797002350358,-40.41845828068905],[-71.78010657036322,-40.417600768602696],[-71.78008466989763,-40.41712685901101],[-71.78020385547121,-40.41646555936144],[-71.7801867513939,-40.416331401815214],[-71.78018132152789,-40.41619725967681],[-71.78017589166178,-40.416063192486256],[-71.78018222650556,-40.41592456538272],[-71.78019435320614,-40.415790490828726],[-71.78021227176289,-40.41566089359863],[-71.78023616317034,-40.41552684878524],[-71.78027163828722,-40.41539724414227],[-71.78030711340017,-40.41526771441635],[-71.7803484708611,-40.41513816190509],[-71.78039571066775,-40.41501310142459],[-71.78045462466974,-40.414888056221706],[-71.78051933051202,-40.41477192794459],[-71.78058403634131,-40.41465135972601],[-71.78066041635239,-40.414539761226244],[-71.78074267869,-40.414432579530505],[-71.78082485050899,-40.414325458049696],[-71.78091878698999,-40.414222806117415],[-71.78100684110382,-40.41412913093442],[-71.78110656937216,-40.41403547095162],[-71.78135380846662,-40.41351292753842],[-71.78162403370158,-40.41314686989982],[-71.781835887955,-40.41274491257826],[-71.78215416680798,-40.41196773034696],[-71.78250140442373,-40.4113023239734],[-71.7828832115228,-40.41078445084741],[-71.78326375121162,-40.41063322654122],[-71.78367922220978,-40.41055796133582],[-71.78450391833222,-40.41052373129047],[-71.78507133120196,-40.41048013874315],[-71.78568028083629,-40.41025327148481],[-71.78593176973007,-40.410071815973],[-71.80946026598119,-40.4095020485496],[-71.80949519492344,-40.40963340154226],[-71.8099610344403,-40.41033596217454],[-71.81031647641095,-40.41080145061196],[-71.81073634625257,-40.41120445732571],[-71.81134995245498,-40.41137531992819],[-71.81184646497044,-40.41157279714638],[-71.8125066706814,-40.411801860334876],[-71.81320144160608,-40.4122455963501],[-71.8138090708349,-40.41246108262533],[-71.81440403057196,-40.41302085417758],[-71.81478932861909,-40.413271778551525],[-71.81541369506073,-40.413759996418214],[-71.8159736330827,-40.41431520267981],[-71.81666242426878,-40.414799103799325],[-71.81728705849658,-40.41522924906193],[-71.81754295638896,-40.41575712089652],[-71.81808515520338,-40.41639725249804],[-71.81910105159436,-40.417051481469606],[-71.8196383614753,-40.41733394592954],[-71.82046187894876,-40.41779118585376],[-71.82108632473893,-40.41830178966226],[-71.82186251430278,-40.4189153973686],[-71.82260413641346,-40.419385905923086],[-71.82290735403237,-40.41973952461234],[-71.82320468979886,-40.42009760593141],[-71.82409153776369,-40.42092590576909],[-71.8245930975554,-40.421489928366725],[-71.82495467615944,-40.42189279886181],[-71.82531589241155,-40.422461082818266],[-71.82544981015606,-40.422689270803595],[-71.82549007595331,-40.42295751443134],[-71.8254250172806,-40.423216664964414],[-71.82537226455008,-40.42327915124523],[-71.82531363028701,-40.42333270787473],[-71.8252549960131,-40.42337738502539],[-71.82501439630964,-40.423672046490836],[-71.82477388690891,-40.42396220514315],[-71.82452740530233,-40.42424793200731],[-71.8242810139896,-40.424529156170266],[-71.82402883142333,-40.42480597793996],[-71.82376488555185,-40.42508269666395],[-71.82251980367897,-40.426976165468346],[-71.82001587134347,-40.43150506762637],[-71.8199333476522,-40.43172846018503],[-71.819860505999,-40.43273414598111],[-71.81988946168921,-40.43283250840994],[-71.82027982033055,-40.433450048704245],[-71.82116531917035,-40.43485504585164],[-71.82196440148404,-40.43575029901595],[-71.82320360397186,-40.43615008060072],[-71.82430879296832,-40.43635742533951],[-71.82571827886954,-40.43649362795958],[-71.82732582894043,-40.43702355010983],[-71.82751847018706,-40.437175815904794],[-71.82771111131667,-40.43732808112741],[-71.82789796133761,-40.43748926273642],[-71.82807892977593,-40.437654982607754],[-71.8282598076268,-40.437825050645856],[-71.82843489439266,-40.43800418545554],[-71.82860409959903,-40.43818319414298],[-71.82876154179552,-40.438366690797224],[-71.82892495585466,-40.43855469034181],[-71.82907651643777,-40.438751601756756],[-71.82922228598096,-40.43894855215303],[-71.82936217400841,-40.43915432879787],[-71.82949627101168,-40.43936021963012],[-71.82962439603062,-40.43957048342429],[-71.82972329475629,-40.439780750432284],[-71.82976410291315,-40.43987018999584],[-71.82981640249452,-40.44000437196672],[-71.82990941972172,-40.44022353955581],[-71.82999076453129,-40.44044720957086],[-71.83006622788434,-40.44067526706186],[-71.83013001883424,-40.440903313203926],[-71.83019969120457,-40.441131408745164],[-71.8302518097469,-40.44135951794592],[-71.83030383779709,-40.44159648847546],[-71.83035007489191,-40.44182898417385],[-71.83038454912065,-40.4420659673989],[-71.83041911382917,-40.44230296438424],[-71.83044191567669,-40.44253986001559],[-71.8305814412318,-40.442879844401546],[-71.83068613059953,-40.443148210136066],[-71.830836966473,-40.44364461086462],[-71.8309361362703,-40.44376095305082],[-71.83133824414482,-40.44440976760204],[-71.83174116585718,-40.44470982097339],[-71.83219692914345,-40.44498315320343],[-71.8340393389814,-40.445227240635106],[-71.83477061762649,-40.44528191066121],[-71.83568267771062,-40.445582728285025],[-71.836470232239,-40.446549405817066],[-71.83670883264365,-40.447095125423594],[-71.83712251482986,-40.44779752532039],[-71.83782347507649,-40.44829468194929],[-71.83869879100777,-40.449301703152344],[-71.83881533071735,-40.449520886765704],[-71.83892010784193,-40.44974899622403],[-71.83919453688178,-40.44998186373246],[-71.83946905616425,-40.45020128048176],[-71.83975524723874,-40.45042521891445],[-71.840041438054,-40.45064012989022],[-71.84032762861,-40.450850601789],[-71.84062558138571,-40.45105665896004],[-71.84092362436087,-40.45124934079224],[-71.84122157657434,-40.45144193160092],[-71.84129160842338,-40.451531422991586],[-71.8413615497765,-40.45162089958907],[-71.84137322174723,-40.451638810946434],[-71.8414199096259,-40.451714894148864],[-71.8414722977606,-40.451813337220166],[-71.84152477636697,-40.45191171957035],[-71.84157128326255,-40.45201462562786],[-71.8416062086699,-40.452121974383324],[-71.84163516237255,-40.45222925857998],[-71.84165832533277,-40.45233658273575],[-71.84167560707151,-40.45244836997242],[-71.84168709807004,-40.45255568416181],[-71.8416927078487,-40.452667386191195],[-71.84168655518823,-40.452779138975814],[-71.84168040252764,-40.45289089154427],[-71.84166845912733,-40.45300260880659],[-71.84164484376629,-40.45310987849904],[-71.84161525670227,-40.4532171587882],[-71.8415035134844,-40.453480745853604],[-71.84139167974661,-40.45374431674773],[-71.84128572719635,-40.454007935908066],[-71.841191446588,-40.454276000933284],[-71.84110304718206,-40.454548551885],[-71.84102052898346,-40.454816638343246],[-71.8409496827497,-40.455089245928114],[-71.8408787460195,-40.455366274956894],[-71.84081957174516,-40.45564783971421],[-71.84083667256868,-40.45582668057725],[-71.84085386387186,-40.45600546036005],[-71.84085929270422,-40.456184290331784],[-71.84086472153653,-40.456363119770494],[-71.84085259714428,-40.45654640161246],[-71.84084047275158,-40.4567207327754],[-71.84082246712273,-40.45689945096289],[-71.84079867073734,-40.45707828377829],[-71.8407631118767,-40.45725257884605],[-71.8407217622551,-40.45743127549074],[-71.8406745313897,-40.457601122090004],[-71.8406214192778,-40.45777535557528],[-71.8405625163971,-40.45794511584578],[-71.84049194150253,-40.45811042821057],[-71.84043312907835,-40.458231090580014],[-71.84036843539911,-40.458351702682904],[-71.84029795094189,-40.458467766641846],[-71.84022158522208,-40.4585794182304],[-71.84013942871617,-40.458686596900584],[-71.8400513909389,-40.45878928800551],[-71.83995747188531,-40.45888749154973],[-71.83986364328463,-40.45898127216673],[-71.83976393340072,-40.45907056524409],[-71.83965843270889,-40.45915982267655],[-71.8395528415009,-40.459240115462066],[-71.8394356686967,-40.45931597522776],[-71.8393242866317,-40.45938284520101],[-71.83920711374272,-40.45944975474608],[-71.83908405954227,-40.45950766435987],[-71.83896100529391,-40.459561136505194],[-71.83874973189543,-40.45980668704501],[-71.83855022091197,-40.460052260670935],[-71.83835061932129,-40.460302330183026],[-71.83816857097911,-40.46055689545033],[-71.8379806412435,-40.460815921095765],[-71.83779859268826,-40.46107491982284],[-71.83762821613723,-40.46134287648492],[-71.83759292836424,-40.461432218737784],[-71.83754587799416,-40.461512586413505],[-71.83749891809858,-40.46159304378862],[-71.83744598641599,-40.46167343616461],[-71.83738735438801,-40.46174485827127],[-71.83731695974745,-40.461816255040446],[-71.83725244639345,-40.46187875263598],[-71.83717617041935,-40.46193678789273],[-71.83709998490845,-40.46199032546469],[-71.83701791807275,-40.46203937569763],[-71.83693585121573,-40.46207947663143],[-71.83684799350948,-40.46211510489591],[-71.83675425446745,-40.46214624582845],[-71.83666648719249,-40.46216850239353],[-71.83657274809666,-40.462181744818935],[-71.83647909945483,-40.462195076998256],[-71.83638545078527,-40.462194947788035],[-71.83629180208798,-40.462190306323116],[-71.83622158816728,-40.462212548139654],[-71.8361570745898,-40.46223932300117],[-71.83609265148108,-40.462274986350124],[-71.83603401920217,-40.46231512218978],[-71.83597538691241,-40.46235977009216],[-71.8359226359387,-40.46240882993319],[-71.8358814666478,-40.462462397897376],[-71.83584038783353,-40.462524929492254],[-71.83580509986106,-40.46258749663173],[-71.8357756932143,-40.46265447569753],[-71.83575795874296,-40.46270807949094],[-71.83575207741295,-40.462721490317314],[-71.83573434294028,-40.46279299206192],[-71.83572837112781,-40.46286451913659],[-71.8357281901638,-40.4629360817805],[-71.83573389053025,-40.46300761945407],[-71.83574538174481,-40.46307468061978],[-71.83576275428888,-40.46314615371002],[-71.83579188949085,-40.463213290483004],[-71.83582093420816,-40.46328033732649],[-71.83586183206104,-40.46333855045814],[-71.83590263942665,-40.46339674887476],[-71.8359552094398,-40.463450460599404],[-71.83600768896228,-40.463499645552204],[-71.83606614028223,-40.463540021711346],[-71.83613047291449,-40.46357586087438],[-71.83619471505176,-40.46360724848035],[-71.83626492897842,-40.4636296768927],[-71.8363351428895,-40.463647668405294],[-71.83640535678498,-40.4636567109672],[-71.83647557066489,-40.46366124142748],[-71.83654578452919,-40.463656898131674],[-71.83664504301954,-40.463764345607224],[-71.83675009230858,-40.46386731643477],[-71.83686690418158,-40.463965800342244],[-71.83697792518588,-40.46405537475955],[-71.83709482745634,-40.46413597518625],[-71.83721752050486,-40.464216611020035],[-71.83734609480625,-40.4642883480622],[-71.83747466905535,-40.464360009708315],[-71.83760333373361,-40.46441830017648],[-71.83774357998293,-40.464472149587905],[-71.83787812584232,-40.464521541082796],[-71.83801846245109,-40.46456194392603],[-71.83815888947885,-40.46459792442016],[-71.83830510724557,-40.464624916237],[-71.83845141542591,-40.464643048878436],[-71.83859184226131,-40.46465661912155],[-71.83868539979615,-40.46468357878243],[-71.83877316651062,-40.46471501485857],[-71.83885496144731,-40.46475533486011],[-71.83893675636284,-40.46480016679326],[-71.83901864173825,-40.464849450106435],[-71.83908876455669,-40.464903220244395],[-71.83915879687855,-40.464965849249204],[-71.83922891966589,-40.46503300481531],[-71.83926393581322,-40.46507778001298],[-71.8392872799093,-40.465104647199226],[-71.83934554966095,-40.465180711620576],[-71.83939223783929,-40.4652567801786],[-71.8394388355298,-40.46534170753508],[-71.83947964243372,-40.465426749695396],[-71.83950868681222,-40.46551620343634],[-71.83953773118806,-40.46560565705205],[-71.83955510352374,-40.4656950249291],[-71.8395665041185,-40.465788915030366],[-71.83957220441572,-40.465882859359674],[-71.839571932973,-40.465976663551736],[-71.83955998949297,-40.466066095643],[-71.83955989901206,-40.46610631226111],[-71.83954813649339,-40.46615997895835],[-71.83953031175274,-40.46625379731393],[-71.83950669623185,-40.46633870660989],[-71.83947140866862,-40.46642360530806],[-71.83943023983984,-40.46650845369091],[-71.84066077833944,-40.46836524038479],[-71.84121008555887,-40.46875047165741],[-71.84182915211186,-40.46934137551427],[-71.84227865772881,-40.469820295486755],[-71.84274499198595,-40.469935664344725]]]}"
0000000000000000019c,100.0,3.92500568248278E7,5762828.152740987,7000,0,1375.8046971569838,0.0,"38,788","38,788",-40.44842036260682,-71.71379705579325,100.0,100.0,100.0,100.0,100.0,100.0,100.0,100.0,0.0,108.00642318031429,0.0,0.0,0.0,0.0,0.0,0.0,0.0,0.0,14761.722180493505,0,6.0759435213529125,0.0,0.0,0.0,0.0,0.0,0.0,0.0,0.0,"{""type"":""Polygon"",""coordinates"":[[[-71.75811440498958,-40.419310078968],[-71.7603416997021,-40.47373809629005],[-71.6778543170711,-40.4756800796199],[-71.67535370451695,-40.41268523477375],[-71.70006813948714,-40.41211033848066],[-71.70042379254363,-40.412450879029464],[-71.7009957875806,-40.41271163277137],[-71.70152731934695,-40.41285609570639],[-71.70229872683218,-40.412996678726415],[-71.70399351775653,-40.4132647164495],[-71.70427394538729,-40.41333252550089],[-71.70456586866773,-40.413453967010106],[-71.70477587223179,-40.41357068973414],[-71.70507358826168,-40.41369217236405],[-71.70531862220153,-40.41382687286079],[-71.70595560096892,-40.41394030078021],[-71.70619511263197,-40.41400797260129],[-71.70641706357145,-40.41406660956055],[-71.70658651378004,-40.414111713840235],[-71.70679606346317,-40.41432239311693],[-71.70734967226444,-40.414797594193644],[-71.70769336908427,-40.41511140500947],[-71.70782118039888,-40.41531288015159],[-71.70777872749606,-40.415661474042516],[-71.70764738596459,-40.416269082378086],[-71.70744163858065,-40.41650993182294],[-71.70730052096482,-40.416683919215615],[-71.70720647269331,-40.41679547697024],[-71.70711839858983,-40.41687122435434],[-71.7066617344376,-40.416986270926074],[-71.706292510371,-40.417155227062246],[-71.70575365430267,-40.41734155727415],[-71.7056888430648,-40.417444267299665],[-71.70568295936243,-40.41744872321202],[-71.70561235492549,-40.417555828396466],[-71.70552898735932,-40.417899834152394],[-71.70536216164497,-40.418605651677304],[-71.70536080386616,-40.41890962707115],[-71.70544779221754,-40.419084195655266],[-71.70565761418167,-40.41925458851359],[-71.70583267692598,-40.419335511839584],[-71.7062420011382,-40.41935890768769],[-71.70658732844429,-40.41931062823248],[-71.70700805700243,-40.41939658571678],[-71.7072766241977,-40.419491185431276],[-71.70749169503918,-40.41980016112822],[-71.70750300978915,-40.419889564718225],[-71.707508531387,-40.419979000732006],[-71.70759207948733,-40.42093138283418],[-71.70794781493142,-40.421191545677445],[-71.70848331824804,-40.42178740686432],[-71.70872110823417,-40.42224840891179],[-71.70873758244839,-40.42251225439666],[-71.70876509981534,-40.42290569529386],[-71.70872065564588,-40.423714697908956],[-71.70869024170972,-40.423982845548856],[-71.70877750073325,-40.42409027634892],[-71.70877025932138,-40.42443004787615],[-71.70890938491883,-40.42471645420898],[-71.70906552776056,-40.42511921034224],[-71.7092100842847,-40.42551292808759],[-71.70943130904888,-40.425763836272274],[-71.70985176241477,-40.4259213419539],[-71.71018486609873,-40.425989229729055],[-71.71058839179386,-40.42601257173606],[-71.7110273996699,-40.42594211749036],[-71.71154235063474,-40.425898717604156],[-71.71219217071206,-40.42577517576462],[-71.71285909712633,-40.425754530658196],[-71.71330371398302,-40.42572875520848],[-71.71405807679145,-40.425775316745],[-71.71465982788177,-40.42595568385875],[-71.71531362448344,-40.42626119533373],[-71.71647530278364,-40.42682283344245],[-71.71717028024474,-40.427083827765806],[-71.7177368152225,-40.427308751968],[-71.71892989358878,-40.42734740184954],[-71.71976099985682,-40.42723765662646],[-71.72027041572537,-40.42711817044462],[-71.720943752222,-40.42696786945266],[-71.72109083791044,-40.426753644028665],[-71.72122099737531,-40.42638735291169],[-71.72133232983897,-40.42634292582754],[-71.72161907864421,-40.42631679558108],[-71.72201000882349,-40.42655917537893],[-71.72255291131721,-40.42682422513048],[-71.72283875391545,-40.427012611507884],[-71.72308947695157,-40.42721888891076],[-71.7234457386681,-40.42734489196168],[-71.72403000342285,-40.42751167520572],[-71.72453117593716,-40.42797780623261],[-71.72503153306508,-40.42863161128343],[-71.72559036083366,-40.429307952587486],[-71.72563507425492,-40.429822106611105],[-71.72586108511865,-40.430341215719494],[-71.72626920766419,-40.43067745665531],[-71.72645005222203,-40.43082088262703],[-71.72719687220673,-40.43129649057256],[-71.72785525990392,-40.43195074534888],[-71.72801736753179,-40.43236683646085],[-71.72807366619782,-40.43291677605307],[-71.72949461597172,-40.43453387942122],[-71.73010222194716,-40.434723006203136],[-71.73091854644335,-40.435413336607],[-71.73164770650253,-40.435924597653084],[-71.73212560595546,-40.43640408210558],[-71.7325159805006,-40.4368028170001],[-71.73287069325168,-40.43733110833221],[-71.73343014118295,-40.43790012643379],[-71.73427125725854,-40.43824181416261],[-71.73477847825747,-40.438689955112544],[-71.73568575382204,-40.440073378986696],[-71.73569154647517,-40.44007785731882],[-71.73620446739821,-40.44056624247954],[-71.73685297134477,-40.440813578659274],[-71.73827551204727,-40.440602230176744],[-71.73863990303532,-40.44016502124096],[-71.73877059856109,-40.43965123359172],[-71.73921744290915,-40.43908447964509],[-71.73988684844552,-40.43844679983109],[-71.74145400867306,-40.43712262488967],[-71.7423910428865,-40.436874372673586],[-71.74296006833445,-40.43645546869684],[-71.7433586661307,-40.43626414138694],[-71.7436809652177,-40.4361128831021],[-71.74459409897545,-40.43599864477939],[-71.74534350210561,-40.43584389774498],[-71.7461569826779,-40.43575177392006],[-71.74712785296472,-40.43582538766231],[-71.74781760625483,-40.43599680374681],[-71.74880648238268,-40.435945322799434],[-71.74948519033056,-40.43591998031549],[-71.74979598904248,-40.43571951650733],[-71.75028671371784,-40.43431686621544],[-71.75027540044985,-40.434209573835915],[-71.75027585298056,-40.434106753843295],[-71.75028789029768,-40.433999501428175],[-71.75030001812051,-40.43389226354101],[-71.75031793833548,-40.433789503459806],[-71.75034174144778,-40.43368672301514],[-71.75037721984766,-40.43358396250544],[-71.75041849063449,-40.433485755016044],[-71.75045396902598,-40.43339194474118],[-71.75050691508771,-40.43329819468548],[-71.75055995164686,-40.43320438393206],[-71.75062457297172,-40.43311960424721],[-71.75068928478973,-40.43303483908909],[-71.75076558136419,-40.43295895458067],[-71.7508419684267,-40.43288315981953],[-71.75091826496525,-40.432816300893776],[-71.75100623675256,-40.43274938660016],[-71.75109420851602,-40.4326914981158],[-71.75118218025563,-40.43263804724891],[-71.75127594434689,-40.43259351204813],[-71.75167444143237,-40.43238872212275],[-71.75206714566703,-40.43217952640172],[-71.75245405707187,-40.43196577446937],[-71.75283508516209,-40.431743088943435],[-71.7532162033099,-40.43151590201611],[-71.7535446469682,-40.43127517492653],[-71.7538672979646,-40.43102560439621],[-71.75418994863986,-40.43077595589873],[-71.7545009238535,-40.430517333928236],[-71.75481189876875,-40.430254195961346],[-71.75511708107882,-40.42998665242138],[-71.75541647080003,-40.42971019000487],[-71.75571576973998,-40.42943363479101],[-71.75540904941367,-40.42851655574465],[-71.75530487847256,-40.42819901133751],[-71.7552531097561,-40.42795746864603],[-71.7551662251784,-40.4277337557859],[-71.7551204297562,-40.427447597347424],[-71.75500404057104,-40.42727745577638],[-71.75495788310656,-40.427111972449396],[-71.75464862792496,-40.426901266706366],[-71.75452617473813,-40.42679370200775],[-71.75429258135395,-40.4266858787864],[-71.7541353740882,-40.426493370085495],[-71.75408369568999,-40.42622949384634],[-71.75408505326622,-40.425854036148856],[-71.75408595831705,-40.425603679544714],[-71.75414532964555,-40.42534899483999],[-71.75438571101084,-40.42520644049602],[-71.75472012680792,-40.42492105926488],[-71.75483325791961,-40.42437149817754],[-71.75487136046914,-40.42355800516257],[-71.75493625244937,-40.42339275369198],[-71.75506033456784,-40.423066662495586],[-71.75517265101774,-40.42273609664208],[-71.75500557915308,-40.42202949930842],[-71.7549825909266,-40.42191765098204],[-71.75497127782242,-40.42180138286015],[-71.75495996471784,-40.42168962842419],[-71.75495453442751,-40.42157785306319],[-71.75496086976622,-40.421461672587185],[-71.75497290690943,-40.42134995562553],[-71.75571866588803,-40.42054240802042],[-71.75686065124921,-40.420133500400176],[-71.75756957071145,-40.419804208065784],[-71.75788054268085,-40.41954114777945],[-71.75811440498958,-40.419310078968]]]}"
0000000000000000019d,99.99999999999999,4.89220392096519E7,1.1846329916309047E7,7000,6070.650574810281,1275.495618305745,0.0,"39,788","39,788",-40.44513051230599,-71.63537529381831,100.0,100.0,100.0,100.0,100.0,100.0,100.0,100.0,0.0,105.2698200389105,0.0,0.0,0.0,0.0,0.0,0.0,0.0,0.0,12853.117337444666,909.4420388939571,6.620762440944923,0.0,0.0,0.0,0.0,0.0,0.0,0.0,0.0,"{""type"":""Polygon"",""coordinates"":[[[-71.6778543170711,-40.4756800796199],[-71.59535900801652,-40.477563235492724],[-71.59293520120544,-40.41456423634161],[-71.67535370451695,-40.41268523477375],[-71.6778543170711,-40.4756800796199]]]}"
0000000000000000019e,100.0,4.89257278204367E7,1.9203041617136773E7,7000,24160.974790383458,1245.9061583577713,0.0,"40,788","40,788",-40.44698219773117,-71.55291457621621,100.0,100.0,100.0,100.0,100.0,100.0,100.0,100.0,0.0,98.59275211795374,0.0,0.0,0.0,0.0031667240538029375,0.0027708842075910792,0.0035625628273011256,0.0,0.004354234692888069,19247.49479821769,16895.090688705426,6.967700094631341,0.0,0.0,0.0,0.0,0.0,0.0,0.0,0.0,"{""type"":""Polygon"",""coordinates"":[[[-71.59535900801652,-40.477563235492724],[-71.51285602326533,-40.479387513241996],[-71.51050907483456,-40.4163845346246],[-71.59293520120544,-40.41456423634161],[-71.59535900801652,-40.477563235492724]]]}"
0000000000000000019f,100.0,4.89292994179461E7,4378280.42925917,7000,7652.452614794691,1427.303797468354,0.0,"41,788","41,788",-40.448775144988886,-71.47044629711971,100.0,100.0,100.0,100.0,100.0,100.0,100.0,100.0,0.0,88.87147373540856,0.0,0.0,0.0,0.0,0.0,0.0,0.0,0.0,841.0137177096257,1227.4214711573113,6.133165101225738,0.0,0.0,0.0,0.0,0.0,0.0,0.0,0.0,"{""type"":""Polygon"",""coordinates"":[[[-71.51285602326533,-40.479387513241996],[-71.43034552246756,-40.48115307274906],[-71.42807557419195,-40.41814615452998],[-71.51050907483456,-40.4163845346246],[-71.51285602326533,-40.479387513241996]]]}"
000000000000000001a0,100.00000000000003,4.89327539680884E7,6058307.735331603,7000,0,1435.5976562500005,0.0,"42,788","42,788",-40.45050929818781,-71.3879707383161,100.0,100.0,100.0,100.0,100.0,100.0,100.0,100.0,0.0,84.28757731119792,0.0,0.0,0.0,0.0,0.0,0.0,0.0,0.0,10232.530370915816,0,6.323033110797405,0.0,0.0,0.0,0.0,0.0,0.0,0.0,0.0,"{""type"":""Polygon"",""coordinates"":[[[-71.43034552246756,-40.48115307274906],[-71.34782793654136,-40.48285966872992],[-71.34563485696853,-40.41984903101594],[-71.42807557419195,-40.41814615452998],[-71.43034552246756,-40.48115307274906]]]}"
000000000000000001a1,100.0,4.89360914379546E7,6804445.514992478,7000,0,1363.5082926829268,0.0,"43,788","43,788",-40.45218466017949,-71.30548814071437,100.0,100.0,100.0,100.0,100.0,100.0,100.0,100.0,0.0,76.74047939068099,0.0,0.0,0.0,0.0,0.0,0.006700026581131777,0.0,0.0,7985.171659604031,1233.8726399752723,6.559734418315272,0.0,0.0,0.0,0.0,0.0,0.0,0.0,0.0,"{""type"":""Polygon"",""coordinates"":[[[-71.34782793654136,-40.48285966872992],[-71.26530342418984,-40.48450746173948],[-71.26318726155613,-40.421493204556214],[-71.34563485696853,-40.41984903101594],[-71.34782793654136,-40.48285966872992]]]}"
000000000000000001a2,44.72131774670789,4.35803136823981E7,1.7937922028520476E7,7000,0,1213.9111842105265,0.0,"44,788","44,788",-40.45107890978076,-71.22618438479908,100.0,100.0,100.0,100.0,100.0,100.0,100.0,100.0,55.27868225329211,70.70126692279547,0.0,0.004663235419570914,0.0,0.0,0.0,0.0,0.0025434834887584253,0.0029673971270921364,11290.822562377456,21621.01873398118,7.3971066006975565,0.0,0.0,0.0,0.0,0.0,0.0,0.0,0.0,"{""type"":""Polygon"",""coordinates"":[[[-71.18218091747094,-40.4678350408053],[-71.18073294464236,-40.42307861062351],[-71.26318726155613,-40.421493204556214],[-71.26530342418984,-40.48450746173948],[-71.20703820115115,-40.48563532830153],[-71.21750650750697,-40.47231708349666],[-71.20119017375022,-40.46665357583026],[-71.19453973166132,-40.46434103645243],[-71.18218091747094,-40.4678350408053]]]}"
000000000000000001a3,0.0,3.01696607875374E7,7012437.730456067,7000,0,1241.6703470031546,0.0,"45,788","45,788",-40.44666995340055,-71.14827476862885,100.0,100.0,100.0,100.0,100.0,100.0,100.0,100.0,99.99999575047075,65.83371182201158,0.0,0.0,0.0,0.0,0.0,0.0,0.0,0.0,0,5164.01361744934,7.404620853080569,0.0,0.0,0.0,0.0,0.0,0.0,0.0,0.0,"{""type"":""Polygon"",""coordinates"":[[[-71.09830026080166,-40.425503871134296],[-71.09827224369909,-40.424605215409635],[-71.18073294464236,-40.42307861062351],[-71.18218091747094,-40.4678350408053],[-71.15266181375927,-40.476173532898144],[-71.13297514266023,-40.47623759825197],[-71.12393491131549,-40.45658591812763],[-71.12065719671097,-40.44945358988308],[-71.09830026080166,-40.425503871134296]]]}"
000000000000000001a5,100.0,6825842.96318706,62723.51619514017,7000,0,1462.5,0.0,"38,789","38,789",-40.39261617221491,-71.68342006277346,100.0,100.0,100.0,100.0,100.0,100.0,100.0,100.0,0.0,107.55542599502488,0.0,0.0,0.0,0.0,0.0,0.0,0.0,0.0,2267.999058423272,0,5.862301772388061,0.0,0.0,0.0,0.0,0.0,0.0,0.0,0.0,"{""type"":""Polygon"",""coordinates"":[[[-71.70006813948714,-40.41211033848066],[-71.67535370451695,-40.41268523477375],[-71.67364889932358,-40.36961130943703],[-71.67380469672051,-40.36963459231956],[-71.67440615908275,-40.36974351602404],[-71.67528227885904,-40.36986224849876],[-71.67598367996487,-40.36986419604],[-71.67643966231023,-40.36983416004729],[-71.6768013155217,-40.36998269166712],[-71.67743744400651,-40.37016779678884],[-71.67825398966943,-40.37052766224073],[-71.6790428324289,-40.370561116863335],[-71.67955557016391,-40.37089338365436],[-71.68022717935582,-40.37101591959314],[-71.68113225183652,-40.3711972215488],[-71.68213282568841,-40.370949691402366],[-71.68244758081177,-40.37113382560584],[-71.68246867310586,-40.37162114198314],[-71.68256019373122,-40.37204159972188],[-71.68271146070344,-40.37218953696783],[-71.6829037353189,-40.372324150222326],[-71.68328384850761,-40.372284929156194],[-71.68367500525353,-40.37237991858045],[-71.68395499752137,-40.37249686809776],[-71.68456096769069,-40.37289191136939],[-71.68528389390232,-40.3732872361997],[-71.6870137143123,-40.3733456186086],[-71.68774007505613,-40.37298550753539],[-71.68824899734885,-40.37289300906186],[-71.68883269096729,-40.37307339673124],[-71.68928784092131,-40.37322654100203],[-71.68976725037827,-40.37319658653724],[-71.69037529192391,-40.373162417973],[-71.69134524124772,-40.37322761442832],[-71.69216338201002,-40.37325664756013],[-71.69258268062842,-40.37359301657691],[-71.69309648365005,-40.373724030738906],[-71.69313577017661,-40.37407279675291],[-71.69313423130353,-40.37440360390916],[-71.69306244739288,-40.3747744274754],[-71.6925609553245,-40.37580124606098],[-71.69223607133802,-40.37654239424528],[-71.6920207189736,-40.37762808898186],[-71.69188774176044,-40.37859782568153],[-71.69199347177499,-40.37977376866827],[-71.69235990567313,-40.38016816596629],[-71.69263310143248,-40.38049961697541],[-71.69306489148593,-40.38067963369104],[-71.6934087842504,-40.38088616662965],[-71.69347749034281,-40.38121711573389],[-71.69329481719598,-40.38153403880725],[-71.69316030162284,-40.38156047089173],[-71.69280817109453,-40.38186801081048],[-71.69223308410567,-40.38235371958866],[-71.69199138976303,-40.38278224424314],[-71.69163283090128,-40.38322381826387],[-71.69100605350644,-40.38350380039043],[-71.69034025963656,-40.38337685882855],[-71.6898271765115,-40.383071493577575],[-71.68906949937477,-40.38259115648],[-71.68849621634433,-40.38267898502668],[-71.68819097191889,-40.382950877800425],[-71.68773844563451,-40.38346814893746],[-71.68730302768104,-40.384092818687144],[-71.68725007140436,-40.3841642461848],[-71.68676848573001,-40.38465018524802],[-71.68678233585412,-40.385441466531695],[-71.68710876410152,-40.38565245353968],[-71.68779194497344,-40.385810703850694],[-71.68819504546734,-40.3858788767686],[-71.68860973243781,-40.385951499351485],[-71.6890718529743,-40.38589015499448],[-71.69022248956836,-40.386103361716685],[-71.69095146841708,-40.38649424559744],[-71.69121905294803,-40.38679442446834],[-71.69146916643916,-40.38707225680076],[-71.69152501875642,-40.387644606362464],[-71.6912353469923,-40.388336700937806],[-71.69119397822276,-40.388434927799175],[-71.69103348183152,-40.38901114108189],[-71.69101881718277,-40.3896637665149],[-71.69117514954695,-40.38999054051584],[-71.69143657837287,-40.390362244371616],[-71.6915623139776,-40.39099737308844],[-71.6913788250697,-40.391493049135406],[-71.69128468173257,-40.39161350538789],[-71.6909962770732,-40.39203740835714],[-71.69046264631938,-40.39239364031751],[-71.69022837354663,-40.39248240316332],[-71.68961462878745,-40.392444999945276],[-71.68920374504421,-40.39281043151303],[-71.68898087728802,-40.39295290000171],[-71.68860647360312,-40.39300996518158],[-71.68840714148773,-40.39312120930404],[-71.68821939623375,-40.393277162115545],[-71.68821830995424,-40.393509655153935],[-71.68843375531935,-40.393693462178895],[-71.6889068293975,-40.393797595365776],[-71.6892049218435,-40.39382069845994],[-71.68947974962423,-40.393821489701665],[-71.68981848631763,-40.39389389549519],[-71.690034835868,-40.393894465237224],[-71.69043195913022,-40.393980468308875],[-71.69085823018388,-40.39409335336738],[-71.69103864161521,-40.39428159217804],[-71.69112011187303,-40.39436675985248],[-71.69130667868778,-40.39447902358597],[-71.69157507763242,-40.39459592191138],[-71.6918785990093,-40.394708471870935],[-71.69202415881911,-40.39484744778556],[-71.69208236462063,-40.3949012742712],[-71.69212889304556,-40.39495499971011],[-71.69216383462108,-40.39498192576861],[-71.69258295219471,-40.395389887127784],[-71.69258286167262,-40.39541666057814],[-71.69258847404257,-40.395470325774454],[-71.69259381484615,-40.39556871893912],[-71.69261526858166,-40.3960023362556],[-71.69262097147315,-40.396029227773816],[-71.6926251354891,-40.396395757847344],[-71.69263020472582,-40.39658357315734],[-71.69264342094978,-40.39753570912235],[-71.69275892710382,-40.39783553602742],[-71.6928336983074,-40.39810839356917],[-71.69290765479597,-40.39856907653905],[-71.69287207964503,-40.39868072281536],[-71.6928247366265,-40.398796767617796],[-71.69277160019037,-40.39891291947337],[-71.69271846374569,-40.39902004183075],[-71.69265953387965,-40.39912719601203],[-71.69258892665306,-40.399229809475806],[-71.69251243547386,-40.39933243994885],[-71.69243594427695,-40.399426040999906],[-71.69235375016635,-40.39951524932081],[-71.6922655815712,-40.3996044598705],[-71.69217171005339,-40.399684612655754],[-71.69207195456357,-40.39976034315038],[-71.69197219904362,-40.39983163410505],[-71.69186665006684,-40.39989392780388],[-71.69180781057115,-40.39998762584898],[-71.69175476449374,-40.40008136689911],[-71.69171339578924,-40.40017964823993],[-71.69167782050968,-40.400268943637265],[-71.69167193655721,-40.40028235383068],[-71.69164224522629,-40.40038502476553],[-71.69161255389268,-40.4004922852008],[-71.69159453994202,-40.40059949621275],[-71.69158231942218,-40.400706750267254],[-71.69157598285615,-40.40081398691594],[-71.69158132367609,-40.40092132466562],[-71.69187805587556,-40.401252914308394],[-71.69198034604729,-40.40189689404197],[-71.69200297661196,-40.40205791535381],[-71.69240154586312,-40.403131804948984],[-71.69251659949117,-40.40355680270492],[-71.69247450670507,-40.40380250042219],[-71.69233111962569,-40.40447713055218],[-71.69228866472723,-40.4048167345906],[-71.69242662049672,-40.40534462120342],[-71.69261816528845,-40.40564464173335],[-71.69303176044521,-40.4059989038419],[-71.69338660639141,-40.40640210157617],[-71.69401591387653,-40.406899995008835],[-71.69458692429075,-40.407357442334565],[-71.69491868559487,-40.40771149445155],[-71.69550209586512,-40.408003565664046],[-71.69602675688128,-40.40837150485673],[-71.6965867202545,-40.40869931273415],[-71.69718777913828,-40.408982518371644],[-71.69757303558173,-40.409144497821465],[-71.69780567377065,-40.40942224234308],[-71.69782269165506,-40.409542983653985],[-71.69785138670288,-40.4096592365072],[-71.69788596558998,-40.40978006084578],[-71.69792633779387,-40.409896414150076],[-71.6979726843537,-40.410008250770346],[-71.69802482422574,-40.41012013024552],[-71.69808275740719,-40.41022761396768],[-71.69815245825265,-40.41033054886591],[-71.69829720061064,-40.41065728219793],[-71.69848258660234,-40.41105564768302],[-71.69901267409716,-40.41152638354601],[-71.69948564249648,-40.41169748160716],[-71.69992303582647,-40.411971325497404],[-71.70006813948714,-40.41211033848066]]]}"
000000000000000001a6,100.0,4.64036611394815E7,2861720.939645776,7000,0,1363.1813471502594,0.0,"39,789","39,789",-40.38342896750008,-71.63113795387791,100.0,100.0,100.0,100.0,100.0,100.0,100.0,100.0,0.0,104.48207037996546,0.0,0.0,0.0,0.0,0.0,0.0,0.0,0.0,9093.711555742422,1446.3987611068874,6.152776261166587,0.0,0.0,0.0,0.0,0.0,0.0,0.0,0.0,"{""type"":""Polygon"",""coordinates"":[[[-71.67364889932358,-40.36961130943703],[-71.67535370451695,-40.41268523477375],[-71.59293520120544,-40.41456423634161],[-71.59051916442117,-40.35156446510008],[-71.65617405196953,-40.35007429565592],[-71.65635004617009,-40.35065251463182],[-71.656591494853,-40.351444503706176],[-71.65683339602057,-40.3521380744047],[-71.65684489356421,-40.35216939482134],[-71.65713305628083,-40.352957036282106],[-71.65701355433617,-40.3534707745482],[-71.65671461822366,-40.35365316174584],[-71.65643912961897,-40.35383110127782],[-71.65633347881874,-40.35392471881253],[-71.6560752815211,-40.35413846195095],[-71.65620103051042,-40.354684255730604],[-71.65632741317624,-40.355118269567946],[-71.65698313565251,-40.35601871095089],[-71.65743706179275,-40.35637763593088],[-71.65758145978735,-40.356713324846936],[-71.65759304783688,-40.356744657858876],[-71.65760364003805,-40.35694590103085],[-71.6576091624676,-40.35702186536446],[-71.65765225552116,-40.357741725430415],[-71.65771354542179,-40.35832753530232],[-71.65771345489019,-40.35834536305092],[-71.65753049047099,-40.35986477627336],[-71.65737993629926,-40.36074496573106],[-71.65701328274078,-40.36159317340526],[-71.6566422832489,-40.36215978553469],[-71.65662453899739,-40.36220001775824],[-71.65659792261833,-40.362843668663544],[-71.65682099315809,-40.36379201398433],[-71.65765560519104,-40.36401347606082],[-71.65816412090423,-40.36398819417795],[-71.65868494810516,-40.3638600609905],[-71.65959134664267,-40.36374207760819],[-71.66074362440892,-40.363530834365186],[-71.66131605004378,-40.36359066599803],[-71.66174100052808,-40.36392267232112],[-71.66216640312281,-40.36416531864266],[-71.66285895992071,-40.36473952267178],[-71.66310909478696,-40.364986168569395],[-71.66346714129203,-40.36583205652359],[-71.66359270643547,-40.36644035399519],[-71.66364919715507,-40.36682943675353],[-71.66395165772005,-40.36713431427004],[-71.66447084634669,-40.36731911507129],[-71.66492086952175,-40.36731593033162],[-71.66549962504693,-40.367286296317545],[-71.66640736299476,-40.36689553192649],[-71.66701526630052,-40.366892860723766],[-71.66773814019396,-40.367256989205096],[-71.66801796484506,-40.36740534487505],[-71.6684956850014,-40.36771071392066],[-71.66889699837185,-40.36810521013497],[-71.66935072722998,-40.368531156715655],[-71.66989326373736,-40.36873834120455],[-71.67022658874822,-40.36871251744865],[-71.6706485404352,-40.368467826882075],[-71.67101191998283,-40.36825879842321],[-71.67195214235025,-40.36840896353648],[-71.67246525314638,-40.36865182430823],[-71.67295328704469,-40.369256649013316],[-71.67353021805003,-40.36959356629034],[-71.67364889932358,-40.36961130943703]]]}"
000000000000000001a7,99.99999999999997,4.89264400907464E7,2669738.9717048504,7000,6176.4043091038175,1285.8785504407444,0.0,"40,789","40,789",-40.38398079991434,-71.55053301364185,100.0,100.0,100.0,100.0,100.0,100.0,100.0,100.0,0.0,96.86172945205479,0.0,0.0,0.0,0.0,0.0,0.0,0.0,0.0,12147.343420789472,268.28728600520026,6.692677707634793,0.0,0.0,0.0,0.0,0.0,0.0,0.0,0.0,"{""type"":""Polygon"",""coordinates"":[[[-71.59293520120544,-40.41456423634161],[-71.51050907483456,-40.4163845346246],[-71.50816962807184,-40.35338076369783],[-71.59051916442117,-40.35156446510008],[-71.59293520120544,-40.41456423634161]]]}"
000000000000000001a8,100.0,4.89300118448719E7,1.5955152631826652E7,7000,9822.979501429254,1358.8001949317736,0.0,"41,789","41,789",-40.385769776908624,-71.46814148826316,100.0,100.0,100.0,100.0,100.0,100.0,100.0,100.0,0.0,91.53887739370333,0.004769706082156213,0.006677604591345265,0.005723648044544309,0.002384854905970242,0.010970776411791483,0.0,0.015740507693900407,0.0,6800.498506106185,50151.41654351712,6.685861418147397,0.0,0.0,0.0,0.0,0.0,0.0,0.0,0.0,"{""type"":""Polygon"",""coordinates"":[[[-71.51050907483456,-40.4163845346246],[-71.42807557419195,-40.41814615452998],[-71.42581267777877,-40.355138468268194],[-71.50816962807184,-40.35338076369783],[-71.51050907483456,-40.4163845346246]]]}"
000000000000000001aa,87.38244460634492,4.89368041627514E7,8085794.077111874,7000,14747.89837550967,1291.7478005865103,0.0,"43,789","43,789",-40.389171764699626,-71.30333688609007,99.11643830777217,99.11643830777217,99.11643830777217,99.11643830777217,99.11643830777217,99.11643830777217,99.11643830777217,99.11643830777217,12.617555393655074,78.00196521668296,0.016938701432278987,0.03105470711512356,0.007528371474735324,0.0,0.013174509608979099,0.04140667477419577,0.052699251659428493,0.07904834702230615,418.56194618106656,25874.49760172,7.111046350503365,0.8835616922278229,0.8835616922278229,0.8835616922278229,0.8835616922278229,0.8835616922278229,0.8835616922278229,0.8835616922278229,0.8835616922278229,"{""type"":""Polygon"",""coordinates"":[[[-71.34563485696853,-40.41984903101594],[-71.26318726155613,-40.421493204556214],[-71.26107770333023,-40.35847807621227],[-71.34344865095058,-40.35683754386439],[-71.34563485696853,-40.41984903101594]]]}"
000000000000000001ab,30.142758721948297,4.89400246617106E7,1.3137671803712556E7,7000,876.2486240787621,1403.6536964980546,0.0,"44,789","44,789",-40.390784770481666,-71.22092429523354,78.84565762364218,78.84565762364218,78.84565762364218,78.84565762364218,78.84565762364218,78.83523262362863,78.83523262362863,78.83523262362863,69.85724127805167,71.30324862191958,0.03764918524873818,0.006950176201473748,0.03764784632565543,0.006949532988771434,0.0932494514099947,0.045755352018093894,0.11699266921098703,0.15058335606150153,4983.273646207878,75700.25634231578,6.197703914048607,21.15434237635781,21.15434237635781,21.15434237635781,21.15434237635781,21.15434237635781,21.164767376371376,21.164767376371376,21.164767376371376,"{""type"":""Polygon"",""coordinates"":[[[-71.26318726155613,-40.421493204556214],[-71.18073294464236,-40.42307861062351],[-71.17870017140511,-40.360059955949204],[-71.26107770333023,-40.35847807621227],[-71.26318726155613,-40.421493204556214]]]}"
000000000000000001ac,0.0,4.89431280126979E7,989695.9809110455,7000,0,1555.69403714565,0.0,"45,789","45,789",-40.39233906721546,-71.13850518686053,100.0,100.0,100.0,100.0,100.0,100.0,100.0,100.0,100.0,67.33131720430109,0.0,0.0,0.0,0.0,0.0,0.0,0.0,0.0,0,2985.1485996922415,5.5988692435584335,0.0,0.0,0.0,0.0,0.0,0.0,0.0,0.0,"{""type"":""Polygon"",""coordinates"":[[[-71.18073294464236,-40.42307861062351],[-71.09827224369909,-40.424605215409635],[-71.09631620991878,-40.36158326920549],[-71.17870017140511,-40.360059955949204],[-71.18073294464236,-40.42307861062351]]]}"
000000000000000001ad,0.0,1.08096816649589E7,348395.06416183163,7000,0,1286.82096069869,0.0,"46,789","46,789",-40.38258353961803,-71.0846627241034,100.0,100.0,100.0,100.0,100.0,100.0,100.0,100.0,100.0,62.829619565217385,0.0,0.0,0.0,0.0,0.0,0.0,0.0,0.0,0,6602.809374498248,6.590801710045857,0.0,0.0,0.0,0.0,0.0,0.0,0.0,0.0,"{""type"":""Polygon"",""coordinates"":[[[-71.06158422805524,-40.3622077730471],[-71.09631620991878,-40.36158326920549],[-71.09827224369909,-40.424605215409635],[-71.09771888285735,-40.42461531739952],[-71.07954922263372,-40.39170590332659],[-71.06724950436313,-40.378505342366466],[-71.06158422805524,-40.3622077730471]]]}"
000000000000000001b0,100.0,4.81547647714129E7,4051129.885659254,7000,0,1394.3290640394089,0.0,"39,790","39,790",-40.31872914592482,-71.62987192269328,100.0,100.0,100.0,100.0,100.0,100.0,100.0,100.0,0.0,104.87917895771878,0.0,0.0,0.0,0.0,0.0,0.0,0.0,0.0,17428.92780788251,0,6.124998942612431,0.0,0.0,0.0,0.0,0.0,0.0,0.0,0.0,"{""type"":""Polygon"",""coordinates"":[[[-71.65617405196953,-40.35007429565592],[-71.59051916442117,-40.35156446510008],[-71.58811071674162,-40.28856390341836],[-71.67037623183427,-40.286693164926035],[-71.67212993877084,-40.331164539361474],[-71.6719802964741,-40.331238831387424],[-71.67119161799305,-40.33127240197562],[-71.6706745219955,-40.33190118858903],[-71.67059530991504,-40.33257600279114],[-71.66997799820959,-40.3333878353616],[-71.66973710239385,-40.3336642746384],[-71.66928473198959,-40.33420839807245],[-71.66953848316463,-40.33487065090083],[-71.66957098285519,-40.335402734880844],[-71.66963734015224,-40.33616290894095],[-71.6694785533648,-40.33638594840019],[-71.66905804864992,-40.33755147581173],[-71.66902790265101,-40.33775253249268],[-71.6690441977859,-40.337994017055216],[-71.66949810750008,-40.33835290272464],[-71.66956183948854,-40.33846039983124],[-71.67017245287836,-40.33903430890248],[-71.67122493227343,-40.34005210090995],[-71.67179987466801,-40.34074660873906],[-71.67246778791899,-40.341562039120404],[-71.67254274475741,-40.34162504924503],[-71.67263019438084,-40.343840018203906],[-71.67241600613185,-40.34381495134065],[-71.67211780806085,-40.34386328361899],[-71.67139983219072,-40.34372710383839],[-71.67077337864544,-40.34399800311403],[-71.66964358660927,-40.344455232944505],[-71.66861943767593,-40.34480990278647],[-71.66772428927501,-40.34508007059922],[-71.6672317212528,-40.3454407474205],[-71.66662218881697,-40.34584133241548],[-71.66589560079586,-40.34626388490572],[-71.66542131702985,-40.34647263418915],[-71.6649473041774,-40.34662321572265],[-71.66434510047456,-40.34671533177918],[-71.66338077562159,-40.34677510816767],[-71.66325801683136,-40.34679268363406],[-71.66166260109729,-40.34686843741445],[-71.6603291742376,-40.34713723962569],[-71.65940430935142,-40.347478723037746],[-71.65861886022098,-40.34798154826851],[-71.65854254227817,-40.34806175644785],[-71.6577139980798,-40.348998080279436],[-71.65690582148576,-40.34937118321357],[-71.6568413628225,-40.34939783424545],[-71.65619722816587,-40.34969099417521],[-71.65611520615134,-40.349721999376285],[-71.65616617568371,-40.35004846086244],[-71.65617405196953,-40.35007429565592]]]}"
000000000000000001b1,100.0,4.89271521207606E7,1.1435445319779776E7,7000,19395.87893432402,1291.596474045054,0.0,"40,790","40,790",-40.320978592244174,-71.54815898822535,100.0,100.0,100.0,100.0,100.0,100.0,100.0,100.0,0.0,96.82492261322908,0.0,0.0,0.0,0.0,0.0,0.0,0.0,0.0,6416.699608808519,0,6.769347683635275,0.0,0.0,0.0,0.0,0.0,0.0,0.0,0.0,"{""type"":""Polygon"",""coordinates"":[[[-71.59051916442117,-40.35156446510008],[-71.50816962807184,-40.35338076369783],[-71.50583750199594,-40.29037610689085],[-71.58811071674162,-40.28856390341836],[-71.59051916442117,-40.35156446510008]]]}"
000000000000000001b2,100.0,4.89307240314398E7,1.2312966830055298E7,7000,14245.53958588015,1257.7426900584796,1.67982992162501,"41,790","41,790",-40.32276361972157,-71.4658439645186,100.0,100.0,100.0,100.0,100.0,100.0,100.0,100.0,0.0,90.7003939246264,0.0,0.0,0.0,0.0,0.0,0.0,0.0,0.0,5616.384452081456,14860.39037026502,6.934204891643561,0.0,0.0,0.0,0.0,0.0,0.0,0.0,0.0,"{""type"":""Polygon"",""coordinates"":[[[-71.50816962807184,-40.35338076369783],[-71.42581267777877,-40.355138468268194],[-71.42355701455752,-40.29212998085504],[-71.50583750199594,-40.29037610689085],[-71.50816962807184,-40.35338076369783]]]}"
000000000000000001b3,77.65490166401486,4.89341788845456E7,2.0760711111715235E7,7000,8116.1090562202635,1244.1027397260273,6.50969756785343,"42,790","42,790",-40.32449010260559,-71.38352167532601,99.62028134170497,99.62028134170497,99.62028134170497,99.62028134170497,99.62028134170497,99.62028134170497,99.62028134170497,99.62028134170497,22.345098335985146,84.7766691152465,0.02603973727456361,0.0465840562910708,0.03770359399471639,0.012472401028002336,0.06301472894654402,0.03403195336045595,0.08214645741951145,0.0690057537449522,11709.720129940702,31594.81753229157,6.540016435852947,0.3797186582950341,0.3797186582950341,0.3797186582950341,0.3797186582950341,0.3797186582950341,0.3797186582950341,0.3797186582950341,0.3797186582950341,"{""type"":""Polygon"",""coordinates"":[[[-71.42581267777877,-40.355138468268194],[-71.34344865095058,-40.35683754386439],[-71.34126931861915,-40.29382529472284],[-71.42355701455752,-40.29212998085504],[-71.42581267777877,-40.355138468268194]]]}"
000000000000000001b4,8.460685953243404,4.8937516647107E7,1.0980088720899181E7,7000,10753.603326849787,1316.63698630137,0.0,"43,790","43,790",-40.326158062179395,-71.30119239524885,100.0,100.0,100.0,100.0,100.0,100.0,100.0,100.0,91.5393140467566,78.75753958537382,0.0540826579875265,0.041602475186865585,0.060456577990973516,0.0,0.03133490296927412,0.05490918047453099,0.12343710620102821,0.1607424707879706,7198.119594831753,5274.630259239271,7.238828333257811,0.0,0.0,0.0,0.0,0.0,0.0,0.0,0.0,"{""type"":""Polygon"",""coordinates"":[[[-71.34344865095058,-40.35683754386439],[-71.26107770333023,-40.35847807621227],[-71.25897484026383,-40.29546217955583],[-71.34126931861915,-40.29382529472284],[-71.34344865095058,-40.35683754386439]]]}"
000000000000000001b8,100.0,2.61568255313266E7,3666215.5269060326,7000,0,1383.890359168242,0.0,"37,791","37,791",-40.243875058455004,-71.77832793623695,100.0,100.0,100.0,100.0,100.0,100.0,100.0,100.0,0.0,114.93866840937898,0.0,0.0,0.0,0.0,0.0,0.0,0.0,0.0,8825.733947427365,0,6.005050904306623,0.0,0.0,0.0,0.0,0.0,0.0,0.0,0.0,"{""type"":""Polygon"",""coordinates"":[[[-71.75733788010938,-40.284652015255475],[-71.75263407253655,-40.28476406177367],[-71.75008099319085,-40.22177112504324],[-71.82762632751783,-40.219901228465616],[-71.8276274133297,-40.21992020528336],[-71.8276215318487,-40.21993359959913],[-71.82759085766142,-40.22052815239906],[-71.82739676870855,-40.22118942373717],[-71.82698723610402,-40.22171184767822],[-71.82674727110636,-40.22203784213845],[-71.82641374479374,-40.222493353484296],[-71.82641220655438,-40.223101276348814],[-71.82637673656218,-40.223266622505534],[-71.82629403355477,-40.22367778124279],[-71.82616400701048,-40.22434364135454],[-71.82604610537271,-40.22485758766847],[-71.82598122778361,-40.225125679515294],[-71.82583400899313,-40.22567979444216],[-71.82590947333556,-40.22581401530807],[-71.82607786552659,-40.226131714294425],[-71.82616464040365,-40.22640449165943],[-71.8262916809525,-40.22689200716155],[-71.82595833513045,-40.227253584929244],[-71.82568995710497,-40.22729341552983],[-71.82531933084084,-40.22852666293469],[-71.82501439630964,-40.22916097884469],[-71.82498915097479,-40.22989408669799],[-71.82498326944489,-40.229920916047476],[-71.82498697933299,-40.23073894983018],[-71.82448297706286,-40.231681476069596],[-71.82380442767959,-40.23243591235785],[-71.82326024794226,-40.23310119259707],[-71.82277551638643,-40.23334187853211],[-71.82232073490357,-40.233283042230056],[-71.8215913277472,-40.23340710773194],[-71.82071578358706,-40.233647155426546],[-71.81962370264587,-40.234132711448204],[-71.81880724097394,-40.234100136391994],[-71.81804905087178,-40.23407216075391],[-71.81735148542523,-40.2331590322065],[-71.81683941766431,-40.23273806765304],[-71.81623351348469,-40.232464425537856],[-71.81550391138586,-40.23264654065655],[-71.81419654131768,-40.23295291426179],[-71.81272049523658,-40.2331024829131],[-71.81086610763913,-40.23292064408974],[-71.8096534609895,-40.23273541478881],[-71.80874349790402,-40.23273833718766],[-71.80802039392262,-40.232705858981596],[-71.80773987510527,-40.23288421436179],[-71.80744189145906,-40.23307151342121],[-71.80686791245779,-40.23391993037574],[-71.80629447536626,-40.23455819905407],[-71.80559851301132,-40.23519184457103],[-71.80504923466837,-40.235526193517046],[-71.8043839460259,-40.23564571138238],[-71.80381131889163,-40.235980038089245],[-71.80370553478433,-40.23628390563609],[-71.8036289792836,-40.236525106365214],[-71.80377874209584,-40.23717804158634],[-71.80395212300405,-40.23773713067875],[-71.80395782394045,-40.23776847212995],[-71.8039750172401,-40.23787579505925],[-71.80407790554554,-40.238609048913524],[-71.80411220163998,-40.23885945274015],[-71.80426142127979,-40.23970911545364],[-71.80429273115291,-40.24101000740073],[-71.80416794409697,-40.241796586166714],[-71.8037176605948,-40.242184733290124],[-71.80302196409643,-40.24267528058923],[-71.80235458992587,-40.243492211683076],[-71.80150614042519,-40.244371462070156],[-71.8002316521083,-40.24531247359467],[-71.79938564026546,-40.24534231380248],[-71.79874984039583,-40.2453099363703],[-71.79825891805471,-40.24561755191679],[-71.79772048623359,-40.246188756067],[-71.79729236441949,-40.24694800911081],[-71.79708124432013,-40.24730973197122],[-71.79723146266487,-40.24779728489687],[-71.79745778547158,-40.24819997966722],[-71.79751009035976,-40.24828052803265],[-71.79810888117782,-40.24897898300354],[-71.79820100274266,-40.24939937517067],[-71.79850858722521,-40.24994525514107],[-71.79881155629397,-40.25008885813244],[-71.79889897204718,-40.250129217216376],[-71.79923578490192,-40.25064391091669],[-71.79920501748768,-40.25118924866257],[-71.79877210155693,-40.25158629368615],[-71.79871807751692,-40.25210030846201],[-71.79846578422432,-40.25256481342582],[-71.79835438780403,-40.25276127459847],[-71.79847519545545,-40.25334263891546],[-71.79874133409808,-40.25409862583581],[-71.79891037410017,-40.25415252089405],[-71.79932419595521,-40.254309715608706],[-71.79965503587218,-40.25488694231296],[-71.79919850203488,-40.25536901481933],[-71.7982629902247,-40.25603787297101],[-71.79759687301868,-40.25634069282447],[-71.79611305824847,-40.256946097450246],[-71.79450634614044,-40.25764063414217],[-71.79332024265199,-40.258197305489276],[-71.79308061428337,-40.258308653721194],[-71.79169044043083,-40.258797862248606],[-71.79029519283291,-40.2590054817547],[-71.78872066790227,-40.25873440455098],[-71.78778041971796,-40.25897401332468],[-71.78687419523199,-40.259549054772485],[-71.78673365509597,-40.25971418294586],[-71.78626506687014,-40.26028108171734],[-71.78540508171672,-40.260985811149844],[-71.78523540111604,-40.26112854886709],[-71.78523386267817,-40.26161128239],[-71.78559937720641,-40.262278058810395],[-71.78609891607191,-40.26301659527188],[-71.78656488015717,-40.26330359644405],[-71.78711129435605,-40.263975116582536],[-71.78747146749947,-40.26448989613043],[-71.78766313736425,-40.26476738237517],[-71.78780711592674,-40.26537116997979],[-71.78757164623912,-40.2660367948467],[-71.78696342415952,-40.26646034639124],[-71.78639004189645,-40.2669421220362],[-71.78571738428388,-40.26742814459605],[-71.78519033393343,-40.26800824328444],[-71.78399179794528,-40.26869893222568],[-71.78296339186093,-40.26909488696264],[-71.7815673823483,-40.26949013979792],[-71.77993263356652,-40.26970155497186],[-71.77817507026265,-40.27000667190448],[-71.77717569563144,-40.27042943411958],[-71.77629885337647,-40.27088376873673],[-71.77587206047255,-40.27109301923968],[-71.77539748347498,-40.27166432589453],[-71.77511413062831,-40.27264275001995],[-71.77469303761099,-40.272914609037976],[-71.77410850203303,-40.27319061808267],[-71.77296341014272,-40.27355048686642],[-71.7719641098411,-40.27394193722473],[-71.77123359239178,-40.27421766444915],[-71.77011772198344,-40.2745507062162],[-71.76930004806971,-40.274732383510226],[-71.7687222902885,-40.274731215948194],[-71.76793474974224,-40.274608926673714],[-71.76741590590309,-40.27442907220894],[-71.7668439368462,-40.274454779619035],[-71.76651071010261,-40.27461053379632],[-71.7664212945029,-40.27515570000607],[-71.7664201179817,-40.275490976091284],[-71.76620743907647,-40.2762460571572],[-71.7658741211743,-40.276428636072794],[-71.76526766814374,-40.276275414992035],[-71.76463143877424,-40.276274146286994],[-71.76381411297626,-40.276339526526776],[-71.76302610794941,-40.27636924080742],[-71.76244861045359,-40.276274180688205],[-71.76181147050572,-40.27654997928084],[-71.76151172468693,-40.27715286117918],[-71.76144538597632,-40.2777517400408],[-71.76147796706373,-40.278458168039144],[-71.76136013211543,-40.27876186458044],[-71.760990969968,-40.27918134349944],[-71.76032984376513,-40.279613615291325],[-71.76002466636808,-40.28009129344117],[-71.75978365566397,-40.28057803866053],[-71.75960111007315,-40.281033635741295],[-71.75941784035061,-40.28167250777646],[-71.75920642388992,-40.28203419216478],[-71.75832853728046,-40.28270288078363],[-71.7576900316582,-40.28333634149595],[-71.75730312650477,-40.28379148642984],[-71.75717904524538,-40.28421146041529],[-71.75733788010938,-40.284652015255475]]]}"
000000000000000001b9,99.99999999999997,4.85006674671893E7,5428200.244454669,7000,0,1471.2952755905512,0.0,"38,791","38,791",-40.253981736296936,-71.7102392500155,100.0,100.0,100.0,100.0,100.0,100.0,100.0,100.0,0.0,108.54671592775038,0.0,0.0,0.0,0.0,0.0,0.0,0.0,0.0,12386.885100270158,0,5.896104758126395,0.0,0.0,0.0,0.0,0.0,0.0,0.0,0.0,"{""type"":""Polygon"",""coordinates"":[[[-71.70076668191749,-40.28598725862538],[-71.67037623183427,-40.286693164926035],[-71.66789928156174,-40.223695946179944],[-71.75008099319085,-40.22177112504324],[-71.75263407253655,-40.28476406177367],[-71.71797161150558,-40.28558409675762],[-71.7179131387384,-40.285490278415075],[-71.71780280077934,-40.285346994068654],[-71.7174254428683,-40.28484987456859],[-71.71729265695171,-40.28449190121537],[-71.71715996149666,-40.28412052030414],[-71.71696942665996,-40.28361048360653],[-71.71691955267728,-40.28298003672831],[-71.71690832876725,-40.282881624694475],[-71.71690344093534,-40.282644685538436],[-71.71685483415853,-40.28169685941365],[-71.71698291345251,-40.28039184110297],[-71.71706292904258,-40.27939964214215],[-71.71679590861494,-40.27903243170363],[-71.71676115068564,-40.27897421278394],[-71.71624783719146,-40.278910393144464],[-71.71584983991224,-40.2791552814184],[-71.7155162893983,-40.27936459957378],[-71.71518681175976,-40.280003002061726],[-71.71467059928865,-40.28060967937161],[-71.71394275914301,-40.28157799239],[-71.71333883434424,-40.28221573356416],[-71.71294029043685,-40.28260812529581],[-71.7118522803041,-40.2831552490247],[-71.71109347709321,-40.28315784021974],[-71.71051869358226,-40.283791165010044],[-71.70972847775914,-40.284307780143905],[-71.70918501092846,-40.28445839761338],[-71.70806304416703,-40.28473272347347],[-71.70700190176923,-40.284457395027],[-71.7061560086989,-40.28433898916316],[-71.70530522544856,-40.284001519683535],[-71.7048217652342,-40.28376337587436],[-71.7042150175867,-40.28369925846411],[-71.70360899297314,-40.283460798165024],[-71.70309629256327,-40.28324486790594],[-71.7024007422139,-40.28345764746909],[-71.70212402428609,-40.28400237725367],[-71.70167124554618,-40.2847611397482],[-71.7010379697991,-40.285394250027174],[-71.70076668191749,-40.28598725862538]]]}"
000000000000000001ba,99.9999999997765,4.89241748111424E7,1.7069031093972605E7,7000,0,1253.4571150097468,0.0,"39,791","39,791",-40.25613613364713,-71.62802372703273,100.0,100.0,100.0,100.0,100.0,100.0,100.0,100.0,0.0,105.23933895405672,0.0,0.0,0.0,0.0,0.0,0.0,0.0,0.0,16169.70179853352,0,6.424743824247509,0.0,0.0,0.0,0.0,0.0,0.0,0.0,0.0,"{""type"":""Polygon"",""coordinates"":[[[-71.67037623183427,-40.286693164926035],[-71.58811071674162,-40.28856390341836],[-71.58570976778978,-40.22556247132654],[-71.66789928156174,-40.223695946179944],[-71.67037623183427,-40.286693164926035]]]}"
000000000000000001bb,100.0,4.89278639069926E7,9201280.054160194,7000,14587.79018616052,1341.3506366307543,0.0,"40,791","40,791",-40.25797557130318,-71.5457924217959,100.0,100.0,100.0,100.0,100.0,100.0,100.0,100.0,0.0,96.0217013888889,0.0,0.0,0.0,0.0,0.0,0.0,0.0,0.0,3580.9820411914534,550.0230580144075,6.397246667450551,0.0,0.0,0.0,0.0,0.0,0.0,0.0,0.0,"{""type"":""Polygon"",""coordinates"":[[[-71.58811071674162,-40.28856390341836],[-71.50583750199594,-40.29037610689085],[-71.50351269676501,-40.227370725368395],[-71.58570976778978,-40.22556247132654],[-71.58811071674162,-40.28856390341836]]]}"
000000000000000001bc,100.00000000000003,4.8931435974204E7,7802052.870173264,7000,0,1417.415204678363,0.0,"41,791","41,791",-40.25975664378724,-71.4635536520404,100.0,100.0,100.0,100.0,100.0,100.0,100.0,100.0,0.0,87.90165082846003,0.0,0.0,0.0,0.0,0.0,0.0,0.0,0.0,6144.261125991091,3390.4874226721636,6.453413232353461,0.0,0.0,0.0,0.0,0.0,0.0,0.0,0.0,"{""type"":""Polygon"",""coordinates"":[[[-71.50583750199594,-40.29037610689085],[-71.42355701455752,-40.29212998085504],[-71.42130840348821,-40.22912067308635],[-71.50351269676501,-40.227370725368395],[-71.50583750199594,-40.29037610689085]]]}"
000000000000000001bd,93.87811418952786,4.89348909787142E7,1932269.8714526608,7000,0,1454.5122428991185,0.0,"42,791","42,791",-40.26147931999629,-71.38130768287871,100.0,100.0,100.0,100.0,100.0,100.0,100.0,100.0,6.121885810472135,83.80414624183007,0.0,0.09463625594121619,0.06309067475124773,0.0,0.09463618921307979,0.0,0.08280673100634783,0.0,0,13381.523897709212,6.763305606468051,0.0,0.0,0.0,0.0,0.0,0.0,0.0,0.0,"{""type"":""Polygon"",""coordinates"":[[[-71.42355701455752,-40.29212998085504],[-71.34126931861915,-40.29382529472284],[-71.33909695071917,-40.230812234654685],[-71.42130840348821,-40.22912067308635],[-71.42355701455752,-40.29212998085504]]]}"
000000000000000001be,0.0,4.89382288875454E7,285062.72705108044,7000,0,1656.115459882583,0.0,"43,791","43,791",-40.26314357910773,-71.29905471774077,100.0,100.0,100.0,100.0,100.0,100.0,100.0,100.0,100.0,77.78073887798496,0.0,0.0,0.0,0.0,0.0,0.0,0.0,0.0,9186.142353630092,0,5.504792753824192,0.0,0.0,0.0,0.0,0.0,0.0,0.0,0.0,"{""type"":""Polygon"",""coordinates"":[[[-71.34126931861915,-40.29382529472284],[-71.25897484026383,-40.29546217955583],[-71.25687867247652,-40.23244552616527],[-71.33909695071917,-40.230812234654685],[-71.34126931861915,-40.29382529472284]]]}"
000000000000000001c1,100.0,4.12597637538794E7,2732954.0244832938,7000,0,1353.5334872979215,0.0,"37,792","37,792",-40.189677405810684,-71.78408489008144,100.0,100.0,100.0,100.0,100.0,100.0,100.0,100.0,0.0,114.50368144071071,0.0,0.0,0.0,0.0,0.0,0.0,0.0,0.0,9101.868392808161,0,5.874642748075729,0.0,0.0,0.0,0.0,0.0,0.0,0.0,0.0,"{""type"":""Polygon"",""coordinates"":[[[-71.82762632751783,-40.219901228465616],[-71.75008099319085,-40.22177112504324],[-71.74753594887518,-40.15877728938504],[-71.81169851572336,-40.157235802075924],[-71.81189107595317,-40.15756507380123],[-71.81272854871892,-40.15810284854305],[-71.813853048125,-40.158100212892165],[-71.81459894185465,-40.158070125058174],[-71.81525724161378,-40.15810241277251],[-71.81623659006199,-40.15788941320014],[-71.81688918572813,-40.157890458367085],[-71.81751807240917,-40.15801214362691],[-71.81792978891531,-40.15875486319874],[-71.81810868183327,-40.15938105581214],[-71.81816496476388,-40.16012320987204],[-71.81828531247598,-40.160896811969145],[-71.8185570447742,-40.16166611547114],[-71.81885176049408,-40.16259194497888],[-71.81890958156889,-40.16277082116047],[-71.81953828328069,-40.16297748846335],[-71.81994420603385,-40.163729113884564],[-71.819953797604,-40.164524876329935],[-71.82024968835236,-40.16499923170607],[-71.82063651758492,-40.16633644973614],[-71.82140836491523,-40.16755806558699],[-71.82195933427154,-40.16853790709696],[-71.82304814970088,-40.168897230595356],[-71.82498706981806,-40.16950368681517],[-71.8260749700141,-40.170198279682936],[-71.82780340528751,-40.17110833669515],[-71.8286112478384,-40.171963352298484],[-71.82876823761133,-40.17213792028712],[-71.82889373888975,-40.173193176923235],[-71.82844285699262,-40.174037357900026],[-71.82795261381688,-40.17434961072335],[-71.82725280801456,-40.17452737564317],[-71.82625621094684,-40.1745303148286],[-71.82541144453774,-40.174439633563146],[-71.82494553716576,-40.174309303946195],[-71.8244199088589,-40.174746605358685],[-71.82332087326677,-40.17608162534501],[-71.82247275107059,-40.177260450388694],[-71.82189463681905,-40.1777155819592],[-71.82092480685407,-40.17859471509323],[-71.81953421138242,-40.17992922371153],[-71.81895572983699,-40.180473703354906],[-71.818564917135,-40.18059380190717],[-71.81798724820949,-40.180865577812234],[-71.81729357357985,-40.18089583758691],[-71.81656478829937,-40.1809840224242],[-71.81583563939859,-40.18122876124921],[-71.81477892250136,-40.1818663507858],[-71.81392679603613,-40.18231651948742],[-71.8129588420324,-40.1824714066219],[-71.81186926815104,-40.182348963169645],[-71.81138551461277,-40.18234812700101],[-71.81035357700114,-40.18244480166897],[-71.80971770848389,-40.18265389607792],[-71.80880738362306,-40.18305023062573],[-71.80814155987743,-40.18353194133887],[-71.80744089606833,-40.183986768775796],[-71.80686954128191,-40.184017118930996],[-71.8062285078645,-40.183984730176164],[-71.805325231318,-40.183956384178714],[-71.80468935277698,-40.18413861354572],[-71.80307996902627,-40.18438179113711],[-71.80201868527352,-40.18453192927021],[-71.80102119478092,-40.1848073698603],[-71.80047290397886,-40.18495843389509],[-71.79999365777405,-40.185382287218296],[-71.79990542789028,-40.185677180281104],[-71.79984054497562,-40.18592743365076],[-71.79985013715071,-40.18662932836188],[-71.80023337145836,-40.18713962184295],[-71.8011404630632,-40.18789661746433],[-71.802082481847,-40.188653746196614],[-71.80311254589333,-40.189232205292804],[-71.80377539392498,-40.18980553512632],[-71.80447163172742,-40.19095562785368],[-71.80529663626635,-40.19189572816894],[-71.80693053168959,-40.193351414368735],[-71.80737628615489,-40.194456325912284],[-71.8077241298482,-40.195145340064386],[-71.80819938289714,-40.19610726193926],[-71.8091704280044,-40.19701632932604],[-71.80943149032122,-40.19745930649022],[-71.80959391893384,-40.197741210830664],[-71.80959835291709,-40.19823301823549],[-71.80959744802256,-40.198559305473395],[-71.80972322833843,-40.199471512036375],[-71.81025847279668,-40.199865764049456],[-71.81071806744771,-40.200192850097814],[-71.81132271527802,-40.20080180401073],[-71.81162422436299,-40.20140583102618],[-71.81217005280895,-40.20219798298906],[-71.8126230390352,-40.2028334801225],[-71.81298978909759,-40.203044156480544],[-71.81344404099495,-40.20322822089649],[-71.81417274293403,-40.20325621815109],[-71.8154722406628,-40.20346833514842],[-71.81632300567703,-40.203648553478715],[-71.81643358143505,-40.20372921991906],[-71.81677689086763,-40.20398457333213],[-71.81682756381524,-40.20463729207267],[-71.81683896522733,-40.204744643289104],[-71.81645864647469,-40.20522235942151],[-71.81617198193237,-40.20558843548511],[-71.81626464120663,-40.205830003943596],[-71.81666703912852,-40.20579041985664],[-71.81726117913675,-40.206014865673666],[-71.81795566822073,-40.20574322139701],[-71.81877231305334,-40.20559254809438],[-71.81959556131093,-40.205164711018995],[-71.82153233084158,-40.2047429765539],[-71.82410936337335,-40.204742489253306],[-71.82547279333085,-40.205075324871316],[-71.8270753679995,-40.20537728777751],[-71.82789651358969,-40.20577186788273],[-71.82835029175558,-40.20616597644987],[-71.82889663437648,-40.20682836567225],[-71.8292043701748,-40.207338475160554],[-71.82932055144524,-40.207530826013844],[-71.82947057361464,-40.20816139278389],[-71.82935213030345,-40.208894341789566],[-71.82904765206962,-40.20937673430979],[-71.82868453990345,-40.21001539712668],[-71.82868408748334,-40.21022111307083],[-71.82868309215911,-40.21061893490532],[-71.82877484294302,-40.21122705165266],[-71.82904692819827,-40.21198290651199],[-71.82940714446724,-40.21252888268295],[-71.82971388444886,-40.213436754163624],[-71.82985811547623,-40.214071762446885],[-71.83001374737692,-40.21477385301637],[-71.83007509527957,-40.21589155268536],[-71.82974075811453,-40.216682348938136],[-71.82949491375484,-40.21704405621394],[-71.82871186607645,-40.21770898303569],[-71.828168147178,-40.21825352898758],[-71.8278348938126,-40.218588312145265],[-71.82759393412873,-40.219316622559994],[-71.82762632751783,-40.219901228465616]]]}"
000000000000000001c2,99.99929297034107,4.89210799325842E7,2.1586533168984964E7,7000,12290.125362185248,1177.1823529411765,0.0,"38,792","38,792",-40.19124281433414,-71.70773631256078,100.0,100.0,100.0,100.0,100.0,100.0,100.0,100.0,7.070296589030028E-4,112.86106681386981,0.0,0.0,0.0,0.0,0.0,0.0,0.0,0.0,12063.328187848652,3906.568285263199,6.951623262998751,0.0,0.0,0.0,0.0,0.0,0.0,0.0,0.0,"{""type"":""Polygon"",""coordinates"":[[[-71.75008099319085,-40.22177112504324],[-71.66789928156174,-40.223695946179944],[-71.66543009839224,-40.16069788531709],[-71.74753594887518,-40.15877728938504],[-71.75008099319085,-40.22177112504324]]]}"
000000000000000001c3,99.99900403565249,4.89248861885882E7,2.298461046990082E7,7000,8491.130729938119,1115.5380859375,0.0,"39,792","39,792",-40.19313640178878,-71.62558864868711,100.0,100.0,100.0,100.0,100.0,100.0,100.0,100.0,9.959643475206598E-4,112.02364369501466,0.0,0.003985328525589021,0.0026568806493799295,0.0026568845330183373,0.010959644383546855,0.011623872852562878,0.013616545745664963,0.003985325073465992,14495.289251511318,6334.86665495994,7.656605263539423,0.0,0.0,0.0,0.0,0.0,0.0,0.0,0.0,"{""type"":""Polygon"",""coordinates"":[[[-71.66789928156174,-40.223695946179944],[-71.58570976778978,-40.22556247132654],[-71.58331649883995,-40.16256028308375],[-71.66543009839224,-40.16069788531709],[-71.66789928156174,-40.223695946179944]]]}"
000000000000000001c4,100.0,4.89285754460104E7,1.4600423282557342E7,7000,16172.47099849269,1061.8078431372548,0.0,"40,792","40,792",-40.19497174515103,-71.54343330662256,100.0,100.0,100.0,100.0,100.0,100.0,100.0,100.0,0.0,105.73983889434085,0.0,0.0,0.0,0.0,0.0,0.0,0.0,0.0,4521.005214051936,14602.951562703589,8.221403631448043,0.0,0.0,0.0,0.0,0.0,0.0,0.0,0.0,"{""type"":""Polygon"",""coordinates"":[[[-71.58570976778978,-40.22556247132654],[-71.50351269676501,-40.227370725368395],[-71.50119530310951,-40.16436449284251],[-71.58331649883995,-40.16256028308375],[-71.58570976778978,-40.22556247132654]]]}"
000000000000000001c5,99.99999999999999,4.89321476696993E7,2.474352190210195E7,7000,10319.263633446788,1031.858536585366,0.0,"41,792","41,792",-40.19674885975637,-71.4612705631479,100.0,100.0,100.0,100.0,100.0,100.0,100.0,100.0,0.0,95.98649390243904,0.0980873660346875,0.07495378758733569,0.0,0.02991972691936739,0.0,0.029302721292487708,0.06107303073524626,0.06847575436196594,8032.9817074566035,31433.18203018965,8.27533940608327,0.0,0.0,0.0,0.0,0.0,0.0,0.0,0.0,"{""type"":""Polygon"",""coordinates"":[[[-71.50351269676501,-40.227370725368395],[-71.42130840348821,-40.22912067308635],[-71.41906684471358,-40.16611055473325],[-71.50119530310951,-40.16436449284251],[-71.50351269676501,-40.227370725368395]]]}"
000000000000000001c6,99.73964286757658,4.89356028255605E7,2.3417208917993113E7,7000,8949.402707543628,1143.4617647058824,0.0,"42,792","42,792",-40.198467716765165,-71.37910063289968,100.0,100.0,100.0,100.0,100.0,100.0,100.0,100.0,0.2603571324233993,88.59039703958129,0.0,0.01042843668427289,0.006191603106259016,0.0016293699741178637,0.0035846141971855607,0.0,0.0035850855036579743,0.005213979935865749,0,66489.52245309197,7.916840952535372,0.0,0.0,0.0,0.0,0.0,0.0,0.0,0.0,"{""type"":""Polygon"",""coordinates"":[[[-71.42130840348821,-40.22912067308635],[-71.33909695071917,-40.230812234654685],[-71.33693127553987,-40.167798403846575],[-71.41906684471358,-40.16611055473325],[-71.42130840348821,-40.22912067308635]]]}"
000000000000000001c7,35.927108988973295,4.8938940880621E7,7095771.7556367265,7000,0,1503.5990196078433,0.0,"43,792","43,792",-40.20012832332414,-71.2969237507304,100.0,100.0,100.0,100.0,100.0,100.0,100.0,100.0,64.07289101102673,79.93459682695455,0.0,0.0,0.005377452482916389,0.00537744689186119,0.009679403566691863,0.0,0.0,0.0,0,45872.14607935087,6.542671581339437,0.0,0.0,0.0,0.0,0.0,0.0,0.0,0.0,"{""type"":""Polygon"",""coordinates"":[[[-71.33909695071917,-40.230812234654685],[-71.25687867247652,-40.23244552616527],[-71.25478901881917,-40.16942809622336],[-71.33693127553987,-40.167798403846575],[-71.33909695071917,-40.230812234654685]]]}"
000000000000000001c9,0.0,4.88130625387526E7,2235060.8272697036,7000,0,1420.0019723865878,0.0,"45,792","45,792",-40.2031967847978,-71.1326565733657,100.0,100.0,100.0,100.0,100.0,100.0,100.0,100.0,100.0,65.87727161100197,0.556503913642838,0.5394305282953492,0.24024797195712697,0.13780628183964358,0.3290306525888109,0.2456046806526995,0.2334178183066527,0.5069572624250929,9194.375785536318,955.9291707335668,6.675375062683944,0.0,0.0,0.0,0.0,0.0,0.0,0.0,0.0,"{""type"":""Polygon"",""coordinates"":[[[-71.0921000014608,-40.22505597808424],[-71.09048486463607,-40.17251272342],[-71.17264004419445,-40.170999537196764],[-71.17465372107498,-40.23402040777095],[-71.09509369533255,-40.23548864801222],[-71.0921000014608,-40.22505597808424]]]}"
000000000000000001ca,0.0,8944685.02755171,4082194.4246575674,7000,0,1114.3118279569892,0.0,"46,792","46,792",-40.19552303769566,-71.08107342050742,100.0,100.0,100.0,100.0,100.0,100.0,100.0,100.0,100.0,62.39303315412186,0.6659823161717776,0.6301312855687923,0.3818482609359459,0.08774207051566665,0.22933829139790948,0.13423080951783192,0.20316058987832364,0.31009224727744356,2109.043899775684,2005.3806048591632,8.020967741935483,0.0,0.0,0.0,0.0,0.0,0.0,0.0,0.0,"{""type"":""Polygon"",""coordinates"":[[[-71.0709529242326,-40.172863804676055],[-71.09048486463607,-40.17251272342],[-71.0921000014608,-40.22505597808424],[-71.09192944810381,-40.22446149068046],[-71.0742760171983,-40.21205522203191],[-71.06791180981924,-40.207578554581744],[-71.06788079827884,-40.199200995631486],[-71.0696206145967,-40.198159987867164],[-71.06954453689217,-40.198177252786],[-71.0709529242326,-40.172863804676055]]]}"
000000000000000001cb,100.0,3.83131401414806E7,3599273.5324012903,7000,0,1408.2077596996241,0.0,"37,793","37,793",-40.125148136322686,-71.77927841559512,100.0,100.0,100.0,100.0,100.0,100.0,100.0,100.0,0.0,115.41883083020444,0.0,0.0,0.0,0.0,0.0,0.0,0.0,0.0,7893.015341276653,0,6.271467540201468,0.0,0.0,0.0,0.0,0.0,0.0,0.0,0.0,"{""type"":""Polygon"",""coordinates"":[[[-71.81169851572336,-40.157235802075924],[-71.74753594887518,-40.15877728938504],[-71.7451137034309,-40.098633754104],[-71.7454821595968,-40.09845076669826],[-71.74605398536157,-40.09808541338512],[-71.74690647271095,-40.097389893589344],[-71.74783996144127,-40.09681522519404],[-71.74866293895441,-40.09620904347309],[-71.7491086836298,-40.09568512100253],[-71.82702125827602,-40.093808310649756],[-71.82706279065658,-40.09481038238605],[-71.8270232489349,-40.095002450974214],[-71.82643971389254,-40.095569362278084],[-71.82625774918695,-40.09617707686007],[-71.82622255063166,-40.09628880971583],[-71.8261345994687,-40.09654348274919],[-71.8259525441033,-40.097151171003844],[-71.82590992575963,-40.097902156747786],[-71.82635692041686,-40.09840351420834],[-71.82681015787858,-40.09870818267559],[-71.82719788396136,-40.09960282171975],[-71.82727407185469,-40.09990990291048],[-71.82766025913696,-40.1092262079032],[-71.82686345327721,-40.109844170068456],[-71.82653037950996,-40.110295142722734],[-71.82650006715572,-40.11078244978684],[-71.8262666166887,-40.11099665450714],[-71.82609695781126,-40.111318300694435],[-71.82588115158805,-40.1114878528471],[-71.8257003628654,-40.111585913780935],[-71.82541488296597,-40.1116614416208],[-71.82487993547076,-40.11138799584163],[-71.82450161701745,-40.111333754810005],[-71.82414121420636,-40.11108733075458],[-71.8230883253172,-40.11071911678052],[-71.82239674299618,-40.11024422128774],[-71.82219912191758,-40.110105289677975],[-71.82158906559611,-40.10961710185646],[-71.82122874996533,-40.10937514211514],[-71.82060186132435,-40.10864995350663],[-71.82036931138406,-40.10853335325535],[-71.82008446009688,-40.10834520240217],[-71.81981716294526,-40.10817486857309],[-71.81960207634688,-40.10803597817712],[-71.81935812435366,-40.107807618783575],[-71.81905653210913,-40.10737794421503],[-71.81857414679916,-40.10708217750368],[-71.817643216186,-40.10686163145836],[-71.81745708402866,-40.106776439460525],[-71.81717241110672,-40.106547988359885],[-71.81695759418135,-40.10634642441973],[-71.81621939742374,-40.105880344318514],[-71.81550436382474,-40.10549478777564],[-71.81443479652052,-40.10490743158968],[-71.81354466403673,-40.104664556158625],[-71.81280555447805,-40.10459189187771],[-71.81220570536391,-40.10464903302906],[-71.8111928635884,-40.10459815975569],[-71.81104672381866,-40.10481702272802],[-71.81087714730835,-40.10509389272855],[-71.8108653837264,-40.10511619487926],[-71.81080638483179,-40.10541565487068],[-71.81073453646995,-40.106135281003255],[-71.81050469399457,-40.10713181626727],[-71.81012427718683,-40.10784646953144],[-71.80975064663092,-40.108203518905434],[-71.80938896025297,-40.10847558621659],[-71.80899261594007,-40.108635914779505],[-71.80781045728254,-40.10873231024989],[-71.80747872091356,-40.1086780632067],[-71.80673923532733,-40.10870815875241],[-71.8062266980563,-40.10877878329073],[-71.80588328676532,-40.10874245814187],[-71.80553317879995,-40.10902348952392],[-71.804658495397,-40.109478017221214],[-71.80426160226172,-40.10984396646801],[-71.80359703590732,-40.110115501358635],[-71.80289762900071,-40.11038705870126],[-71.80271447444841,-40.111298684986025],[-71.80235259911271,-40.111602059539315],[-71.80174576248345,-40.112057029775336],[-71.80108082892762,-40.112449257690045],[-71.80062565450642,-40.11280163979406],[-71.80040983102052,-40.11296218775545],[-71.80035562627306,-40.11357011422926],[-71.80065687424388,-40.114084733566244],[-71.80068004019202,-40.11413840328746],[-71.80077822397708,-40.11438891761491],[-71.80081297288547,-40.11447388404277],[-71.80098635540325,-40.1149033449856],[-71.80094445765313,-40.115305642479825],[-71.80092663074699,-40.115417409735024],[-71.80078021480006,-40.11571216745255],[-71.80077442331499,-40.11572113670366],[-71.80062230630251,-40.11596225524655],[-71.80071433665124,-40.1163289905689],[-71.80102743872092,-40.11681230859284],[-71.80150424009848,-40.11702325979695],[-71.80207940513311,-40.117480202681406],[-71.80227088527049,-40.11771299489952],[-71.80243910898268,-40.11793233864788],[-71.80257719895673,-40.11850035574624],[-71.80258869136995,-40.11854502200138],[-71.80259448282213,-40.11856743807315],[-71.80238354720696,-40.119023024488556],[-71.8024338604766,-40.11974288580006],[-71.80261185717805,-40.12061047043162],[-71.80302413588807,-40.121022400807334],[-71.80370987835828,-40.1215109145605],[-71.80380208879983,-40.12183287985577],[-71.80525464859095,-40.1229887027848],[-71.8058757760531,-40.123673779826554],[-71.80629909037616,-40.12429580701999],[-71.80716417732744,-40.12523158299691],[-71.80716852085432,-40.12575020180628],[-71.80719621083686,-40.126264354758746],[-71.8070328761012,-40.126353447028336],[-71.80685117176513,-40.126755494324165],[-71.80604128315221,-40.12691953647278],[-71.8055986939925,-40.126896474873554],[-71.80516207660608,-40.126833167413245],[-71.80488852306672,-40.126774568071696],[-71.80472573009496,-40.12670275423428],[-71.80459189412103,-40.126644402011415],[-71.80423101631335,-40.12658572136422],[-71.80374734168122,-40.12669218286884],[-71.80340944768689,-40.12674973983904],[-71.80304684920802,-40.127267651766246],[-71.80283663782254,-40.12747745963869],[-71.8023172169311,-40.12784315042585],[-71.80174476707496,-40.12845014854208],[-71.80123014047528,-40.12917341933317],[-71.800596063622,-40.130929225734995],[-71.80054755990339,-40.13155951653312],[-71.80055923337365,-40.133566770687246],[-71.80032304912494,-40.13466607865196],[-71.80014106949474,-40.13513959639946],[-71.79999519614104,-40.135215306087254],[-71.79885770747099,-40.13580344620481],[-71.79901416896084,-40.1360987799259],[-71.7987851324798,-40.1367331744712],[-71.79842832028227,-40.13723322581121],[-71.79842759634131,-40.13747465645109],[-71.79863075220682,-40.137729845166355],[-71.79900892039852,-40.13787352939664],[-71.79977222334273,-40.1377809911256],[-71.79999365777405,-40.13774557784419],[-71.80023834852426,-40.137710227654296],[-71.80044865211111,-40.13751840336166],[-71.80086781099888,-40.13756832343926],[-71.80116444340291,-40.13772971146066],[-71.80157219939423,-40.13773045434977],[-71.80184068824158,-40.13753421780757],[-71.80215053151133,-40.137145843336256],[-71.80281555333241,-40.136771456899446],[-71.8032995913407,-40.13658004010945],[-71.80375439998795,-40.13641095115489],[-71.80409808504218,-40.136389130288805],[-71.80475631599593,-40.136372367573294],[-71.80517565021258,-40.1363730789471],[-71.80556584590731,-40.13637375634435],[-71.80625864116946,-40.13648665016877],[-71.80688754883671,-40.1365457947271],[-71.80778403421287,-40.13670376547587],[-71.80815069935385,-40.13681614714152],[-71.80847076184332,-40.13691500753227],[-71.80899478769108,-40.13699639334633],[-71.80952930945662,-40.13746664962288],[-71.80964486449278,-40.137793148698364],[-71.80998673341482,-40.138441925895165],[-71.81029403507627,-40.13893419527412],[-71.81063599379115,-40.139565057685],[-71.81135601521498,-40.14037990908838],[-71.81160567414241,-40.14064849991609],[-71.81183804951053,-40.14087686829944],[-71.81198871335604,-40.14117667805897],[-71.81223846227635,-40.14144527966097],[-71.81246386955769,-40.14207599412165],[-71.81249771230713,-40.14247837154932],[-71.81303259015063,-40.14283682968178],[-71.81329980251448,-40.14312337101827],[-71.81343327287978,-40.143315833794425],[-71.81357217248866,-40.143642379110005],[-71.81350186305252,-40.14377637066711],[-71.8133322878492,-40.14403543079233],[-71.81322695934237,-40.14420064269653],[-71.81316787039673,-40.14450457708296],[-71.81297449654237,-40.144911048057864],[-71.81297920194405,-40.14531337674347],[-71.81320524212012,-40.14574738187391],[-71.81335545287699,-40.1462035778216],[-71.81335445750474,-40.146570202004824],[-71.81331853361318,-40.14692776690585],[-71.81297386312289,-40.14727593299593],[-71.81282808612436,-40.147329283471024],[-71.81265317173575,-40.1473871381293],[-71.81216960036535,-40.14740423651717],[-71.81186555810986,-40.147806066707616],[-71.81150333119872,-40.14817208899241],[-71.81114083240871,-40.148658782025464],[-71.81041103766276,-40.14922976168388],[-71.80983253953666,-40.149863629125946],[-71.8093533073829,-40.150412725281846],[-71.80888601914353,-40.15087236099956],[-71.80883344464925,-40.15092597930264],[-71.80838316773055,-40.151497434099205],[-71.80843945238016,-40.152212754403045],[-71.80886258232184,-40.152977881999625],[-71.80930969142982,-40.15351960149961],[-71.80986828284253,-40.15375738163223],[-71.81052478259548,-40.15441115661273],[-71.81076132125158,-40.155274379243636],[-71.8111483429969,-40.15646413529388],[-71.81121222823397,-40.156549155357766],[-71.81159535840952,-40.157059395000324],[-71.81169851572336,-40.157235802075924]]]}"
000000000000000001cc,99.96688769480271,4.10304009825681E7,2.524436512183966E7,7000,9697.126549492581,1016.6208530805685,0.0,"38,793","38,793",-40.13298982568089,-71.70548068953633,100.0,100.0,100.0,100.0,100.0,100.0,100.0,100.0,0.033112305197286376,120.51051540284361,0.0,0.0,0.0,0.0,0.0,0.0,0.0,0.0,17704.225344684022,16056.79384654718,8.11879695783859,0.0,0.0,0.0,0.0,0.0,0.0,0.0,0.0,"{""type"":""Polygon"",""coordinates"":[[[-71.7451137034309,-40.098633754104],[-71.74753594887518,-40.15877728938504],[-71.66543009839224,-40.16069788531709],[-71.66296868251274,-40.09769899002746],[-71.66956120578985,-40.09754711082607],[-71.66974352990567,-40.09812992456206],[-71.67007133284366,-40.09895787887248],[-71.67079420009728,-40.099947924573435],[-71.6712821459211,-40.10016389896047],[-71.67170644999133,-40.10030816140718],[-71.67223585614525,-40.10037672322617],[-71.67258474954835,-40.10046262591004],[-71.67284211930452,-40.10020852873412],[-71.67309242772245,-40.10020030697721],[-71.67323183992411,-40.10027220821489],[-71.67331249981407,-40.10045126790191],[-71.67310166151944,-40.100709935091196],[-71.67282138850847,-40.10087454795134],[-71.67249440303021,-40.101079246699484],[-71.67225486695247,-40.10127084448672],[-71.67232882803496,-40.10162868857166],[-71.67239201631516,-40.1018032297767],[-71.67251848336711,-40.10213886681173],[-71.67256401873624,-40.10236247012409],[-71.6732497643458,-40.10260587570965],[-71.67354886667401,-40.10336663560813],[-71.67356461842354,-40.10371988333987],[-71.67425488832322,-40.10424483109628],[-71.67510231148047,-40.10477923765713],[-71.67626413136043,-40.10532342982597],[-71.67734809459749,-40.10631437061339],[-71.67769118895488,-40.10639129545884],[-71.67826575805123,-40.10678633751051],[-71.67933577378844,-40.107035162119445],[-71.68011963507206,-40.107497832602945],[-71.68179887895657,-40.108213241751166],[-71.68283330705934,-40.108605018383294],[-71.68375874043765,-40.10867461770497],[-71.68454539751198,-40.10853369259719],[-71.68565178361976,-40.10849646941446],[-71.68725686067108,-40.108889711867576],[-71.68850744122294,-40.109138933336745],[-71.69022194643189,-40.10981860512314],[-71.69053470236291,-40.110168092393344],[-71.69086465728623,-40.110602640512575],[-71.69095563245406,-40.11108123596561],[-71.69099537184788,-40.11130039156918],[-71.69080717545086,-40.111711161337325],[-71.69038090433136,-40.111987168629796],[-71.68973466214415,-40.11198544948034],[-71.68903528165664,-40.11212664567534],[-71.68855062079272,-40.11244271481472],[-71.6884363804931,-40.11322924789755],[-71.6884886123941,-40.11326513308048],[-71.6888948803476,-40.11355682550765],[-71.68961870231837,-40.114430484107245],[-71.69046536199969,-40.11519722674533],[-71.69149469375552,-40.11548601598712],[-71.6925655719517,-40.11558274165054],[-71.693694290106,-40.11578247815152],[-71.69450228663318,-40.1160975256861],[-71.69604821039368,-40.1167498219768],[-71.69739914521736,-40.116739966956914],[-71.69831304170286,-40.11680938575407],[-71.69947242654659,-40.116664862464255],[-71.70076025500802,-40.11644025178273],[-71.70161802001569,-40.116013241876345],[-71.70212139922123,-40.11541998565086],[-71.70277703115248,-40.11461700356149],[-71.70346217100939,-40.11372468191523],[-71.70417527978589,-40.113069308245144],[-71.70506698039893,-40.11288833804529],[-71.70577782273587,-40.11276945584914],[-71.70667205351565,-40.111967006029424],[-71.70795116409282,-40.11104485227943],[-71.70937745115152,-40.111075279569974],[-71.71065827102495,-40.11110528452277],[-71.71154932043484,-40.11104495909944],[-71.71221479988785,-40.110630855639585],[-71.71226539871925,-40.10967428568599],[-71.71321120620945,-40.10905076519929],[-71.7146433539647,-40.1090811544266],[-71.71630712489583,-40.109407076178215],[-71.71818151598168,-40.10949663388927],[-71.72027086829775,-40.10969388640314],[-71.72136238054625,-40.10902600615323],[-71.72263518839213,-40.108143890587186],[-71.72448066951306,-40.10672221760249],[-71.7255144204139,-40.10590206516878],[-71.72736079041154,-40.10423447256085],[-71.72824238111312,-40.10360176356412],[-71.72933250907695,-40.103237776177295],[-71.73045132559888,-40.10296321496991],[-71.73139056372321,-40.10247807629398],[-71.73209030658799,-40.10217570995127],[-71.73303044510472,-40.10144920830213],[-71.73363143721082,-40.10108848452213],[-71.73460551272711,-40.10059897040387],[-71.73511879740045,-40.100358739707794],[-71.73569561943432,-40.10020802172251],[-71.7366626290083,-40.10005827175074],[-71.7375136023004,-40.099783003766554],[-71.7388131379522,-40.09941940279824],[-71.73936062847085,-40.09933120190322],[-71.74029902634557,-40.09902488527579],[-71.74114935657406,-40.098932882704204],[-71.74217952482265,-40.09896646181919],[-71.74293608366492,-40.09902627771312],[-71.74378559242918,-40.09914884483628],[-71.7446306640958,-40.09887352540707],[-71.7451137034309,-40.098633754104]]]}"
000000000000000001cd,100.0,4.89255973153665E7,2.41443222277453E7,7000,21230.351729975897,1035.2017629774732,0.0,"39,793","39,793",-40.13013582794497,-71.62316121174767,100.0,100.0,100.0,100.0,100.0,100.0,100.0,100.0,0.0,113.06784579667645,0.0,0.0,0.0,0.0,0.0,0.0,0.0,0.0,11126.267818469758,32274.71495151341,7.756081491807806,0.0,0.0,0.0,0.0,0.0,0.0,0.0,0.0,"{""type"":""Polygon"",""coordinates"":[[[-71.66543009839224,-40.16069788531709],[-71.58331649883995,-40.16256028308375],[-71.58093063840988,-40.09955722669308],[-71.66296868251274,-40.09769899002746],[-71.66543009839224,-40.16069788531709]]]}"
000000000000000001ce,100.0,4.89292867343254E7,3.2761449049280554E7,7000,7073.995222122133,1013.6745329400197,0.0,"40,793","40,793",-40.131967124386854,-71.54108165071509,100.0,100.0,100.0,100.0,100.0,100.0,100.0,100.0,0.0,100.08046364379086,0.4837385116938971,0.5247498496600949,0.48420536711454404,0.5599359542099841,0.5151977333432356,0.584638488670833,0.5599377728877674,0.5622688261089046,19728.883566162953,51233.42529915166,7.922774541518268,0.0,0.0,0.0,0.0,0.0,0.0,0.0,0.0,"{""type"":""Polygon"",""coordinates"":[[[-71.58331649883995,-40.16256028308375],[-71.50119530310951,-40.16436449284251],[-71.49888514004074,-40.10135753876642],[-71.58093063840988,-40.09955722669308],[-71.58331649883995,-40.16256028308375]]]}"
000000000000000001cf,100.00000000000003,4.89328591144211E7,2.5926718553955335E7,7000,10880.331449334844,956.5371819960862,0.0,"41,793","41,793",-40.133740310098275,-71.45899465690249,100.0,100.0,100.0,100.0,100.0,100.0,100.0,100.0,0.0,93.00768025716145,0.017675628305639558,0.015908919963591218,0.025335774732060855,0.0032400982830598593,0.027985997826989763,0.0035337640082035255,0.03093047680083365,0.004711682538919775,0,43494.12008664892,8.05498909726739,0.0,0.0,0.0,0.0,0.0,0.0,0.0,0.0,"{""type"":""Polygon"",""coordinates"":[[[-71.50119530310951,-40.16436449284251],[-71.41906684471358,-40.16611055473325],[-71.41683233837576,-40.10309971003208],[-71.49888514004074,-40.10135753876642],[-71.50119530310951,-40.16436449284251]]]}"
000000000000000001d0,84.67653134770863,4.89363144215842E7,3.610447808683169E7,7000,10620.770666816376,944.9430255402751,0.0,"42,793","42,793",-40.13545537498669,-71.37690052145915,93.61517757475008,93.6170804773454,93.59714848234952,93.59334062603608,93.57490623733942,93.56158125170295,93.56348415429827,93.55396656454238,15.32346865229138,88.48578058554139,0.12149100255907655,0.19338934251322604,0.10933726552163135,0.06620029135031852,0.03997312153860339,0.07676556088317202,0.06767093475116243,0.13831537831999183,2988.0940666879274,134615.18908775045,8.23851356094555,6.384822425249919,6.382919522654597,6.402851517650478,6.406659373963916,6.425093762660579,6.4384187482970585,6.436515845701737,6.446033435457629,"{""type"":""Polygon"",""coordinates"":[[[-71.41906684471358,-40.16611055473325],[-71.33693127553987,-40.167798403846575],[-71.3347725650525,-40.1047838567497],[-71.41683233837576,-40.10309971003208],[-71.41906684471358,-40.16611055473325]]]}"
000000000000000001d1,4.901850714223777,4.89396526228326E7,4.303639264289328E7,7000,0,988.6598039215686,0.0,"43,793","43,793",-40.137112292672015,-71.29479944912508,82.90396959443092,82.84487085690321,82.76577020632013,82.67952930908372,82.58958836841647,82.48417438495227,82.48417438495227,82.44744106334423,95.09814928577626,82.849014556755,1.6269105450258818,1.8910914643887857,1.3729476810610455,1.4648484347947446,1.3990236425761058,1.7055986768153781,1.8333657003868649,2.2460226853603067,10410.24297198211,187038.18092653668,8.965648935634325,17.096030405569078,17.155129143096783,17.234229793679866,17.32047069091628,17.410411631583532,17.515825615047735,17.515825615047735,17.55255893665577,"{""type"":""Polygon"",""coordinates"":[[[-71.33693127553987,-40.167798403846575],[-71.25478901881917,-40.16942809622336],[-71.25270587940737,-40.10640989918445],[-71.3347725650525,-40.1047838567497],[-71.33693127553987,-40.167798403846575]]]}"
000000000000000001d2,0.0,4.89428736863465E7,3.0894442723618113E7,7000,0,1120.2923976608188,0.0,"44,793","44,793",-40.13871108949626,-71.21269170941164,85.9112013269457,85.81775450731391,85.58413715348529,85.45064321531696,85.2770943277413,84.97005640813592,84.97005640813592,84.88327800197978,100.00000000000003,74.5162950779727,0.841020441756739,1.0068944915898297,0.7891015189090322,0.5028369314893026,0.7275470356277248,0.9470800834727476,1.0518955082471628,1.0086318659317772,598.944490656077,92088.32481231491,8.930025098477191,14.088798673054292,14.182245492686093,14.415862846514715,14.549356784683045,14.722905672258705,15.02994359186408,15.02994359186408,15.11672199802023,"{""type"":""Polygon"",""coordinates"":[[[-71.25478901881917,-40.16942809622336],[-71.17264004419445,-40.170999537196764],[-71.1706327934136,-40.10797783351544],[-71.25270587940737,-40.10640989918445],[-71.25478901881917,-40.16942809622336]]]}"
000000000000000001d3,0.0,4.89459775813572E7,2.0515112845071208E7,7000,0,1146.17583497053,0.0,"45,793","45,793",-40.14025166626234,-71.13057752678644,100.0,100.0,100.0,100.0,100.0,100.0,100.0,100.0,100.0,69.03134200196271,0.18310556682436607,0.26610203360329665,0.1961326218433479,0.030516533749611524,0.07554770829668633,0.05657050797282709,0.18904863291857882,0.3263822261813498,0,26804.792442806804,8.790731912599812,0.0,0.0,0.0,0.0,0.0,0.0,0.0,0.0,"{""type"":""Polygon"",""coordinates"":[[[-71.17264004419445,-40.170999537196764],[-71.09048486463607,-40.17251272342],[-71.08855327476336,-40.10948764076971],[-71.1706327934136,-40.10797783351544],[-71.17264004419445,-40.170999537196764]]]}"
000000000000000001d4,0.0,1.46798752183638E7,4215226.720158443,7000,0,1128.4117647058824,0.0,"46,793","46,793",-40.1391574516468,-71.07695861571983,100.0,100.0,100.0,100.0,100.0,100.0,100.0,100.0,99.99999289365299,64.53244144880173,0.0,0.0,0.0,0.0,0.0,0.0,0.0,0.0,0,0,8.572351707508362,0.0,0.0,0.0,0.0,0.0,0.0,0.0,0.0,"{""type"":""Polygon"",""coordinates"":[[[-71.06130539182482,-40.10997597756206],[-71.08855327476336,-40.10948764076971],[-71.09048486463607,-40.17251272342],[-71.0709529242326,-40.172863804676055],[-71.07122051002374,-40.16805198480627],[-71.06201431556616,-40.13625637025044],[-71.06130539182482,-40.10997597756206]]]}"
000000000000000001d6,99.84321283546147,7907469.40047241,1491846.6438868216,7000,0,1322.5833333333333,0.0,"38,794","38,794",-40.05608346640771,-71.67042239099486,100.0,100.0,100.0,100.0,100.0,100.0,100.0,100.0,0.15678716453855693,113.04166666666667,0.0,0.0,0.0,0.0,0.0,0.0,0.0,0.0,2004.4250209507163,0,7.174478912353516,0.0,0.0,0.0,0.0,0.0,0.0,0.0,0.0,"{""type"":""Polygon"",""coordinates"":[[[-71.66956120578985,-40.09754711082607],[-71.66296868251274,-40.09769899002746],[-71.66051494357859,-40.034699252147874],[-71.68934215471644,-40.03403333646075],[-71.68940986590191,-40.03483763406402],[-71.68942244859393,-40.03591059844133],[-71.68924873498327,-40.03702774183658],[-71.68889089733088,-40.037710789008685],[-71.68853948643878,-40.03823735147113],[-71.68806586869516,-40.03879492949026],[-71.68706676115042,-40.03979358829399],[-71.68618324956387,-40.04093117968315],[-71.68621574762405,-40.04144981283867],[-71.68621945910147,-40.04191031179951],[-71.68630509464217,-40.042268206312244],[-71.68637244435415,-40.04280484720522],[-71.68632926450005,-40.043336710472595],[-71.68618750418474,-40.04381018876357],[-71.68580169132046,-40.0442293440002],[-71.68509542268298,-40.04477290060621],[-71.68484476122644,-40.04487947027234],[-71.68422032460231,-40.045333799491964],[-71.68357117359582,-40.04607411150718],[-71.68340189261939,-40.04621218225326],[-71.68306776611733,-40.04676120143785],[-71.68267570340625,-40.04727420167109],[-71.68247066465287,-40.04758209405407],[-71.68246297003934,-40.04799337968727],[-71.68246106901715,-40.04840462337836],[-71.68247645824411,-40.04884729082556],[-71.68234709819056,-40.049133003922],[-71.68195512515166,-40.04962820649666],[-71.68148249376463,-40.04993982079177],[-71.68118439436465,-40.0502340314082],[-71.68094486455838,-40.050461355987814],[-71.6803436856239,-40.05088889452868],[-71.67975382130021,-40.051379037961794],[-71.6795125704726,-40.05196394265977],[-71.67953981869869,-40.052366438831626],[-71.6794965474283,-40.05291612039757],[-71.67909696685291,-40.053759943256644],[-71.6789914137705,-40.05393849374141],[-71.6783902312945,-40.05436598454495],[-71.6778535928621,-40.05466400222534],[-71.67731559566766,-40.055257136720904],[-71.67686586084692,-40.05562690235103],[-71.67645505181663,-40.05639914176613],[-71.6761275267561,-40.056760378362554],[-71.6760204337765,-40.05725624189881],[-71.67589061857146,-40.057649345471596],[-71.67578307288197,-40.058230176290905],[-71.67545563768527,-40.05858240704212],[-71.67540231740841,-40.05878791894498],[-71.67503939529645,-40.059247322854176],[-71.67373924552778,-40.05983384335303],[-71.67300298661682,-40.06050228088133],[-71.67297374625015,-40.06052906138217],[-71.67211989019768,-40.061456501627816],[-71.6711592089888,-40.06281726451325],[-71.67085793183736,-40.06375968789932],[-71.67055095114175,-40.06466628488876],[-71.67018648475182,-40.065452118122955],[-71.6691147194993,-40.06689296931292],[-71.66887445675842,-40.0672364887096],[-71.66847631186457,-40.06776288708887],[-71.66808975417898,-40.06828035076689],[-71.66810532512956,-40.06866485815851],[-71.66808432245186,-40.06939350578524],[-71.66809853547096,-40.07006411973707],[-71.66808468456699,-40.07052006813282],[-71.66782595319619,-40.071069184298416],[-71.66752756995199,-40.071408101824815],[-71.6671306003244,-40.071679634405164],[-71.6670307467723,-40.07186266594973],[-71.66680234184378,-40.07216602108399],[-71.66650332397755,-40.07263455660459],[-71.66643678499715,-40.073139523760474],[-71.66626686158136,-40.07338040189261],[-71.66638798973638,-40.07360426533484],[-71.6666179339453,-40.0741771382193],[-71.66676124161408,-40.07462913051807],[-71.66709094860015,-40.0750324240299],[-71.6674729809982,-40.07546263717729],[-71.6680184174891,-40.075777159875365],[-71.66854683369836,-40.07602006645237],[-71.66916858395584,-40.07620513335769],[-71.67042756129838,-40.07700447904043],[-71.67064048343525,-40.07750132302354],[-71.67118618631658,-40.077775552191724],[-71.6719583887638,-40.078144304080595],[-71.67278327643025,-40.07845954627968],[-71.67328724267892,-40.07894381352685],[-71.67368474812098,-40.07978534650825],[-71.67388526594418,-40.08046099651061],[-71.67389712500805,-40.08162782817311],[-71.67381791369563,-40.0823786045242],[-71.67377518484268,-40.082780821629164],[-71.6734125325348,-40.08316872334789],[-71.67295663656073,-40.083569766874334],[-71.67198192597316,-40.0841437438418],[-71.67175442972197,-40.08425485777043],[-71.67149751176287,-40.08444186934964],[-71.67125752232711,-40.08472731720517],[-71.67032970035557,-40.08522533883506],[-71.66991372313113,-40.08578298912814],[-71.66893076552486,-40.086866506691884],[-71.66858539890538,-40.087267837284806],[-71.66820608364681,-40.08746797167422],[-71.66801407210646,-40.087467408693534],[-71.66755925507859,-40.087627005229194],[-71.66704658935963,-40.08772391328664],[-71.6667902109395,-40.08778128270859],[-71.66660263451271,-40.08806685748992],[-71.6666533308547,-40.0884112189584],[-71.66668555923951,-40.088952216178996],[-71.66717441637951,-40.09016511453178],[-71.66796011693422,-40.0937661068934],[-71.66938232165455,-40.096975515389325],[-71.66956120578985,-40.09754711082607]]]}"
000000000000000001d7,100.0,4.89263081880482E7,5282914.974517756,7000,415.63136029612906,1389.1380999020566,0.0,"39,794","39,794",-40.06713444557456,-71.62074139983113,100.0,100.0,100.0,100.0,100.0,100.0,100.0,100.0,0.0,104.74889011078528,0.0,0.0,0.0,0.0,0.007124318952567306,0.0,0.006505552749872585,0.0,11615.806992668457,144.10217594038534,6.479702676379669,0.0,0.0,0.0,0.0,0.0,0.0,0.0,0.0,"{""type"":""Polygon"",""coordinates"":[[[-71.66296868251274,-40.09769899002746],[-71.58093063840988,-40.09955722669308],[-71.57855236777303,-40.03655341441962],[-71.66051494357859,-40.034699252147874],[-71.66296868251274,-40.09769899002746]]]}"
000000000000000001d8,99.99999999999999,4.89299977684785E7,1.1883358699027453E7,7000,10784.498102390293,1305.0765456329734,0.0,"40,794","40,794",-40.06896169054454,-71.5387373311237,100.0,100.0,100.0,100.0,100.0,100.0,100.0,100.0,0.0,96.38164088081206,0.0,0.0,0.0,0.0,0.0,0.0,0.0,0.0,4622.878313028453,15955.660366099297,6.56632491750661,0.0,0.0,0.0,0.0,0.0,0.0,0.0,0.0,"{""type"":""Polygon"",""coordinates"":[[[-71.58093063840988,-40.09955722669308],[-71.49888514004074,-40.10135753876642],[-71.49658220771299,-40.03834971946648],[-71.57855236777303,-40.03655341441962],[-71.58093063840988,-40.09955722669308]]]}"
000000000000000001d9,100.00000000000003,4.89335703049452E7,2772310.146589992,7000,1944.2752920699752,1369.619373776908,0.0,"41,794","41,794",-40.07073098326956,-71.45672590046864,100.0,100.0,100.0,100.0,100.0,100.0,100.0,100.0,0.0,86.77653186274512,0.0,0.0,0.0,0.0,0.0,0.0,0.0,0.0,0,10132.60144830476,6.324736645268461,0.0,0.0,0.0,0.0,0.0,0.0,0.0,0.0,"{""type"":""Polygon"",""coordinates"":[[[-71.49888514004074,-40.10135753876642],[-71.41683233837576,-40.10309971003208],[-71.4146048846162,-40.040088071227146],[-71.49658220771299,-40.03834971946648],[-71.49888514004074,-40.10135753876642]]]}"
000000000000000001da,44.44351871616379,4.89370257633576E7,5680668.316243429,7000,8826.657815843391,1267.2512266928363,0.0,"42,794","42,794",-40.072442249583425,-71.37470734458562,100.0,100.0,100.0,100.0,100.0,100.0,100.0,100.0,55.5564812838362,83.38051470588235,1.12889036006565,0.8122706768765025,1.0989630013760174,0.5670804221434093,0.5970141962546671,0.54491224129527,0.6189063521596683,0.8663113516050357,2850.8111416191527,58992.643721981774,6.910214459288356,0.0,0.0,0.0,0.0,0.0,0.0,0.0,0.0,"{""type"":""Polygon"",""coordinates"":[[[-71.41683233837576,-40.10309971003208],[-71.3347725650525,-40.1047838567497],[-71.33262054754206,-40.041768480637536],[-71.4146048846162,-40.040088071227146],[-71.41683233837576,-40.10309971003208]]]}"
000000000000000001db,0.0,4.89403641107503E7,3.038594390612304E7,7000,5026.200893886331,1023.2286555446516,0.0,"43,794","43,794",-40.07409551151676,-71.29268187456232,98.1253639954879,98.1230999283582,98.08236285936374,98.00089051064263,97.92393879924373,97.89224409002426,97.89224409002426,97.88092403639217,100.00000000000003,79.70116355293345,0.5085864479402082,0.42239223291151723,0.5121744156312338,0.2416062320549305,0.3464335977511436,0.22034390525682396,0.4693629615618212,0.4047534838082933,9340.089708487738,72652.27499418624,8.253592495838566,1.8746360045120931,1.8769000716418003,1.9176371406362587,1.9991094893573653,2.0760612007562727,2.10775590997574,2.10775590997574,2.119075963607829,"{""type"":""Polygon"",""coordinates"":[[[-71.3347725650525,-40.1047838567497],[-71.25270587940737,-40.10640989918445],[-71.25062943562637,-40.04339089817305],[-71.33262054754206,-40.041768480637536],[-71.3347725650525,-40.1047838567497]]]}"
000000000000000001dc,0.0,4.89435853152763E7,4.840930447959022E7,7000,0,898.3063414634147,0.0,"44,794","44,794",-40.075690713434284,-71.21064975072846,99.99700958129856,99.99700958129856,99.99700958129856,99.99700958129856,99.99700958129856,99.99700958129856,99.99700958129856,99.99700958129856,99.99999999999999,73.30314127604167,0.016731926684107678,0.02273009937918199,0.0044197253698762765,0.0067876512155778035,0.003630631823340538,0.02304571849076878,0.023361474085532408,0.01909976868564052,10188.15270336325,15138.372726203617,9.294640290737153,0.002990418701439078,0.002990418701439078,0.002990418701439078,0.002990418701439078,0.002990418701439078,0.002990418701439078,0.002990418701439078,0.002990418701439078,"{""type"":""Polygon"",""coordinates"":[[[-71.25270587940737,-40.10640989918445],[-71.1706327934136,-40.10797783351544],[-71.16863178752995,-40.04495535019965],[-71.25062943562637,-40.04339089817305],[-71.25270587940737,-40.10640989918445]]]}"
000000000000000001dd,0.0,4.89466893461911E7,4.7900111211687185E7,7000,0,885.7436149312377,0.0,"45,794","45,794",-40.077227897627914,-71.12861121615445,98.70997768526114,98.7071060039458,98.7071060039458,98.7071060039458,98.70279870301766,98.69849148035834,98.69849148035834,98.69274850376777,100.00000000000003,70.08206450556646,0.005104883450753718,0.0057438549564218545,0.0011164184643900434,0.0,0.003030396276572911,0.00622111247086846,0.014361998473402303,0.016595100789816075,9459.955507453742,34815.26235254969,9.858307830570721,1.2900223147388659,1.2928939960541985,1.2928939960541985,1.2928939960541985,1.29720129698233,1.3015085196416565,1.3015085196416565,1.3072514962322257,"{""type"":""Polygon"",""coordinates"":[[[-71.1706327934136,-40.10797783351544],[-71.08855327476336,-40.10948764076971],[-71.08662784144012,-40.0464618633312],[-71.16863178752995,-40.04495535019965],[-71.1706327934136,-40.10797783351544]]]}"
000000000000000001de,0.0,1.57114240152078E7,1.5638883839462074E7,7000,0,860.8159509202454,0.0,"46,794","46,794",-40.07893158955208,-71.07441722435453,100.0,100.0,100.0,100.0,100.0,100.0,100.0,100.0,99.99999808366702,66.20638420245398,0.0,0.007821908167759177,0.0,0.0,0.0,0.0039109563035869205,0.00782217643524526,0.007333165153128716,4504.960068771545,10891.588313677194,10.003038832307592,0.0,0.0,0.0,0.0,0.0,0.0,0.0,0.0,"{""type"":""Polygon"",""coordinates"":[[[-71.06328453554129,-40.0468800419767],[-71.08662784144012,-40.0464618633312],[-71.08855327476336,-40.10948764076971],[-71.06130539182482,-40.10997597756206],[-71.06034483356217,-40.074332881026],[-71.06328453554129,-40.0468800419767]]]}"
000000000000000001df,99.90836376522466,5617831.85088208,672152.511272386,7000,0,1353.0892857142856,0.0,"38,795","38,795",-40.016977363771154,-71.66780911869223,100.0,100.0,100.0,100.0,100.0,100.0,100.0,100.0,0.09163623477534595,114.95089285714286,0.0,0.0,0.0,0.0,0.0,0.0,0.0,0.0,1194.8625783991542,0,7.259421648297992,0.0,0.0,0.0,0.0,0.0,0.0,0.0,0.0,"{""type"":""MultiPolygon"",""coordinates"":[[[[-71.65867589497111,-39.98734185283847],[-71.65860310776446,-39.98546467088686],[-71.65900977439225,-39.98592071891941],[-71.6592971204596,-39.98658764775233],[-71.65925529505498,-39.98680209005915],[-71.65908002663573,-39.986993841479155],[-71.65867589497111,-39.98734185283847]]],[[[-71.68934215471644,-40.03403333646075],[-71.66051494357859,-40.034699252147874],[-71.65873564565128,-39.988880907240215],[-71.65922143639024,-39.98894338530407],[-71.65990739053986,-39.98890960770925],[-71.66061660969947,-39.98888492468829],[-71.66145284179052,-39.989021479771736],[-71.66230545777962,-39.989381585586166],[-71.66369491479773,-39.99047193568677],[-71.66491607145046,-39.991535023154],[-71.66584626227943,-39.99267771258934],[-71.66642809419054,-39.99375680042348],[-71.6666359492526,-39.99403453474266],[-71.6668295911122,-39.994862118589346],[-71.66651328219118,-39.99536191693233],[-71.66616890888567,-39.99564702204609],[-71.66574903369539,-39.99593199869934],[-71.66543254268892,-39.99646303278235],[-71.66522043198623,-39.997056990776635],[-71.6653859199895,-39.99767892865449],[-71.66568068397547,-39.99802846768026],[-71.66571535674905,-39.998073282287834],[-71.66599219563165,-39.99852554913965],[-71.66679908279491,-39.998751424205764],[-71.66853452180034,-39.99927943016694],[-71.66968993712727,-39.99955101041886],[-71.6703625620815,-39.99989264708456],[-71.6708237122398,-40.000703132175],[-71.67087006259332,-40.00073901872884],[-71.67088101648453,-40.00088659900913],[-71.67089740205664,-40.00110572716893],[-71.67112517047816,-40.00208541525539],[-71.67125553071281,-40.00278761273954],[-71.67147868196804,-40.00352591719177],[-71.67172871982945,-40.00472473600497],[-71.67192299241886,-40.005427106757956],[-71.67189592462313,-40.006227256448945],[-71.67144726879837,-40.00764760599872],[-71.67139421946187,-40.0077994964079],[-71.67097860568109,-40.008397345319004],[-71.67111150075615,-40.008567601767],[-71.67119822653262,-40.00867958895273],[-71.67129563458025,-40.010177517199445],[-71.67134026483792,-40.01056660359699],[-71.67123968832591,-40.01093737623934],[-71.67036392000396,-40.01291527962576],[-71.67026705485254,-40.013706285435845],[-71.67021128948154,-40.01442145111464],[-71.67046938530031,-40.01515086223426],[-71.67089595360831,-40.015934402891254],[-71.67117133973377,-40.01669069614118],[-71.67130043255956,-40.01766116640165],[-71.67133501421968,-40.01893087349317],[-71.67151253938678,-40.01950361336529],[-71.67197939119684,-40.02035878800242],[-71.67230139816174,-40.02112869305755],[-71.67245176453469,-40.021298967936644],[-71.67295428284675,-40.02199329727821],[-71.67351528104466,-40.0226341670496],[-71.67373499074719,-40.02289857575457],[-71.67396646883861,-40.023122732466746],[-71.67414028098737,-40.02325283838286],[-71.67419233408717,-40.02331561303595],[-71.67429634973514,-40.023454472262024],[-71.67455688661121,-40.02369661556935],[-71.67464822836546,-40.02405447720487],[-71.67471096356964,-40.02430947673616],[-71.67467927912456,-40.024859326333576],[-71.674684077055,-40.025069441144154],[-71.67470037191262,-40.02531534747389],[-71.67494741996137,-40.02594191964589],[-71.67582281409621,-40.02651660883373],[-71.67664090268154,-40.0269078186897],[-71.67718596202178,-40.027244651367745],[-71.67797580310776,-40.0274568927637],[-71.6786444281437,-40.02748560923156],[-71.67900997156187,-40.02764757496234],[-71.6801407275143,-40.02835259335703],[-71.68079730831793,-40.028461624852596],[-71.6818145397894,-40.02856283599291],[-71.6826052750982,-40.028596297051],[-71.68294836401549,-40.0285837963592],[-71.6837674307907,-40.02879167534437],[-71.68436009422442,-40.02890056028431],[-71.68482475537432,-40.02902256683154],[-71.68563331672442,-40.02895769235216],[-71.68598246760592,-40.028918385555784],[-71.68601713825929,-40.028963177228476],[-71.68629604226047,-40.029022040781115],[-71.68660925452295,-40.02919278717763],[-71.68716543186763,-40.029659247968304],[-71.68752354295736,-40.030183281932295],[-71.6881187343179,-40.03102083571363],[-71.68855206916395,-40.03164788711809],[-71.6889272876183,-40.03224789703892],[-71.68920220615283,-40.033178495874225],[-71.68931608409589,-40.03372424016726],[-71.68934215471644,-40.03403333646075]]]]}"
000000000000000001e0,100.0,4.81605041282653E7,1.3291536481049445E7,7000,1412.9956439221648,1270.618,10.794258181375586,"39,795","39,795",-40.00457129761223,-71.61783687312837,100.0,100.0,100.0,100.0,100.0,100.0,100.0,100.0,0.0,106.12739019706079,0.0,0.010931947774967817,0.013233415491500956,0.005178329225584741,0.0259275896179875,0.0,0.014668425592013302,0.024740827202270742,13378.959825651316,1039.0373147761486,6.792558660870325,0.0,0.0,0.0,0.0,0.0,0.0,0.0,0.0,"{""type"":""Polygon"",""coordinates"":[[[-71.65873564565128,-39.988880907240215],[-71.66051494357859,-40.034699252147874],[-71.57855236777303,-40.03655341441962],[-71.57618150599345,-39.97354882259244],[-71.61996635049864,-39.97256682716368],[-71.62019044132647,-39.97284886313815],[-71.62094818411938,-39.97347720396489],[-71.62143366737638,-39.97395714086163],[-71.62198859507092,-39.97447305271579],[-71.623303251265,-39.97527306200113],[-71.62369067548471,-39.97561861385978],[-71.62404360326029,-39.975901402400595],[-71.62444451717627,-39.97590265416945],[-71.62507277765943,-39.97578396823028],[-71.6254453512367,-39.97565558473635],[-71.62583096219224,-39.975272367389096],[-71.6261472189816,-39.97481735005994],[-71.6262722548649,-39.974258937171534],[-71.62672866713437,-39.97367478058757],[-71.62744103482154,-39.97302882785566],[-71.62801261192416,-39.972646212762925],[-71.62834471108484,-39.97247292929262],[-71.62845417335915,-39.97237453460647],[-71.65153434426797,-39.97184853053813],[-71.65163012846092,-39.97195956136189],[-71.65203354438277,-39.9726090635571],[-71.65205083621237,-39.972635904930485],[-71.65225906236225,-39.972824315391414],[-71.65268438650381,-39.973746504902714],[-71.65200158618231,-39.9754879857798],[-71.65153271466897,-39.9762733771161],[-71.65125016019194,-39.976978869149235],[-71.65119448217487,-39.977653743879785],[-71.65144082338014,-39.97833845686395],[-71.65163574152243,-39.97886211237229],[-71.65190272396771,-39.97893896488364],[-71.65215666943257,-39.97927050952316],[-71.65273662402072,-39.97950922094823],[-71.65346079631294,-39.97994950700144],[-71.65406944747133,-39.980246380822486],[-71.65496073963388,-39.98095984751241],[-71.65534215220171,-39.981385672521235],[-71.65558342054877,-39.9819541426346],[-71.65592916276562,-39.98253186044375],[-71.6560900382444,-39.98290341537468],[-71.6562335315014,-39.98326144922143],[-71.65739206754593,-39.98401592552549],[-71.65792466505246,-39.98443330200983],[-71.65831032921322,-39.985167579163225],[-71.65842611890596,-39.98526624705306],[-71.65860310776446,-39.98546467088686],[-71.65867589497111,-39.98734185283847],[-71.65862474475914,-39.98738592276468],[-71.65829276611322,-39.98752800191399],[-71.6580530387592,-39.98782678947415],[-71.65797509111945,-39.988291512300066],[-71.65810129205086,-39.98864055875812],[-71.6586522662901,-39.9888701756844],[-71.65873564565128,-39.988880907240215]]]}"
000000000000000001e1,100.00000000000003,4.89307085450155E7,1.5890464374844069E7,7000,8400.629259751398,1156.9616141732283,50.16823144392135,"40,795","40,795",-40.0059554811812,-71.53640041357642,100.0,100.0,100.0,100.0,100.0,100.0,100.0,100.0,0.0,97.9807645034415,0.0,0.0,0.0,0.0,0.0,0.0,0.0,0.0,13146.767453692166,7821.885760963115,7.039629945783138,0.0,0.0,0.0,0.0,0.0,0.0,0.0,0.0,"{""type"":""Polygon"",""coordinates"":[[[-71.57855236777303,-40.03655341441962],[-71.49658220771299,-40.03834971946648],[-71.49428659685476,-39.975341131658034],[-71.57618150599345,-39.97354882259244],[-71.57855236777303,-40.03655341441962]]]}"
000000000000000001e2,100.00000000000003,4.89342812377886E7,2.2429737370096467E7,7000,16790.18268009522,1170.2332677165355,34.680844046908135,"41,795","41,795",-40.00772082859192,-71.45446429004315,100.0,100.0,100.0,100.0,100.0,100.0,100.0,100.0,0.0,90.81495579567782,0.0047733819194229745,0.027617477025214957,0.01636597947503586,0.013297291469816652,0.02284410085426623,0.0,0.03273182363983182,0.04398334108857561,21214.808501996842,15372.182993091847,7.264722462112638,0.0,0.0,0.0,0.0,0.0,0.0,0.0,0.0,"{""type"":""Polygon"",""coordinates"":[[[-71.49658220771299,-40.03834971946648],[-71.4146048846162,-40.040088071227146],[-71.41238448357585,-39.97707556918075],[-71.49428659685476,-39.975341131658034],[-71.49658220771299,-40.03834971946648]]]}"
000000000000000001e3,43.570538896889126,4.89377368474099E7,1.4138876127722256E7,7000,16947.902653681846,1153.7233626588466,0.47240731135953457,"42,795","42,795",-40.00942830615003,-71.37252107348823,100.0,100.0,100.0,100.0,100.0,100.0,100.0,100.0,56.42946110311088,84.12581619327457,0.0,0.0037872392642588106,0.004869263031056889,0.003787206995937846,0.011361670091780223,0.0,0.015689915276813547,0.0027051502593335645,6873.189997852479,25045.31062220629,7.372888583371034,0.0,0.0,0.0,0.0,0.0,0.0,0.0,0.0,"{""type"":""Polygon"",""coordinates"":[[[-71.4146048846162,-40.040088071227146],[-71.33262054754206,-40.041768480637536],[-71.33047531375013,-39.97875229741473],[-71.41238448357585,-39.97707556918075],[-71.4146048846162,-40.040088071227146]]]}"
000000000000000001e4,0.0,4.89410753408853E7,1.108186751366168E7,7000,0,1224.4827925270404,36.02219645462191,"43,795","43,795",-40.01107790540749,-71.29057094913624,100.0,100.0,100.0,100.0,100.0,100.0,100.0,100.0,100.00000000000003,76.9832922824302,0.9960055764334962,1.0125794109567423,0.9442076100073465,0.7345275850537345,0.5538546522266803,0.7734609276342883,1.1836293406060057,1.2936068354864125,9167.72763178516,7890.747871412912,7.738953693559019,0.0,0.0,0.0,0.0,0.0,0.0,0.0,0.0,"{""type"":""Polygon"",""coordinates"":[[[-71.33262054754206,-40.041768480637536],[-71.25062943562637,-40.04339089817305],[-71.24855941568701,-39.98037113044325],[-71.33047531375013,-39.97875229741473],[-71.33262054754206,-40.041768480637536]]]}"
000000000000000001e5,0.0,4.89442966863718E7,3.165553864614474E7,7000,0,1047.642228739003,0.0,"44,795","44,795",-40.01266957426674,-71.20861419227334,100.0,100.0,100.0,100.0,100.0,100.0,100.0,100.0,99.99999999999997,71.02784572733202,0.0,0.0,0.0,0.0,0.0,0.0,0.0,0.0,0,2453.35176821908,8.968749979097552,0.0,0.0,0.0,0.0,0.0,0.0,0.0,0.0,"{""type"":""Polygon"",""coordinates"":[[[-71.25062943562637,-40.04339089817305],[-71.16863178752995,-40.04495535019965],[-71.16663702664624,-39.98193209482732],[-71.24855941568701,-39.98037113044325],[-71.25062943562637,-40.04339089817305]]]}"
000000000000000001e6,0.0,4.89474008531447E7,4.899414355432132E7,7000,0,888.6574803149607,0.0,"45,795","45,795",-40.014203339331395,-71.12665104058287,99.99167228201638,99.99167228201638,99.99167228201638,99.99167228201638,99.99167228201638,99.99167228201638,99.99167228201638,99.99167228201638,99.99999999999997,67.85724967223861,0.021696515145651414,0.03225964461585232,0.01185566450288042,0.0,0.005623393920374922,0.0103487924206262,0.013612550676827984,0.01614055123432527,1919.438359015671,7886.784456218977,9.69409320497466,0.008327717983618303,0.008327717983618303,0.008327717983618303,0.008327717983618303,0.008327717983618303,0.008327717983618303,0.008327717983618303,0.008327717983618303,"{""type"":""Polygon"",""coordinates"":[[[-71.16863178752995,-40.04495535019965],[-71.08662784144012,-40.0464618633312],[-71.08470838341412,-39.98343521737277],[-71.16663702664624,-39.98193209482732],[-71.16863178752995,-40.04495535019965]]]}"
000000000000000001e7,0.0,1.40820821362481E7,1.4069484091465E7,7000,0,792.4246575342466,0.0,"46,795","46,795",-40.01379957774989,-71.07374476992825,96.29198051085763,95.63110676324348,95.45976623636146,95.41081110444492,95.3863338806019,95.28352933297958,95.28352933297958,95.25905205252404,100.0,65.01605308219176,0.0804902774963813,0.13596612654211335,0.0358936088938781,0.0,0.006526583031007569,0.013594662103848165,0.06308431159446809,0.10006709201169557,10854.386903497669,23615.898076272904,9.975133966419794,3.7080194891423788,4.368893236756521,4.5402337636385335,4.589188895555082,4.61366611939811,4.716470667020421,4.716470667020421,4.740947947475958,"{""type"":""Polygon"",""coordinates"":[[[-71.05719618523084,-39.983926987124555],[-71.08470838341412,-39.98343521737277],[-71.08662784144012,-40.0464618633312],[-71.06328453554129,-40.0468800419767],[-71.06536105742012,-40.02747448210473],[-71.05699324470828,-39.9847990118522],[-71.05719618523084,-39.983926987124555]]]}"
000000000000000001e8,100.0,2.23641823134804E7,232633.9706102259,7000,0,1468.520697167756,0.0,"39,796","39,796",-39.94584992079698,-71.5956857372212,100.0,100.0,100.0,100.0,100.0,100.0,100.0,100.0,0.0,100.68763646288211,0.0,0.0,0.0,0.0,0.0,0.0,0.0,0.0,4345.533420476665,0,5.947742675381457,0.0,0.0,0.0,0.0,0.0,0.0,0.0,0.0,"{""type"":""MultiPolygon"",""coordinates"":[[[[-71.65153434426797,-39.97184853053813],[-71.62845417335915,-39.97237453460647],[-71.62889944633011,-39.971973983861666],[-71.62955495081219,-39.97109095037142],[-71.63006939418216,-39.97050690415706],[-71.63078157372782,-39.969892288779874],[-71.63118555794668,-39.96932130218664],[-71.63166975892211,-39.96896518350835],[-71.63245599552184,-39.96861903177963],[-71.63334037369343,-39.9683938480645],[-71.63403815077591,-39.968275293857324],[-71.63449763080726,-39.96819181158817],[-71.63536353393238,-39.96814982232977],[-71.63624066146589,-39.968192852494155],[-71.6367806261214,-39.96826154570022],[-71.63749514542177,-39.9682906451398],[-71.63806453255994,-39.968292387345],[-71.63879688486338,-39.96824998710254],[-71.6394531848847,-39.96829229009614],[-71.64057991023697,-39.96838068681564],[-71.64110782661595,-39.96853437157708],[-71.64283144834553,-39.96891521470924],[-71.64378261431335,-39.969253423440826],[-71.64391026916367,-39.96928511095463],[-71.6448489382299,-39.969779775761],[-71.64531220593518,-39.97008517474966],[-71.64646281275368,-39.97006186532981],[-71.64661400558194,-39.97003549132993],[-71.6473864459606,-39.970091486524126],[-71.64842052826391,-39.97011701216002],[-71.64896020171206,-39.970261667683076],[-71.64955808753597,-39.970375214460205],[-71.65025927117017,-39.970748463991086],[-71.6511275780088,-39.9713769071709],[-71.65153434426797,-39.97184853053813]]],[[[-71.61996635049864,-39.97256682716368],[-71.57618150599345,-39.97354882259244],[-71.57381814379158,-39.91054339521919],[-71.59424634809542,-39.91008788436459],[-71.59420451461928,-39.91011925081663],[-71.5935008602927,-39.910326888952895],[-71.59283713663233,-39.910650857513524],[-71.59266110929457,-39.91095430040059],[-71.59268184502993,-39.91137458905222],[-71.59286710835619,-39.91146908018001],[-71.59306966643292,-39.911572621147435],[-71.59330590857951,-39.911868512667425],[-71.59397578863938,-39.91247442086242],[-71.5950019756922,-39.912706015351304],[-71.59563336940116,-39.91295408439221],[-71.59645156263326,-39.91301057066862],[-71.5970777018758,-39.91316473368631],[-71.59755253468508,-39.91337206682496],[-71.59859917468695,-39.91407754308761],[-71.59943827720537,-39.91453649367329],[-71.60027167318961,-39.914990862763354],[-71.60052113019525,-39.91503200485909],[-71.60117578418875,-39.915257764123886],[-71.60181857531306,-39.91554162951028],[-71.60239101061673,-39.91594590623696],[-71.60269524663993,-39.9165460282157],[-71.60276415243946,-39.916680366995045],[-71.60282083446647,-39.91691749060719],[-71.60262090804156,-39.91735493448584],[-71.6023514418044,-39.917769769420836],[-71.60195412358901,-39.91821098255398],[-71.60157246948744,-39.91895181371046],[-71.60117424489316,-39.91954055787958],[-71.60111692876374,-39.92039868072271],[-71.60083107234686,-39.920643626558245],[-71.60039508878369,-39.92072259414386],[-71.60006920994627,-39.920855598578605],[-71.59979983223299,-39.921256990519275],[-71.59966853881637,-39.921860061302844],[-71.59936475282014,-39.92317785762894],[-71.5986068712232,-39.924686306462384],[-71.59791861910072,-39.92620837965435],[-71.59779176179525,-39.927057358194396],[-71.59796805812344,-39.92768829022619],[-71.59800708416012,-39.92796114246925],[-71.59820710384624,-39.92852067490488],[-71.59799051394091,-39.9288194379162],[-71.5980642197185,-39.929119189555806],[-71.59818528187624,-39.929276145099536],[-71.59864345240477,-39.92937155956611],[-71.59950111699986,-39.92966064622715],[-71.60031739944209,-39.930101610397],[-71.6012055740846,-39.93014491547276],[-71.60221462603563,-39.9303763649121],[-71.60352818190556,-39.9311855561857],[-71.60478342117989,-39.93203028475286],[-71.60654371825376,-39.93291255489915],[-71.60809702049319,-39.933440877326056],[-71.60996749298904,-39.93436810264509],[-71.61038435939986,-39.934597473131525],[-71.61077179842134,-39.934884942052875],[-71.61154088031701,-39.9354731002076],[-71.61207961688937,-39.93571186708675],[-71.61250743649813,-39.936044138141334],[-71.61285458115486,-39.93628225193031],[-71.61326646411614,-39.93636404297112],[-71.61396672738059,-39.936795608848335],[-71.61434872970663,-39.93702933811549],[-71.61472593281287,-39.93707975370684],[-71.61516742108009,-39.93705442369784],[-71.61533619330895,-39.93699683364559],[-71.61556390892423,-39.936769616769084],[-71.6158496623781,-39.93656940238595],[-71.6162220650436,-39.9364409695208],[-71.61673408408566,-39.93626828809919],[-71.61707796487454,-39.93604141772039],[-71.61735203706957,-39.93584117903186],[-71.6176798912271,-39.935368354512725],[-71.61810580236705,-39.935012154286106],[-71.61857607862734,-39.9350270651437],[-71.61923214641789,-39.93506947991816],[-71.61977729921195,-39.93520093780658],[-71.62011837011079,-39.93547025789217],[-71.6203947939235,-39.93589584723924],[-71.62099064808747,-39.936326977993666],[-71.62146010545985,-39.93648501097268],[-71.62190692686572,-39.93655353136795],[-71.62238869655792,-39.9365997934329],[-71.6228469249018,-39.93669966255241],[-71.62334571493687,-39.93682640154399],[-71.62366396595357,-39.93702860525972],[-71.62387791376564,-39.937212616202935],[-71.62435895631955,-39.937384052600116],[-71.62454447395916,-39.937438339136826],[-71.62490337651164,-39.93765408313459],[-71.62517517884648,-39.93786506026278],[-71.62526037733471,-39.938227451936434],[-71.62513054243544,-39.93859811828376],[-71.62464551719873,-39.93915531613194],[-71.62398665316447,-39.939622606561656],[-71.62330261747881,-39.940451954428745],[-71.62262962641674,-39.94136616195895],[-71.62218869114429,-39.94235278231222],[-71.62168962777562,-39.94332570680064],[-71.62127349962778,-39.94400839335481],[-71.62069376236511,-39.94486030993442],[-71.62041842529693,-39.945288599876044],[-71.61956515963928,-39.94623353719246],[-71.61866426667108,-39.947388473042956],[-71.61800683964366,-39.948633595157226],[-71.61749500361368,-39.94980321917238],[-71.61700625516542,-39.95099076213911],[-71.61678180005595,-39.951656175056826],[-71.61650645980087,-39.95207097936243],[-71.61595143256127,-39.95264137397812],[-71.61572235906313,-39.95308768311817],[-71.6154763538728,-39.95345793818437],[-71.61528069043396,-39.954159170788884],[-71.61515610319692,-39.954628167597974],[-71.61508403090804,-39.95504369004362],[-71.61493771324922,-39.95524435655517],[-71.6147504700143,-39.95548515643128],[-71.61449269349578,-39.9558732428052],[-71.61424098318285,-39.956216624694754],[-71.6142108322587,-39.95641772709625],[-71.61431966531158,-39.95668180648601],[-71.61442849832945,-39.95696384362628],[-71.61499004717157,-39.95730100768944],[-71.61519150553421,-39.95764138865257],[-71.61519720974678,-39.9576592955151],[-71.61542764174544,-39.958004339226896],[-71.61563561893915,-39.958210677507104],[-71.61584803260622,-39.95866734029986],[-71.61595713676104,-39.95889568989351],[-71.61669515074631,-39.95989956692816],[-71.6174076301471,-39.960268524914625],[-71.61803255365692,-39.96072211247866],[-71.61834311359212,-39.961290890845625],[-71.61853977122279,-39.961434596476465],[-71.61922979232652,-39.962728808677944],[-71.61933744671884,-39.96321649235596],[-71.61955266485876,-39.965269169763694],[-71.6196073521556,-39.965877351124156],[-71.61962165777152,-39.96644959988467],[-71.61946339054391,-39.96669494929284],[-71.61908881844043,-39.96719448434445],[-71.61890773436433,-39.96736374196346],[-71.61853307110282,-39.967876586880344],[-71.61828082054345,-39.96830944430097],[-71.61833650401047,-39.96874774708231],[-71.61839227801052,-39.96916371203416],[-71.61854837272796,-39.9692937989306],[-71.61882018017874,-39.969522743116016],[-71.61923585863886,-39.97000689830597],[-71.61946013103501,-39.97043685873732],[-71.61946320946008,-39.97092411983286],[-71.61951844002279,-39.97143392382822],[-71.61960834811622,-39.97199303330393],[-71.61986240852079,-39.97228898963413],[-71.6199019752879,-39.97248576599711],[-71.61996635049864,-39.97256682716368]]]]}"
000000000000000001e9,100.0,4.89314190604752E7,8386098.653320762,7000,0,1374.8828740157483,0.0,"40,796","40,796",-39.9429484414768,-71.53407083252088,100.0,100.0,100.0,100.0,100.0,100.0,100.0,100.0,0.0,96.60244422572177,0.0,0.0,0.0,0.0,0.0,0.0,0.0,0.0,17615.596606343774,8833.37171919093,6.4710229212843515,0.0,0.0,0.0,0.0,0.0,0.0,0.0,0.0,"{""type"":""Polygon"",""coordinates"":[[[-71.57618150599345,-39.97354882259244],[-71.49428659685476,-39.975341131658034],[-71.49199812647,-39.91233167492543],[-71.57381814379158,-39.91054339521919],[-71.57618150599345,-39.97354882259244]]]}"
000000000000000001ea,100.0,4.89349919095043E7,1708038.204774475,7000,0,1620.1437007874017,0.0,"41,796","41,796",-39.94470986358615,-71.45220980074707,100.0,100.0,100.0,100.0,100.0,100.0,100.0,100.0,0.0,86.60148047900263,0.0,0.0,0.0,0.0,0.0,0.0,0.0,0.0,17261.725772233476,11634.42838665247,5.643726460013802,0.0,0.0,0.0,0.0,0.0,0.0,0.0,0.0,"{""type"":""Polygon"",""coordinates"":[[[-71.49428659685476,-39.975341131658034],[-71.41238448357585,-39.97707556918075],[-71.41017095420263,-39.91406233069819],[-71.49199812647,-39.91233167492543],[-71.49428659685476,-39.975341131658034]]]}"
000000000000000001ec,1.993355066205026,4.89417863097855E7,2.2208861049155522E7,7000,0,1155.0826771653542,11.277349399015842,"43,796","43,796",-39.948059515768136,-71.28846666882247,100.0,100.0,100.0,100.0,100.0,100.0,100.0,100.0,98.00664493379497,76.30862450787401,0.5870960342017147,0.5471130704784758,0.4803252831922262,0.5003341128393589,0.31971594021228594,0.5253763346793533,0.6877158172200228,0.7279528667453752,12446.765463006968,23360.00821255591,7.827042444108978,0.0,0.0,0.0,0.0,0.0,0.0,0.0,0.0,"{""type"":""Polygon"",""coordinates"":[[[-71.33047531375013,-39.97875229741473],[-71.24855941568701,-39.98037113044325],[-71.24649600097408,-39.91735055682427],[-71.32833686380346,-39.915735312832645],[-71.33047531375013,-39.97875229741473]]]}"
000000000000000001ed,0.0,4.89450077961974E7,4.803168858052073E7,7000,0,941.9833659491195,0.0,"44,796","44,796",-39.94964765525613,-71.20658504251249,100.0,100.0,100.0,100.0,100.0,100.0,100.0,100.0,100.0,71.12980143229167,0.6521224576119127,0.6709861335999293,0.47049869476288064,0.23740889956050826,0.25059176257364074,0.275342965661184,0.597766504953803,0.6712473103870498,17019.515410497548,42127.38523025031,9.298679042607544,0.0,0.0,0.0,0.0,0.0,0.0,0.0,0.0,"{""type"":""Polygon"",""coordinates"":[[[-71.24855941568701,-39.98037113044325],[-71.16663702664624,-39.98193209482732],[-71.16464860151997,-39.9189080891295],[-71.24649600097408,-39.91735055682427],[-71.24855941568701,-39.98037113044325]]]}"
000000000000000001ee,0.0,4.89481120987655E7,4.889715503892296E7,7000,0,892.932938856016,3.786373325305603,"45,796","45,796",-39.95117800885157,-71.12469703692906,99.4537481765758,99.45233933350995,99.45093050139737,99.45093050139737,99.45093050139737,99.45093050139737,99.45093050139737,99.45093050139737,100.0,66.41372705670271,0.4926633159772426,0.5848837462894863,0.262099752959043,0.06794974485091072,0.17738373894289794,0.1590318621392221,0.4139310356414623,0.4757450319355568,9424.155165195096,26621.312935428556,9.579784282282976,0.5462518234242048,0.5476606664900497,0.5490694986026297,0.5490694986026297,0.5490694986026297,0.5490694986026297,0.5490694986026297,0.5490694986026297,"{""type"":""Polygon"",""coordinates"":[[[-71.16663702664624,-39.98193209482732],[-71.08470838341412,-39.98343521737277],[-71.08279499145046,-39.92040787607045],[-71.16464860151997,-39.9189080891295],[-71.16663702664624,-39.98193209482732]]]}"
000000000000000001ef,0.0,1.52056194467937E7,1.5200432202012729E7,7000,0,807.5015873015873,0.0,"46,796","46,796",-39.951612135094315,-71.07097462160603,60.96418706232497,60.96418706232496,60.900746048239455,60.896211073340396,60.87354381135893,60.801023452745376,60.801023452745376,60.787428673097665,100.00000000000003,63.817642405063296,0.0665102535156078,0.09573409562522076,0.013100288428303733,0.00755681821390585,0.0,0.006046713505889477,0.055929080632250265,0.06247980265622147,11334.677743769525,110252.05003021217,9.99516103720363,39.03581293767503,39.03581293767504,39.099253951760545,39.103788926659604,39.12645618864107,39.198976547254624,39.198976547254624,39.212571326902335,"{""type"":""Polygon"",""coordinates"":[[[-71.05624151151363,-39.92088197514302],[-71.08279499145046,-39.92040787607045],[-71.08470838341412,-39.98343521737277],[-71.05719618523084,-39.983926987124555],[-71.06117962075405,-39.96680812590749],[-71.05866636752793,-39.94756474786343],[-71.0553213845818,-39.92978080273309],[-71.05624151151363,-39.92088197514302]]]}"
000000000000000001f0,100.0,4494164.07812959,185395.0277252795,7000,0,1347.8041237113405,0.0,"38,797","38,797",-39.85248186727027,-71.67023687896531,100.0,100.0,100.0,100.0,100.0,100.0,100.0,100.0,0.0,113.64802631578948,0.0,0.0,0.0,0.0,0.0,0.0,0.0,0.0,746.8062066733255,0,6.791886138916016,0.0,0.0,0.0,0.0,0.0,0.0,0.0,0.0,"{""type"":""Polygon"",""coordinates"":[[[-71.65355214385036,-39.85482630246808],[-71.65320015240945,-39.84569532002734],[-71.68886727079882,-39.844873477003404],[-71.68881087489369,-39.845086937452194],[-71.6887851663238,-39.84564125062358],[-71.68873981422907,-39.84669169733886],[-71.68853396452329,-39.84731257100479],[-71.68833345556179,-39.848058605802265],[-71.68798919542249,-39.84850028442075],[-71.68752227562861,-39.849142790513774],[-71.68686272087672,-39.85007092187752],[-71.68679763435654,-39.85033450048242],[-71.68633134654766,-39.85084291571593],[-71.68620714785914,-39.851370124572426],[-71.6860639391094,-39.852237036425066],[-71.68602582855304,-39.85297459030494],[-71.68597694564774,-39.85351092986867],[-71.6858818955334,-39.854006948253],[-71.68563557982439,-39.85459191060909],[-71.68534952386466,-39.85499797660824],[-71.68487173744141,-39.85547052656637],[-71.684492712367,-39.855889760949175],[-71.6840735845405,-39.856219402817636],[-71.68388737574413,-39.85633962680835],[-71.68360258561776,-39.856468545119014],[-71.68342823527969,-39.85653952908296],[-71.68319513434685,-39.85678034089342],[-71.68292220236648,-39.85683769749731],[-71.68257368193203,-39.85694856364875],[-71.6821832480852,-39.857318542592246],[-71.68174076187098,-39.85768391039903],[-71.68108807552156,-39.85833039238456],[-71.68052962483557,-39.858659624002556],[-71.67976812434564,-39.8590062570425],[-71.67949546112018,-39.85901444997639],[-71.67901386417162,-39.85903096681159],[-71.67855553168938,-39.859043148327714],[-71.67826014543841,-39.85893497853413],[-71.67804587029495,-39.85886287233309],[-71.67783729815929,-39.85881317870397],[-71.6775303239138,-39.858718377898406],[-71.6772632714787,-39.85874896290399],[-71.67696725039272,-39.858788340264354],[-71.67677524391414,-39.858917465205664],[-71.67668200168973,-39.85899769802397],[-71.67636162844921,-39.859278459526095],[-71.67586681005902,-39.85966151785083],[-71.67538059097735,-39.8606616194314],[-71.67499603291232,-39.86101821852045],[-71.67466434217084,-39.86123183363349],[-71.67419930467555,-39.86143168793975],[-71.6736888218477,-39.86142130068112],[-71.67332942843046,-39.861375639218174],[-71.67295835658244,-39.86132541651071],[-71.67274932861343,-39.86136058253192],[-71.67259805709955,-39.86146748268347],[-71.67208521809152,-39.86195330414272],[-71.67136959587619,-39.86239384655991],[-71.67085756972524,-39.86270534632484],[-71.67007332446505,-39.862931101616816],[-71.66898770798156,-39.86308897538314],[-71.66784514531318,-39.8630231160477],[-71.66716762670193,-39.862766320266495],[-71.66638572650518,-39.862504799965386],[-71.66537333638601,-39.86193409931707],[-71.66315997272086,-39.86138230977252],[-71.66139426849486,-39.8606350669109],[-71.66030753735345,-39.85984951566598],[-71.6596722814303,-39.85927983386476],[-71.65917526547825,-39.85889840203501],[-71.65854000739958,-39.858315348211626],[-71.6581656599394,-39.857777803124236],[-71.65781539345925,-39.857052505075146],[-71.65711685109538,-39.856375379025344],[-71.65700748870601,-39.856209664066945],[-71.65630822039626,-39.85567558029434],[-71.65614046458842,-39.85559014318057],[-71.65539366504542,-39.85528385593171],[-71.65462857628104,-39.85517430665666],[-71.65423475994025,-39.85504348628435],[-71.65374832821948,-39.85488556094799],[-71.65355214385036,-39.85482630246808]]]}"
000000000000000001f1,100.0,2.81668875769595E7,299768.59128516674,7000,0,1469.3121869782972,0.0,"39,797","39,797",-39.870099969134984,-71.60146753019151,100.0,100.0,100.0,100.0,100.0,100.0,100.0,100.0,0.0,104.99354166666667,0.0,0.0,0.0,0.0,0.0,0.0,0.0,0.0,0,0,6.57769863764445,0.0,0.0,0.0,0.0,0.0,0.0,0.0,0.0,"{""type"":""Polygon"",""coordinates"":[[[-71.59424634809542,-39.91008788436459],[-71.57381814379158,-39.91054339521919],[-71.57146219078035,-39.8475371970262],[-71.65320015240945,-39.84569532002734],[-71.65355214385036,-39.85482630246808],[-71.65292592836805,-39.854637218249515],[-71.65208587253449,-39.854424628291085],[-71.65150093748723,-39.85424401684661],[-71.65089291538816,-39.854032078663906],[-71.65037207604374,-39.853806957999424],[-71.64951472183755,-39.85358082148801],[-71.64868108535687,-39.85326092381326],[-71.64838015004442,-39.853116922756065],[-71.6480852802536,-39.85293724426679],[-71.64779647600047,-39.85269941765753],[-71.64761187653703,-39.85249765012462],[-71.64725308876505,-39.852331146704536],[-71.64641817916919,-39.852274976135874],[-71.64551328401876,-39.85228116438892],[-71.64497831284014,-39.852534319773284],[-71.64450110225627,-39.85283242551636],[-71.64344428345727,-39.85306612794879],[-71.64290894683486,-39.853386311784654],[-71.6425046145662,-39.85418539112351],[-71.64223590445037,-39.8545421798689],[-71.64195017337681,-39.854827412219706],[-71.64149070353884,-39.855067425994434],[-71.64113018903042,-39.85523614436768],[-71.64035121562603,-39.85555561220765],[-71.64001840402946,-39.85597038581801],[-71.63944503659599,-39.856911914236896],[-71.63913594469795,-39.85723285468809],[-71.63881580703674,-39.8574330441562],[-71.63837398759134,-39.85762391300203],[-71.63798422630713,-39.85782828914667],[-71.63764136275479,-39.857943466476165],[-71.63726979858396,-39.85799596427907],[-71.63689823400225,-39.858066297940454],[-71.63663087745914,-39.85815045987671],[-71.63632866381299,-39.85825678505189],[-71.63593926230624,-39.858407543482606],[-71.63572396409283,-39.8585276048076],[-71.63539178167557,-39.85881711911498],[-71.63525651842225,-39.85916991143262],[-71.63520192420219,-39.859621265927316],[-71.63515249062213,-39.86019338373291],[-71.63541160941695,-39.86055630930537],[-71.63541097565354,-39.86066800758893],[-71.63570984023549,-39.8612054647371],[-71.6356670159721,-39.86162555903498],[-71.6355077603655,-39.86211232457396],[-71.63531907994711,-39.86269294732246],[-71.63538562511636,-39.86326986149695],[-71.63538218468615,-39.86391806755256],[-71.6354278156522,-39.8640702549408],[-71.6354002922131,-39.86489279794313],[-71.6354871177913,-39.86602407374643],[-71.63550178488362,-39.866538296759295],[-71.63577366920144,-39.86777748137744],[-71.63613056796218,-39.86831510328834],[-71.63654504808696,-39.868933310324934],[-71.63654369002711,-39.869192634422376],[-71.63651843011264,-39.8695725134724],[-71.63649977942191,-39.869818386057034],[-71.63639973565056,-39.870081851393806],[-71.63624708962165,-39.87042559006256],[-71.63618742546696,-39.870733894818805],[-71.63614378642752,-39.871296990623826],[-71.63595021734203,-39.87170324639397],[-71.63565271103725,-39.872010792515255],[-71.63518037623228,-39.872451872827384],[-71.63468622114877,-39.87263812509377],[-71.63419179372521,-39.872877980039966],[-71.63349166296966,-39.873600015550686],[-71.63315295959444,-39.87400575713193],[-71.6329188276313,-39.874389496835406],[-71.63283453646316,-39.874961465206205],[-71.63288569061176,-39.87517174417261],[-71.63293675421427,-39.875373053628145],[-71.63285880073283,-39.87586015047951],[-71.63285708050482,-39.87617303027165],[-71.63264060331943,-39.87651661346247],[-71.63263915470543,-39.87678931765108],[-71.63268985619192,-39.8770666702145],[-71.63289067021873,-39.87749199994782],[-71.63335639895213,-39.87829370997815],[-71.63358057141744,-39.878696745591],[-71.63384512370654,-39.87914469305658],[-71.63399460199554,-39.87940440633549],[-71.63417821303129,-39.8797939803701],[-71.63413882901578,-39.880647754741965],[-71.63399125208913,-39.881125638331795],[-71.63351212459008,-39.881741013919374],[-71.6331918910342,-39.88195463784323],[-71.63267500790025,-39.88202452336744],[-71.63215839558781,-39.88205863788881],[-71.63102132058404,-39.882001392447485],[-71.63018030452061,-39.881931658585394],[-71.62952480125557,-39.88188039450733],[-71.62875304411891,-39.88188236047187],[-71.62770405275964,-39.88163317417774],[-71.62720554078955,-39.88153767174123],[-71.6265494884972,-39.88158918230971],[-71.62580198932524,-39.88140798949866],[-71.62448082394594,-39.881059433256816],[-71.62298635802267,-39.88057623578069],[-71.622326223173,-39.880323714943316],[-71.62169668999825,-39.87977626635346],[-71.62115950795038,-39.879336398621504],[-71.6208184381028,-39.879098316858745],[-71.61994597859783,-39.878420468812884],[-71.61949517075402,-39.87808811055803],[-71.61816483592658,-39.87732825113803],[-71.61787546273554,-39.87719762644401],[-71.61728422074599,-39.87707492845376],[-71.61696542046316,-39.877015820196526],[-71.61668772624851,-39.87687625175449],[-71.6160965727251,-39.876744684288866],[-71.61537784309499,-39.876612661806256],[-71.61490285414418,-39.87646798863714],[-71.61453280415066,-39.87623432487764],[-71.61423247211145,-39.87597852398808],[-71.61418095296187,-39.875857650560995],[-71.61381850782678,-39.87530654638238],[-71.61372307504368,-39.8747340029432],[-71.61349907047365,-39.87432640382348],[-71.61266335284337,-39.874363862783255],[-71.61241671162308,-39.87489055260925],[-71.61221651922298,-39.8753995667035],[-71.61195285542003,-39.87585464161347],[-71.61169516731537,-39.87628299469501],[-71.61126580743078,-39.87730079969239],[-71.61093124678922,-39.87797028214223],[-71.61019611765883,-39.87868310577466],[-71.60937161941206,-39.879798045827684],[-71.60877692186962,-39.880292235336285],[-71.6077179085597,-39.88081173528587],[-71.60706607408221,-39.881144818475526],[-71.6064076285377,-39.88162543514907],[-71.60603249871833,-39.882285770785295],[-71.60550552347078,-39.88309763517854],[-71.60486364478298,-39.88371687726823],[-71.60453025492211,-39.88417621991425],[-71.60378515184694,-39.88457599576765],[-71.6036341209113,-39.88459785926789],[-71.60233016337939,-39.88531315687941],[-71.60125854395375,-39.88597564556664],[-71.60014445457358,-39.88695082618906],[-71.59963376868927,-39.88794152871207],[-71.59923010898477,-39.88849451769072],[-71.59854303524095,-39.88889005113032],[-71.59778687221937,-39.88917800493954],[-71.59664135130915,-39.88955846450281],[-71.595993751346,-39.89013291985084],[-71.5956294758253,-39.890891651617494],[-71.59584715381196,-39.891384223824765],[-71.59597890144425,-39.891675219069285],[-71.596007514669,-39.891742405294046],[-71.59621360225464,-39.89223936914451],[-71.59636264442906,-39.89354533047109],[-71.59594032791595,-39.89429936892461],[-71.59591506496899,-39.89464352563713],[-71.59582478840127,-39.89519304771285],[-71.59583972885797,-39.89561333297785],[-71.59572717740141,-39.89599294472454],[-71.59559370925429,-39.895996954556445],[-71.59508075282865,-39.896375165742],[-71.59445334223295,-39.89646689687457],[-71.59397678467525,-39.896563530755955],[-71.59369110335722,-39.89679502251679],[-71.59343992091641,-39.89706242330142],[-71.59334882875261,-39.89774610015182],[-71.59335109247468,-39.898336223334475],[-71.59321363924394,-39.8990018269106],[-71.59272060002537,-39.89993446850311],[-71.59258359928573,-39.90052413458126],[-71.59249277854035,-39.9011541194594],[-71.59271571037665,-39.90174053226683],[-71.592760713252,-39.901986639642814],[-71.59288730078498,-39.90216587124991],[-71.5929851842457,-39.90230930824756],[-71.5933314433667,-39.90265025152733],[-71.59339509922853,-39.90268175880991],[-71.594488837278,-39.903244451509195],[-71.59496946879955,-39.90343835191283],[-71.59561218110409,-39.90372226503212],[-71.59603830104736,-39.90430491780281],[-71.59594078065692,-39.90509136136567],[-71.59618390246966,-39.90618753849522],[-71.5961942249562,-39.9064200650494],[-71.59640049352492,-39.90687675940676],[-71.59646840457157,-39.90716754908645],[-71.59605315094652,-39.907698095188735],[-71.5959550872712,-39.90857851058327],[-71.59537096039828,-39.9092023338371],[-71.59489250260678,-39.90960299621622],[-71.59424634809542,-39.91008788436459]]]}"
000000000000000001f2,100.0,4.89321293113695E7,58346.598823427725,7000,0,1489.2031558185404,0.0,"40,797","40,797",-39.879940619460015,-71.53174858388371,100.0,100.0,100.0,100.0,100.0,100.0,100.0,100.0,0.0,97.75837438423645,0.0,0.0,0.0,0.0,0.0,0.0,0.0,0.0,10715.04498479218,9840.575815728636,6.3960595819633,0.0,0.0,0.0,0.0,0.0,0.0,0.0,0.0,"{""type"":""Polygon"",""coordinates"":[[[-71.57381814379158,-39.91054339521919],[-71.49199812647,-39.91233167492543],[-71.48971688728523,-39.849321519881215],[-71.57146219078035,-39.8475371970262],[-71.57381814379158,-39.91054339521919]]]}"
000000000000000001f3,100.0,4.89357023166086E7,3978256.4586068233,7000,17465.474169958903,1409.2855731225295,0.0,"41,797","41,797",-39.881698135012634,-71.44996236310328,100.0,100.0,100.0,100.0,100.0,100.0,100.0,100.0,0.0,89.52081280788177,0.0,0.0,0.0,0.0,0.0,0.0,0.0,0.0,7647.20425635966,15964.768556750507,6.5943579503703,0.0,0.0,0.0,0.0,0.0,0.0,0.0,0.0,"{""type"":""Polygon"",""coordinates"":[[[-71.49199812647,-39.91233167492543],[-71.41017095420263,-39.91406233069819],[-71.40796447782638,-39.85104831459188],[-71.48971688728523,-39.849321519881215],[-71.49199812647,-39.91233167492543]]]}"
000000000000000001f4,100.00000000000003,4.89391582284608E7,6668754.787381101,7000,7395.973871930228,1392.290891283056,0.0,"42,797","42,797",-39.88339805875489,-71.36816911343185,100.0,100.0,100.0,100.0,100.0,100.0,100.0,100.0,0.0,84.26071282679739,0.1504973141833544,0.24470352616238972,0.24929955227151598,0.033316080417724006,0.2401123886969175,0.018381285724039784,0.09994933405053653,0.10454534151163404,19107.085411888624,9704.006338012328,6.448056097591625,0.0,0.0,0.0,0.0,0.0,0.0,0.0,0.0,"{""type"":""Polygon"",""coordinates"":[[[-71.41017095420263,-39.91406233069819],[-71.32833686380346,-39.915735312832645],[-71.32620510721135,-39.852717592333455],[-71.40796447782638,-39.85104831459188],[-71.41017095420263,-39.91406233069819]]]}"
000000000000000001f5,28.08462435068747,4.89424970139632E7,1.79608151446412E7,7000,0,1171.7998027613412,0.0,"43,797","43,797",-39.88504034574301,-71.28636901308879,100.0,100.0,100.0,100.0,100.0,100.0,100.0,100.0,71.91537564931254,75.80274014778325,0.0,0.0,0.0,0.0,0.0,0.0034125527268742952,0.0,0.0055453950059404485,18382.58213347897,13595.600597807404,7.823528767853534,0.0,0.0,0.0,0.0,0.0,0.0,0.0,0.0,"{""type"":""Polygon"",""coordinates"":[[[-71.32833686380346,-39.915735312832645],[-71.24649600097408,-39.91735055682427],[-71.2444390103295,-39.85432922777],[-71.32620510721135,-39.852717592333455],[-71.32833686380346,-39.915735312832645]]]}"
000000000000000001f6,0.0,4.8945718641242E7,3.904750179995507E7,7000,0,952.2084562438545,0.0,"44,797","44,797",-39.88662497435171,-71.20456228916362,100.0,100.0,100.0,100.0,100.0,100.0,100.0,100.0,100.00000000000003,70.13935367454069,0.0,0.0,0.0,0.0,0.0,0.0,0.0,0.0,3591.466059478408,29051.82144306616,9.193505806059349,0.0,0.0,0.0,0.0,0.0,0.0,0.0,0.0,"{""type"":""Polygon"",""coordinates"":[[[-71.24649600097408,-39.91735055682427],[-71.16464860151997,-39.9189080891295],[-71.16266642159876,-39.855883323325145],[-71.2444390103295,-39.85432922777],[-71.24649600097408,-39.91735055682427]]]}"
000000000000000001f7,0.0,4.89488230795737E7,4.0827932615566865E7,7000,0,935.8251473477405,0.0,"45,797","45,797",-39.88815194166519,-71.12274920545485,100.0,100.0,100.0,100.0,100.0,100.0,100.0,100.0,100.0,65.1421946347032,0.0022516141268513006,0.0030021360674259354,0.0013134414727769504,0.0011258076707434997,0.0,0.0015010760035918207,0.0018763453081487005,0.002626871154244274,14859.467475556843,10812.376533050423,9.26958057754427,0.0,0.0,0.0,0.0,0.0,0.0,0.0,0.0,"{""type"":""Polygon"",""coordinates"":[[[-71.16464860151997,-39.9189080891295],[-71.08279499145046,-39.92040787607045],[-71.0808876656414,-39.857379769608016],[-71.16266642159876,-39.855883323325145],[-71.16464860151997,-39.9189080891295]]]}"
000000000000000001f8,0.0,2.04845237076582E7,2.050109708167026E7,7000,0,864.0566037735849,0.0,"46,797","46,797",-39.8857741039962,-71.06399692589902,98.77828776849479,98.77828776849479,98.77828776849479,98.77828776849479,98.77828776849479,98.77828776849479,98.77828776849479,98.77828776849479,99.99999706720489,61.3899231678487,0.007847310464494653,0.006352585329823851,0.0037368242057272518,0.0,0.0,0.0,0.0018684196015988982,0.0,2202.768093178003,13706.727230652385,9.699316628097645,1.2217122315052114,1.2217122315052114,1.2217122315052114,1.2217122315052114,1.2217122315052114,1.2217122315052114,1.2217122315052114,1.2217122315052114,"{""type"":""Polygon"",""coordinates"":[[[-71.03486215223694,-39.85819663594156],[-71.0808876656414,-39.857379769608016],[-71.08279499145046,-39.92040787607045],[-71.05624151151363,-39.92088197514302],[-71.0572027141468,-39.91158334067066],[-71.03486215223694,-39.85819663594156]]]}"
000000000000000001f9,100.0,1.84092521158702E7,3569259.7893606154,7000,0,1227.3622047244094,0.0,"38,798","38,798",-39.81589611781922,-71.66800734501761,100.0,100.0,100.0,100.0,100.0,100.0,100.0,100.0,0.0,113.5625,0.0,0.0,0.0,0.0,0.0,0.0,0.0,0.0,4242.472592273418,4399.076260396956,6.7359375,0.0,0.0,0.0,0.0,0.0,0.0,0.0,0.0,"{""type"":""Polygon"",""coordinates"":[[[-71.68886727079882,-39.844873477003404],[-71.65320015240945,-39.84569532002734],[-71.65077712308529,-39.782692332872],[-71.68160515529834,-39.7819836531292],[-71.68152060484381,-39.782267621511814],[-71.68090186504723,-39.783245009116754],[-71.68062865960196,-39.78343646026079],[-71.68046788651102,-39.78436593365564],[-71.68048970313436,-39.784647672276456],[-71.68054410889832,-39.7854167485562],[-71.6809114607281,-39.78618675525002],[-71.68107820827008,-39.786459932053255],[-71.68127374274012,-39.786791301736486],[-71.68131710430373,-39.78743960946123],[-71.68143659751857,-39.78790490104212],[-71.68143994694896,-39.788441419658966],[-71.68121671186493,-39.78909798761591],[-71.67949618532559,-39.790224325831986],[-71.67889156378257,-39.79062504036262],[-71.67848347303887,-39.791151455947336],[-71.6784060733403,-39.79159833761539],[-71.67836986294878,-39.791897724133676],[-71.67832767783771,-39.79224629430439],[-71.67828359167511,-39.793010709277205],[-71.6781896256663,-39.79326526942138],[-71.67816617942296,-39.79333227943378],[-71.67808416282125,-39.79351977994472],[-71.6779668410246,-39.79381901893031],[-71.67812707217169,-39.79426650322113],[-71.67827055592983,-39.794553037450314],[-71.67828784639744,-39.79458442693527],[-71.6783280399417,-39.79466499054034],[-71.67844635739618,-39.79539403906139],[-71.67848410672055,-39.79599764260726],[-71.67848365409078,-39.79609605516815],[-71.67848872354409,-39.79624354591235],[-71.67848664144721,-39.79668616409036],[-71.67856539901594,-39.79721390693757],[-71.67885426713384,-39.79741140912121],[-71.67909633317241,-39.79770273661083],[-71.67962853383791,-39.79791873442035],[-71.68054791096468,-39.798386228476325],[-71.68135711643046,-39.798866855468894],[-71.68183680894927,-39.79915423313244],[-71.6820159579493,-39.79926205026792],[-71.6824031330975,-39.79951346454465],[-71.68273146668322,-39.79996145531611],[-71.68277120706483,-39.80014034379941],[-71.68289042818103,-39.800686124909575],[-71.68312144726053,-39.800865605484866],[-71.6833756404816,-39.80105850853813],[-71.68341601445816,-39.80108992946306],[-71.68347331652855,-39.80122866516892],[-71.68363399763672,-39.80159121993739],[-71.68365690034608,-39.80165839769456],[-71.68362096210184,-39.801899656236635],[-71.68319196598351,-39.801920846552754],[-71.68198689942682,-39.80180131962823],[-71.68102144893703,-39.802522899801914],[-71.6809097407476,-39.802866855198495],[-71.68054845411703,-39.8032726721382],[-71.67957974051428,-39.803430947917576],[-71.67865103653497,-39.80371897289988],[-71.67775835936538,-39.803716520774906],[-71.67723692832854,-39.803679317320736],[-71.67582199935609,-39.803800514665156],[-71.67493311670816,-39.8042406401694],[-71.67436388294085,-39.80448497094881],[-71.67384108866442,-39.804724856383984],[-71.67314583889753,-39.804660379697495],[-71.67263517339597,-39.80478408355058],[-71.67215990343318,-39.8047827890857],[-71.67162072015351,-39.80480808189663],[-71.67135818936161,-39.80515151446577],[-71.66981142614966,-39.806179890805204],[-71.66960248673047,-39.80623291695119],[-71.66911987962409,-39.80655794719342],[-71.66865555860153,-39.806668355167446],[-71.66834260097822,-39.806671910061674],[-71.66763430355216,-39.80688896216312],[-71.66759365606978,-39.806906726640264],[-71.6672916514573,-39.80703552359842],[-71.66716382448243,-39.80708876901529],[-71.66696619953727,-39.807200005277764],[-71.666947369486,-39.80751291799626],[-71.6670097440268,-39.807799175860715],[-71.66716500135989,-39.808045563521524],[-71.66738534896082,-39.80804166127767],[-71.66781346021378,-39.80821277618213],[-71.6678308417544,-39.808221838545556],[-71.6682761528942,-39.808424244762875],[-71.66846671582442,-39.80857678041676],[-71.66876120549671,-39.80881903352757],[-71.6690731669126,-39.8090434674168],[-71.66969174769426,-39.809393986876984],[-71.67051265774698,-39.80986126702304],[-71.67087033417741,-39.810215459087395],[-71.67137837708158,-39.810659483871696],[-71.671777061668,-39.8109288810285],[-71.67238522674408,-39.811046804362434],[-71.67306264419906,-39.81121414432792],[-71.67473839324393,-39.811111520109435],[-71.6756611334091,-39.81090847448103],[-71.67646745394771,-39.81078552592455],[-71.67739978508934,-39.81098486165249],[-71.67809013754126,-39.81087947927448],[-71.67921736612543,-39.81155764662482],[-71.67953963764737,-39.812077136814764],[-71.67978079792968,-39.81256510464658],[-71.68006169874312,-39.81324992591689],[-71.6803073849185,-39.814019562992286],[-71.68034178458954,-39.814100071998375],[-71.68046806756185,-39.814382127215225],[-71.68087199169938,-39.814785590718515],[-71.68127501009279,-39.81539022293505],[-71.68170156451625,-39.815910026181136],[-71.68223901144506,-39.816286980135],[-71.68235280125906,-39.816747795885796],[-71.68244386929207,-39.817128029542815],[-71.68256372419992,-39.817530724617235],[-71.68252688058861,-39.817977715861645],[-71.68248370023302,-39.81854536936297],[-71.68240720671717,-39.81878656348415],[-71.68228364023118,-39.819193064107985],[-71.68232781638679,-39.8196715425123],[-71.68260536562303,-39.81983326523554],[-71.68309121201399,-39.820080482833205],[-71.68349612872443,-39.82027828609746],[-71.68398206433329,-39.82052103179323],[-71.68462478731084,-39.820683712146],[-71.685480150082,-39.82128961522942],[-71.68632401411908,-39.821855199622796],[-71.68717412213122,-39.82234028386496],[-71.68778108216421,-39.82274430468016],[-71.68838369596763,-39.82282636999597],[-71.68907167192819,-39.82327084045544],[-71.69003899991654,-39.823470143908594],[-71.69098206503544,-39.82391973385381],[-71.69178092544425,-39.82419901257779],[-71.69206371703991,-39.824485908900016],[-71.69209838705564,-39.82452170781515],[-71.69214256190068,-39.82500471599724],[-71.69226187016166,-39.82557279359097],[-71.6919010485364,-39.825871386182605],[-71.6912940960675,-39.826746017192846],[-71.69097228860149,-39.82739336432289],[-71.69028286823269,-39.82855836230977],[-71.68967690854357,-39.829205003953206],[-71.68890963561371,-39.829614222107494],[-71.68762076516306,-39.829972925657955],[-71.68664564506139,-39.83018042469681],[-71.68620316481004,-39.83058157060973],[-71.68608620798354,-39.83080033469268],[-71.68603307046433,-39.83101027225335],[-71.68601523725751,-39.83109964984001],[-71.68595033161849,-39.831349823112205],[-71.68597893717364,-39.83143483649413],[-71.6860008439579,-39.8317210159061],[-71.68612105967377,-39.8320522125472],[-71.68612649110568,-39.83213269260282],[-71.68617175303484,-39.832387658499044],[-71.68619411242557,-39.83257995783992],[-71.68621502343332,-39.83307619720544],[-71.6860682842557,-39.83345582229108],[-71.6858353662294,-39.83366982113801],[-71.68576566278507,-39.833709889389965],[-71.6856668106025,-39.83376769232628],[-71.68557257511524,-39.83407588688364],[-71.6865671609847,-39.834708993511306],[-71.68701253750523,-39.83495162406733],[-71.68806577817182,-39.83543728098386],[-71.68878896829553,-39.83580130331671],[-71.68911874391527,-39.835967614187865],[-71.68927498665515,-39.83604848854958],[-71.68967817586409,-39.836648626802784],[-71.68972895920284,-39.83697069941696],[-71.68979667030908,-39.83737769810246],[-71.69004461232969,-39.8376957865594],[-71.69060567211909,-39.83802360283173],[-71.69125281782776,-39.83854845181538],[-71.6912990748022,-39.83858430783289],[-71.69181903533729,-39.8390283024616],[-71.69189806130102,-39.83951580795629],[-71.69190041488041,-39.84028472549276],[-71.69173584532757,-39.84076712644928],[-71.69153579092026,-39.84141484047821],[-71.69121543204918,-39.84171353886804],[-71.69032161195753,-39.84188555125306],[-71.69017523669292,-39.84218469316874],[-71.69017958178519,-39.842515505704135],[-71.69032387502543,-39.842667861095585],[-71.69032749593403,-39.843150732644034],[-71.69030921034516,-39.84333843535587],[-71.69018048701275,-39.84359738647794],[-71.69005791917988,-39.843775933867924],[-71.68960485231304,-39.84392224591972],[-71.6893084801645,-39.844064524329006],[-71.68915730673048,-39.84414455475604],[-71.68899970608882,-39.84437214500626],[-71.68886727079882,-39.844873477003404]]]}"
000000000000000001fa,99.99999999999999,4.89291490684888E7,2.3341406058123074E7,7000,17189.6946467615,1154.065815324165,0.0,"39,798","39,798",-39.81512090919692,-71.61113801973556,100.0,100.0,100.0,100.0,100.0,100.0,100.0,100.0,0.0,111.71467524509804,0.0,0.0,0.0,0.0,0.0,0.0,0.0,0.0,4521.731892564043,14077.39846965112,7.859151460984173,0.0,0.0,0.0,0.0,0.0,0.0,0.0,0.0,"{""type"":""Polygon"",""coordinates"":[[[-71.65320015240945,-39.84569532002734],[-71.57146219078035,-39.8475371970262],[-71.56911364712472,-39.78453015488508],[-71.65077712308529,-39.782692332872],[-71.65320015240945,-39.84569532002734]]]}"
000000000000000001fb,100.0,4.89328392942686E7,2.298065804803061E7,7000,30415.012673992547,1290.3820335636724,0.0,"40,798","40,798",-39.81693200777366,-71.52943364737354,100.0,100.0,100.0,100.0,100.0,100.0,100.0,100.0,0.0,101.06751314924392,0.0,0.0,0.0016684536292452085,0.0,0.0,0.0,0.0,0.0,6441.529492973351,16359.84556708675,7.316971770216964,0.0,0.0,0.0,0.0,0.0,0.0,0.0,0.0,"{""type"":""Polygon"",""coordinates"":[[[-71.57146219078035,-39.8475371970262],[-71.48971688728523,-39.849321519881215],[-71.48744287945215,-39.786310517957425],[-71.56911364712472,-39.78453015488508],[-71.57146219078035,-39.8475371970262]]]}"
000000000000000001fc,100.00000000000003,4.89364124556504E7,3563355.248853285,7000,7938.816553720941,1490.9526627218936,0.0,"41,798","41,798",-39.81868561245246,-71.44772203464325,100.0,100.0,100.0,100.0,100.0,100.0,100.0,100.0,0.0,88.70956607495069,0.0,0.0,0.0,0.0,0.0,0.0,0.0,0.0,7158.681052563147,3795.411354788634,5.810475208350187,0.0,0.0,0.0,0.0,0.0,0.0,0.0,0.0,"{""type"":""Polygon"",""coordinates"":[[[-71.48971688728523,-39.849321519881215],[-71.40796447782638,-39.85104831459188],[-71.40576487339162,-39.78803349424125],[-71.48744287945215,-39.786310517957425],[-71.48971688728523,-39.849321519881215]]]}"
000000000000000001fd,100.0,4.89398685185559E7,206308.37076745107,7000,197.87290292681854,1540.6709108716946,0.0,"42,798","42,798",-39.82038177502215,-71.36600338764892,100.0,100.0,100.0,100.0,100.0,100.0,100.0,100.0,0.0,83.29879170755645,0.0,0.0,0.0,0.0,0.0,0.0,0.0,0.0,9506.2493941089,0,5.761623542418776,0.0,0.0,0.0,0.0,0.0,0.0,0.0,0.0,"{""type"":""Polygon"",""coordinates"":[[[-71.40796447782638,-39.85104831459188],[-71.32620510721135,-39.852717592333455],[-71.32408004409795,-39.78969906388185],[-71.40576487339162,-39.78803349424125],[-71.40796447782638,-39.85104831459188]]]}"
000000000000000001fe,3.6351464567676115,4.89432074499803E7,1.1870411952747263E7,7000,8985.356584064793,1201.9940886699508,41.28991047313779,"43,798","43,798",-39.82202041269862,-71.28427792435517,100.0,100.0,100.0,100.0,100.0,100.0,100.0,100.0,96.3648535432324,76.30899014778325,0.20681896929396654,0.09932824992189954,0.14216918337439644,0.027759996981042555,0.03526640140683662,0.10851171532356854,0.24961693232268514,0.31081549329958097,6650.39431902335,21620.230815921746,8.083713998277787,0.0,0.0,0.0,0.0,0.0,0.0,0.0,0.0,"{""type"":""Polygon"",""coordinates"":[[[-71.32620510721135,-39.852717592333455],[-71.2444390103295,-39.85432922777],[-71.24238844386502,-39.79130714741111],[-71.32408004409795,-39.78969906388185],[-71.32620510721135,-39.852717592333455]]]}"
000000000000000001ff,0.4175663610772309,4.89464292180889E7,4.503598909003646E7,7000,5129.524524015216,940.8716683119447,11.206169557774368,"44,798","44,798",-39.823601537785265,-71.2025458705319,98.89720503758359,98.89720503758359,98.89720503758359,98.89720503758359,98.89720503758359,98.89567145527025,98.89567145527025,98.89567145527025,99.58243363892278,69.669350526489,0.01653571025271781,0.01585423552918268,0.008528103454476141,0.008187386006456342,0.004624200678125346,0.013142924670208896,0.014676413742144455,0.01945740540580186,10220.515359048368,87785.24655194402,9.3248651864145,1.1027949624164126,1.1027949624164126,1.1027949624164126,1.1027949624164126,1.1027949624164126,1.1043285447297502,1.1043285447297502,1.1043285447297502,"{""type"":""Polygon"",""coordinates"":[[[-71.2444390103295,-39.85432922777],[-71.16266642159876,-39.855883323325145],[-71.16069048698407,-39.792857801797666],[-71.24238844386502,-39.79130714741111],[-71.2444390103295,-39.85432922777]]]}"
00000000000000000200,0.0,4.89495337921251E7,2.6001323533905447E7,7000,0,1120.8776908023485,0.0,"45,798","45,798",-39.825125113582224,-71.12080748855902,100.0,100.0,100.0,100.0,100.0,100.0,100.0,100.0,100.0,63.50771302644466,0.0,0.0,0.0,0.0,0.0,0.0,0.0,0.0,0,0,9.042694863703296,0.0,0.0,0.0,0.0,0.0,0.0,0.0,0.0,"{""type"":""Polygon"",""coordinates"":[[[-71.16266642159876,-39.855883323325145],[-71.0808876656414,-39.857379769608016],[-71.07898622472968,-39.79435094787508],[-71.16069048698407,-39.792857801797666],[-71.16266642159876,-39.855883323325145]]]}"
00000000000000000201,0.0,2.98293554002657E7,2.6729449071654998E7,7000,0,912.2649434571891,0.0,"46,798","46,798",-39.82607870223115,-71.05499268677083,100.0,100.0,100.0,100.0,100.0,100.0,100.0,100.0,100.0,60.22913295577131,0.0,0.0,0.0,0.0,0.0,0.0,0.0,0.0,0,7216.25441695254,9.670124745291801,0.0,0.0,0.0,0.0,0.0,0.0,0.0,0.0,"{""type"":""Polygon"",""coordinates"":[[[-71.03190030153621,-39.795185253037104],[-71.07898622472968,-39.79435094787508],[-71.0808876656414,-39.857379769608016],[-71.03486215223694,-39.85819663594156],[-71.03356763175087,-39.85510047325346],[-71.02687179030745,-39.817447123868774],[-71.03190030153621,-39.795185253037104]]]}"
00000000000000000202,100.0,2.75903750140847E7,2623039.235691507,7000,13022.705322833066,1245.1908931698772,0.0,"38,799","38,799",-39.746256629233585,-71.673957395589,100.0,100.0,100.0,100.0,100.0,100.0,100.0,100.0,0.0,113.31026654950206,0.0,0.0,0.0,0.0,0.0,0.0,0.0,0.0,4549.6424020345785,0,6.654168623403002,0.0,0.0,0.0,0.0,0.0,0.0,0.0,0.0,"{""type"":""Polygon"",""coordinates"":[[[-71.68160515529834,-39.7819836531292],[-71.65077712308529,-39.782692332872],[-71.64836177161554,-39.71968859645437],[-71.70312734065105,-39.71842556453133],[-71.7031698846733,-39.71859927888927],[-71.70341202341861,-39.71884134868605],[-71.70368276600666,-39.719146049935766],[-71.70374042663607,-39.71920434961417],[-71.70385936862465,-39.7198126459932],[-71.70389630037491,-39.72065772449818],[-71.70390037372947,-39.72106007685528],[-71.70389937802058,-39.72130599568677],[-71.70389729608381,-39.721788836967974],[-71.70413871014263,-39.72219178606326],[-71.70463457243468,-39.72265799915798],[-71.7068026712912,-39.72337883497121],[-71.70944968409421,-39.724462925589805],[-71.71127849380777,-39.72464636518106],[-71.7113941744599,-39.72466006015372],[-71.71221823952241,-39.72421054864465],[-71.71228739427323,-39.72427778505711],[-71.71242579424778,-39.724412196227306],[-71.7124240744316,-39.7248190739093],[-71.71231337255936,-39.72500653252797],[-71.71228422618941,-39.72503778806185],[-71.71222032140649,-39.72510022435488],[-71.71165124242982,-39.725505626928204],[-71.7114651397224,-39.725692930580074],[-71.71137217884609,-39.7257866347087],[-71.7114921137595,-39.72616692792725],[-71.71165214759839,-39.72667699457129],[-71.71168437159723,-39.72728506509286],[-71.71149455771577,-39.72837101476625],[-71.71125278699066,-39.729425525275566],[-71.7109672058412,-39.729867355748794],[-71.71056612457463,-39.730232973956504],[-71.70995667200819,-39.73059356740859],[-71.70939265808815,-39.73115995589194],[-71.70911214430473,-39.73176730095024],[-71.70878637146255,-39.732133035175174],[-71.70838465390943,-39.73265958069031],[-71.70842276188228,-39.73321855965243],[-71.70838220993002,-39.73459543693652],[-71.70826182129235,-39.73568597264852],[-71.70817637248818,-39.73673636928689],[-71.70805589325727,-39.737826926595424],[-71.7077350073367,-39.73839393218988],[-71.70696759539383,-39.73912076115293],[-71.70617863829037,-39.73944508451612],[-71.70587621630136,-39.739748365214695],[-71.70568938617579,-39.74011447347482],[-71.7049057666106,-39.74053275212915],[-71.70446747471036,-39.74146598644595],[-71.70414097311571,-39.74198820834027],[-71.70361677761305,-39.74267537428434],[-71.70313367699514,-39.74323746387056],[-71.70268587820635,-39.74368342861197],[-71.7024861925182,-39.744331125946516],[-71.70252430117428,-39.744899042761745],[-71.70248691667321,-39.7455069364602],[-71.70224179010583,-39.74594444756316],[-71.7018757292645,-39.74622964497804],[-71.70123104842563,-39.74663482066859],[-71.70046452651644,-39.74712011985525],[-71.69981957135568,-39.747605777275915],[-71.6993009812309,-39.748328733792476],[-71.69812792717755,-39.74903652511307],[-71.69584118846679,-39.75012141440796],[-71.69402831534973,-39.751448928985226],[-71.69210209846703,-39.75349583165107],[-71.68981821474907,-39.75517969515646],[-71.68759795325144,-39.75558057840671],[-71.68713402018379,-39.755700067572654],[-71.68668755754226,-39.755806123277026],[-71.68624462472778,-39.75641296681242],[-71.6857960788353,-39.7569750864382],[-71.68535848574817,-39.75766688172935],[-71.68491419329209,-39.7585508700077],[-71.68486884066677,-39.75960135507154],[-71.68442545279689,-39.76028859336774],[-71.68381993500206,-39.76097543704563],[-71.68367735889143,-39.7617574602086],[-71.68330991960339,-39.762288453930324],[-71.68331326901486,-39.76409466184607],[-71.6829711762475,-39.76416527190812],[-71.68256372419992,-39.76457096223479],[-71.68236529369449,-39.76489228882181],[-71.68216631992053,-39.765338824221075],[-71.68220497407067,-39.76574131427029],[-71.6822842739056,-39.766143879327934],[-71.68232301856689,-39.76652843604847],[-71.68232292804198,-39.76655085013682],[-71.68232691113775,-39.766953163129116],[-71.68191873409774,-39.76751981411984],[-71.68156975998221,-39.767818439778466],[-71.6813603753365,-39.768005596414866],[-71.68087090539576,-39.76861229128109],[-71.68087027171865,-39.76875534670895],[-71.68086900436444,-39.76903704703588],[-71.68086873278854,-39.769095163016175],[-71.68095373603576,-39.76949772244489],[-71.68098759248814,-39.76968561983765],[-71.6810724146544,-39.770146305442594],[-71.68162479924456,-39.770961503398084],[-71.68427255716877,-39.77349019962618],[-71.68462858933037,-39.77418862990226],[-71.68518540367236,-39.775316709037334],[-71.68559439140239,-39.77583642741569],[-71.68560018493898,-39.77584094325056],[-71.68584115976176,-39.77636463241731],[-71.68579834193417,-39.776851859908],[-71.68565802977533,-39.77712861040979],[-71.68559955127093,-39.77725364407454],[-71.68527429834812,-39.77741819273682],[-71.68487354792558,-39.77763620601611],[-71.68454820376517,-39.777818599434134],[-71.6842759065705,-39.77782680567943],[-71.68283176813833,-39.77939208199086],[-71.68199667612626,-39.78080703612384],[-71.68179715898066,-39.781338487951395],[-71.68160515529834,-39.7819836531292]]]}"
00000000000000000203,99.99999999425965,4.8929858618718E7,1.6746429731814353E7,7000,18222.544676848516,1248.1611001964636,0.0,"39,799","39,799",-39.75211549755064,-71.60875600253073,100.0,100.0,100.0,100.0,100.0,100.0,100.0,100.0,0.0,108.74760088582676,0.0,0.0,0.0,0.0,0.0,0.0,0.0,0.0,8242.643855176315,12825.481632889705,7.382748477665458,0.0,0.0,0.0,0.0,0.0,0.0,0.0,0.0,"{""type"":""Polygon"",""coordinates"":[[[-71.65077712308529,-39.782692332872],[-71.56911364712472,-39.78453015488508],[-71.56677251298898,-39.72152234640073],[-71.64836177161554,-39.71968859645437],[-71.65077712308529,-39.782692332872]]]}"
00000000000000000204,100.0,4.89335490056988E7,1.958529364389717E7,7000,27142.073486404097,1081.7140039447734,0.0,"40,799","40,799",-39.753922589232396,-71.52712599014906,100.0,100.0,100.0,100.0,100.0,100.0,100.0,100.0,0.0,102.35601760447514,0.038426573591479635,0.02352599798405565,0.04509251366561938,0.02823128524454834,0.05371824721248225,0.02038923022427801,0.07842144522614247,0.10037969598662799,6551.122204021663,26870.474943193865,7.693707331876765,0.0,0.0,0.0,0.0,0.0,0.0,0.0,0.0,"{""type"":""Polygon"",""coordinates"":[[[-71.56911364712472,-39.78453015488508],[-71.48744287945215,-39.786310517957425],[-71.48517592196745,-39.72329879319636],[-71.56677251298898,-39.72152234640073],[-71.56911364712472,-39.78453015488508]]]}"
00000000000000000205,99.99999999999997,4.89371223231629E7,1.0905937055219116E7,7000,18667.69551313035,1181.1074950690336,0.0,"41,799","41,799",-39.75567231759169,-71.44548872499347,100.0,100.0,100.0,100.0,100.0,100.0,100.0,100.0,0.0,92.84878866403423,0.0,0.0,0.0,0.0,0.0,0.0,0.0,0.0,3131.079114280011,13139.745403773828,7.585236682873017,0.0,0.0,0.0,0.0,0.0,0.0,0.0,0.0,"{""type"":""Polygon"",""coordinates"":[[[-71.48744287945215,-39.786310517957425],[-71.40576487339162,-39.78803349424125],[-71.4035722316314,-39.725017886946844],[-71.48517592196745,-39.72329879319636],[-71.48744287945215,-39.786310517957425]]]}"
00000000000000000206,100.00000000000003,4.89405785370532E7,1.1050438639068332E7,7000,18565.13941350803,1064.771568627451,3.494307614804501,"42,799","42,799",-39.757364674875774,-71.36384444061385,100.0,100.0,100.0,100.0,100.0,100.0,100.0,100.0,0.0,86.53767839566929,0.42994111355024733,0.4334063391654379,0.43827284955376816,0.3493638851250705,0.5848214203093172,0.5021669670329011,1.2814663727900335,1.714173714207753,8855.768727158209,19210.169428393558,7.909414044327622,0.0,0.0,0.0,0.0,0.0,0.0,0.0,0.0,"{""type"":""Polygon"",""coordinates"":[[[-71.40576487339162,-39.78803349424125],[-71.32408004409795,-39.78969906388185],[-71.32196158396889,-39.72667971499062],[-71.4035722316314,-39.725017886946844],[-71.40576487339162,-39.78803349424125]]]}"
00000000000000000207,99.97429454731278,4.89439176143682E7,2.060402419552684E7,7000,11930.333712756374,962.0612648221345,0.0,"43,799","43,799",-39.758999694277385,-71.28219339040294,100.0,100.0,100.0,100.0,100.0,100.0,100.0,100.0,0.025705452687230502,78.27455283547644,0.003361071830171072,0.002344423573958579,0.003361071830171072,0.0,0.001226987971225152,0.0,0.0028790409274348718,0.0,9117.65507548244,10074.660143272065,8.75641832587509,0.0,0.0,0.0,0.0,0.0,0.0,0.0,0.0,"{""type"":""Polygon"",""coordinates"":[[[-71.32408004409795,-39.78969906388185],[-71.24238844386502,-39.79130714741111],[-71.24034439232933,-39.72828425799668],[-71.32196158396889,-39.72667971499062],[-71.32408004409795,-39.78969906388185]]]}"
00000000000000000208,31.49897819542312,4.89471395232472E7,2.2282944862546414E7,7000,3314.9536208864856,1097.5642292490118,0.0,"44,799","44,799",-39.76057729975301,-71.20053578270681,99.79656927977709,99.79656927977709,99.79656927977709,99.79656927977709,99.79656927977709,99.79656927977709,99.79656927977709,99.79656927977709,68.50102180084487,69.25992308325108,0.0,0.0,0.0,0.0,0.0,0.0,0.0,0.0,0,19002.08493468466,8.83523357500564,0.203430720222917,0.203430720222917,0.203430720222917,0.203430720222917,0.203430720222917,0.203430720222917,0.203430720222917,0.203430720222917,"{""type"":""Polygon"",""coordinates"":[[[-71.24238844386502,-39.79130714741111],[-71.16069048698407,-39.792857801797666],[-71.15872070712041,-39.729831436736276],[-71.24034439232933,-39.72828425799668],[-71.24238844386502,-39.79130714741111]]]}"
00000000000000000209,0.0,4.89502442329421E7,4.329742244202112E7,7000,0,968.1988246816848,0.0,"45,799","45,799",-39.76209751622825,-71.11887185735185,100.0,100.0,100.0,100.0,100.0,100.0,100.0,100.0,100.0,64.71703767123286,0.0,0.0,0.0,0.0,0.0,0.0,0.0,0.0,9469.879567813281,17154.918534731973,9.258818381173269,0.0,0.0,0.0,0.0,0.0,0.0,0.0,0.0,"{""type"":""Polygon"",""coordinates"":[[[-71.16069048698407,-39.792857801797666],[-71.07898622472968,-39.79435094787508],[-71.07709085015422,-39.731321293463765],[-71.15872070712041,-39.729831436736276],[-71.16069048698407,-39.792857801797666]]]}"
0000000000000000020a,0.0,1.69676034467642E7,1.6765605985113798E7,7000,0,865.2845070422536,0.0,"46,799","46,799",-39.772797333571305,-71.05994746285378,100.0,100.0,100.0,100.0,100.0,100.0,100.0,100.0,100.00000000000003,60.908250941619585,0.08560272836786408,0.11582527587130523,0.0,0.0,0.0022889965639521434,0.03984955846456001,0.046253351204553005,0.04715645615952385,5962.927353169396,8018.135792872956,9.784801754709019,0.0,0.0,0.0,0.0,0.0,0.0,0.0,0.0,"{""type"":""Polygon"",""coordinates"":[[[-71.07190321116748,-39.73141405560024],[-71.07709085015422,-39.731321293463765],[-71.07898622472968,-39.79435094787508],[-71.03190030153621,-39.795185253037104],[-71.03712281511004,-39.772048928111055],[-71.04757934208295,-39.76075307417693],[-71.0680802876788,-39.747784796080374],[-71.07190321116748,-39.73141405560024]]]}"
0000000000000000020b,100.00000000000003,2.61269997313205E7,2686826.1136524505,7000,7395.081040894898,1338.1802973977697,0.0,"38,800","38,800",-39.688597213131104,-71.67047732133283,100.0,100.0,100.0,100.0,100.0,100.0,100.0,100.0,0.0,112.83216728855724,0.0,0.0,0.0,0.0,0.0,0.0,0.0,0.0,7350.438419326044,0,6.390856259616455,0.0,0.0,0.0,0.0,0.0,0.0,0.0,0.0,"{""type"":""Polygon"",""coordinates"":[[[-71.70312734065105,-39.71842556453133],[-71.64836177161554,-39.71968859645437],[-71.6459540076449,-39.65668409646924],[-71.7031872643574,-39.655365163849616],[-71.70304107584013,-39.65546275632677],[-71.70244509671784,-39.655505935406424],[-71.70201567245317,-39.65584909365346],[-71.70106313429599,-39.65675424364473],[-71.70041392586947,-39.657074393579144],[-71.69997245978794,-39.65752038085966],[-71.69944889129206,-39.65820749702531],[-71.69896107750345,-39.65865332500704],[-71.69847398715679,-39.65893375360004],[-71.69754787081837,-39.659096748675836],[-71.69685918834807,-39.65917539095605],[-71.69654263652518,-39.65881691819398],[-71.69583838230946,-39.65847974585063],[-71.69538767692679,-39.658380213128154],[-71.69478824415054,-39.657895855293276],[-71.69430820832896,-39.65789902191721],[-71.69407611080412,-39.65805041650484],[-71.69383124954896,-39.65848794728433],[-71.69394476380961,-39.65897999649198],[-71.69394575954857,-39.66006192396023],[-71.69334206962522,-39.66187105746677],[-71.69325471599113,-39.66331038302236],[-71.6929800723942,-39.66392215314582],[-71.6928566909017,-39.664364454508444],[-71.69272805908386,-39.66466812907029],[-71.6926929365239,-39.664752970945806],[-71.69253660487796,-39.66480173375903],[-71.69262830376206,-39.66498974756453],[-71.69266786191051,-39.665191065319966],[-71.69263735597035,-39.665562017148176],[-71.69282727124336,-39.66577711475451],[-71.69310372540646,-39.66604161649897],[-71.69319596726466,-39.66613132127792],[-71.69346608458935,-39.66652098147611],[-71.69354013145812,-39.666793852141396],[-71.69331274053201,-39.66717779669503],[-71.69302180302796,-39.66756145940246],[-71.69248111482023,-39.668176993261675],[-71.69199202341885,-39.66887766609489],[-71.69138000186125,-39.67121872588364],[-71.69122756206013,-39.671665380661054],[-71.69046002116171,-39.67383612459758],[-71.68951541566334,-39.67549226262258],[-71.68923479443943,-39.67613976279996],[-71.68910082035175,-39.67634511041114],[-71.68875112962255,-39.67690743292954],[-71.68822229297908,-39.677433609160154],[-71.68789686158766,-39.67775461256811],[-71.68765878501226,-39.67793731042056],[-71.68708984466947,-39.678360476842315],[-71.68612214596016,-39.678684212247155],[-71.68535658474259,-39.679084516273896],[-71.6847306101716,-39.679324251667495],[-71.68268928212714,-39.67908621818702],[-71.68119199848265,-39.678822834104906],[-71.67804587029495,-39.678519090680126],[-71.67368085544872,-39.677831780743965],[-71.67311397324835,-39.67779440540921],[-71.67271302707748,-39.678159920556936],[-71.67238767098968,-39.67844957056683],[-71.6723063771818,-39.67852092404895],[-71.67226265233033,-39.67920480602631],[-71.67198183544544,-39.679852293912724],[-71.67186460202065,-39.68017832245289],[-71.67157971104692,-39.68045916533943],[-71.67144038868013,-39.68055707934539],[-71.67129527246861,-39.68066402305419],[-71.67057005257344,-39.68106434442277],[-71.67000615250062,-39.68163054322606],[-71.6695172089922,-39.68223710295382],[-71.66947891547842,-39.68298363615493],[-71.66947882495002,-39.68300600332626],[-71.66959723608481,-39.68365463652696],[-71.66972153151963,-39.68429874021836],[-71.66999655650459,-39.684853872611455],[-71.6700596546998,-39.684974757576256],[-71.67024424174737,-39.686321025989876],[-71.67036826535589,-39.68700540558755],[-71.67036817482774,-39.6870143735132],[-71.6702848889059,-39.6874924987163],[-71.67000488510493,-39.687974522469766],[-71.67000334612445,-39.688296423553965],[-71.67000216925702,-39.688537844584324],[-71.67001918857025,-39.68862282753552],[-71.67012637401228,-39.68918645282726],[-71.67028669946966,-39.68955350280445],[-71.67049346578388,-39.689871477866994],[-71.67057937696859,-39.69005955284896],[-71.67073427052371,-39.690359489115565],[-71.67074477177906,-39.69056969184199],[-71.67077183966852,-39.690967637873186],[-71.67077138702824,-39.69105708068501],[-71.67076957646715,-39.69145047431364],[-71.67089396199184,-39.69205440236542],[-71.67121696581539,-39.692296751352366],[-71.67172527977326,-39.69247701241935],[-71.67226527763215,-39.69209846908844],[-71.6727514107463,-39.69209988988422],[-71.67347979433822,-39.69225842208231],[-71.67432549945832,-39.692099828949786],[-71.67521764269908,-39.691892228810914],[-71.67610317510105,-39.6918544321062],[-71.67662922476859,-39.69197217126015],[-71.67731487145748,-39.692617814553394],[-71.67733804618219,-39.69262683836623],[-71.67788066017224,-39.692905519113175],[-71.67828431588318,-39.693228567849744],[-71.67905324289575,-39.6933871901748],[-71.67977681480333,-39.693348890338534],[-71.68042552061598,-39.693225556758655],[-71.6809106460005,-39.69218073103709],[-71.68115017583149,-39.69169401162307],[-71.68175850478293,-39.69153029364237],[-71.68248388128274,-39.691094140861935],[-71.68343294255897,-39.691096754884754],[-71.68414383148752,-39.6912864715274],[-71.68442536227256,-39.691734274131484],[-71.68483471303843,-39.69207962504059],[-71.6849499503476,-39.69217829918999],[-71.68579933769767,-39.69245782618411],[-71.68697325025089,-39.69266217113668],[-71.68761542427913,-39.69269963366086],[-71.68836622498051,-39.69302803768236],[-71.68876986791328,-39.69335995978381],[-71.68963581114768,-39.6938316910946],[-71.6903273148886,-39.69447729951633],[-71.69081152053482,-39.69492568294894],[-71.69156620643976,-39.69568773850313],[-71.6924679891119,-39.69591369297605],[-71.69383984911555,-39.69585473111444],[-71.69441954990737,-39.69563270439142],[-71.6944833676244,-39.69561050066987],[-71.69520944038446,-39.69500440791364],[-71.69585920218573,-39.6946395339956],[-71.69650262623598,-39.694399756799235],[-71.69720543070038,-39.6938024837044],[-71.69824895316503,-39.6933849671577],[-71.70005456148043,-39.69338521622655],[-71.70173913524097,-39.694592128710056],[-71.70224088491139,-39.69500473101317],[-71.7029293750965,-39.69504673448631],[-71.70361650605585,-39.695406175823926],[-71.70374911646319,-39.695518311355],[-71.70376070289898,-39.69552727357221],[-71.70406059230196,-39.695773924284296],[-71.70405896296093,-39.69613600382033],[-71.70401696216734,-39.69649806756768],[-71.70369743009235,-39.69677887315623],[-71.70309366750614,-39.69722441877476],[-71.70272824124702,-39.69740230292341],[-71.70260649275008,-39.697469066720004],[-71.70228161865948,-39.69763367062113],[-71.70203721609532,-39.6979549125162],[-71.70208138960922,-39.69843791403124],[-71.702126468312,-39.69872413997901],[-71.70219960804151,-39.69920720000199],[-71.70225038945306,-39.69952921136494],[-71.70228442476196,-39.69969025121765],[-71.70250773612953,-39.70023622444539],[-71.70256503488733,-39.70037942604335],[-71.70270787440123,-39.70080453528374],[-71.70272498255179,-39.70085823743565],[-71.70268786963146,-39.70142589244479],[-71.70263410114924,-39.70181470509073],[-71.70149708578514,-39.70241983499279],[-71.6995745333237,-39.70266077552148],[-71.69789022006013,-39.703984200219956],[-71.69773325723136,-39.70414926599882],[-71.6974349914426,-39.70485929504706],[-71.69687068450523,-39.705506122159036],[-71.6963201358056,-39.70567005872796],[-71.69487306277773,-39.705670722111265],[-71.69461670587846,-39.70605455982746],[-71.69396006198052,-39.706638463888225],[-71.69391932720437,-39.70668755048313],[-71.6936808023587,-39.70696415094475],[-71.69372008881572,-39.70724589120703],[-71.69403664334607,-39.70765353918827],[-71.69420365583699,-39.70785071533536],[-71.69452699902101,-39.70801250190659],[-71.69525497263373,-39.708336350540826],[-71.69630538087056,-39.709023123633614],[-71.69666701237058,-39.70971251706735],[-71.69698962897367,-39.7100710561993],[-71.69759720461522,-39.710112830591754],[-71.69778231943847,-39.71014467511347],[-71.69832607665819,-39.71023550725626],[-71.69904960639086,-39.71023288090877],[-71.69981776095345,-39.71063727620825],[-71.70005438044033,-39.71078981767059],[-71.70026221440189,-39.710920023507505],[-71.7003467600613,-39.71144784189195],[-71.7002231097641,-39.71193032300635],[-71.70015313779642,-39.71205532392605],[-71.70013566743219,-39.71208657777688],[-71.69997807203218,-39.71237678251355],[-71.70005682448159,-39.712900070207375],[-71.70042587450237,-39.713227400584174],[-71.70086480542133,-39.71346548286201],[-71.70151156892886,-39.713833686640115],[-71.7017180441773,-39.714272402085044],[-71.70234090888383,-39.71482833210919],[-71.7026436961989,-39.71576348362481],[-71.70268931794062,-39.715920126544624],[-71.70270615453418,-39.71604530430458],[-71.70276770766463,-39.71653730946841],[-71.70284736463987,-39.71687275475754],[-71.70300640697482,-39.71757958951422],[-71.70301210968658,-39.71758850643083],[-71.70305039932026,-39.71811172292891],[-71.70312734065105,-39.71842556453133]]]}"
0000000000000000020c,100.0,4.89305678940841E7,2.3467162868192833E7,7000,9215.583419118926,1140.2878192534383,0.0,"39,800","39,800",-39.689109302286035,-71.6063814756308,100.0,100.0,100.0,100.0,100.0,100.0,100.0,100.0,0.0,109.9125246062992,0.0,0.0,0.0,0.0,0.0,0.0,0.0,0.0,18694.40678131433,1881.8490081409425,7.301150810812402,0.0,0.0,0.0,0.0,0.0,0.0,0.0,0.0,"{""type"":""Polygon"",""coordinates"":[[[-71.64836177161554,-39.71968859645437],[-71.56677251298898,-39.72152234640073],[-71.56443869798017,-39.65851368133206],[-71.6459540076449,-39.65668409646924],[-71.64836177161554,-39.71968859645437]]]}"
0000000000000000020d,99.99999999999999,4.89342584421984E7,5626704.490141682,7000,4860.82641009439,1467.2729970326411,0.0,"40,800","40,800",-39.69091238134135,-71.52482555884602,100.0,100.0,100.0,100.0,100.0,100.0,100.0,100.0,0.0,96.64798672931092,0.0,0.0,0.0,0.0,0.0,0.0,0.0,0.0,5080.884806221492,19568.07516181488,5.7942574558578785,0.0,0.0,0.0,0.0,0.0,0.0,0.0,0.0,"{""type"":""Polygon"",""coordinates"":[[[-71.56677251298898,-39.72152234640073],[-71.48517592196745,-39.72329879319636],[-71.4829161055558,-39.66028620952529],[-71.56443869798017,-39.65851368133206],[-71.56677251298898,-39.72152234640073]]]}"
0000000000000000020f,36.68210556642665,4.89412882805222E7,319507.0287807388,7000,0,1415.8901960784312,0.0,"42,800","42,800",-39.69434681143604,-71.36169231341417,100.0,100.0,100.0,100.0,100.0,100.0,100.0,100.0,63.31789443357337,81.4839033792651,0.0,0.0,0.0,0.0,0.0,0.0,0.0,0.0,747.3621986579304,0,6.321854987482386,0.0,0.0,0.0,0.0,0.0,0.0,0.0,0.0,"{""type"":""Polygon"",""coordinates"":[[[-71.4035722316314,-39.725017886946844],[-71.32196158396889,-39.72667971499062],[-71.31984990818256,-39.66365965334434],[-71.40138646208362,-39.662001478971774],[-71.4035722316314,-39.725017886946844]]]}"
00000000000000000210,9.11588295014534,4.89446275036683E7,7609854.798831026,7000,0,1262.8102766798418,0.0,"43,800","43,800",-39.695978176845614,-71.28011540745423,100.0,100.0,100.0,100.0,100.0,100.0,100.0,100.0,90.88411704985467,76.47595837446528,0.0,0.0,0.0,0.0,0.0,0.0,0.0,0.0,164.13732948083472,0,7.85079437888504,0.0,0.0,0.0,0.0,0.0,0.0,0.0,0.0,"{""type"":""Polygon"",""coordinates"":[[[-71.32196158396889,-39.72667971499062],[-71.24034439232933,-39.72828425799668],[-71.23830667455861,-39.665260607063956],[-71.31984990818256,-39.66365965334434],[-71.32196158396889,-39.72667971499062]]]}"
00000000000000000211,0.0,4.89478495532669E7,3.783168143873398E7,7000,0,1043.0029673590504,0.0,"44,800","44,800",-39.69755230660395,-71.19853202133875,100.0,100.0,100.0,100.0,100.0,100.0,100.0,100.0,100.0,69.63501523386033,0.0,0.001015927715379612,0.0,0.0,0.0,0.0,0.0,0.0,8656.400556726227,18148.432549871457,8.851060264949266,0.0,0.0,0.0,0.0,0.0,0.0,0.0,0.0,"{""type"":""Polygon"",""coordinates"":[[[-71.24034439232933,-39.72828425799668],[-71.15872070712041,-39.729831436736276],[-71.15675717276399,-39.66680439739413],[-71.23830667455861,-39.665260607063956],[-71.24034439232933,-39.72828425799668]]]}"
00000000000000000212,0.0,4.89467416231539E7,1.3436277532670064E7,7000,0,1140.4847890088322,0.0,"45,800","45,800",-39.69906816415417,-71.11694579980383,100.0,100.0,100.0,100.0,100.0,100.0,100.0,100.0,100.0,63.89502655228758,0.0,0.0,0.0,0.0,0.0,0.0,0.0,0.0,2223.048831267056,13800.304480293027,8.64627358829274,0.0,0.0,0.0,0.0,0.0,0.0,0.0,0.0,"{""type"":""Polygon"",""coordinates"":[[[-71.07643853386627,-39.709573834698304],[-71.07520145133067,-39.66829094533862],[-71.15675717276399,-39.66680439739413],[-71.15872070712041,-39.729831436736276],[-71.07709085015422,-39.731321293463765],[-71.07650255049568,-39.71170804165922],[-71.0768703285569,-39.71013176585053],[-71.07643853386627,-39.709573834698304]]]}"
00000000000000000213,0.0,8170949.42771215,427418.08561099146,7000,0,1216.3374233128836,0.0,"46,800","46,800",-39.683455427355675,-71.06167437903612,100.0,100.0,100.0,100.0,100.0,100.0,100.0,100.0,100.0,57.70331790123458,0.0,0.0,0.0,0.0,0.0,0.0,0.0,0.0,0,0,8.252231254106686,0.0,0.0,0.0,0.0,0.0,0.0,0.0,0.0,"{""type"":""MultiPolygon"",""coordinates"":[[[[-71.07650255049568,-39.71170804165922],[-71.07709085015422,-39.731321293463765],[-71.07190321116748,-39.73141405560024],[-71.07650255049568,-39.71170804165922]]],[[[-71.0325257551944,-39.6690458561213],[-71.07520145133067,-39.66829094533862],[-71.07643853386627,-39.709573834698304],[-71.05971370937682,-39.68795369588586],[-71.03628498654292,-39.67624073329729],[-71.0325257551944,-39.6690458561213]]]]}"
00000000000000000214,100.0,3.50084189649526E7,1721037.4934495816,7000,0,1331.2430939226522,0.0,"38,801","38,801",-39.62633570080371,-71.67452625089506,100.0,100.0,100.0,100.0,100.0,100.0,100.0,100.0,0.0,112.94752819981588,0.0,0.0,0.0,0.0,0.0,0.0,0.0,0.0,12526.035706011891,0,6.506484351500622,0.0,0.0,0.0,0.0,0.0,0.0,0.0,0.0,"{""type"":""Polygon"",""coordinates"":[[[-71.7031872643574,-39.655365163849616],[-71.6459540076449,-39.65668409646924],[-71.64355374081465,-39.593678665102885],[-71.69543511009908,-39.59248588478881],[-71.69523569158261,-39.59284661418708],[-71.69520591005076,-39.593052139386955],[-71.69520482379423,-39.59329358678634],[-71.69516780054862,-39.59383897991581],[-71.6956099067114,-39.59450178237099],[-71.69593152861528,-39.594945244409146],[-71.69666284840564,-39.595550719455325],[-71.69756896214894,-39.59580793980415],[-71.69804157053704,-39.59610421831594],[-71.69860107788716,-39.596351556999046],[-71.69867593828731,-39.59640992061165],[-71.69910201765349,-39.59676420414111],[-71.69920575391039,-39.59684494596232],[-71.6992500183242,-39.59728763302326],[-71.6990297824396,-39.597443607719725],[-71.69900570403146,-39.59766704959],[-71.69865692899748,-39.59813562149039],[-71.69831430899022,-39.59850127162751],[-71.69807596836301,-39.598822560536405],[-71.69791194501323,-39.59934972009099],[-71.69791556583861,-39.599837018165225],[-71.69795394658519,-39.60031555019558],[-71.69795267929645,-39.60060161789841],[-71.6979524982552,-39.600641918268295],[-71.6979118544926,-39.60069546721461],[-71.69742919811354,-39.60136929033978],[-71.69685982199454,-39.60205630517476],[-71.69645329227544,-39.602502331581945],[-71.69605192176067,-39.60310928203178],[-71.69575302080302,-39.60404740991713],[-71.69609238471021,-39.60573825743],[-71.69623377869175,-39.606462932592976],[-71.69644016672504,-39.60684346363339],[-71.69665624037418,-39.60765328745712],[-71.69666194319585,-39.607671136790366],[-71.69706340348925,-39.6083964995343],[-71.69690345307691,-39.60929019682335],[-71.6966237433409,-39.609808142264974],[-71.69641337249645,-39.610335136901575],[-71.69637834084968,-39.61041550360079],[-71.69649737601668,-39.610943341243164],[-71.6968643480407,-39.61162838568629],[-71.69738764907865,-39.612237749567704],[-71.69781834666338,-39.612900586578704],[-71.69799631023423,-39.61317821357094],[-71.69816223447395,-39.61356760677238],[-71.69816178187112,-39.615011694872315],[-71.69767885429579,-39.61573468574025],[-71.69675364093388,-39.61712275122863],[-71.6960167090332,-39.61776906670775],[-71.6956093635838,-39.61837601561277],[-71.69504505352369,-39.61918372937744],[-71.69471872363731,-39.61979094134841],[-71.69472180136867,-39.62039451544255],[-71.69479050718785,-39.62186109719435],[-71.69485866986388,-39.623461837231474],[-71.69483341437201,-39.62393571397606],[-71.69487704572235,-39.62453936076486],[-71.69526348164185,-39.624750534217675],[-71.69589269502741,-39.62496229097421],[-71.69654317965126,-39.62560776560108],[-71.69658337097754,-39.62567046072144],[-71.69691685017158,-39.62610057434009],[-71.69693604060353,-39.626990270708205],[-71.69695133863577,-39.62747322870311],[-71.69751908522342,-39.628529766603904],[-71.69871929756815,-39.629082779508764],[-71.69920512026843,-39.6290438253503],[-71.69993272147518,-39.62924243017193],[-71.70041700354768,-39.62957006263275],[-71.70071608131693,-39.62993298680531],[-71.70077935469638,-39.63000910501802],[-71.70105969454472,-39.63069832782598],[-71.70106231961807,-39.63142259162802],[-71.70101977532354,-39.63190984152451],[-71.70082787333106,-39.63217310342093],[-71.70069408498902,-39.63236053709614],[-71.70081185132003,-39.633201401775096],[-71.70213488662327,-39.63344170588406],[-71.70517207255645,-39.63306499447932],[-71.70695972031508,-39.632841502816554],[-71.70820805372114,-39.63296535610073],[-71.70971064583375,-39.63316134125219],[-71.71023591782914,-39.6333638278102],[-71.71080210271155,-39.63348151310886],[-71.71148505344128,-39.633322263231435],[-71.71209251180333,-39.63324326031564],[-71.71298355732098,-39.633080062257186],[-71.71359065084478,-39.63308153569108],[-71.71439389169065,-39.63320423163967],[-71.71516110524877,-39.63364874392644],[-71.71557041783583,-39.63393144531673],[-71.71600788028152,-39.63441531394566],[-71.71653739642761,-39.6350201915431],[-71.71682351582177,-39.63574961673834],[-71.71720920183549,-39.636175308881086],[-71.71722069728119,-39.63618875700821],[-71.7173008938438,-39.636376727563],[-71.71746128691018,-39.63675708664377],[-71.71758701257158,-39.637124044711236],[-71.71751034617328,-39.63748146858281],[-71.7171799653852,-39.6376863857318],[-71.7170291668107,-39.63777986402045],[-71.7166175931574,-39.63805160636882],[-71.71633319337924,-39.63829682161586],[-71.71604825026056,-39.63869403435154],[-71.71575117778741,-39.63922528324818],[-71.71543147609277,-39.63963139757949],[-71.71508099867872,-39.64047550400583],[-71.71504388715375,-39.64108344656299],[-71.7150418052876,-39.64157523778815],[-71.71504090012839,-39.64180770606007],[-71.71516128628055,-39.64204942461724],[-71.71524157386273,-39.64221057473194],[-71.7154413423162,-39.64285482005191],[-71.71564572695145,-39.643789711976204],[-71.71551556527199,-39.64449581155182],[-71.71544469140116,-39.64487568835896],[-71.71544215695849,-39.64548363955781],[-71.71544016561067,-39.64597099254326],[-71.71558318055976,-39.64634238310685],[-71.71560608104899,-39.64641398298437],[-71.71568980812047,-39.647142963717286],[-71.71574158312048,-39.64721010769383],[-71.71584522361165,-39.64733557257936],[-71.71601204400157,-39.6475416123581],[-71.7165764991245,-39.64811084340019],[-71.7168186279886,-39.64829916408126],[-71.71689936774203,-39.64836194234892],[-71.7171817756918,-39.64859512080697],[-71.71734171624004,-39.64908283462934],[-71.7172242273786,-39.64952071348891],[-71.71697983592944,-39.649886718645554],[-71.71665470450426,-39.65020784619109],[-71.71663153254184,-39.65022114962633],[-71.71621416539124,-39.6504526426112],[-71.71556634462597,-39.65045550552569],[-71.71505212410234,-39.65032906104195],[-71.7144213180675,-39.6504258682167],[-71.71297930304601,-39.650909680128954],[-71.7116543200029,-39.65103156662578],[-71.71068850374466,-39.65102915494003],[-71.70960646030113,-39.651151609709444],[-71.70816279481599,-39.651992949624244],[-71.70623231567511,-39.6530745075331],[-71.7049079390597,-39.65440344814317],[-71.70429784237254,-39.65505464922239],[-71.7035282499531,-39.65513765509472],[-71.7031872643574,-39.655365163849616]]]}"
00000000000000000215,100.0,3.05913795715961E7,3679606.9330307604,7000,0,1377.7403225806452,0.0,"39,801","39,801",-39.634107595697124,-71.61349903760699,100.0,100.0,100.0,100.0,100.0,100.0,100.0,100.0,0.0,108.42304456112007,0.0,0.0,0.0,0.0,0.0,0.0,0.0,0.0,11385.650343159688,0,6.370161869375693,0.0,0.0,0.0,0.0,0.0,0.0,0.0,0.0,"{""type"":""Polygon"",""coordinates"":[[[-71.62388524756467,-39.59412478153702],[-71.64355374081465,-39.593678665102885],[-71.6459540076449,-39.65668409646924],[-71.56443869798017,-39.65851368133206],[-71.56349355816151,-39.632929323612714],[-71.56383577206451,-39.633107603121125],[-71.56402548827842,-39.633278196748435],[-71.56459699076088,-39.6334323320347],[-71.56512900972719,-39.63341198956002],[-71.56572224386234,-39.633794273592265],[-71.56697481484728,-39.63413866492726],[-71.56737217374588,-39.63438605166049],[-71.56790889730786,-39.63455351483314],[-71.56910857602793,-39.63503186807359],[-71.5696387769044,-39.6353154637291],[-71.57026768192067,-39.63554134033807],[-71.57134184358988,-39.63576439761337],[-71.57223208580355,-39.635798928208835],[-71.57303657082919,-39.63567676751244],[-71.57485145458588,-39.635799629408496],[-71.57571171446025,-39.636008427129404],[-71.57663545005293,-39.63624428444662],[-71.57705226669958,-39.63615636464461],[-71.57824041321366,-39.635695726999714],[-71.57906380964013,-39.63531423129435],[-71.58025602402773,-39.63514417256261],[-71.5808877166754,-39.63490509322416],[-71.58127183884174,-39.63449062073364],[-71.58172351235059,-39.634371589909016],[-71.58237313154353,-39.63404304035059],[-71.58300083600871,-39.63350433872931],[-71.58386098484561,-39.63276524723078],[-71.58436635183874,-39.63237811340595],[-71.5849583755074,-39.63200027198647],[-71.58528227667347,-39.63198797299692],[-71.58649592989039,-39.632068330752794],[-71.58739319561833,-39.631892650412546],[-71.58746844304571,-39.63187951582497],[-71.58750321441447,-39.631870730172196],[-71.5877936095357,-39.631648201772435],[-71.58839187522572,-39.63118086033295],[-71.5886993835634,-39.631003169560074],[-71.58931439940723,-39.630652123984916],[-71.58972622035068,-39.630416608184156],[-71.59006225065978,-39.63030603326344],[-71.59059522610559,-39.630124598331584],[-71.59118035721062,-39.629929977667196],[-71.59283605004411,-39.62956919849707],[-71.59351951335371,-39.62936146059051],[-71.59428827211507,-39.6294043304811],[-71.59485338566449,-39.62964775873746],[-71.59546377243932,-39.63008802634276],[-71.59570417814507,-39.63049569330531],[-71.59580749368999,-39.63063019095122],[-71.59606564659286,-39.63097981781801],[-71.59647401855082,-39.63134333199695],[-71.59716236414339,-39.631301058321505],[-71.5972434950239,-39.63125658022145],[-71.59760315088177,-39.6310611759959],[-71.59824821244982,-39.63049559589229],[-71.59861311899954,-39.63037614903005],[-71.59875890041491,-39.63017099590672],[-71.59905607699486,-39.629769678213904],[-71.59938213789788,-39.62936393543763],[-71.59938811401815,-39.629332613894015],[-71.59950175083058,-39.628675813703076],[-71.60002565679095,-39.62806959542717],[-71.60022286833114,-39.62794512637948],[-71.60067569384518,-39.627629247068604],[-71.6014804740337,-39.62742183505804],[-71.6020452134488,-39.62775018536569],[-71.60240948209733,-39.62774693306271],[-71.60334509749467,-39.62792006143595],[-71.60569657472897,-39.62719483089469],[-71.60687076796698,-39.62710043043931],[-71.60858578180155,-39.62746389763306],[-71.60956058596756,-39.62786954918078],[-71.61008492912582,-39.62819324498485],[-71.61028322135382,-39.62788541125545],[-71.61044656335767,-39.62762664089827],[-71.61069166676008,-39.62722063264645],[-71.6111384118479,-39.62694041455692],[-71.611782180081,-39.62657596036438],[-71.6119412657976,-39.626049008718525],[-71.61196562211302,-39.62582999949506],[-71.61198418361614,-39.62560653877077],[-71.61235025246764,-39.625281361316084],[-71.61271206536857,-39.62467451763728],[-71.61303449140424,-39.62387084672255],[-71.61346584100379,-39.623241891469966],[-71.61348322535899,-39.62322408346258],[-71.61388397071651,-39.622903554346756],[-71.61423328700127,-39.622457600242],[-71.61432645605832,-39.622337198031296],[-71.6144498665385,-39.62197099812],[-71.61440613414311,-39.621528288734446],[-71.61435452447668,-39.62144314045384],[-71.61420558074613,-39.62120122702587],[-71.61407393073154,-39.620968307589],[-71.6138049263128,-39.62047563035612],[-71.61356018733748,-39.619790797146635],[-71.61357286342637,-39.61958517093904],[-71.61360002647243,-39.618860988664785],[-71.61364149538518,-39.61764951782238],[-71.61352234015496,-39.61724223848553],[-71.61328692696287,-39.61695091460552],[-71.6129310000143,-39.61651152483209],[-71.61287359532766,-39.616435329442695],[-71.61254673249434,-39.61595587884488],[-71.61219044259227,-39.61558812249475],[-71.61180382008895,-39.61546159854104],[-71.61169996614694,-39.61543001106691],[-71.61181504754025,-39.614487056559575],[-71.61182120452949,-39.61441552272117],[-71.612351067362,-39.61372879099634],[-71.6127121559123,-39.61324712368443],[-71.61359812505927,-39.61296841688136],[-71.61468708978559,-39.61151902746865],[-71.61540672631314,-39.60995213766268],[-71.61601091921112,-39.60730297317397],[-71.6159831225587,-39.60605549475897],[-71.61600811238313,-39.6057113022151],[-71.61605220674275,-39.605067676123205],[-71.61606470165266,-39.60488437447709],[-71.6163471046018,-39.60399567880091],[-71.61635072631171,-39.60333841598365],[-71.61634574646057,-39.6031863993736],[-71.61627104868487,-39.60310569214557],[-71.61600684478339,-39.602809770986525],[-71.61590344484526,-39.60270212413856],[-71.61581543716726,-39.601892632212355],[-71.61578247955354,-39.60157058624569],[-71.6159821265874,-39.6010034482396],[-71.6165087233685,-39.599833837226676],[-71.6171537489824,-39.599187702572124],[-71.61800131656308,-39.59850197519046],[-71.61877110636469,-39.598294383247776],[-71.61933744671884,-39.59829626168545],[-71.62011746469342,-39.59832561360054],[-71.62094546787391,-39.59802879788649],[-71.62251047435474,-39.5971843853094],[-71.62305353941491,-39.597208510003796],[-71.62378166895625,-39.59720642211103],[-71.62455054017602,-39.59716867282912],[-71.62464434017191,-39.596923069619635],[-71.6247498198659,-39.596641716971824],[-71.62431929953416,-39.59610385629837],[-71.62426253056613,-39.59591585250677],[-71.62400141129834,-39.5950432564804],[-71.62396175447091,-39.59489554375633],[-71.62398719640868,-39.594466436201316],[-71.62388524756467,-39.59412478153702]]]}"
00000000000000000217,100.0,4.8586467624249E7,1306494.6953335037,7000,0,1664.4541832669322,91.29164033362768,"41,801","41,801",-39.62984715761529,-71.44076923731645,100.0,100.0,100.0,100.0,100.0,100.0,100.0,100.0,0.0,88.34058872305141,0.0,0.0,0.0,0.0,0.0,0.0,0.0,0.0,6070.89862892833,9215.498117690653,6.338705395371166,0.0,0.0,0.0,0.0,0.0,0.0,0.0,0.0,"{""type"":""Polygon"",""coordinates"":[[[-71.48110173849727,-39.60954375900679],[-71.4829161055558,-39.66028620952529],[-71.40138646208362,-39.662001478971774],[-71.39920747428341,-39.59898433169163],[-71.47417126153347,-39.597411336300276],[-71.47471745829974,-39.59869363716666],[-71.47536066505288,-39.599228594340154],[-71.47618249335771,-39.599840321141265],[-71.47717252536177,-39.601136880305354],[-71.47728004285177,-39.60144578800704],[-71.47742723397084,-39.60185781129994],[-71.47774906147814,-39.60286963854294],[-71.47841635670203,-39.60327948377083],[-71.47856354734813,-39.603691495936886],[-71.4789893582199,-39.60471271242549],[-71.47926489861281,-39.60573775211986],[-71.47930266991226,-39.60610005939852],[-71.47936743364173,-39.6067084131153],[-71.47947821129414,-39.607352666634036],[-71.47950040305189,-39.607477957902496],[-71.47958319188281,-39.60800144410046],[-71.4798314676807,-39.60881172956839],[-71.480119869556,-39.60888454507264],[-71.48086786553392,-39.60934845568482],[-71.48110173849727,-39.60954375900679]]]}"
00000000000000000218,79.53850644955406,4.89419977455134E7,2.9781285742801435E7,7000,0,1210.3294001966567,5.31906825728509,"42,801","42,801",-39.63132816559091,-71.35954690353438,100.0,100.0,100.0,100.0,100.0,100.0,100.0,100.0,20.461493550753357,86.24611807604063,0.0,0.0,0.0,0.0,0.0,0.0,0.0,0.0015500333389558193,6988.934079412847,12563.423427464388,7.882358164304359,0.0,0.0,0.0,0.0,0.0,0.0,0.0,0.0,"{""type"":""Polygon"",""coordinates"":[[[-71.40138646208362,-39.662001478971774],[-71.31984990818256,-39.66365965334434],[-71.31774474500618,-39.60063875833285],[-71.39920747428341,-39.59898433169163],[-71.40138646208362,-39.662001478971774]]]}"
00000000000000000219,0.0,4.8945337114425E7,3.915051644945501E7,7000,0,1064.880198019802,0.0,"43,801","43,801",-39.63295592840221,-71.2780439792297,100.0,100.0,100.0,100.0,100.0,100.0,100.0,100.0,100.00000000000003,77.38816493741766,0.011586759695077586,0.015318131016246933,0.010408440236693541,0.00687351580848893,0.006480726552655039,0.007069890695729733,0.006284358193673375,0.012961533334691794,22159.321641143648,9676.10234031632,8.438698230336305,0.0,0.0,0.0,0.0,0.0,0.0,0.0,0.0,"{""type"":""Polygon"",""coordinates"":[[[-71.31984990818256,-39.66365965334434],[-71.23830667455861,-39.665260607063956],[-71.23627547193863,-39.60223622582254],[-71.31774474500618,-39.60063875833285],[-71.31984990818256,-39.66365965334434]]]}"
0000000000000000021a,0.0,4.89485593046836E7,1.6011088564450733E7,7000,0,1193.2551928783384,0.0,"44,801","44,801",-39.6345265355773,-71.19653452529933,100.0,100.0,100.0,100.0,100.0,100.0,100.0,100.0,99.99999999928525,66.4922389657444,0.006724238533622265,0.005763631170442088,0.0057636305509830895,0.0,0.0,0.0,0.010564837770905935,0.0052829307968393635,4864.906706645447,12302.455317958162,7.409453245773617,0.0,0.0,0.0,0.0,0.0,0.0,0.0,0.0,"{""type"":""Polygon"",""coordinates"":[[[-71.23830667455861,-39.665260607063956],[-71.15675717276399,-39.66680439739413],[-71.15479970270013,-39.60377650265187],[-71.23627547193863,-39.60223622582254],[-71.23830667455861,-39.665260607063956]]]}"
0000000000000000021b,0.0,4.87814962017287E7,20278.51495726343,7000,0,1389.7832512315267,0.0,"45,801","45,801",-39.6360305589181,-71.1151544594703,100.0,100.0,100.0,100.0,100.0,100.0,100.0,100.0,100.0,61.89177329396325,0.0,0.0,0.0,0.0,0.0,0.0,0.0,0.0,10205.545343959224,9851.55168992728,7.2161934199295645,0.0,0.0,0.0,0.0,0.0,0.0,0.0,0.0,"{""type"":""Polygon"",""coordinates"":[[[-71.07421326967761,-39.635237988134904],[-71.07331784699691,-39.60525972255129],[-71.15479970270013,-39.60377650265187],[-71.15675717276399,-39.66680439739413],[-71.07520145133067,-39.66829094533862],[-71.07440912895875,-39.64179103124014],[-71.07978597349252,-39.63919169774695],[-71.07421326967761,-39.635237988134904]]]}"
0000000000000000021f,100.00000000000003,8723492.05038878,1709489.1917123226,7000,4313.950655483841,1257.4418604651162,0.0,"40,802","40,802",-39.54354108083804,-71.50115081100056,100.0,100.0,100.0,100.0,100.0,100.0,100.0,100.0,0.0,96.32497577519379,0.0,0.0,0.0,0.0,0.0,0.0,0.0,0.0,0,0,7.190582860902299,0.0,0.0,0.0,0.0,0.0,0.0,0.0,0.0,"{""type"":""Polygon"",""coordinates"":[[[-71.47905475605779,-39.552144951997256],[-71.47841771538519,-39.53425866216163],[-71.53418967908583,-39.533055397086336],[-71.5342148560048,-39.53379373290743],[-71.53411595960763,-39.534767993802355],[-71.53363895616829,-39.535302558370816],[-71.53313894863206,-39.53667314866204],[-71.53209364889999,-39.53756311991913],[-71.53158693731929,-39.538218306214105],[-71.53116816386634,-39.53866367752851],[-71.53072801648393,-39.5388630890139],[-71.53036892463666,-39.539022555259805],[-71.52965200774838,-39.53916727082585],[-71.52891217622637,-39.53926261588675],[-71.52733324786949,-39.53964513182701],[-71.52578954277605,-39.53994286879563],[-71.52501746124518,-39.54053881574777],[-71.52439291169514,-39.541519891963866],[-71.52343996429865,-39.54238331895855],[-71.52275572798462,-39.5428007653197],[-71.52156313393509,-39.54324293266068],[-71.51942264923808,-39.54381085735471],[-71.51752161538678,-39.54399075686051],[-71.51615502014887,-39.54452606089627],[-71.51490380509344,-39.545088661530144],[-71.51424998344217,-39.5461008176105],[-71.51389214259392,-39.54690403182731],[-71.51330117455946,-39.547174327735384],[-71.51216705655388,-39.54750040689384],[-71.511332723023,-39.547885825484684],[-71.51103193859485,-39.54877872789652],[-71.51109850788984,-39.54917249781928],[-71.51115013304869,-39.550035552123205],[-71.51126932373717,-39.55116716839741],[-71.51133752325418,-39.55214209889659],[-71.51121769859593,-39.5527586049728],[-71.51069374826649,-39.55335549191272],[-71.50986330576531,-39.553995822753386],[-71.50893504460474,-39.55459095049832],[-71.50812325560477,-39.55504355737811],[-71.50729416557714,-39.555496055063614],[-71.50662475138627,-39.55623542005801],[-71.50579638238646,-39.55740326091853],[-71.50524806008421,-39.55816094763273],[-71.50495958822799,-39.558924247936275],[-71.50476974916262,-39.55963428799309],[-71.5045298235937,-39.56006249381387],[-71.5039846693407,-39.560377593423205],[-71.50315113146827,-39.56063334897876],[-71.50252726742453,-39.56063515512803],[-71.50179426198453,-39.56056490414093],[-71.50101071524467,-39.56027991089402],[-71.49943700465393,-39.55984839954836],[-71.49882219137146,-39.559398703392674],[-71.49844214420187,-39.55844472377837],[-71.49808419663468,-39.557616107384085],[-71.49734411714523,-39.55692435088717],[-71.49693725843855,-39.55647998454367],[-71.49572392544712,-39.55654178754391],[-71.4946557795531,-39.55649692207525],[-71.49370637419598,-39.55599654474742],[-71.49287208733145,-39.555568137420416],[-71.49201252795685,-39.555425795120094],[-71.49113412675621,-39.55549799836887],[-71.48996787322989,-39.55544816677967],[-71.48886945741904,-39.5555909099881],[-71.48808479496361,-39.555471139424],[-71.48751461608207,-39.55525855297244],[-71.48704470466005,-39.554755759229614],[-71.48670821219105,-39.55418646437931],[-71.4863896536143,-39.55351887264195],[-71.48601149513495,-39.5531103594765],[-71.48537736547908,-39.55295105420968],[-71.48514077803367,-39.55292320795792],[-71.48411381277357,-39.55278453439426],[-71.48330495551245,-39.552830147573296],[-71.4820250913567,-39.552524840230106],[-71.48042693033918,-39.55231209169626],[-71.4790709696473,-39.55214060520813],[-71.47905475605779,-39.552144951997256]]]}"
00000000000000000220,100.0,4.48902998009215E7,1.0871492230954066E7,7000,15231.799225299817,1210.0291262135922,1.2964999968087123,"41,802","41,802",-39.565734603523616,-71.43563064794652,100.0,100.0,100.0,100.0,100.0,100.0,100.0,100.0,0.0,90.99244060475162,0.0,0.0,0.0,0.0,0.0,0.0,0.0,0.0,8518.468028792226,14625.675453267912,7.89521263732251,0.0,0.0,0.0,0.0,0.0,0.0,0.0,0.0,"{""type"":""Polygon"",""coordinates"":[[[-71.47417126153347,-39.597411336300276],[-71.39920747428341,-39.59898433169163],[-71.3970353589621,-39.53596638322611],[-71.47841771538519,-39.53425866216163],[-71.47905475605779,-39.552144951997256],[-71.47826083273429,-39.552356047531],[-71.47747487859074,-39.55242405816897],[-71.4763602101941,-39.55242792377991],[-71.47507271219524,-39.55238192140002],[-71.47381328933173,-39.552425369440954],[-71.4730020534179,-39.552783822696846],[-71.47181146442935,-39.5529035944405],[-71.4707691522977,-39.5532610467641],[-71.47026959864259,-39.55363873969502],[-71.46983788951344,-39.554209095275695],[-71.4691483857185,-39.555256589665845],[-71.46865018850062,-39.55621106398223],[-71.4686518189654,-39.55675650614199],[-71.46854973374047,-39.55726124334263],[-71.46834003773377,-39.55749725453991],[-71.46783613274089,-39.557687202254485],[-71.46719372756696,-39.55785412028503],[-71.46740867798938,-39.55844525286606],[-71.46751592669762,-39.5587676488059],[-71.46751964054589,-39.55904487514539],[-71.46751918763755,-39.5591029589644],[-71.46751719484094,-39.559357825874145],[-71.46757045685608,-39.55995266822429],[-71.46765234265972,-39.5605655553533],[-71.46803160774489,-39.560826614484974],[-71.47019939838987,-39.56135063195013],[-71.47119651241793,-39.56163241395231],[-71.47207188346736,-39.561967172714475],[-71.47288819400798,-39.56248954121083],[-71.47318185519599,-39.5626115685694],[-71.47362524508482,-39.56278795827442],[-71.47392769192442,-39.564045655140696],[-71.47398421385681,-39.564211280527985],[-71.47413104402682,-39.56465014585761],[-71.47440740342289,-39.56554110323024],[-71.47477289314831,-39.56609261208809],[-71.47500133535755,-39.56644238248269],[-71.47543394399058,-39.56728936389411],[-71.4757184545307,-39.56786731870882],[-71.4757146501888,-39.56837252906162],[-71.47540577372088,-39.56872884409507],[-71.47505052015967,-39.569107247671205],[-71.47477234966944,-39.56999119531261],[-71.47479200548788,-39.57121182895427],[-71.47488955992546,-39.572075108031136],[-71.47468330970405,-39.573370708020484],[-71.47449209562333,-39.574210370549864],[-71.47390042733521,-39.57529412804122],[-71.47361754577587,-39.576035002339644],[-71.47291083908048,-39.577046670451494],[-71.4723238783334,-39.57750002792814],[-71.47165611872074,-39.57793962155021],[-71.47114089584817,-39.57807138884131],[-71.4701929671402,-39.57812964650312],[-71.46967719865424,-39.578337439121334],[-71.46923697416867,-39.578487482158195],[-71.46861214432069,-39.57860530583263],[-71.4681890384159,-39.57877324789258],[-71.46767752435217,-39.57917778534926],[-71.46701482856996,-39.57971127153207],[-71.46566198690653,-39.58058578915725],[-71.46472790266395,-39.58108217810884],[-71.4639840394056,-39.58165101747097],[-71.46322405085868,-39.582049941858756],[-71.4626328166898,-39.58229751384112],[-71.46120269081263,-39.582684348961415],[-71.46112044118897,-39.58285389443703],[-71.46117171133106,-39.58295247355718],[-71.46136555950469,-39.58329312824341],[-71.46169138724811,-39.583746183896736],[-71.46210788833238,-39.58443215063101],[-71.4623533682992,-39.58481330022447],[-71.46287104966612,-39.58511972957275],[-71.4635729754804,-39.58549855164824],[-71.4644656665859,-39.58587822746813],[-71.46511523269655,-39.586319349085784],[-71.46545944518668,-39.586638343411],[-71.46591788135608,-39.58713674797132],[-71.46623455614339,-39.58728572217657],[-71.46696038890792,-39.58757070390359],[-71.467571000346,-39.587823835869386],[-71.4677418372996,-39.588142084914104],[-71.46800724131144,-39.58820139627544],[-71.4681839658522,-39.588510708257616],[-71.46823324218207,-39.58886859665112],[-71.46844556511333,-39.58905737184768],[-71.46883044539297,-39.58936315804102],[-71.46920825991884,-39.589820837412546],[-71.4697593557148,-39.5902972858036],[-71.4702119891459,-39.5908090231011],[-71.47078663439835,-39.59122740008821],[-71.47099252456556,-39.59151452863141],[-71.47122694754036,-39.59184193048365],[-71.47156327358543,-39.59244703351386],[-71.47173709777502,-39.59314971468828],[-71.47175566679492,-39.593744481229905],[-71.4717779496175,-39.593856327577605],[-71.47183320376506,-39.59418294839888],[-71.4720436223497,-39.59463543774856],[-71.4723291319987,-39.59509274166085],[-71.47252252117659,-39.5954915335898],[-71.4729012375699,-39.59585096900203],[-71.47303185432345,-39.596160045700934],[-71.47335875831726,-39.59648337251455],[-71.47400196753883,-39.59701385533134],[-71.47417126153347,-39.597411336300276]]]}"
00000000000000000221,94.2396709300721,4.89427069285266E7,1.7361692473668948E7,7000,2744.541902972878,1127.4409448818897,0.004472581906809801,"42,802","42,802",-39.56830874944365,-71.35740822730668,100.0,100.0,100.0,100.0,100.0,100.0,100.0,100.0,5.760329069927907,85.96367994100297,0.0,0.0,0.0,0.0,0.0,0.0,0.0,0.0,14586.005132028451,5166.963770502561,7.951208140505452,0.0,0.0,0.0,0.0,0.0,0.0,0.0,0.0,"{""type"":""Polygon"",""coordinates"":[[[-71.39920747428341,-39.59898433169163],[-71.31774474500618,-39.60063875833285],[-71.31564627579765,-39.53761713567311],[-71.3970353589621,-39.53596638322611],[-71.39920747428341,-39.59898433169163]]]}"
00000000000000000222,36.041955508414716,4.89460464431601E7,4450829.00907521,7000,0,1418.8090999010878,0.0,"43,802","43,802",-39.56993286590747,-71.27597901587558,100.0,100.0,100.0,100.0,100.0,100.0,100.0,100.0,63.95804449158524,76.11703552588197,0.0,0.0,0.0,0.017296345539242867,0.0,0.0,0.0,0.0,14154.063667450324,0,7.017008252997545,0.0,0.0,0.0,0.0,0.0,0.0,0.0,0.0,"{""type"":""Polygon"",""coordinates"":[[[-71.31774474500618,-39.60063875833285],[-71.23627547193863,-39.60223622582254],[-71.23425051266378,-39.539210992614],[-71.31564627579765,-39.53761713567311],[-71.31774474500618,-39.60063875833285]]]}"
00000000000000000224,0.0,4.89523738904008E7,2858169.9005995505,7000,0,1315.532416502947,0.0,"45,802","45,802",-39.57301009326898,-71.11310136845334,100.0,100.0,100.0,100.0,100.0,100.0,100.0,100.0,99.99999999999999,62.04822189446084,0.0,0.013465225294645831,0.0,0.0,0.0,0.0,0.0,0.0,9536.97536364604,0,7.671766535816174,0.0,0.0,0.0,0.0,0.0,0.0,0.0,0.0,"{""type"":""Polygon"",""coordinates"":[[[-71.15479970270013,-39.60377650265187],[-71.07331784699691,-39.60525972255129],[-71.07144030926816,-39.5422278233782],[-71.15284847834162,-39.5407479351525],[-71.15479970270013,-39.60377650265187]]]}"
00000000000000000225,0.0,2.82576626756633E7,4139309.4707286214,7000,0,1253.4298093587522,0.0,"46,802","46,802",-39.5663878725406,-71.04408302810833,100.0,100.0,100.0,100.0,100.0,100.0,100.0,100.0,100.00000000000003,56.247884114583336,0.0,0.0,0.0,0.0,0.0,0.0,0.0,0.0,3726.9145135553,0,8.048931169509888,0.0,0.0,0.0,0.0,0.0,0.0,0.0,0.0,"{""type"":""Polygon"",""coordinates"":[[[-70.99019437877149,-39.54953188792239],[-70.99002623203583,-39.543650837268466],[-71.07144030926816,-39.5422278233782],[-71.07331784699691,-39.60525972255129],[-71.0474530227187,-39.60571854659089],[-71.05277381828725,-39.592724948954796],[-71.02251883687713,-39.57123386963346],[-71.00414905356159,-39.557079982702604],[-70.99679748601051,-39.55141939694515],[-70.99019437877149,-39.54953188792239]]]}"
00000000000000000226,0.0,539926.616897017,283699.731299636,7000,0,992.7,0.0,"47,802","47,802",-39.54572088603181,-70.98366600129523,100.0,100.0,100.0,100.0,100.0,100.0,100.0,100.0,100.0,51.8125,0.0,0.0,0.0,0.0,0.0,0.0,0.0,0.0,0,0,9.488021087646484,0.0,0.0,0.0,0.0,0.0,0.0,0.0,0.0,"{""type"":""Polygon"",""coordinates"":[[[-70.97077788540818,-39.543978865319005],[-70.99002623203583,-39.543650837268466],[-70.99019437877149,-39.54953188792239],[-70.97077788540818,-39.543978865319005]]]}"
00000000000000000227,100.0,1.56050334993091E7,1838172.9845970003,7000,4854.38560572442,1223.327380952381,0.0,"40,803","40,803",-39.51739967380406,-71.5006490785025,100.0,100.0,100.0,100.0,100.0,100.0,100.0,100.0,0.0,98.3729228670635,0.0,0.0,0.0,0.0,0.0,0.025151278001124478,0.0,0.0,0,0,7.495605723063152,0.0,0.0,0.0,0.0,0.0,0.0,0.0,0.0,"{""type"":""Polygon"",""coordinates"":[[[-71.53418967908583,-39.533055397086336],[-71.47841771538519,-39.53425866216163],[-71.47701835953558,-39.49488108275001],[-71.47712098579515,-39.49490017108912],[-71.47809489211787,-39.49507893032248],[-71.47863546694,-39.4953227877233],[-71.4792755868946,-39.49537927745899],[-71.47993989014698,-39.49529285343091],[-71.48027022973686,-39.49510207366771],[-71.48060690950012,-39.494830840239345],[-71.48077538512887,-39.49468410413161],[-71.48106152177873,-39.49422928228565],[-71.48161015351045,-39.49417365373421],[-71.48215162873431,-39.49429227372482],[-71.48257625777032,-39.494620525482134],[-71.48303077693626,-39.49480588377211],[-71.48382016066533,-39.49495692894562],[-71.48488109323922,-39.49507789753166],[-71.48572934788564,-39.49507714085078],[-71.48651437789088,-39.495049351283924],[-71.4870907176026,-39.49514132232299],[-71.48782157985505,-39.49541274679264],[-71.48797728076374,-39.49542688778256],[-71.48844383961924,-39.49554514501569],[-71.48896311319277,-39.49556088386221],[-71.48923964213569,-39.49562471378419],[-71.48994097218267,-39.495985433331455],[-71.49054312038434,-39.49650222658015],[-71.49108938240047,-39.49677732856321],[-71.4920570910445,-39.49701850512349],[-71.49363563515199,-39.49738306812731],[-71.49569711541436,-39.4979911473261],[-71.49620877004503,-39.49826160630512],[-71.49673138340593,-39.49862153717596],[-71.49702946287951,-39.49890002288843],[-71.49760478906101,-39.49913949845563],[-71.4982724995628,-39.49937934089346],[-71.49854259045517,-39.499532510580806],[-71.49978716153139,-39.499806116613286],[-71.50197432079621,-39.50062921333417],[-71.50316670994064,-39.50092938812614],[-71.50354847287005,-39.50161951724423],[-71.5037546156219,-39.501843969767066],[-71.50406428238381,-39.50212692763325],[-71.50461342168714,-39.501999624111164],[-71.50519824549491,-39.501724957513275],[-71.50572963093964,-39.50166462533994],[-71.50662475138627,-39.501583424989235],[-71.50731119300842,-39.50162659746384],[-71.50770907312167,-39.501677489614764],[-71.50815848781174,-39.50178216450929],[-71.50860781135393,-39.50189140084435],[-71.5089570533621,-39.502295224400015],[-71.50924352936542,-39.50259153178574],[-71.50976250047206,-39.50265183872505],[-71.51037992111605,-39.50266336672389],[-71.51083041922323,-39.502616134033005],[-71.51137855164248,-39.50264077758926],[-71.51191518078127,-39.50265200836121],[-71.51221496817796,-39.50269792597133],[-71.51287821291598,-39.50275885006414],[-71.51324701376086,-39.50283188522455],[-71.51373708716953,-39.50290101248891],[-71.51401957419085,-39.50294690936793],[-71.51441128794164,-39.503046897055775],[-71.51473425899523,-39.50307951951795],[-71.5151199037938,-39.503237645021834],[-71.51556967123858,-39.503284202684505],[-71.51577127844732,-39.50334322570704],[-71.51638633368268,-39.50369892207912],[-71.51665124817198,-39.50378053907612],[-71.5169960442678,-39.50399658540372],[-71.51739889464659,-39.50416370585313],[-71.51767413320599,-39.504415188434216],[-71.51800715436462,-39.50467141860964],[-71.51820178638229,-39.5049002129436],[-71.51837332330555,-39.50512895640293],[-71.5184019429741,-39.50516485966815],[-71.51852140289431,-39.5054157325989],[-71.51857837049917,-39.50552770589093],[-71.51868669043444,-39.50572043853265],[-71.51910556946638,-39.5060708650765],[-71.51916280868097,-39.50613816861955],[-71.51929413279292,-39.50635329091556],[-71.5194480989302,-39.50661325357909],[-71.5194582425792,-39.506827875822836],[-71.51935318334301,-39.50699735099901],[-71.51903420157173,-39.507219630426924],[-71.51859331430495,-39.50753964017544],[-71.51841244892778,-39.50782508841293],[-71.51841063755646,-39.508088865415736],[-71.51837966310573,-39.50838821928052],[-71.51834262055726,-39.508745784153504],[-71.51825857290213,-39.50921038811484],[-71.5182733355844,-39.50958598443422],[-71.51811465935941,-39.50999217809286],[-71.517991304847,-39.51030017070157],[-71.51802916255076,-39.51067146185719],[-71.51804365353674,-39.51107836234099],[-71.51803061164938,-39.51130182968295],[-71.51802997766873,-39.51138679541553],[-71.51802318501885,-39.5115387299365],[-71.51803151733601,-39.51200374301387],[-71.51811610845769,-39.51229022270617],[-71.51837902912574,-39.51266691772717],[-71.51868225257823,-39.51305266402993],[-71.51880850503721,-39.51316492955798],[-71.51896908288353,-39.51330868973107],[-71.51921017593533,-39.513501897911894],[-71.51936396097301,-39.513802088190396],[-71.51967379505095,-39.51407164961477],[-71.51984080284085,-39.51413048014668],[-71.52001904100129,-39.514229528033155],[-71.52020869065126,-39.514351046630885],[-71.520462100099,-39.51444152111008],[-71.52082464374571,-39.514599487793106],[-71.5210542333945,-39.5147792827896],[-71.52142202935705,-39.51502668415654],[-71.52183112379481,-39.515122246843084],[-71.52219348488279,-39.515311534620956],[-71.52252650172642,-39.51557222340337],[-71.52296910480064,-39.51584676557027],[-71.52340029583692,-39.516098834968616],[-71.5237789573844,-39.51644024457985],[-71.52408851583712,-39.516749948386185],[-71.5245250489396,-39.51707368564467],[-71.5248003724407,-39.517325130460534],[-71.52505341628233,-39.51747374276137],[-71.52528807488453,-39.51776085721842],[-71.52584560352672,-39.5181163313219],[-71.52639271612969,-39.518297374030624],[-71.52683667278619,-39.518379638768174],[-71.52722882497173,-39.518430443317705],[-71.52763247861891,-39.51849915329383],[-71.5281227129437,-39.51855924834639],[-71.52856087117362,-39.51864147061504],[-71.52876228973656,-39.51873621603281],[-71.52909611538932,-39.5188805936572],[-71.52925134511437,-39.51897958947665],[-71.52940648420442,-39.51907857014913],[-71.52971676217686,-39.51929445861183],[-71.52993973467612,-39.519617254680085],[-71.5300356435991,-39.51994851071256],[-71.53010782432918,-39.52036902262756],[-71.53018036730629,-39.520735961012385],[-71.53031123443645,-39.521018168931356],[-71.53036702276209,-39.52131789417893],[-71.53042824500523,-39.52165352463747],[-71.53046691644616,-39.52190398217598],[-71.5304033395082,-39.52191270609304],[-71.53045378445852,-39.52214091028734],[-71.53047515790023,-39.52240477869206],[-71.53052496888219,-39.522722436449634],[-71.53050006339211,-39.52298611432975],[-71.53046347495979,-39.52327205779062],[-71.53029475152034,-39.52347256109293],[-71.53013146193014,-39.5237088923103],[-71.53007322829731,-39.52379363123397],[-71.52993873845486,-39.52404345527643],[-71.52991917629161,-39.52437864122106],[-71.5300616359089,-39.524651979459506],[-71.53032554378056,-39.5248989260469],[-71.53053810086716,-39.52505628727891],[-71.53073888432725,-39.525244824102245],[-71.530830536459,-39.525348033722715],[-71.53090498115695,-39.525433317980664],[-71.53109353809424,-39.52573358533621],[-71.53122449544584,-39.52599793783354],[-71.531258638537,-39.52607852060556],[-71.5312865326249,-39.52622169745462],[-71.5313656866154,-39.52646794325721],[-71.5314163125564,-39.52666038599174],[-71.53142681811745,-39.52681688220398],[-71.53145353484462,-39.527138894666145],[-71.53160794843079,-39.52736307392101],[-71.53186633065937,-39.52756531917508],[-71.53197528041636,-39.527673039258694],[-71.53207888680362,-39.527731597990396],[-71.53217687813095,-39.52775437616692],[-71.53227477886571,-39.52779048836507],[-71.53244757676501,-39.52784040516871],[-71.53272416190289,-39.52793090740403],[-71.5329773811091,-39.528039241721345],[-71.53312735634591,-39.528066651051354],[-71.53339198640654,-39.52820629898317],[-71.53355862535562,-39.52832766986147],[-71.533633069469,-39.528412949603904],[-71.53373622253889,-39.52852963336615],[-71.53389081623945,-39.52872248560203],[-71.53415390612231,-39.52909910585886],[-71.53429011505737,-39.52944836442889],[-71.53437606069434,-39.53040097516579],[-71.53433521614244,-39.53133072765191],[-71.5341762755455,-39.53266244728634],[-71.53418967908583,-39.533055397086336]]]}"
00000000000000000228,100.0,4.73933562315473E7,6059010.983665679,7000,34606.083706956066,1184.2336734693877,0.0,"41,803","41,803",-39.50436326284604,-71.43545252362951,100.0,100.0,100.0,100.0,100.0,100.0,100.0,100.0,0.0,91.36156910361282,0.0,0.0,0.0,0.0,0.0,0.0,0.0,0.0,0,0,7.6603608004642165,0.0,0.0,0.0,0.0,0.0,0.0,0.0,0.0,"{""type"":""Polygon"",""coordinates"":[[[-71.47701835953558,-39.49488108275001],[-71.47841771538519,-39.53425866216163],[-71.3970353589621,-39.53596638322611],[-71.39487011625256,-39.472947631657405],[-71.46355250379608,-39.47151205868957],[-71.46355531185903,-39.471513665655195],[-71.46356681585868,-39.4715182300151],[-71.46392851228791,-39.47173444510535],[-71.46407616186391,-39.472039168764994],[-71.46418866536469,-39.47241527567663],[-71.4642279781738,-39.47254959272038],[-71.4644150309962,-39.47299307081329],[-71.46447744230339,-39.47312302020434],[-71.46472726858731,-39.473642768758125],[-71.46505264033682,-39.4740957928244],[-71.46550537035421,-39.47449138095563],[-71.4661247707514,-39.4749636161036],[-71.46613618408581,-39.47497709523053],[-71.46665730205109,-39.47548917853032],[-71.46686564032477,-39.47615633396413],[-71.46688085807214,-39.47642459677405],[-71.46689535116427,-39.476791272512735],[-71.46716863642193,-39.47727539322982],[-71.46747253807717,-39.47751825512963],[-71.4678971847231,-39.47781975060199],[-71.46856268688065,-39.478305647113594],[-71.46864303257185,-39.47835519304548],[-71.46914258851851,-39.478670454380456],[-71.46932375097265,-39.479127271845385],[-71.46941143356722,-39.4797312720245],[-71.46956424398753,-39.48088548063764],[-71.46980446509608,-39.481154790912015],[-71.46995772825223,-39.4814908464133],[-71.47020121000946,-39.48209099410167],[-71.47035728100326,-39.48282046338646],[-71.47040936503987,-39.48279392477996],[-71.47044233649561,-39.48300868495458],[-71.47053590657173,-39.48360820063144],[-71.47062358886652,-39.484216587124656],[-71.47070148840776,-39.48459700975847],[-71.47074596360326,-39.48482075358216],[-71.47068500269232,-39.48524518328313],[-71.47059505589074,-39.48570086198822],[-71.4704136223434,-39.486035337161276],[-71.47055275461766,-39.4867155028991],[-71.4705916138173,-39.486912445970624],[-71.4708079208928,-39.48730684368207],[-71.47112241737679,-39.487683812954465],[-71.47117948324114,-39.48776455030557],[-71.47160802041466,-39.48832090811655],[-71.47163075614961,-39.488361276747185],[-71.47188039623508,-39.48893017489229],[-71.47192034225566,-39.48897955498857],[-71.4723032259931,-39.48947306920496],[-71.47257587302019,-39.49004658149256],[-71.4727910013403,-39.49059750373482],[-71.47291265068621,-39.491291079458726],[-71.47291029559877,-39.49160400894415],[-71.47291473403281,-39.491778413165626],[-71.47281998704081,-39.49210880327405],[-71.47280658115463,-39.492350167400296],[-71.47279924414913,-39.49256025145398],[-71.47279272236634,-39.49265410298796],[-71.47293257834875,-39.49324046729701],[-71.47294399146404,-39.493262870474815],[-71.47321355827081,-39.493474238111624],[-71.47382180385692,-39.493928557593385],[-71.47436836348196,-39.494141144268426],[-71.47468448724189,-39.494316899371334],[-71.47490858167895,-39.49444310547981],[-71.47578983122378,-39.49465273512568],[-71.47701835953558,-39.49488108275001]]]}"
00000000000000000229,100.0,4.89434158261423E7,6495218.70896128,7000,0,1291.8572834645668,0.0,"42,803","42,803",-39.50528854895437,-71.35527628506385,100.0,100.0,100.0,100.0,100.0,100.0,100.0,100.0,0.0,84.95774893372702,0.0,0.0,0.0,0.0,0.0,0.0,0.0,0.0,4477.7739696969375,0,7.394335490699828,0.0,0.0,0.0,0.0,0.0,0.0,0.0,0.0,"{""type"":""Polygon"",""coordinates"":[[[-71.3970353589621,-39.53596638322611],[-71.31564627579765,-39.53761713567311],[-71.3135543194385,-39.474594753851605],[-71.39487011625256,-39.472947631657405],[-71.3970353589621,-39.53596638322611]]]}"
0000000000000000022d,0.0,4.8956071212263E7,612375.1589471857,7000,0,1396.2118811881187,0.0,"46,803","46,803",-39.51142926688888,-71.02981555792648,100.0,100.0,100.0,100.0,100.0,100.0,100.0,100.0,100.0,56.24972153465346,0.0,0.0,0.0,0.0,0.0,0.0,0.0,0.0,0,0,7.758494820169882,0.0,0.0,0.0,0.0,0.0,0.0,0.0,0.0,"{""type"":""Polygon"",""coordinates"":[[[-71.07144030926816,-39.5422278233782],[-70.99002623203583,-39.543650837268466],[-70.98822794656574,-39.480614958699796],[-71.06956856620442,-39.47919512540586],[-71.07144030926816,-39.5422278233782]]]}"
0000000000000000022e,0.0,1.52628717332776E7,9522258.30709185,7000,0,988.0031645569622,5.8231232874323595,"47,803","47,803",-39.5145797926417,-70.97610040244646,100.0,100.0,100.0,100.0,100.0,100.0,100.0,100.0,99.99999999999997,51.94649920886076,0.0,0.0,0.0,0.0,0.0,0.0,0.0,0.0,4698.207438657923,4263.112452497977,9.211672840842716,0.0,0.0,0.0,0.0,0.0,0.0,0.0,0.0,"{""type"":""Polygon"",""coordinates"":[[[-70.97878890802507,-39.48077599334027],[-70.98822794656574,-39.480614958699796],[-70.99002623203583,-39.543650837268466],[-70.97077788540818,-39.543978865319005],[-70.9666235255199,-39.54279019569971],[-70.96552225598111,-39.54112627546014],[-70.9600786302282,-39.532900687218756],[-70.96005885752614,-39.52261322631162],[-70.96003554750465,-39.510631389155094],[-70.97102721463854,-39.48385971501815],[-70.97878890802507,-39.48077599334027]]]}"
0000000000000000022f,99.99999999999997,3.7909288430189E7,1.0674093161421364E7,7000,17378.566684483492,1262.8005115089513,0.0,"41,804","41,804",-39.441234815234395,-71.42560649713857,100.0,100.0,100.0,100.0,100.0,100.0,100.0,100.0,0.0,92.84326984635082,0.0,0.0,0.0,0.0,0.0,0.0,0.0,0.0,0,0,7.625552953312249,0.0,0.0,0.0,0.0,0.0,0.0,0.0,0.0,"{""type"":""Polygon"",""coordinates"":[[[-71.46355250379608,-39.47151205868957],[-71.39487011625256,-39.472947631657405],[-71.39271165568665,-39.40992805905168],[-71.4454750035536,-39.40883026816698],[-71.44550027740152,-39.40888065087036],[-71.4455059843992,-39.408889612400884],[-71.44572131026064,-39.40934670999874],[-71.44604805817532,-39.409576222029116],[-71.44687258124956,-39.409530976344996],[-71.44747634254439,-39.40971272881908],[-71.44841536370957,-39.40977081691155],[-71.44959343953934,-39.40946791217382],[-71.45056841777203,-39.40934731560888],[-71.45149185005543,-39.4091862128084],[-71.45256746357414,-39.40946851612856],[-71.4531706717232,-39.40971279505679],[-71.4536920804377,-39.410104202638706],[-71.45410859088165,-39.410647111545266],[-71.45453660513047,-39.41119909026577],[-71.45477556820597,-39.41158916042446],[-71.4547980332632,-39.411665283082975],[-71.4550058349755,-39.412372698782804],[-71.45502259317281,-39.41243535226251],[-71.45519914299835,-39.41270887640478],[-71.45553802058663,-39.41286250412562],[-71.45580868761884,-39.4128906164535],[-71.4564446818674,-39.412638717473904],[-71.45702107048943,-39.41263691175311],[-71.45846634070091,-39.4128180121509],[-71.45916709762041,-39.41313430309657],[-71.46025944591395,-39.41349705516255],[-71.46059714110035,-39.41380708839225],[-71.46065429923992,-39.41386546191439],[-71.46095730063465,-39.41419323978366],[-71.46138258915227,-39.415102799820865],[-71.46144083416416,-39.41577374046512],[-71.46144608799058,-39.415831901323266],[-71.46144581624095,-39.41586768608262],[-71.4615332290313,-39.41649849683252],[-71.46196250251565,-39.41688943218056],[-71.46201404428551,-39.416929919637234],[-71.46269033683367,-39.417433751835055],[-71.46320122400233,-39.417713352803176],[-71.46337858501431,-39.41788400631978],[-71.4635959834782,-39.41810410126414],[-71.46392751587952,-39.4184632867137],[-71.46410804691767,-39.41898280959022],[-71.46417299458935,-39.41952854202517],[-71.46397815153871,-39.420135661617955],[-71.46271696820423,-39.42148007954093],[-71.46195244779341,-39.42269714679263],[-71.46180977940674,-39.423255364313455],[-71.46162852253575,-39.42358983361236],[-71.4612622946029,-39.42398156206501],[-71.46081743993327,-39.42410919637714],[-71.45973234004525,-39.42429190345959],[-71.45774420454148,-39.42420219484347],[-71.4546715767129,-39.42420575036099],[-71.45268848574445,-39.424205376347494],[-71.45201896811827,-39.424313938583445],[-71.45156594918744,-39.42474105056854],[-71.45131593249454,-39.42500809729084],[-71.4511764303506,-39.4251639433875],[-71.45094915044213,-39.42547582207181],[-71.45080910463928,-39.42568084198828],[-71.45050772516039,-39.425889550023804],[-71.45023388359174,-39.42625486118532],[-71.4503511925263,-39.426738253013774],[-71.45047565771664,-39.42703393503071],[-71.45047565771664,-39.42703844137791],[-71.45068681362802,-39.42731218908801],[-71.45077549726183,-39.427768635519335],[-71.45080674940537,-39.4281934755198],[-71.45068880651891,-39.428523792024656],[-71.45045029363479,-39.428795382991105],[-71.45023488003844,-39.42907161443387],[-71.45011458172452,-39.429705893637724],[-71.4500196474843,-39.43004075134239],[-71.44996303115535,-39.43064853798994],[-71.44977923184317,-39.431287009506015],[-71.44977914125698,-39.432038122710054],[-71.44977941301553,-39.432740103289916],[-71.44990007378702,-39.43352306834408],[-71.44989617858258,-39.434010357904185],[-71.44984363861144,-39.43409953847401],[-71.4497268730272,-39.43427780812537],[-71.44971536858046,-39.43428225285014],[-71.44959688181595,-39.43467957120525],[-71.44990016437318,-39.43498060212456],[-71.4503232014404,-39.435434151009446],[-71.45064541584658,-39.43552507377521],[-71.45096174187967,-39.43561601902995],[-71.45127915466189,-39.43631495618199],[-71.45127906407609,-39.4363283819944],[-71.45133948479918,-39.436713140028886],[-71.45141258751941,-39.436950457050756],[-71.4513862270607,-39.437370640563245],[-71.4510477078694,-39.43788766011942],[-71.45092668514239,-39.43861581195194],[-71.45099181639054,-39.43913031109167],[-71.451350808022,-39.4396774509326],[-71.45156540567308,-39.44025075787254],[-71.45153324773867,-39.440675310349],[-71.45151975046392,-39.44093012425821],[-71.45150661553161,-39.44113123793969],[-71.45120342492557,-39.441554539639576],[-71.45079932135991,-39.441615231940744],[-71.45062612103652,-39.44164566913726],[-71.45011584992984,-39.44200990049334],[-71.44969181616862,-39.442401304930215],[-71.44935429181918,-39.44279763116891],[-71.44911170165753,-39.44358335840636],[-71.44889837074062,-39.44431112556964],[-71.44893197829481,-39.44516078435631],[-71.44938735581275,-39.44591403117444],[-71.44944940740886,-39.44608871740908],[-71.44965820868597,-39.44667537159951],[-71.44952731158729,-39.44718448330698],[-71.44932503244696,-39.44797930960637],[-71.44896395529085,-39.44842920730441],[-71.44845141714518,-39.4490661122776],[-71.44844561960804,-39.449070502272114],[-71.44811280458386,-39.44958757101279],[-71.44790282477649,-39.44989061731463],[-71.4478506468587,-39.449921651289706],[-71.4478506468587,-39.44992615595701],[-71.44732859550113,-39.450312644850555],[-71.44707821349307,-39.45061544473824],[-71.44720820562118,-39.45094690434307],[-71.44747661430469,-39.45127901438596],[-71.44786849243212,-39.45131216484704],[-71.448088165027,-39.45125511547687],[-71.44868340914,-39.451096978262726],[-71.44942177859734,-39.451069214988614],[-71.45091010792434,-39.45100916617317],[-71.45096201363731,-39.4510093896098],[-71.45223646410516,-39.4510064912908],[-71.45232297330091,-39.45100683700345],[-71.45335483162904,-39.451069885637814],[-71.45426620888705,-39.4510383448349],[-71.45517133346263,-39.4510694429721],[-71.45549888798664,-39.4512184899872],[-71.45577480895874,-39.45134048428412],[-71.45636804738345,-39.45143270325597],[-71.45721338099138,-39.451749650438444],[-71.45768813294448,-39.45225259724671],[-71.45796070060857,-39.45279479822898],[-71.45823489857653,-39.45313142562617],[-71.45871662412827,-39.45349136158577],[-71.45929554541695,-39.453945622808256],[-71.46005083201601,-39.45397592479488],[-71.46089878379348,-39.453948555388315],[-71.46138304206842,-39.45397761695764],[-71.46177997755875,-39.45410019001676],[-71.46200888105056,-39.45433376458967],[-71.46216912246545,-39.45449099179811],[-71.46253453421767,-39.45497553556751],[-71.46271579062666,-39.45540107000557],[-71.46283943624994,-39.45582193310249],[-71.46283916450136,-39.45585769532371],[-71.46285021560992,-39.45592479052256],[-71.46289849626872,-39.45639898532802],[-71.46332079323362,-39.456977618995246],[-71.46392959927887,-39.4573068193973],[-71.46417643672503,-39.45746897138763],[-71.46437725810974,-39.45759950338805],[-71.46468723117438,-39.4577931884204],[-71.46505236858994,-39.45831346722212],[-71.46507972444172,-39.4585058523901],[-71.46513978049308,-39.45894425418636],[-71.46525835266718,-39.459280130439204],[-71.46568309254421,-39.45955032947997],[-71.46589713806067,-39.46022201542879],[-71.46596244773338,-39.46073196381165],[-71.46577874726408,-39.46137049955136],[-71.46553299791763,-39.46182537365316],[-71.46498696816751,-39.46233703197224],[-71.46453215409343,-39.46297430353248],[-71.46422870283382,-39.46342890299748],[-71.4642478157417,-39.46395656784675],[-71.46426212777632,-39.46434114554368],[-71.46438251189274,-39.46518668904032],[-71.4643513515234,-39.46625064608556],[-71.46429573388065,-39.46673324500251],[-71.46424881214921,-39.46683140111484],[-71.46407860759257,-39.467215068068995],[-71.46402289932456,-39.46770214750166],[-71.4640677376873,-39.46787669460576],[-71.4641747156572,-39.468217031464825],[-71.46429102359127,-39.468852399052835],[-71.46432209338343,-39.4693085553401],[-71.46417390041452,-39.469826505947125],[-71.46387207933559,-39.47006659748632],[-71.46362288652885,-39.47021741441184],[-71.46360549465797,-39.470230734799166],[-71.46341409343917,-39.47036846569988],[-71.46320484731297,-39.47057317749284],[-71.46311181880084,-39.47067114346765],[-71.46314379452393,-39.47100652903515],[-71.46326245794702,-39.47133801044201],[-71.4635323038586,-39.47150018620086],[-71.46355250379608,-39.47151205868957]]]}"
00000000000000000230,100.00000000000003,4.89441244348886E7,1.1813407007495781E7,7000,28174.24542787653,1286.5330049261086,0.0,"42,804","42,804",-39.44226755876342,-71.35315103150508,100.0,100.0,100.0,100.0,100.0,100.0,100.0,100.0,0.0,87.6290948275862,0.0,0.0,0.0,0.0,0.0,0.0,0.0,0.0,5575.506776863756,0,7.547909538381792,0.0,0.0,0.0,0.0,0.0,0.0,0.0,0.0,"{""type"":""Polygon"",""coordinates"":[[[-71.39487011625256,-39.472947631657405],[-71.3135543194385,-39.474594753851605],[-71.31146896666716,-39.411571549087114],[-71.39271165568665,-39.40992805905168],[-71.39487011625256,-39.472947631657405]]]}"
00000000000000000231,100.0,4.89474642407754E7,1.1594425610553818E7,7000,22032.352971767803,1429.170634920635,0.0,"43,804","43,804",-39.44388445843295,-71.27186853212045,100.0,100.0,100.0,100.0,100.0,100.0,100.0,100.0,0.0,78.42886078042328,0.0,0.0,0.0,0.0,0.0,0.0,0.0,0.0,0,0,7.172997238900926,0.0,0.0,0.0,0.0,0.0,0.0,0.0,0.0,"{""type"":""Polygon"",""coordinates"":[[[-71.3135543194385,-39.474594753851605],[-71.23223197811936,-39.47618501256035],[-71.23021977777431,-39.413158268336694],[-71.31146896666716,-39.411571549087114],[-71.3135543194385,-39.474594753851605]]]}"
00000000000000000232,100.0,4.89506868527333E7,13013.182610006897,7000,0,1514.0099009900985,0.0,"44,804","44,804",-39.44544461153661,-71.19057963155423,100.0,100.0,100.0,100.0,100.0,100.0,100.0,100.0,0.0,68.81722359735974,0.0,0.0,0.0,0.0,0.0,0.0,0.0,0.0,7509.414236642616,974.5618497699938,6.736285663642505,0.0,0.0,0.0,0.0,0.0,0.0,0.0,0.0,"{""type"":""Polygon"",""coordinates"":[[[-71.23223197811936,-39.47618501256035],[-71.15090331847117,-39.47771851137942],[-71.14896431384375,-39.41468839697187],[-71.23021977777431,-39.413158268336694],[-71.23223197811936,-39.47618501256035]]]}"
00000000000000000234,0.0,4.22312767042634E7,5658491.531906401,7000,0,1234.9735327963178,0.0,"46,804","46,804",-39.447066559749686,-71.0327135576745,100.0,100.0,100.0,100.0,100.0,100.0,100.0,100.0,100.0,54.87881944444445,0.0,0.0,0.0,0.0,0.0,0.0,0.0,0.0,7094.116458651231,5283.463721316617,8.438346455014987,0.0,0.0,0.0,0.0,0.0,0.0,0.0,0.0,"{""type"":""Polygon"",""coordinates"":[[[-70.98703803386312,-39.43878719217],[-70.9864352764969,-39.41757835239544],[-71.06770270856859,-39.41616171851391],[-71.06956856620442,-39.47919512540586],[-70.98822794656574,-39.480614958699796],[-70.98812691295008,-39.47706499253255],[-70.9897299344692,-39.47642782828456],[-70.99387254912577,-39.474782713985284],[-71.00332675746749,-39.46877941804878],[-71.01657970252501,-39.46035294567645],[-71.00721249359756,-39.44699945576635],[-71.00342035075165,-39.44158859431565],[-70.98736716477843,-39.438843442487126],[-70.98703803386312,-39.43878719217]]]}"
00000000000000000235,0.0,5643584.42350037,3054658.4663651134,7000,0,1042.217391304348,0.0,"47,804","47,804",-39.428248136386856,-70.97211015107963,100.0,100.0,100.0,100.0,100.0,100.0,100.0,100.0,100.0,50.22834429824561,0.0,0.0,0.0,0.0,0.0,0.0,0.0,0.0,0,0,9.370449407477127,0.0,0.0,0.0,0.0,0.0,0.0,0.0,0.0,"{""type"":""MultiPolygon"",""coordinates"":[[[[-70.98812691295008,-39.47706499253255],[-70.98822794656574,-39.480614958699796],[-70.97878890802507,-39.48077599334027],[-70.98812691295008,-39.47706499253255]]],[[[-70.95328239012542,-39.4181399634539],[-70.9864352764969,-39.41757835239544],[-70.98703803386312,-39.43878719217],[-70.95998012951068,-39.434157744295284],[-70.95168984299197,-39.4206708322257],[-70.95328239012542,-39.4181399634539]]]]}"
00000000000000000236,99.99999999999997,2.76596941425912E7,5436211.89543071,7000,0,1195.6602787456447,0.0,"41,805","41,805",-39.38354572140021,-71.418726979599,100.0,100.0,100.0,100.0,100.0,100.0,100.0,100.0,0.0,90.98475609756096,0.0,0.0,0.0,0.0,0.0,0.0,0.0,0.0,0,0,7.558636240676721,0.0,0.0,0.0,0.0,0.0,0.0,0.0,0.0,"{""type"":""Polygon"",""coordinates"":[[[-71.4454750035536,-39.40883026816698],[-71.39271165568665,-39.40992805905168],[-71.39055988679347,-39.34690779935836],[-71.39877259926352,-39.34673865600986],[-71.39906369378761,-39.34713397537376],[-71.39908634352292,-39.34717426100446],[-71.39936375736644,-39.347725668985724],[-71.39942436800489,-39.3480523667014],[-71.39966155572739,-39.349265225207745],[-71.39970006021316,-39.34947556890472],[-71.39975478187533,-39.34980671496178],[-71.40036423930022,-39.350596693576456],[-71.4010899335164,-39.35126218007002],[-71.40163234596072,-39.351810411251556],[-71.40230277278171,-39.3522028402337],[-71.40311761149515,-39.35253789396549],[-71.40402676059978,-39.35262748168194],[-71.40497096864581,-39.352659157416156],[-71.40602606522648,-39.35250803647422],[-71.40729985968197,-39.352384870500785],[-71.40848087875912,-39.352323836406214],[-71.4091431392277,-39.35232273233537],[-71.40924107394923,-39.352323210168976],[-71.40978610148044,-39.35256738605243],[-71.41057356334471,-39.35274579880221],[-71.41089372970076,-39.353020092625385],[-71.41111677694936,-39.353200077907154],[-71.41154384591137,-39.3537790145053],[-71.41157147763636,-39.353917751405234],[-71.41158805667031,-39.35400275189489],[-71.41163806555507,-39.35421765834183],[-71.41166026152523,-39.35432506869959],[-71.41204737714513,-39.354854592667174],[-71.41205879220274,-39.354868096139086],[-71.41243585128439,-39.35523211521122],[-71.4127214990966,-39.355506286481024],[-71.41275375110308,-39.355779194423],[-71.41281300056816,-39.3562668004077],[-71.4128178021299,-39.3563831132974],[-71.41284498077998,-39.357263973813126],[-71.41299536927355,-39.357872788328656],[-71.41313678875765,-39.35818654627355],[-71.4134195369645,-39.35880494530326],[-71.41390404058656,-39.35941539889227],[-71.41451247764773,-39.359659904004545],[-71.41502307115043,-39.35989943529791],[-71.41514926989461,-39.359953727222546],[-71.4158150513402,-39.36023428365683],[-71.41660204709201,-39.360475188687396],[-71.41719915530588,-39.36071070053752],[-71.41760094126597,-39.360869210665115],[-71.41869151384395,-39.361321758574874],[-71.4190866847849,-39.36159644518255],[-71.41954391206176,-39.362023476761316],[-71.41992214104317,-39.36224888569974],[-71.42014563568233,-39.3623841132506],[-71.42040083794437,-39.36287278680396],[-71.4205425263072,-39.363141690419994],[-71.4206611132637,-39.36343736413544],[-71.42075714239775,-39.3636569233611],[-71.42120820720481,-39.364142016912716],[-71.42160310360691,-39.36444355178034],[-71.42196303059983,-39.3648075107843],[-71.42238899960931,-39.3655339236947],[-71.42287485007856,-39.36599239839453],[-71.42347711169334,-39.36629491986254],[-71.42390362246827,-39.36626124411139],[-71.42490639188118,-39.36619914643045],[-71.42550738180472,-39.36596067489705],[-71.4261437016668,-39.365624052717735],[-71.42705523877926,-39.36544071256695],[-71.42719964227999,-39.36539677368495],[-71.4275402676229,-39.365291135044735],[-71.4277832347581,-39.36517162168185],[-71.42823845797547,-39.36514250199564],[-71.42838141153553,-39.365268416985934],[-71.42890195044434,-39.36571806392287],[-71.42917580832503,-39.36603242634346],[-71.42960394298598,-39.366503919832454],[-71.42987553555132,-39.36710885639262],[-71.4302354542684,-39.36747721720584],[-71.43075137035076,-39.367779310798596],[-71.43147845293414,-39.36832388610835],[-71.43177051758934,-39.36853543466718],[-71.43202254093153,-39.36871554210133],[-71.43250973724315,-39.3697193835851],[-71.4327811464301,-39.370351092306464],[-71.43281176601174,-39.37083856101973],[-71.43282843465865,-39.37091018054078],[-71.43286177195012,-39.37106236300227],[-71.43293415372173,-39.37138020331314],[-71.43308543973048,-39.37189954143761],[-71.43356765213389,-39.37210754153333],[-71.4339312813479,-39.37201990501836],[-71.43418565851621,-39.371904946600914],[-71.43433014974056,-39.371838544918454],[-71.4345049885737,-39.37159796325264],[-71.435055866226,-39.371140147958585],[-71.43562929988391,-39.37074948652587],[-71.43608541905029,-39.370622031070546],[-71.43671999897099,-39.370504392505424],[-71.43680614956311,-39.37053165156904],[-71.43711650893792,-39.37062251143356],[-71.43780861118768,-39.37050516478336],[-71.43814496877482,-39.370229627416],[-71.43871885043599,-39.36977632512898],[-71.43892204146519,-39.36957609076162],[-71.43893363684813,-39.36956722130175],[-71.43935632453577,-39.36929205168262],[-71.43983463319059,-39.369272038422935],[-71.441041725582,-39.36886647272728],[-71.4426142460672,-39.368865055859736],[-71.44302026123678,-39.36923362940087],[-71.44362747137235,-39.36965680124859],[-71.44423477106463,-39.37007998319545],[-71.44532127692037,-39.370353465628746],[-71.44572212554552,-39.370654896694866],[-71.44635143433325,-39.371198877567195],[-71.44692702398282,-39.371259746812555],[-71.44747878838703,-39.37141438876202],[-71.44844797485752,-39.37195550561661],[-71.44905282052547,-39.371958340799075],[-71.44959452657406,-39.3719296067814],[-71.44999337750878,-39.371748169426915],[-71.4503514642844,-39.371629205005895],[-71.4511420983211,-39.37144510942589],[-71.45199034306388,-39.37126138777764],[-71.45253485280266,-39.370870432099615],[-71.453073020736,-39.37055556189915],[-71.45311351238236,-39.37053340294171],[-71.45362848963116,-39.370231759224005],[-71.45468915019035,-39.37014288744987],[-71.45550178669791,-39.37007963779909],[-71.456320218761,-39.37002085100687],[-71.45632601617012,-39.370016376735514],[-71.45674650924897,-39.370018345068495],[-71.4570187152966,-39.37056508522131],[-71.4570444412484,-39.3709676144077],[-71.45704887988073,-39.37114203511404],[-71.45710920904138,-39.37153121703147],[-71.45741139819664,-39.37193059418945],[-71.45768786119197,-39.37268297302267],[-71.4576815203,-39.37275004388902],[-71.45762390876195,-39.3735053334994],[-71.45734364117814,-39.37399136835366],[-71.45732606783166,-39.37401813834932],[-71.45732588666314,-39.37404945092254],[-71.45735695706381,-39.37450115056038],[-71.45768659301359,-39.37507947121728],[-71.45792890558772,-39.37577352954754],[-71.4579624217065,-39.37665897037964],[-71.45777871710327,-39.377319860157236],[-71.45733403924667,-39.378198550576016],[-71.45726374585367,-39.37835018650661],[-71.4570218857485,-39.37907785029558],[-71.45647394065536,-39.38065359424952],[-71.4555066782731,-39.38280403425738],[-71.45529543463132,-39.383290403871015],[-71.45493001544587,-39.38434833749071],[-71.45492775082408,-39.38538108332536],[-71.4549617201496,-39.386199427979655],[-71.45507821226532,-39.38677675555051],[-71.4548418763547,-39.38753119782807],[-71.45487376223605,-39.38788013880093],[-71.4548998506823,-39.388228964780744],[-71.45493019661562,-39.388770090458635],[-71.45489550260804,-39.3895300165798],[-71.4546906901342,-39.3899269743269],[-71.45435371402546,-39.390287509607134],[-71.45392959471745,-39.39074161260325],[-71.45362260159293,-39.39094581907532],[-71.45350683368329,-39.39101679683645],[-71.45305426956936,-39.391412559164436],[-71.45259572624033,-39.3918351492946],[-71.45214252687094,-39.39231592836949],[-71.4518050048397,-39.39274351880377],[-71.45168189889858,-39.39301121239045],[-71.45159982824757,-39.393194106287254],[-71.45141639212154,-39.39380133512452],[-71.45101989800986,-39.39440750009583],[-71.45066000018589,-39.39474113614191],[-71.44974788902347,-39.394955915257135],[-71.44905599104821,-39.3950062580956],[-71.44892917011654,-39.39501457577468],[-71.44870333816026,-39.39515660308776],[-71.44858168053295,-39.395232023381304],[-71.44844272083942,-39.395316287232475],[-71.44772029261756,-39.39559007836357],[-71.4472333887597,-39.39595444097821],[-71.44662491653133,-39.39638070245563],[-71.44608302480445,-39.397138242908575],[-71.44553995462154,-39.398047711547285],[-71.44538414450848,-39.3988070405823],[-71.44532290749197,-39.39925382155541],[-71.44511691188897,-39.39980276759622],[-71.4449330194958,-39.400468050439244],[-71.44474976112022,-39.401043955023866],[-71.44465772425355,-39.401745434048884],[-71.44447917628814,-39.40246887813371],[-71.44447700218757,-39.40347035788892],[-71.44465989835304,-39.40437882296173],[-71.44511600601535,-39.40501143871786],[-71.4454390404049,-39.40569258317796],[-71.44553542525875,-39.40589418750635],[-71.44562863953348,-39.406498215908364],[-71.44562936423135,-39.407133081776614],[-71.44561767847813,-39.40715545352558],[-71.4453529824777,-39.40782927949844],[-71.44520532514385,-39.40828460969331],[-71.44521655797384,-39.40831594947023],[-71.4454750035536,-39.40883026816698]]]}"
00000000000000000237,100.0,4.89448327513156E7,1.949686284703527E7,7000,18197.53020078647,1178.3418972332015,1.2073835083826936,"42,805","42,805",-39.3792457947849,-71.35103241735487,100.0,100.0,100.0,100.0,100.0,100.0,100.0,100.0,0.0,86.88368055555556,0.0,0.0,0.0,0.0,0.0,0.0,0.0,0.0,7712.313967359274,0,7.775085732123319,0.0,0.0,0.0,0.0,0.0,0.0,0.0,0.0,"{""type"":""Polygon"",""coordinates"":[[[-71.39271165568665,-39.40992805905168],[-71.31146896666716,-39.411571549087114],[-71.30939012698161,-39.34854757902986],[-71.39055988679347,-39.34690779935836],[-71.39271165568665,-39.40992805905168]]]}"
00000000000000000238,100.00000000000003,4.89481727027583E7,1.6387116585682997E7,7000,15799.207009485954,1185.8560079443894,0.0,"43,805","43,805",-39.38085909743911,-71.26982295046876,100.0,100.0,100.0,100.0,100.0,100.0,100.0,100.0,0.0,77.71896701388889,0.0,0.0,0.0,0.0,0.0,0.0,0.0,0.0,1034.3630040693179,1183.491870172277,7.800269182901534,0.0,0.0,0.0,0.0,0.0,0.0,0.0,0.0,"{""type"":""Polygon"",""coordinates"":[[[-71.31146896666716,-39.411571549087114],[-71.23021977777431,-39.413158268336694],[-71.22821382109528,-39.35013081799345],[-71.30939012698161,-39.34854757902986],[-71.31146896666716,-39.411571549087114]]]}"
00000000000000000239,81.55259217041055,4.89513954551652E7,2.7441287563817725E7,7000,4639.488211218559,1211.1397423191281,0.0,"44,805","44,805",-39.38241578762416,-71.18860707276815,100.0,100.0,100.0,100.0,100.0,100.0,100.0,100.0,18.447407829589444,68.9913814484127,0.0,0.0,0.0,0.0,0.0,0.0,0.0,0.0,12949.139458363386,8171.903251298641,8.368348078500658,0.0,0.0,0.0,0.0,0.0,0.0,0.0,0.0,"{""type"":""Polygon"",""coordinates"":[[[-71.23021977777431,-39.413158268336694],[-71.14896431384375,-39.41468839697187],[-71.14703128323814,-39.35165748242272],[-71.22821382109528,-39.35013081799345],[-71.23021977777431,-39.413158268336694]]]}"
0000000000000000023a,9.240459591773726,4.89545009777353E7,2.692242076927397E7,7000,0,1210.4674556213017,0.0,"45,805","45,805",-39.38391583412595,-71.10738504907879,100.0,100.0,100.0,100.0,100.0,100.0,100.0,100.0,90.75954040822626,63.58179240631164,0.0,0.0034408873220803837,0.0,0.0,0.0017204411389188747,0.0,0.004587839957672994,0.005161325173740013,9553.336665856956,11184.22274954721,8.369282614502916,0.0,0.0,0.0,0.0,0.0,0.0,0.0,0.0,"{""type"":""Polygon"",""coordinates"":[[[-71.14896431384375,-39.41468839697187],[-71.06770270856859,-39.41616171851391],[-71.06584273644737,-39.35312752384944],[-71.14703128323814,-39.35165748242272],[-71.14896431384375,-39.41468839697187]]]}"
0000000000000000023b,0.0,4.89574892408586E7,2.3707780890173763E7,7000,0,1147.0427435387674,0.0,"46,805","46,805",-39.38535919646109,-71.02615703329893,100.0,100.0,100.0,100.0,100.0,100.0,100.0,100.0,100.00000000000003,53.834781529294936,0.0,0.0,0.0,0.0,0.0,0.0,0.0,0.0,9195.474588758483,13712.715184359808,8.7417298704297,0.0,0.0,0.0,0.0,0.0,0.0,0.0,0.0,"{""type"":""Polygon"",""coordinates"":[[[-71.06770270856859,-39.41616171851391],[-70.9864352764969,-39.41757835239544],[-70.98464822190635,-39.35454101613178],[-71.06584273644737,-39.35312752384944],[-71.06770270856859,-39.41616171851391]]]}"
0000000000000000023c,0.0,1.51992894220829E7,1.3874071403750744E7,7000,0,1036.5623003194887,0.0,"47,805","47,805",-39.383605851599086,-70.97068320077086,100.0,100.0,100.0,100.0,100.0,100.0,100.0,100.0,100.0,49.3392904685836,0.0,0.0,0.0,0.0,0.0,0.0,0.0,0.0,2747.520511465714,2605.105131288171,9.296587206075747,0.0,0.0,0.0,0.0,0.0,0.0,0.0,0.0,"{""type"":""Polygon"",""coordinates"":[[[-70.93573828538806,-39.35536511067272],[-70.98464822190635,-39.35454101613178],[-70.9864352764969,-39.41757835239544],[-70.95328239012542,-39.4181399634539],[-70.96506023346834,-39.39941540325616],[-70.9683587765873,-39.394169046975804],[-70.96942947338583,-39.3907136306042],[-70.97357255929296,-39.37731973719571],[-70.93900866427424,-39.36054794290335],[-70.93573828538806,-39.35536511067272]]]}"
0000000000000000023d,100.0,2057147.89503762,20987.592331351487,7000,0,1265.5714285714284,0.0,"41,806","41,806",-39.322197049120966,-71.39216354145236,100.0,100.0,100.0,100.0,100.0,100.0,100.0,100.0,0.0,91.5,0.0,0.0,0.0,0.0,0.0,0.0,0.0,0.0,0,0,7.938541412353516,0.0,0.0,0.0,0.0,0.0,0.0,0.0,0.0,"{""type"":""MultiPolygon"",""coordinates"":[[[[-71.38938814135645,-39.31249652674519],[-71.38854962485229,-39.28784724649401],[-71.38915076572941,-39.28921399666085],[-71.38942057664003,-39.289939693495384],[-71.38969228997763,-39.29045525020727],[-71.38978307244804,-39.290598796343794],[-71.38990810216067,-39.290787251893924],[-71.38993754755778,-39.29136421577109],[-71.3903617422141,-39.292211406519016],[-71.39099594945,-39.2933906137537],[-71.3913315352318,-39.293848427198974],[-71.39178109647732,-39.29442307043627],[-71.39199174318182,-39.29468349423647],[-71.39215120039101,-39.29487662473928],[-71.39232080480048,-39.29522171683258],[-71.39248488249531,-39.29554454590275],[-71.39250082819777,-39.29569662218598],[-71.39254911830378,-39.296108235938384],[-71.39257068123835,-39.29627371062016],[-71.39275351312801,-39.29708843513578],[-71.39320941464497,-39.298271115616174],[-71.39341299369505,-39.298683546672315],[-71.3934808533531,-39.298818013463816],[-71.39363233708345,-39.29927487116226],[-71.39365897357017,-39.299516467646036],[-71.39372311857103,-39.300089062516186],[-71.39390803368676,-39.30066681311966],[-71.39442046822455,-39.30130433986384],[-71.39463564340305,-39.301712315664304],[-71.39468647002661,-39.3018154264395],[-71.3948450200545,-39.30212025044099],[-71.39486114685346,-39.302254514614546],[-71.39493661663909,-39.30284510007947],[-71.39475197384652,-39.303572870431765],[-71.39420991352661,-39.30436139399569],[-71.39384162371235,-39.30503014736636],[-71.39353820336129,-39.30551143670626],[-71.39314844056818,-39.305996757606664],[-71.39287455539888,-39.30638880453025],[-71.39254205145939,-39.30690567351294],[-71.39254341046792,-39.307419870894535],[-71.39242091847731,-39.3082732018644],[-71.39210988648443,-39.30896909608189],[-71.39190449469062,-39.30942406134501],[-71.39155513811338,-39.30988716415171],[-71.39145611140846,-39.310029717801875],[-71.39098281231131,-39.310845458039395],[-71.3907549508305,-39.31124222652762],[-71.39072016003917,-39.3112732814839],[-71.39020871690275,-39.311842949559775],[-71.38951353360994,-39.31236238919826],[-71.38938814135645,-39.31249652674519]]],[[[-71.39877259926352,-39.34673865600986],[-71.39055988679347,-39.34690779935836],[-71.3896500697791,-39.32018971588581],[-71.38996862377427,-39.32026509351395],[-71.39139323441991,-39.32060335058708],[-71.39181733677925,-39.32081569829265],[-71.3923032282788,-39.32120720862361],[-71.39326739889871,-39.32154310557721],[-71.39390685588376,-39.32215002708913],[-71.3946303886002,-39.32302567605391],[-71.39505657098401,-39.32366278319403],[-71.39532746471399,-39.324299040090715],[-71.39575165308558,-39.32584376948465],[-71.39583563906287,-39.32611247725915],[-71.3959981749767,-39.32663193662499],[-71.39615219444892,-39.32745989848437],[-71.39605344079483,-39.328237342667315],[-71.39563160837025,-39.32908910888712],[-71.39505838298287,-39.33081191035594],[-71.39500103321443,-39.331450985286494],[-71.39509054596121,-39.33241714106864],[-71.395243750419,-39.33334347269248],[-71.3952711115868,-39.33350904666547],[-71.39527065858734,-39.33423778321846],[-71.39509453235834,-39.33463032174734],[-71.3949358918393,-39.334996147373154],[-71.39469543943004,-39.33550906219395],[-71.39458608517322,-39.33617017029278],[-71.39468674182673,-39.33651500206978],[-71.39465512241291,-39.3368456482256],[-71.39487790785162,-39.337718706471684],[-71.39499958361512,-39.33829610425047],[-71.39514852991498,-39.33905242437511],[-71.39496950442792,-39.33978030058026],[-71.3947184518378,-39.340181386089164],[-71.39467070562007,-39.341044008248],[-71.39475532604722,-39.34125013502479],[-71.39475532604722,-39.34125464654456],[-71.39496950442792,-39.34178327890179],[-71.39529983175079,-39.34220529129174],[-71.39546499529965,-39.342416296392614],[-71.39579505037293,-39.342869533654],[-71.39636619080724,-39.34341355686057],[-71.3964083196267,-39.34387424704664],[-71.39643513710924,-39.344097970499476],[-71.39645126383763,-39.34423666035687],[-71.39647382313629,-39.34428595552886],[-71.39675640314807,-39.34490438033509],[-71.39709207421345,-39.34538452470205],[-71.39745247859098,-39.34565908896769],[-71.39784767272361,-39.34590261449096],[-71.39795648240357,-39.34597914013042],[-71.39827122395873,-39.34620434072841],[-71.39863063057653,-39.346590673980316],[-71.39875629144015,-39.346716543889464],[-71.39877259926352,-39.34673865600986]]]]}"
0000000000000000023e,100.00000000000003,4.86576588912471E7,3867127.5208595716,7000,484.26913864248814,1359.3910447761193,5.972744319070255,"42,806","42,806",-39.31629345756019,-71.34869540552116,100.0,100.0,100.0,100.0,100.0,100.0,100.0,100.0,0.0,85.90252236580517,0.0,0.0,0.0,0.0,0.0,0.0,0.0,0.0,17264.192769093333,0,7.112300479198784,0.0,0.0,0.0,0.0,0.0,0.0,0.0,0.0,"{""type"":""Polygon"",""coordinates"":[[[-71.3896500697791,-39.32018971588581],[-71.39055988679347,-39.34690779935836],[-71.30939012698161,-39.34854757902986],[-71.30731780049877,-39.28552283911942],[-71.37471169508747,-39.28416706721475],[-71.37491256630999,-39.2844572304367],[-71.37511787706221,-39.284664020411206],[-71.37548600457002,-39.284665971871135],[-71.37626928227081,-39.284576235508744],[-71.37690704757189,-39.2846646519626],[-71.37736260647819,-39.28454634365575],[-71.37784779239813,-39.284334354589134],[-71.37830280650779,-39.28427418995534],[-71.37887977300736,-39.28408944186021],[-71.37892625283806,-39.284081045686264],[-71.38147801365228,-39.2840288149954],[-71.38151525161484,-39.28403197849593],[-71.38229661373006,-39.28415233540147],[-71.38305441741235,-39.28433522674643],[-71.38405911190584,-39.28457746764935],[-71.38454338290516,-39.285121038290335],[-71.38484617653171,-39.285364110340154],[-71.38566440664523,-39.285878081075865],[-71.38637717408973,-39.285957851846945],[-71.38710334922565,-39.28647138601208],[-71.38853576281284,-39.28781580111294],[-71.38854962485229,-39.28784724649401],[-71.38938814135645,-39.31249652674519],[-71.38908942856705,-39.31281617554141],[-71.38850939775593,-39.31332729344077],[-71.38806046668317,-39.3139955968843],[-71.38751142005827,-39.314909284651876],[-71.38702706239853,-39.31566679655795],[-71.38651316782165,-39.31651358189039],[-71.38590531802966,-39.31757446838544],[-71.38579976642725,-39.31779753308607],[-71.3856355045166,-39.3181498122637],[-71.3857231169183,-39.31866001813221],[-71.38614559503978,-39.319060135370925],[-71.38654614697352,-39.31933049685199],[-71.38699961000908,-39.31948047602797],[-71.38784882108548,-39.31978443937035],[-71.38869340950502,-39.31996325959177],[-71.3896500697791,-39.32018971588581]]]}"
0000000000000000023f,100.0,4.89488808689096E7,7888827.421408382,7000,0,1366.0575968222442,0.0,"43,806","43,806",-39.31783297053527,-71.26778375554274,100.0,100.0,100.0,100.0,100.0,100.0,100.0,100.0,0.0,77.75567244224422,0.0,0.0,0.0,0.0,0.0,0.0,0.0,0.0,18797.467750354404,0,6.951035592862876,0.0,0.0,0.0,0.0,0.0,0.0,0.0,0.0,"{""type"":""Polygon"",""coordinates"":[[[-71.30939012698161,-39.34854757902986],[-71.22821382109528,-39.35013081799345],[-71.22621419882822,-39.28710251960331],[-71.30731780049877,-39.28552283911942],[-71.30939012698161,-39.34854757902986]]]}"
00000000000000000240,100.0,4.89521037617044E7,6033722.184120743,7000,0,1345.6017874875868,0.0,"44,806","44,806",-39.31938618684134,-71.1866407092963,100.0,100.0,100.0,100.0,100.0,100.0,100.0,100.0,0.0,70.02737354892206,0.0,0.0,0.0,0.0,0.0,0.0,0.0,0.0,5011.1369561685915,0,6.257736215164413,0.0,0.0,0.0,0.0,0.0,0.0,0.0,0.0,"{""type"":""Polygon"",""coordinates"":[[[-71.22821382109528,-39.35013081799345],[-71.14703128323814,-39.35165748242272],[-71.14510440806768,-39.28862579406487],[-71.22621419882822,-39.28710251960331],[-71.22821382109528,-39.35013081799345]]]}"
00000000000000000241,0.0,4.89552094195735E7,404020.9851166968,7000,0,1497.4886699507388,0.0,"45,806","45,806",-39.32088287899852,-71.10549153903695,100.0,100.0,100.0,100.0,100.0,100.0,100.0,100.0,100.0,65.94710591133006,0.0,0.0,0.0,0.0,0.0,0.0,0.0,0.0,0,0,5.744964091484183,0.0,0.0,0.0,0.0,0.0,0.0,0.0,0.0,"{""type"":""Polygon"",""coordinates"":[[[-71.14703128323814,-39.35165748242272],[-71.06584273644737,-39.35312752384944],[-71.06398855924921,-39.290092598827194],[-71.14510440806768,-39.28862579406487],[-71.14703128323814,-39.35165748242272]]]}"
00000000000000000242,0.0,4.89581978128974E7,3747979.6742883115,7000,0,1331.8568588469188,0.0,"46,806","46,806",-39.322323043330584,-71.02433638846952,100.0,100.0,100.0,100.0,100.0,100.0,100.0,100.0,100.00000000000003,56.65003310162198,0.0,0.0,0.0,0.0,0.0,0.0,0.0,0.0,0,0,6.669073902649108,0.0,0.0,0.0,0.0,0.0,0.0,0.0,0.0,"{""type"":""Polygon"",""coordinates"":[[[-71.06584273644737,-39.35312752384944],[-70.98464822190635,-39.35454101613178],[-70.98286687356635,-39.29150288555142],[-71.06398855924921,-39.290092598827194],[-71.06584273644737,-39.35312752384944]]]}"
00000000000000000243,0.0,2.44168984039846E7,2917675.6888951017,7000,0,1132.8866799204773,0.0,"47,806","47,806",-39.32959515202437,-70.96094033787303,100.0,100.0,100.0,100.0,100.0,100.0,100.0,100.0,100.0,48.69563866799205,0.0,0.0,0.0,0.0,0.0,0.0,0.0,0.0,0,0,8.645707960489021,0.0,0.0,0.0,0.0,0.0,0.0,0.0,0.0,"{""type"":""Polygon"",""coordinates"":[[[-70.97049644885456,-39.291712995899296],[-70.98286687356635,-39.29150288555142],[-70.98464822190635,-39.35454101613178],[-70.93573828538806,-39.35536511067272],[-70.9346276842747,-39.35360486380583],[-70.92625644981464,-39.34030755654529],[-70.9378137157958,-39.32193532140963],[-70.94286360670692,-39.31799769475136],[-70.9544928054201,-39.308937366482326],[-70.97003987365521,-39.29581070574916],[-70.97049644885456,-39.291712995899296]]]}"
00000000000000000249,0.0,4.89069016835205E7,49792.015192518054,7000,0,1600.8146679881072,0.0,"46,807","46,807",-39.25931790013952,-71.02256414275563,100.0,100.0,100.0,100.0,100.0,100.0,100.0,100.0,100.0,58.33087569924318,0.0,0.0,0.0,0.0,0.0,0.0,0.0,0.0,0,1269.3580652281169,6.745749619494305,0.0,0.0,0.0,0.0,0.0,0.0,0.0,0.0,"{""type"":""Polygon"",""coordinates"":[[[-70.98490207771698,-39.22839916990621],[-71.06214017705884,-39.22705686236466],[-71.06398855924921,-39.290092598827194],[-70.98286687356635,-39.29150288555142],[-70.98117113469847,-39.231312103052865],[-70.98490207771698,-39.22839916990621]]]}"
0000000000000000024a,0.0,4643207.31116575,89878.12181929043,7000,0,1228.5625000000002,0.0,"47,807","47,807",-39.267108835968905,-70.97771259054858,100.0,100.0,100.0,100.0,100.0,100.0,100.0,100.0,100.0,51.85105240549828,0.0,0.0,0.0,0.0,0.0,0.0,0.0,0.0,0,7614.098539100966,8.102840549429667,0.0,0.0,0.0,0.0,0.0,0.0,0.0,0.0,"{""type"":""Polygon"",""coordinates"":[[[-70.98117113469847,-39.231312103052865],[-70.98286687356635,-39.29150288555142],[-70.97049644885456,-39.291712995899296],[-70.97684418991963,-39.23468998766253],[-70.98117113469847,-39.231312103052865]]]}"
00000000000000000250,0.0,1.97888099200747E7,159335.58228720876,7000,0,1383.6201923076926,0.0,"46,808","46,808",-39.196646658625106,-71.02781017429844,100.0,100.0,100.0,100.0,100.0,100.0,100.0,100.0,100.0,57.531150318979265,0.0,0.0,0.0,0.0,0.0,0.0,0.0,0.0,0,0,8.098094821546637,0.0,0.0,0.0,0.0,0.0,0.0,0.0,0.0,"{""type"":""MultiPolygon"",""coordinates"":[[[[-71.06159492810842,-39.208415899825916],[-71.06214017705884,-39.22705686236466],[-70.98490207771698,-39.22839916990621],[-71.00278886775142,-39.214428876599314],[-71.03733302012753,-39.21089680085843],[-71.06159492810842,-39.208415899825916]]],[[[-70.98032766147374,-39.16540737340259],[-71.0602975899607,-39.16402038519981],[-71.06075189001022,-39.179574294416874],[-71.05644953046311,-39.179416110685736],[-71.01578173541554,-39.17792166805879],[-70.99549740572954,-39.177171856595564],[-70.98032766147374,-39.16540737340259]]]]}"
00000000000000000251,97.33162431252109,1.51744522995972E7,776441.5628751266,7000,5049.015797219768,1572.9287925696597,0.0,"41,809","41,809",-39.13374532387221,-71.40008128862414,100.0,100.0,100.0,100.0,100.0,100.0,100.0,100.0,2.668375687478934,94.53732638888889,0.0,0.0,0.0,0.0,0.0,0.0,0.0,0.0,0,0,6.79863832026352,0.0,0.0,0.0,0.0,0.0,0.0,0.0,0.0,"{""type"":""Polygon"",""coordinates"":[[[-71.41802428819821,-39.15714371134375],[-71.38414500323569,-39.15784212456415],[-71.38253535286474,-39.110109561792],[-71.41424187004621,-39.11004242525993],[-71.41454500127954,-39.110862184635025],[-71.41498647078853,-39.11161107085439],[-71.41521839381116,-39.11201463591548],[-71.41572617787767,-39.11237933156901],[-71.41636822247145,-39.11316497063487],[-71.41718302950152,-39.11388893148832],[-71.41775640105742,-39.11464744025325],[-71.41804557783392,-39.11508258737138],[-71.41818735771642,-39.115288953520576],[-71.41819261217744,-39.11535159719963],[-71.41827478106667,-39.115830416450656],[-71.41803416296557,-39.11646861571539],[-71.41800508222786,-39.11651317569716],[-71.41754033367178,-39.11719490751597],[-71.41751714152542,-39.11722608506654],[-71.41660875108899,-39.11810683769136],[-71.41591026641191,-39.11859075963654],[-71.41545955735874,-39.118950616612956],[-71.41543065760327,-39.11898177388726],[-71.41524511930615,-39.11919994664586],[-71.41508875248367,-39.11937349991603],[-71.4149993352726,-39.11977101974891],[-71.41512888603728,-39.12007573535384],[-71.41594442062274,-39.12071021411647],[-71.41614391013981,-39.120876646160646],[-71.41652014960559,-39.12119602044752],[-71.41807175955444,-39.12236177324788],[-71.41900397251695,-39.122782297886836],[-71.41972881399184,-39.123988600919574],[-71.4197837138117,-39.124288456928724],[-71.41994324937944,-39.12513429843393],[-71.41988164564785,-39.12564816822282],[-71.41976260546612,-39.12616178992632],[-71.41942595889465,-39.1266161181971],[-71.41905570165936,-39.12696308860666],[-71.41900370073509,-39.127007551861546],[-71.41827541522561,-39.12761640353037],[-71.41803651841462,-39.12803999465354],[-71.41774706984805,-39.12903563232411],[-71.4177293133713,-39.12910260881191],[-71.41745200420014,-39.13000884370441],[-71.41692900269062,-39.13077979286424],[-71.41685344689283,-39.13089119173607],[-71.41600231064382,-39.13176769958307],[-71.41575915437397,-39.13201239768304],[-71.41542621845566,-39.132708253569284],[-71.41541371636622,-39.13283340155612],[-71.41533852263073,-39.13358862737777],[-71.41533906619995,-39.13422350736608],[-71.41506320471134,-39.134950977878944],[-71.41480337832834,-39.135132995744094],[-71.41454925924782,-39.135310504507466],[-71.41418533867032,-39.13558593519697],[-71.41348485620799,-39.13628436950037],[-71.41306250050255,-39.136675678759566],[-71.41254800861911,-39.13710236973317],[-71.41218299887784,-39.137493979684145],[-71.41175910152282,-39.138073047355384],[-71.41142552774713,-39.13882700381939],[-71.41137225738183,-39.139027968844644],[-71.41133683439648,-39.13914403460025],[-71.41121833497267,-39.13958610806662],[-71.41134824947653,-39.13984155026152],[-71.41157972185552,-39.140312245077574],[-71.41199872725262,-39.141011806821794],[-71.41257736158305,-39.141859767013905],[-71.41327503734783,-39.14288717846909],[-71.41393928212982,-39.14379822585315],[-71.41472809387072,-39.14491547726168],[-71.41521785024176,-39.14540526121578],[-71.41597078368514,-39.14600816746977],[-71.41745725867187,-39.14679363633918],[-71.4177015915232,-39.14709887379082],[-71.4180316263281,-39.147462705459645],[-71.4183054924769,-39.147678683032424],[-71.41867004305828,-39.14803822030967],[-71.41896963740781,-39.148611962352405],[-71.41960932079063,-39.149035492985384],[-71.42003393367693,-39.14906886569587],[-71.4206066665452,-39.149250567952954],[-71.42072498170003,-39.14952385374912],[-71.4208817990468,-39.150007583218546],[-71.42100663683962,-39.15019150640802],[-71.42105202415416,-39.150263253252],[-71.42112576720392,-39.15037096145935],[-71.42118320342631,-39.15107319268875],[-71.42105990578304,-39.15139898101553],[-71.42105401720976,-39.15141680386556],[-71.42087944361633,-39.15170208999657],[-71.42027246679005,-39.15219095178683],[-71.42020316265459,-39.15224420418483],[-71.42009381610262,-39.15227054048501],[-71.41999017692085,-39.15230126750129],[-71.41988644711554,-39.15234103010326],[-71.41978851528071,-39.15238527502663],[-71.41969040223171,-39.15243838719173],[-71.41960379456884,-39.15249607734104],[-71.41951718688517,-39.15255829262407],[-71.41943039799303,-39.15263382369329],[-71.41934940708737,-39.15270493986135],[-71.41927992158666,-39.152785082615736],[-71.41920454746909,-39.152869701623544],[-71.41914638618007,-39.15295884092927],[-71.41908822488169,-39.15304798003647],[-71.41906322095616,-39.153289225207224],[-71.41905053780485,-39.15344122579708],[-71.4190441056351,-39.15352169791673],[-71.41903640515001,-39.15376310484094],[-71.41903441208326,-39.15400000469142],[-71.41905660759875,-39.15409400837706],[-71.41908460112448,-39.15418359740666],[-71.41912410007622,-39.15427323931638],[-71.41916350842969,-39.154362866199605],[-71.41920880538241,-39.15444356820054],[-71.41925980974435,-39.15452428914428],[-71.41931670270084,-39.15459608523688],[-71.41937930306138,-39.154667976977464],[-71.419447610823,-39.154739810964195],[-71.41952171657627,-39.154802781904934],[-71.41959591290812,-39.15486131922798],[-71.41967590722682,-39.15491091682438],[-71.41972691152269,-39.154987112024614],[-71.41978942121825,-39.155067961910504],[-71.41996843443138,-39.15564557766777],[-71.41986225858896,-39.1559937899429],[-71.41981524043716,-39.156127708593196],[-71.41921469398584,-39.15652262791406],[-71.41875973114185,-39.156676906003526],[-71.4180901501736,-39.157098336003855],[-71.41802428819821,-39.15714371134375]]]}"
00000000000000000252,41.834632718455175,3.76518161996156E7,9148198.087701986,7000,11725.684754679869,1389.2398477157362,31.385838308860414,"42,809","42,809",-39.13442543736185,-71.3426573862889,100.0,100.0,100.0,100.0,100.0,100.0,100.0,100.0,58.165367281544825,90.70908682318107,0.0,0.0,0.0,0.0,0.0,0.0,0.0,0.0,16550.67292201619,4163.154202055289,7.2428418115916,0.0,0.0,0.0,0.0,0.0,0.0,0.0,0.0,"{""type"":""Polygon"",""coordinates"":[[[-71.38253535286474,-39.110109561792],[-71.38414500323569,-39.15784212456415],[-71.30319259698406,-39.159470934585514],[-71.30158884741371,-39.110242119573115],[-71.38253535286474,-39.110109561792]]]}"
00000000000000000253,23.150250288576462,3.88142937631947E7,1.4815554344467495E7,7000,21190.159016688915,1332.5555555555554,5.148105250400372,"43,809","43,809",-39.13527787832225,-71.26171177047442,100.0,100.0,100.0,100.0,100.0,100.0,100.0,100.0,76.84974971142353,81.33298816568046,0.0,0.0,0.0,0.0026141317045512446,0.0,0.003136811931157977,0.0,0.006273829176240011,14212.787336535492,21606.245809824817,7.854966825225649,0.0,0.0,0.0,0.0,0.0,0.0,0.0,0.0,"{""type"":""Polygon"",""coordinates"":[[[-71.30158884741371,-39.110242119573115],[-71.30319259698406,-39.159470934585514],[-71.22223377667025,-39.16104363169277],[-71.22063929400073,-39.110318662433336],[-71.30158884741371,-39.110242119573115]]]}"
00000000000000000254,3.684578381024083,3.99766184376309E7,1.750019666294052E7,7000,2397.7864784788107,1360.3480278422276,0.0,"44,809","44,809",-39.13607427413457,-71.18076118813754,100.0,100.0,100.0,100.0,100.0,100.0,100.0,100.0,96.31542161897592,71.72374031007752,0.0,0.0,0.0,0.0,0.0,0.0,0.0,0.0,14525.843938208096,8433.455767033618,8.038440035442973,0.0,0.0,0.0,0.0,0.0,0.0,0.0,0.0,"{""type"":""Polygon"",""coordinates"":[[[-71.22063929400073,-39.110318662433336],[-71.22223377667025,-39.16104363169277],[-71.14126867111464,-39.16256015191847],[-71.1396870047316,-39.11033924491428],[-71.22063929400073,-39.110318662433336]]]}"
00000000000000000255,0.0,4.11387832443837E7,1.2928546287564227E7,7000,11407.140879297836,1328.5883720930233,0.0,"45,809","45,809",-39.136814570676286,-71.09980590485914,100.0,100.0,100.0,100.0,100.0,100.0,100.0,100.0,100.00000000000003,65.66346899224806,0.0,0.0,0.0,0.0,0.004193996142212364,0.0,0.0053922827269601015,0.0035948566856188946,9875.227994456382,9112.82634206037,8.12503403419672,0.0,0.0,0.0,0.0,0.0,0.0,0.0,0.0,"{""type"":""Polygon"",""coordinates"":[[[-71.1396870047316,-39.11033924491428],[-71.14126867111464,-39.16256015191847],[-71.0602975899607,-39.16402038519981],[-71.05873220052298,-39.11030383018579],[-71.1396870047316,-39.11033924491428]]]}"
00000000000000000256,0.0,4.22968412469217E7,5035809.658642967,7000,0,1266.7336956521738,2.7690022886989336,"46,809","46,809",-39.137496181021376,-71.018849783482,100.0,100.0,100.0,100.0,100.0,100.0,100.0,100.0,100.0,56.79601261801016,0.0,0.0,0.0,0.0,0.0,0.0,0.0,0.0,3792.336740139,5630.186305560434,8.743594678658546,0.0,0.0,0.0,0.0,0.0,0.0,0.0,0.0,"{""type"":""Polygon"",""coordinates"":[[[-71.05873220052298,-39.11030383018579],[-71.0602975899607,-39.16402038519981],[-70.98032766147374,-39.16540737340259],[-70.97929789628832,-39.16460853877603],[-70.977775011011,-39.11021236641927],[-71.05873220052298,-39.11030383018579]]]}"
00000000000000000257,0.0,8493405.0909508,3415872.2253494817,7000,0,1150.5978260869563,0.0,"47,809","47,809",-39.13249576926082,-70.96931613020519,100.0,100.0,100.0,100.0,100.0,100.0,100.0,100.0,99.99999999999999,52.021348443223445,0.0,0.0,0.0,0.0,0.0,0.0,0.0,0.0,0,0,9.28907124865186,0.0,0.0,0.0,0.0,0.0,0.0,0.0,0.0,"{""type"":""Polygon"",""coordinates"":[[[-70.977775011011,-39.11021236641927],[-70.97929789628832,-39.16460853877603],[-70.96475856714359,-39.15332697674212],[-70.95465280310856,-39.110176008669036],[-70.977775011011,-39.11021236641927]]]}"
