{"type":"FeatureCollection","features":[{"type":"Feature","geometry":{"type":"Polygon","coordinates":[[[-71.87678438642489,-43.128310894432666],[-71.87632810249762,-43.11858507243345],[-71.88905557844039,-43.118264153184214],[-71.8886008000716,-43.11893685577361],[-71.88865942253106,-43.12021033033013],[-71.88854208713434,-43.12102791936886],[-71.88881728696963,-43.12397267117993],[-71.88806985016394,-43.12575918942066],[-71.88780731504819,-43.12591975811237],[-71.88667756113655,-43.126593302948365],[-71.88637178142663,-43.12701748976403],[-71.88335314060306,-43.12651847665211],[-71.88276744834342,-43.1265759784446],[-71.881663097899,-43.12668658176103],[-71.88096675892182,-43.12715946639128],[-71.87933623220256,-43.12808714265024],[-71.87865255378738,-43.128314243575176],[-71.87737720049375,-43.12851844243008],[-71.87678438642489,-43.128310894432666]]]},"id":"37,745","properties":{"area_m2":946525.5859555032,"cell_size_m":7000,"grid_id":"37,745"}},{"type":"Feature","geometry":{"type":"Polygon","coordinates":[[[-71.79207980864771,-43.157922580650784],[-71.7903855722586,-43.120714846811744],[-71.87632810249762,-43.11858507243345],[-71.87678438642489,-43.128310894432666],[-71.87673712443433,-43.12829434751512],[-71.87651167259705,-43.12814218554532],[-71.87588254169025,-43.12854359468993],[-71.87515615356796,-43.128757314208805],[-71.87446649493118,-43.12893977155169],[-71.87368536851488,-43.12904610156871],[-71.8712696906136,-43.129043394847315],[-71.87081208397296,-43.12906077166125],[-71.86984213300838,-43.129059711297906],[-71.86917752351471,-43.12890256157447],[-71.86847654262958,-43.12866495935583],[-71.86695216616114,-43.128328063728176],[-71.86609846143516,-43.128193010761024],[-71.86543384400156,-43.12804034913594],[-71.86431124713033,-43.128114947935124],[-71.8638353545941,-43.12815015241586],[-71.86294382317361,-43.12856911193529],[-71.8624062250648,-43.12891244221174],[-71.86198479527403,-43.129139858767694],[-71.8614900804911,-43.12938946463317],[-71.86101409320197,-43.1294693381603],[-71.86021474778477,-43.12952644072914],[-71.85976336779292,-43.12952586987257],[-71.8591656886577,-43.12946706741035],[-71.8584277714023,-43.12933210965595],[-71.8577569853803,-43.129259771703644],[-71.85724462115141,-43.129201008235256],[-71.85648851369942,-43.12908390914857],[-71.85631190439754,-43.1289228642582],[-71.85578840923449,-43.12845301125149],[-71.85535647530689,-43.12795206061649],[-71.85515543673274,-43.12785349721716],[-71.85509445560969,-43.127826619677585],[-71.85482022136273,-43.12771014137815],[-71.85469228752136,-43.1276518991109],[-71.85451576768737,-43.127490791382534],[-71.85443053870081,-43.12741474464259],[-71.85429057130227,-43.12728497301146],[-71.85416245629209,-43.127258006331246],[-71.85383321133381,-43.12719499857956],[-71.85328446897103,-43.12708706992365],[-71.85298553291024,-43.12710459450622],[-71.85277164507022,-43.12727858649943],[-71.85262452923804,-43.12756436271823],[-71.85290917026325,-43.128435956375576],[-71.85326754977663,-43.12906643391928],[-71.85385691625848,-43.13007250545648],[-71.85397118844676,-43.13074284705852],[-71.85404221270753,-43.13164550443035],[-71.8540481841733,-43.131717038771065],[-71.85414445142419,-43.132284561199725],[-71.85406347474425,-43.13299042383109],[-71.85372644867373,-43.133620023960404],[-71.85362828128059,-43.13383884390331],[-71.85368238644668,-43.13419186874761],[-71.85376707277491,-43.13448685911845],[-71.85442501962551,-43.134880888543655],[-71.85503383638071,-43.1354089162613],[-71.85519217016318,-43.135538665321036],[-71.85635605673232,-43.13614784185628],[-71.8575258199169,-43.13684627802194],[-71.85799493634507,-43.13712839540703],[-71.85825695362486,-43.13728060327813],[-71.85852485159143,-43.1375177882076],[-71.85893153854418,-43.13844319610206],[-71.85914424601546,-43.13877406173687],[-71.86022859045617,-43.139517071233904],[-71.86070367418768,-43.139901919180346],[-71.86060559944842,-43.14010290361765],[-71.86042799723656,-43.14037518619746],[-71.8600310835248,-43.1405311143639],[-71.85946271886357,-43.14093253308838],[-71.85851508024105,-43.14175795138085],[-71.85802008856581,-43.14208797829544],[-71.85759231958818,-43.14236002135956],[-71.85733554935116,-43.14257414775165],[-71.85663345630029,-43.14276989214272],[-71.85637722813654,-43.14272040708012],[-71.85542017066992,-43.14234391229393],[-71.85451133433303,-43.142231040341656],[-71.85344922749572,-43.14238608278526],[-71.85272287789854,-43.14251473652678],[-71.85216752875738,-43.142527400721185],[-71.85120973466528,-43.14248591521716],[-71.85058136731934,-43.14243148354077],[-71.84972119417678,-43.14234550645828],[-71.8488794762467,-43.14225502129901],[-71.84826359027416,-43.14207549836863],[-71.84762327387718,-43.14194504292538],[-71.8467266296827,-43.14184111501516],[-71.84629956919005,-43.14180920566993],[-71.8454449940736,-43.14192871557655],[-71.84475454635675,-43.142307533658816],[-71.84385671777068,-43.14268170031291],[-71.8434534495798,-43.14288219151724],[-71.84300132171786,-43.143136272295784],[-71.84226825251345,-43.14345244019706],[-71.84178508822164,-43.14390753156212],[-71.8416138090171,-43.144068199999374],[-71.84144252971967,-43.144224284281655],[-71.84129730868948,-43.14374599904996],[-71.84078618442031,-43.14322258131843],[-71.84024375299809,-43.14295370308376],[-71.83996932486953,-43.14290864710619],[-71.83924348710751,-43.142809332148225],[-71.83851692382854,-43.14298703442854],[-71.83798607012527,-43.14299073540188],[-71.83625922862156,-43.14301063289482],[-71.83575877308095,-43.14303669940077],[-71.83525813578429,-43.14315217621387],[-71.83507472842888,-43.14327697474266],[-71.83489086855592,-43.14358058225481],[-71.83476184084505,-43.14393784864254],[-71.83456477036883,-43.14460779030127],[-71.83443556156023,-43.14499631147867],[-71.83409308557633,-43.14529069376405],[-71.83373215077631,-43.14560295972818],[-71.83318798808119,-43.14601769523778],[-71.83283248121933,-43.14658905189039],[-71.83253271144272,-43.14687458335509],[-71.83163611490544,-43.14672133172039],[-71.83078855784716,-43.14650564283329],[-71.82991014359108,-43.146401610897236],[-71.82926852323361,-43.14673125260107],[-71.82848493209144,-43.147614762176815],[-71.82781724938081,-43.14854314861828],[-71.82710160849754,-43.149113956447025],[-71.82594041913987,-43.14975561451558],[-71.82510388602886,-43.149919664079086],[-71.82410818706411,-43.150257677858605],[-71.8236990121565,-43.15037773411133],[-71.82310524612706,-43.151006820581465],[-71.82217224761305,-43.15077750071829],[-71.8218795256639,-43.150705557002155],[-71.82187355359042,-43.15066083254968],[-71.82151423362907,-43.15041902991603],[-71.82144528323997,-43.148948909798094],[-71.82121391023698,-43.14877431698569],[-71.82107980973339,-43.148702583409076],[-71.82051318471349,-43.14840682847994],[-71.8202695953653,-43.14823216416509],[-71.8188813496839,-43.147211277080466],[-71.81838294791723,-43.14654024970134],[-71.81781731344797,-43.14590932016646],[-71.81748232996208,-43.1457032697774],[-71.81728135779862,-43.1455733836326],[-71.81666613425406,-43.14519709970613],[-71.81617152949444,-43.14532139866985],[-71.8150781661165,-43.145677075081466],[-71.81383775561123,-43.14624699313306],[-71.81264602313738,-43.14686610540619],[-71.81024444696013,-43.147961304200344],[-71.8097425930733,-43.1484385612609],[-71.80903324577929,-43.14891543924066],[-71.80843945238016,-43.14953103178831],[-71.80791334435143,-43.14993676803082],[-71.80729529751942,-43.1504718974588],[-71.80640858372871,-43.15106912961963],[-71.80614471373426,-43.15154232611824],[-71.80583786052733,-43.152073472595454],[-71.8055860253099,-43.15258685929602],[-71.8054012434681,-43.15311381311095],[-71.80521094158678,-43.1534664664357],[-71.80478273931631,-43.153796350681304],[-71.80405600671814,-43.15396043617336],[-71.80352500493943,-43.15395953661398],[-71.80292712918065,-43.15390485578423],[-71.80216428622896,-43.15390357684282],[-71.80161418755377,-43.15416175942586],[-71.80137492736397,-43.15455010108635],[-71.80126950441714,-43.1550636916696],[-71.80090038809146,-43.15596116688907],[-71.80040467297316,-43.15638924045816],[-71.79945079474942,-43.15694157272614],[-71.79872966056145,-43.15723522051836],[-71.79794762312915,-43.157501902451536],[-71.79745326082687,-43.15750998110717],[-71.79672108197742,-43.15742828455436],[-71.79623965831345,-43.15722638439937],[-71.79530612870909,-43.157139770076114],[-71.7946165674821,-43.15710728514993],[-71.79376176288139,-43.15722641517201],[-71.7933953527155,-43.15728825604336],[-71.79225241092823,-43.15778662895476],[-71.79207980864771,-43.157922580650784]]]},"id":"38,745","properties":{"area_m2":1.8302080889408916E7,"cell_size_m":7000,"grid_id":"38,745"}},{"type":"Feature","geometry":{"type":"Polygon","coordinates":[[[-71.7070098927102,-43.18113083345397],[-71.70443381015644,-43.12278014652315],[-71.7903855722586,-43.120714846811744],[-71.79207980864771,-43.157922580650784],[-71.79149967791881,-43.15837951935868],[-71.79035012324297,-43.15899844805566],[-71.78954254572284,-43.1595689146216],[-71.78897378332864,-43.15990743982262],[-71.78856881664966,-43.16052328884556],[-71.78828058865723,-43.160924888197954],[-71.78794847005285,-43.161665978975755],[-71.78770847568663,-43.16221505032653],[-71.7871881252942,-43.162665409818715],[-71.78628624294609,-43.163999706176085],[-71.78597801325837,-43.1648569493344],[-71.78578480395208,-43.166018325602245],[-71.78566625392205,-43.16673298458407],[-71.7852850836052,-43.167518656682006],[-71.78480662915064,-43.16818793566902],[-71.78370573776603,-43.16877567218042],[-71.78229289900439,-43.16783912246986],[-71.78213470990676,-43.16769585153544],[-71.78203751588026,-43.167561666946064],[-71.78186747151177,-43.16732899738513],[-71.78166765342685,-43.16685942609582],[-71.7815460249665,-43.16673410800587],[-71.78113254215566,-43.1662954229985],[-71.78096177332813,-43.166250415394],[-71.78073607236443,-43.166196385418736],[-71.77993733945404,-43.16596250196416],[-71.77782737548355,-43.16539099279278],[-71.77724836600945,-43.16517092484389],[-71.7768394026101,-43.16516120898935],[-71.77555730486843,-43.16523462275371],[-71.77512996798659,-43.165260597724],[-71.77448045466006,-43.16592956936932],[-71.7741986394974,-43.16621496322156],[-71.77381745559036,-43.16696034672323],[-71.7733946413844,-43.16739738816726],[-71.77313146822095,-43.16758457240605],[-71.7724833083649,-43.16789154615153],[-71.77204936090239,-43.16804257632162],[-71.77082281134984,-43.16791951722796],[-71.77043899893634,-43.16772663189313],[-71.77014061863319,-43.16752939409946],[-71.77012242801437,-43.16750708328336],[-71.76980603778306,-43.16722494731509],[-71.76978775664465,-43.16721149500343],[-71.76962983290588,-43.16701901854097],[-71.7694414103267,-43.16679526586918],[-71.7692158822919,-43.166709896224724],[-71.76866120211676,-43.16649879498351],[-71.76844255161768,-43.16619901022492],[-71.7666376838317,-43.16569932625886],[-71.76445577408609,-43.16484593774148],[-71.7642361252149,-43.164827646879324],[-71.76348006858537,-43.16459822308852],[-71.76307733240716,-43.16457501892174],[-71.76097133078338,-43.16462427357026],[-71.7605257834309,-43.16461441474273],[-71.76014042022487,-43.16481911714953],[-71.75971025732525,-43.16555988258976],[-71.75906731974777,-43.16762725439285],[-71.75868991913906,-43.16890436839134],[-71.75835215879668,-43.16941296176991],[-71.7568912417036,-43.17144736288181],[-71.75656877472703,-43.172733464166974],[-71.7555449874637,-43.17685528426656],[-71.75422090136658,-43.17973886477955],[-71.72550256320731,-43.180795020189514],[-71.7070098927102,-43.18113083345397]]]},"id":"39,745","properties":{"area_m2":4.0660194783796884E7,"cell_size_m":7000,"grid_id":"39,745"}},{"type":"Feature","geometry":{"type":"Polygon","coordinates":[[[-71.62090364301494,-43.18164245900104],[-71.61847309888034,-43.12478095273385],[-71.70443381015644,-43.12278014652315],[-71.7070098927102,-43.18113083345397],[-71.65558170043734,-43.182049053985125],[-71.62090364301494,-43.18164245900104]]]},"id":"40,745","properties":{"area_m2":4.4967816947450124E7,"cell_size_m":7000,"grid_id":"40,745"}},{"type":"Feature","geometry":{"type":"Polygon","coordinates":[[[-71.53473071214884,-43.18058672124136],[-71.5325037213063,-43.12671724719463],[-71.61847309888034,-43.12478095273385],[-71.62090364301494,-43.18164245900104],[-71.53473071214884,-43.18058672124136]]]},"id":"41,745","properties":{"area_m2":4.299332182211123E7,"cell_size_m":7000,"grid_id":"41,745"}},{"type":"Feature","geometry":{"type":"Polygon","coordinates":[[[-71.44855779061758,-43.17946627334308],[-71.44652596049109,-43.12858901224141],[-71.5325037213063,-43.12671724719463],[-71.53473071214884,-43.18058672124136],[-71.44855779061758,-43.17946627334308]]]},"id":"42,745","properties":{"area_m2":4.067000703419702E7,"cell_size_m":7000,"grid_id":"42,745"}},{"type":"Feature","geometry":{"type":"Polygon","coordinates":[[[-71.36238516426377,-43.17828111477819],[-71.36054009966651,-43.13039623079576],[-71.44652596049109,-43.12858901224141],[-71.44855779061758,-43.17946627334308],[-71.36238516426377,-43.17828111477819]]]},"id":"43,745","properties":{"area_m2":3.8346532440425515E7,"cell_size_m":7000,"grid_id":"43,745"}},{"type":"Feature","geometry":{"type":"Polygon","coordinates":[[[-71.27621311891295,-43.17703124561237],[-71.27454642223356,-43.132138886365254],[-71.36054009966651,-43.13039623079576],[-71.36238516426377,-43.17828111477819],[-71.27621311891295,-43.17703124561237]]]},"id":"44,745","properties":{"area_m2":3.6022911930672504E7,"cell_size_m":7000,"grid_id":"44,745"}},{"type":"Feature","geometry":{"type":"Polygon","coordinates":[[[-71.23545051542558,-43.132909731201586],[-71.27454642223356,-43.132138886365254],[-71.27621311891295,-43.17703124561237],[-71.22432587369408,-43.17624743593055],[-71.23545051542558,-43.132909731201586]]]},"id":"45,745","properties":{"area_m2":1.8101625348199405E7,"cell_size_m":7000,"grid_id":"45,745"}},{"type":"Feature","geometry":{"type":"Polygon","coordinates":[[[-71.88905557844039,-43.118264153184214],[-71.87632810249762,-43.11858507243345],[-71.87338155936952,-43.05562988430479],[-71.93549367073982,-43.054052183702055],[-71.93545072250473,-43.054135812019084],[-71.93524286128718,-43.054801452213326],[-71.9348208971559,-43.05623100134082],[-71.93480217333214,-43.056686780013294],[-71.93470330790569,-43.05794223624681],[-71.93461095508611,-43.058876037893626],[-71.93455405994644,-43.060739199895636],[-71.93430911222949,-43.06190527474649],[-71.93417397481612,-43.062928398679034],[-71.9343068508944,-43.06399633261138],[-71.93489660651858,-43.0653460785017],[-71.9366737359851,-43.06759458619942],[-71.93693442057483,-43.06885024064667],[-71.936951606574,-43.069994150395395],[-71.93738948741826,-43.07086564868849],[-71.93745000013197,-43.071308007382555],[-71.93729713540618,-43.07180388461694],[-71.93705291349703,-43.072223772601795],[-71.93674148505484,-43.072791043473565],[-71.93596033465981,-43.07376020822742],[-71.93567956867824,-43.0741622190742],[-71.93512418676048,-43.07484994385899],[-71.93478824353016,-43.07556912893296],[-71.93476354978873,-43.0758551219726],[-71.93474482596149,-43.07629293503795],[-71.93478679627798,-43.076940891048565],[-71.93476146936354,-43.077794294421935],[-71.93459648255555,-43.07823203231345],[-71.93441901309413,-43.07888427913282],[-71.93390605160272,-43.07975526966758],[-71.93387475468276,-43.080479120722075],[-71.93414267792343,-43.08076966790152],[-71.93413652708865,-43.08078308358717],[-71.93467237288009,-43.08135979708817],[-71.93511070923893,-43.08184704867323],[-71.936103159782,-43.08298252788823],[-71.93623712046008,-43.08308537035755],[-71.9372360799471,-43.083845488663904],[-71.93892844232465,-43.08608945439323],[-71.93889741727256,-43.08670605650046],[-71.9390493766815,-43.08710822490468],[-71.93950624942752,-43.08750168888899],[-71.93968887170293,-43.087716210524036],[-71.94030412435404,-43.08824379524276],[-71.94066945829803,-43.08871314888192],[-71.94091259191221,-43.089405802975364],[-71.94072291514713,-43.09018767715083],[-71.94077718605041,-43.09078196604474],[-71.94089251168799,-43.091309233701026],[-71.94175767871577,-43.09190841441014],[-71.94237953014256,-43.091846205860016],[-71.94314139817891,-43.09211462179016],[-71.94329959658758,-43.092418589363405],[-71.94300662645705,-43.09275795817078],[-71.94257372843155,-43.09283820911075],[-71.94148234511407,-43.092873376919265],[-71.9403054811286,-43.09308279075796],[-71.93947015912842,-43.09321638203062],[-71.93878100546017,-43.093408165005776],[-71.93815263417683,-43.09375188273473],[-71.93781036259271,-43.09458722205469],[-71.93750499523364,-43.095176864768234],[-71.93670602759963,-43.095422170300424],[-71.93602265671306,-43.09586410188867],[-71.93551024061686,-43.096109553802236],[-71.93501591430552,-43.09656502180771],[-71.9345703415455,-43.097060752862525],[-71.93432629837551,-43.09714106744876],[-71.93392341867835,-43.097574185731],[-71.93360601712608,-43.09797173522902],[-71.93335555097906,-43.098413871800645],[-71.93331864587405,-43.09869982502261],[-71.93322041314651,-43.09930747253379],[-71.93316496500927,-43.099798899252725],[-71.93312742670514,-43.10073273495429],[-71.93309006930394,-43.10140288855467],[-71.93308952658138,-43.10193463229441],[-71.93290029725397,-43.10212214453234],[-71.93252201915762,-43.10225601697974],[-71.9320281403114,-43.10224231057764],[-71.93144896233174,-43.10218388989641],[-71.93084527011435,-43.102165639032066],[-71.92912608857506,-43.101874180241175],[-71.92845554547154,-43.10173075360176],[-71.92632857634158,-43.10079106730218],[-71.92543233948024,-43.100732468471016],[-71.92290788276506,-43.10077543982828],[-71.92220051014866,-43.10081072933197],[-71.92018159465086,-43.10130524258732],[-71.91938249160205,-43.101572833717334],[-71.91827872372176,-43.10163012941729],[-71.91641256728273,-43.101856644634154],[-71.91554018277134,-43.10216430485082],[-71.91410649615713,-43.10265915577964],[-71.9129297084791,-43.10260018098388],[-71.91140509735244,-43.10278667729727],[-71.9095635951848,-43.102736119378775],[-71.90813603222566,-43.103208563776064],[-71.90669009900218,-43.10374357569151],[-71.90529879802591,-43.10437247824234],[-71.90394530404794,-43.1042194254809],[-71.9026889610807,-43.104312155290586],[-71.90202405976957,-43.10446352618517],[-71.90135897610733,-43.104748907841966],[-71.89993155629116,-43.105055987408626],[-71.8981989950732,-43.10547448731078],[-71.89689929642375,-43.10599157452578],[-71.89574017449917,-43.106254167704236],[-71.8926776582298,-43.10701541095113],[-71.8923535198805,-43.10756912912576],[-71.89233416022518,-43.10814102473364],[-71.8917656733606,-43.10893582566363],[-71.89122722017213,-43.10992723204959],[-71.89083550212938,-43.110708762355465],[-71.89073707497785,-43.11122700971468],[-71.89058346342367,-43.111847908800236],[-71.89044794504026,-43.112629709121194],[-71.89054890533684,-43.11415341973158],[-71.89034056160644,-43.11466702542625],[-71.89020495265098,-43.11547119633615],[-71.88963519536676,-43.11689598772695],[-71.88907774050165,-43.11823137091084],[-71.88905557844039,-43.118264153184214]]]},"id":"37,746","properties":{"area_m2":2.895791696735014E7,"cell_size_m":7000,"grid_id":"37,746"}},{"type":"Feature","geometry":{"type":"Polygon","coordinates":[[[-71.87632810249762,-43.11858507243345],[-71.7903855722586,-43.120714846811744],[-71.78752678716062,-43.057755004234714],[-71.87338155936952,-43.05562988430479],[-71.87632810249762,-43.11858507243345]]]},"id":"38,746","properties":{"area_m2":4.888816117653197E7,"cell_size_m":7000,"grid_id":"38,746"}},{"type":"Feature","geometry":{"type":"Polygon","coordinates":[[[-71.7903855722586,-43.120714846811744],[-71.70443381015644,-43.12278014652315],[-71.70166281820836,-43.05981579009591],[-71.78752678716062,-43.057755004234714],[-71.7903855722586,-43.120714846811744]]]},"id":"39,746","properties":{"area_m2":4.889195972079485E7,"cell_size_m":7000,"grid_id":"39,746"}},{"type":"Feature","geometry":{"type":"Polygon","coordinates":[[[-71.70443381015644,-43.12278014652315],[-71.61847309888034,-43.12478095273385],[-71.61578993413218,-43.06181222312392],[-71.70166281820836,-43.05981579009591],[-71.70443381015644,-43.12278014652315]]]},"id":"40,746","properties":{"area_m2":4.889564150297293E7,"cell_size_m":7000,"grid_id":"40,746"}},{"type":"Feature","geometry":{"type":"Polygon","coordinates":[[[-71.61847309888034,-43.12478095273385],[-71.5325037213063,-43.12671724719463],[-71.529908416737,-43.06374428513673],[-71.61578993413218,-43.06181222312392],[-71.61847309888034,-43.12478095273385]]]},"id":"41,746","properties":{"area_m2":4.8899206487972714E7,"cell_size_m":7000,"grid_id":"41,746"}},{"type":"Feature","geometry":{"type":"Polygon","coordinates":[[[-71.5325037213063,-43.12671724719463],[-71.44652596049109,-43.12858901224141],[-71.44401854800736,-43.065611958535314],[-71.529908416737,-43.06374428513673],[-71.5325037213063,-43.12671724719463]]]},"id":"42,746","properties":{"area_m2":4.8902654641884156E7,"cell_size_m":7000,"grid_id":"42,746"}},{"type":"Feature","geometry":{"type":"Polygon","coordinates":[[[-71.44652596049109,-43.12858901224141],[-71.36054009966651,-43.13039623079576],[-71.35812061010174,-43.06741522630413],[-71.44401854800736,-43.065611958535314],[-71.44652596049109,-43.12858901224141]]]},"id":"43,746","properties":{"area_m2":4.890598593182893E7,"cell_size_m":7000,"grid_id":"43,746"}},{"type":"Feature","geometry":{"type":"Polygon","coordinates":[[[-71.36054009966651,-43.13039623079576],[-71.27454642223356,-43.132138886365254],[-71.27221488534656,-43.069154072011514],[-71.35812061010174,-43.06741522630413],[-71.36054009966651,-43.13039623079576]]]},"id":"44,746","properties":{"area_m2":4.890920032609092E7,"cell_size_m":7000,"grid_id":"44,746"}},{"type":"Feature","geometry":{"type":"Polygon","coordinates":[[[-71.25168332617453,-43.06956007465],[-71.27221488534656,-43.069154072011514],[-71.27454642223356,-43.132138886365254],[-71.23545051542558,-43.132909731201586],[-71.25168332617453,-43.06956007465]]]},"id":"45,746","properties":{"area_m2":1.6962327776537873E7,"cell_size_m":7000,"grid_id":"45,746"}},{"type":"Feature","geometry":{"type":"Polygon","coordinates":[[[-71.95859328114645,-43.04026413730668],[-71.95620234787317,-42.99048918969235],[-72.04195047895075,-42.98824038570385],[-72.04200384905207,-42.98932102154509],[-72.04160627661388,-42.98947390354586],[-72.04069374301466,-42.99007744710842],[-72.03933750604322,-42.99175351412999],[-72.03814501790522,-42.992553733663215],[-72.0374701948223,-42.993912276737575],[-72.03721511256552,-42.99481046783599],[-72.03762970024182,-42.996007815320304],[-72.03766017263936,-42.996101645507416],[-72.03778839177359,-42.99661547357428],[-72.03822106312816,-42.99745083378127],[-72.0378261883767,-42.99868870962259],[-72.03906289420635,-43.00021193002337],[-72.03925793464465,-43.00062743469479],[-72.03951391937505,-43.0010696777788],[-72.03992832301378,-43.00178890523833],[-72.04003800470092,-43.00201676331124],[-72.04019651410827,-43.00232495130355],[-72.04029426002712,-43.00288345017328],[-72.04033097125203,-43.003057755094346],[-72.04013050620787,-43.00375486733739],[-72.0396804766126,-43.00444309240842],[-72.03964394615151,-43.00454138064644],[-72.03932783088567,-43.00522515870181],[-72.03892644720362,-43.00592229955675],[-72.03881730764094,-43.006619400924215],[-72.03875663434566,-43.00695456597292],[-72.03799681556606,-43.008920765207236],[-72.03782645964417,-43.009104030735344],[-72.03762563122707,-43.00932303524775],[-72.03726077601283,-43.009984481071676],[-72.03726095685815,-43.01027047276697],[-72.03726104728081,-43.01045363184961],[-72.03726719602169,-43.010489401260635],[-72.03728564224357,-43.01078876193147],[-72.03729793972418,-43.01098531711661],[-72.03723138864655,-43.01168685789147],[-72.03696382784634,-43.01235272168696],[-72.03653196847536,-43.013018587871564],[-72.036160691892,-43.01338509085287],[-72.03592333143786,-43.013510295140385],[-72.03531460273662,-43.01382322894442],[-72.03382939715681,-43.01458781886663],[-72.03368318199821,-43.01459678588366],[-72.03286122903312,-43.01465062585986],[-72.03206350750328,-43.01448552355866],[-72.031387495164,-43.01427120689422],[-72.03060803548671,-43.0141239908929],[-72.02951199600038,-43.014124267661416],[-72.0278012404264,-43.01455368225901],[-72.025238027587,-43.015099352794515],[-72.02356387044944,-43.015979994039185],[-72.02280292794327,-43.01654755669502],[-72.02190191164472,-43.017079501321675],[-72.02103733494887,-43.01734772885781],[-72.02051972712408,-43.01733441385261],[-72.02000220883387,-43.017580220214015],[-72.0194360393654,-43.018018204721955],[-72.01913780751792,-43.0184114885183],[-72.01904656551383,-43.01871982420949],[-72.01893705698669,-43.01908173292585],[-72.0184075994234,-43.02008269046716],[-72.01790843447749,-43.020878136988195],[-72.01767720869493,-43.021280298100194],[-72.0176106532548,-43.022844138888615],[-72.01727579597282,-43.02317484329561],[-72.0165086883474,-43.02401052020039],[-72.01599731231799,-43.0245512295437],[-72.01594251228865,-43.02461382136993],[-72.01544325281483,-43.0252081220671],[-72.01537027640128,-43.025574524663334],[-72.01524249981293,-43.02624476319182],[-72.01477986310483,-43.026776594105655],[-72.01444491223666,-43.02717424854915],[-72.01394565027373,-43.02774178706844],[-72.01367788781056,-43.028644419071725],[-72.01301422291264,-43.029605148518066],[-72.01271589425721,-43.029922449445834],[-72.01244794983808,-43.03020840099002],[-72.01181466682087,-43.03060617020923],[-72.01077932805413,-43.03103963592235],[-72.00954910693137,-43.031705499699925],[-72.00881218362156,-43.0319379352022],[-72.0074966774311,-43.03246972609704],[-72.00698501477784,-43.032742295999164],[-72.00606541246452,-43.03372093393595],[-72.00508485593566,-43.03490501123741],[-72.00414698042663,-43.03583444455112],[-72.00338562702038,-43.0367057833563],[-72.00261812223962,-43.03739831644212],[-72.00185061550467,-43.03770216637345],[-72.00023040752671,-43.038149053093484],[-71.9991156277603,-43.038537746741355],[-71.99832378526206,-43.03848859145039],[-71.99745271994054,-43.038533282450544],[-71.99544271265086,-43.03721062675504],[-71.99490055281021,-43.03679955074007],[-71.99475440914038,-43.03668337609157],[-71.99453510306755,-43.036522453924654],[-71.99303676354505,-43.03605326752723],[-71.9914288980662,-43.03503890605692],[-71.99063097616076,-43.0349360071029],[-71.9889803211041,-43.034815219682926],[-71.98471038958502,-43.03530627439865],[-71.98451549463324,-43.03525706607367],[-71.98329737573475,-43.0350692121775],[-71.98246271411276,-43.03547122293045],[-71.98162823107153,-43.03573920002556],[-71.98045857627186,-43.03614118113248],[-71.98012340643959,-43.0366593867466],[-71.98009898768396,-43.03670410339643],[-71.98065899065196,-43.0379954944655],[-71.98054304696987,-43.038705911083255],[-71.98048815006281,-43.039090152814595],[-71.98036008738764,-43.039536969546475],[-71.97992715194064,-43.040698616938045],[-71.97939708327924,-43.04119892444432],[-71.9791592258584,-43.04189589572768],[-71.97912874753662,-43.04196740648784],[-71.97923212058589,-43.04260193455665],[-71.97940241924206,-43.04337940674953],[-71.97943280709632,-43.0435000609639],[-71.97933513183969,-43.04423281332581],[-71.97906688648241,-43.044831486799254],[-71.97876825297026,-43.045162125479315],[-71.9782685702553,-43.045528399856295],[-71.97786638159741,-43.045698079736795],[-71.9770988120638,-43.04566223013435],[-71.9765323812225,-43.0454610391136],[-71.97637401916171,-43.04539398752245],[-71.97583191562822,-43.04511684420718],[-71.9747841535542,-43.0450316937741],[-71.9741320701975,-43.045429196337814],[-71.97376650496291,-43.04556316777505],[-71.973102390647,-43.04576409888496],[-71.97233489951857,-43.0455628359962],[-71.97170153247228,-43.04516504841294],[-71.97110470288597,-43.04463313609609],[-71.96967977768772,-43.04348895529738],[-71.96958843030357,-43.04337721193462],[-71.96871791549002,-43.04212589308177],[-71.96779846825687,-43.041491158342616],[-71.96761577233191,-43.041357038252585],[-71.96744528618424,-43.041222962147984],[-71.96620928136971,-43.040150286015326],[-71.96560629081078,-43.03994007642405],[-71.96467435285176,-43.03990853237482],[-71.96337068408045,-43.04003771001087],[-71.96284067700533,-43.0400374779665],[-71.96203680103451,-43.03975577936806],[-71.96140947240951,-43.03964827143436],[-71.96100726146601,-43.03986707149939],[-71.96007503811032,-43.04017061749612],[-71.95954502530778,-43.04026871577611],[-71.95859328114645,-43.04026413730668]]]},"id":"36,747","properties":{"area_m2":3.1012332486414228E7,"cell_size_m":7000,"grid_id":"36,747"}},{"type":"Feature","geometry":{"type":"Polygon","coordinates":[[[-71.93549367073982,-43.054052183702055],[-71.87338155936952,-43.05562988430479],[-71.87044449444564,-42.99267383905811],[-71.95620234787317,-42.99048918969235],[-71.95859328114645,-43.04026413730668],[-71.95854604816275,-43.04026390988183],[-71.95839979654896,-43.04029958699316],[-71.95731516272814,-43.04079965425019],[-71.9566144720363,-43.041103232339076],[-71.95577964676923,-43.041402232959165],[-71.95534721904646,-43.04138867021704],[-71.95382399407559,-43.041714248356456],[-71.9535069749201,-43.04205818232754],[-71.95317693094786,-43.04347888458028],[-71.9519761431305,-43.04440779884942],[-71.95185449029027,-43.044224581487995],[-71.95155601099769,-43.04413952860233],[-71.95077028547946,-43.043969385539064],[-71.95050228631743,-43.04393357278617],[-71.95011842210705,-43.044036122802574],[-71.94841237322366,-43.04435260352405],[-71.94780907617248,-43.044580251712816],[-71.94707779172123,-43.04488369806847],[-71.94598099744512,-43.04522725890808],[-71.9450242162525,-43.04555301648481],[-71.9441343654549,-43.04599041797698],[-71.94356136095641,-43.04635207552892],[-71.94306749986627,-43.04680310841262],[-71.94283576477281,-43.0470889788188],[-71.94243922781318,-43.04760707364314],[-71.94199402763206,-43.048120690574805],[-71.94169490557077,-43.04873269983943],[-71.94161521802958,-43.04924201633234],[-71.94129791487927,-43.049831674062666],[-71.94077953778934,-43.050385459519326],[-71.9405355900056,-43.05063550984516],[-71.94013289935761,-43.051167046258165],[-71.9397730823342,-43.051546656335574],[-71.93929115480029,-43.052212121139206],[-71.93876056328808,-43.052707826434784],[-71.93821215176536,-43.052765586982666],[-71.93676816859625,-43.052787156847444],[-71.93630514098459,-43.05276457098467],[-71.9357925444536,-43.05347021343004],[-71.93549367073982,-43.054052183702055]]]},"id":"37,747","properties":{"area_m2":4.724262298345617E7,"cell_size_m":7000,"grid_id":"37,747"}},{"type":"Feature","geometry":{"type":"Polygon","coordinates":[[[-71.87338155936952,-43.05562988430479],[-71.78752678716062,-43.057755004234714],[-71.78467719883776,-42.99479431394648],[-71.87044449444564,-42.99267383905811],[-71.87338155936952,-43.05562988430479]]]},"id":"38,747","properties":{"area_m2":4.888888006807734E7,"cell_size_m":7000,"grid_id":"38,747"}},{"type":"Feature","geometry":{"type":"Polygon","coordinates":[[[-71.78752678716062,-43.057755004234714],[-71.70166281820836,-43.05981579009591],[-71.69890074141504,-42.9968505950822],[-71.78467719883776,-42.99479431394648],[-71.78752678716062,-43.057755004234714]]]},"id":"39,747","properties":{"area_m2":4.889267878065351E7,"cell_size_m":7000,"grid_id":"39,747"}},{"type":"Feature","geometry":{"type":"Polygon","coordinates":[[[-71.70166281820836,-43.05981579009591],[-71.61578993413218,-43.06181222312392],[-71.61311540273292,-42.99884266376976],[-71.69890074141504,-42.9968505950822],[-71.70166281820836,-43.05981579009591]]]},"id":"40,747","properties":{"area_m2":4.8896360725992516E7,"cell_size_m":7000,"grid_id":"40,747"}},{"type":"Feature","geometry":{"type":"Polygon","coordinates":[[[-71.61578993413218,-43.06181222312392],[-71.529908416737,-43.06374428513673],[-71.52732146353105,-43.000770501894046],[-71.61311540273292,-42.99884266376976],[-71.61578993413218,-43.06181222312392]]]},"id":"41,747","properties":{"area_m2":4.889992586900268E7,"cell_size_m":7000,"grid_id":"41,747"}},{"type":"Feature","geometry":{"type":"Polygon","coordinates":[[[-71.529908416737,-43.06374428513673],[-71.44401854800736,-43.065611958535314],[-71.44151920472763,-43.00263409192082],[-71.52732146353105,-43.000770501894046],[-71.529908416737,-43.06374428513673]]]},"id":"42,747","properties":{"area_m2":4.890337417574507E7,"cell_size_m":7000,"grid_id":"42,747"}},{"type":"Feature","geometry":{"type":"Polygon","coordinates":[[[-71.44401854800736,-43.065611958535314],[-71.35812061010174,-43.06741522630413],[-71.3557089074135,-43.00443341689711],[-71.44151920472763,-43.00263409192082],[-71.44401854800736,-43.065611958535314]]]},"id":"43,747","properties":{"area_m2":4.8906705613356814E7,"cell_size_m":7000,"grid_id":"43,747"}},{"type":"Feature","geometry":{"type":"Polygon","coordinates":[[[-71.27626553626382,-43.00604178670783],[-71.3557089074135,-43.00443341689711],[-71.35812061010174,-43.06741522630413],[-71.27221488534656,-43.069154072011514],[-71.27076743023633,-43.02994053587069],[-71.27356032446652,-43.02430226280425],[-71.2739902710829,-43.021405184912155],[-71.27626553626382,-43.00604178670783]]]},"id":"44,747","properties":{"area_m2":4.806275172078458E7,"cell_size_m":7000,"grid_id":"44,747"}},{"type":"Feature","geometry":{"type":"Polygon","coordinates":[[[-71.27076743023633,-43.02994053587069],[-71.27221488534656,-43.069154072011514],[-71.25168332617453,-43.06956007465],[-71.25337249613212,-43.062960307649035],[-71.25521635827364,-43.06014847114879],[-71.25757519093995,-43.0565580111823],[-71.27076743023633,-43.02994053587069]]]},"id":"45,747","properties":{"area_m2":3782180.9465825325,"cell_size_m":7000,"grid_id":"45,747"}},{"type":"Feature","geometry":{"type":"Polygon","coordinates":[[[-72.04667757859359,-42.98811453509965],[-72.04195047895075,-42.98824038570385],[-72.03884857221254,-42.92529317528543],[-72.11412269829083,-42.92326830893206],[-72.11415699106007,-42.92337509279701],[-72.11428571937923,-42.923946896746585],[-72.11468229987672,-42.924665897192575],[-72.11565770300432,-42.92602327131479],[-72.11709621327597,-42.927920803072055],[-72.11726769863151,-42.928564082671144],[-72.11745120683399,-42.929158180927246],[-72.11751303912847,-42.92971664229894],[-72.1176235959615,-42.930283945597424],[-72.11775865061325,-42.930963012657166],[-72.11809420781753,-42.93153461860626],[-72.11839875818977,-42.93178451766789],[-72.11895325781401,-42.93237377811564],[-72.11890516626785,-42.932699952300666],[-72.118669680293,-42.933567048115876],[-72.11815396082449,-42.93414402920178],[-72.1176862418017,-42.93443045367615],[-72.11737048131873,-42.93465869675276],[-72.11715198896671,-42.93490014171685],[-72.11683116560161,-42.93568241844543],[-72.11669177140072,-42.93594176648409],[-72.11618770984408,-42.936317613977884],[-72.11530062809454,-42.93673847942865],[-72.11448613407221,-42.936940415241935],[-72.11386048179462,-42.937311856147105],[-72.11224296421581,-42.937402876428024],[-72.11154390240416,-42.93758226591444],[-72.1094467973442,-42.93811601828578],[-72.10822982225106,-42.93772397848298],[-72.10760325257822,-42.937626266646916],[-72.10591807996471,-42.93727036930009],[-72.1053831728165,-42.93741828073419],[-72.10515255765372,-42.937673194876595],[-72.10507969371116,-42.937753725361006],[-72.10498278283143,-42.93799058457669],[-72.10487981498657,-42.938223084604104],[-72.10501460431786,-42.93881721796383],[-72.10506513900084,-42.93992082467445],[-72.10506577181437,-42.94026484812554],[-72.104938847478,-42.940729666673896],[-72.10476337720446,-42.94127496217532],[-72.10409539589725,-42.941860899833515],[-72.10371877997002,-42.94215617405848],[-72.10286158368129,-42.94238037977572],[-72.1024055021621,-42.942394143211736],[-72.10188848837875,-42.942394636548855],[-72.10156611142638,-42.942345736042114],[-72.1012864043836,-42.94235940513235],[-72.10045849167021,-42.94187754419295],[-72.10014759438383,-42.94143995197016],[-72.0993506869241,-42.94134684651399],[-72.09907694441803,-42.941297928881504],[-72.09837757997347,-42.94131192042925],[-72.09764810925992,-42.94156277509842],[-72.09713804822938,-42.94205916716105],[-72.09659155328474,-42.942582421657185],[-72.09605111443845,-42.943177160953276],[-72.09591749624984,-42.94328004883901],[-72.09552947881086,-42.94404893154813],[-72.09453999585939,-42.94529638614904],[-72.09432754362616,-42.94560480245722],[-72.09398825257088,-42.94644962831701],[-72.09381322777527,-42.9473434282434],[-72.09384486966235,-42.948161076450695],[-72.09382669817904,-42.9482057798436],[-72.0937549162887,-42.948978832078474],[-72.0934215009309,-42.949711870005046],[-72.09249818793482,-42.950592870105766],[-72.09230390580417,-42.95079855425602],[-72.09066936329741,-42.95199289166633],[-72.0898849966431,-42.95215885316369],[-72.08953222986109,-42.952239551027105],[-72.08862635320389,-42.952544119010106],[-72.08752573643531,-42.95277728203002],[-72.08682616369032,-42.952777816250034],[-72.08641218725491,-42.95250560929034],[-72.08633299012428,-42.95245204984848],[-72.08622341597693,-42.952380643296976],[-72.0861745053914,-42.95224656962522],[-72.08605851223277,-42.95191160560749],[-72.08579063385943,-42.951724099236436],[-72.08489559466547,-42.95110367015183],[-72.08476160977634,-42.951009979384274],[-72.08443161974232,-42.94987975102514],[-72.08436426556668,-42.949580386170574],[-72.08402848894987,-42.94864676450418],[-72.08386376479388,-42.948311763674276],[-72.08352880128375,-42.94798140066486],[-72.08285977720894,-42.94801317731973],[-72.08245854285286,-42.94817878541937],[-72.08221552367131,-42.9483755155314],[-72.08219726106103,-42.94837105973302],[-72.0818383372532,-42.948326635884676],[-72.08159477510551,-42.94808108511577],[-72.08095612418306,-42.94807709566685],[-72.08042686740174,-42.94801491115095],[-72.08029306130047,-42.94804182500648],[-72.07891241385605,-42.948105292810354],[-72.07800614291,-42.948070208135114],[-72.07753157913065,-42.947963301573566],[-72.07680784303534,-42.948079958240854],[-72.0755611684172,-42.948250532295255],[-72.07435734352742,-42.94866686048477],[-72.07426611844471,-42.94868926705173],[-72.07320278812374,-42.9496059482127],[-72.07260227287216,-42.95098705041902],[-72.07203846370557,-42.9526183348585],[-72.0716560203779,-42.95327982613182],[-72.07168061249327,-42.953498745178216],[-72.07163893247296,-42.9542852012504],[-72.0715972524468,-42.955071645043745],[-72.07128144242633,-42.95550524281709],[-72.07097774733042,-42.9559433075596],[-72.07034567356602,-42.95644864963362],[-72.07002353332064,-42.956640950771295],[-72.06823615941762,-42.95770993204058],[-72.06697706198756,-42.95780451170811],[-72.06568758009456,-42.958028679077145],[-72.0653779119268,-42.9585918934139],[-72.06563405499206,-42.959181552719606],[-72.06596289064626,-42.95947623873621],[-72.06596931003537,-42.959744343264425],[-72.0659755485965,-42.95993646187407],[-72.06597591025223,-42.96026709780379],[-72.06579390695866,-42.960718477630955],[-72.06544771161215,-42.96126382429447],[-72.06511399301966,-42.9621129714607],[-72.06417847590392,-42.963431631179475],[-72.06391093934587,-42.963619455133404],[-72.06374159282926,-42.96461152575278],[-72.06321375186451,-42.96601036618418],[-72.0630314756295,-42.966238333696154],[-72.0626913348555,-42.96686404571439],[-72.06212606016994,-42.967360339681676],[-72.06185861217435,-42.96768666246422],[-72.06149378667979,-42.96787903086336],[-72.06075780525764,-42.96813854132623],[-72.0603444252106,-42.96848731444907],[-72.0602482229473,-42.969684812555535],[-72.06024876544134,-42.97020316992619],[-72.06030979601604,-42.970372883996],[-72.06043185712774,-42.97078393382999],[-72.06073040935372,-42.971203775028656],[-72.06066413476381,-42.971869601932205],[-72.06047588953126,-42.972294174722954],[-72.06022064616492,-42.9725445491358],[-72.05993475163406,-42.97268764667511],[-72.05941160552041,-42.97285326513544],[-72.05894316021372,-42.97289367762973],[-72.05797615873266,-42.973497356761165],[-72.05753854318851,-42.97397122731413],[-72.05709459783473,-42.974252944212296],[-72.05672949523161,-42.97430679690057],[-72.05624305272991,-42.97462874055163],[-72.05624305272991,-42.97465103091712],[-72.05609775274259,-42.975482211403026],[-72.05628066615623,-42.975911103223986],[-72.05665227931893,-42.97629518714162],[-72.05703591743178,-42.97666582291819],[-72.05739550424887,-42.97725100701326],[-72.05771250448622,-42.977795945131774],[-72.05781033506726,-42.978363361356486],[-72.05781042548368,-42.978376821180525],[-72.05784134789722,-42.97899338925587],[-72.05793917843579,-42.97942677483943],[-72.05834098855358,-42.979591891719714],[-72.05853004888658,-42.98004302543952],[-72.05857290616197,-42.98028433165212],[-72.05786811115313,-42.981571549203046],[-72.05723031317525,-42.98281849933442],[-72.05716349530384,-42.982939128389845],[-72.0569141261732,-42.98317161450877],[-72.05667705351324,-42.98339069961938],[-72.05640941977182,-42.98355617595299],[-72.05574612105401,-42.98362352270639],[-72.05372556442674,-42.983678092743276],[-72.05207652252732,-42.983893288303314],[-72.05180888464159,-42.984049832254236],[-72.05048859449187,-42.984599985559335],[-72.04916856973809,-42.98540485109032],[-72.04797630178183,-42.98617835025459],[-72.04733188194675,-42.987049913049475],[-72.04696098049146,-42.98751480125871],[-72.04667757859359,-42.98811453509965]]]},"id":"35,748","properties":{"area_m2":2.299711731585092E7,"cell_size_m":7000,"grid_id":"35,748"}},{"type":"Feature","geometry":{"type":"Polygon","coordinates":[[[-72.04195047895075,-42.98824038570385],[-71.95620234787317,-42.99048918969235],[-71.9531875647229,-42.9275370637435],[-72.03884857221254,-42.92529317528543],[-72.04195047895075,-42.98824038570385]]]},"id":"36,748","properties":{"area_m2":4.888165093225492E7,"cell_size_m":7000,"grid_id":"36,748"}},{"type":"Feature","geometry":{"type":"Polygon","coordinates":[[[-71.95620234787317,-42.99048918969235],[-71.87044449444564,-42.99267383905811],[-71.8675168717345,-42.92971693747021],[-71.9531875647229,-42.9275370637435],[-71.95620234787317,-42.99048918969235]]]},"id":"37,748","properties":{"area_m2":4.888568324835334E7,"cell_size_m":7000,"grid_id":"37,748"}},{"type":"Feature","geometry":{"type":"Polygon","coordinates":[[[-71.87044449444564,-42.99267383905811],[-71.78467719883776,-42.99479431394648],[-71.78183677236127,-42.93183277668383],[-71.8675168717345,-42.92971693747021],[-71.87044449444564,-42.99267383905811]]]},"id":"38,748","properties":{"area_m2":4.8889598865513094E7,"cell_size_m":7000,"grid_id":"38,748"}},{"type":"Feature","geometry":{"type":"Polygon","coordinates":[[[-71.78467719883776,-42.99479431394648],[-71.69890074141504,-42.9968505950822],[-71.69614754591174,-42.93388456217987],[-71.78183677236127,-42.93183277668383],[-71.78467719883776,-42.99479431394648]]]},"id":"39,748","properties":{"area_m2":4.889339774641298E7,"cell_size_m":7000,"grid_id":"39,748"}},{"type":"Feature","geometry":{"type":"Polygon","coordinates":[[[-71.69890074141504,-42.9968505950822],[-71.61311540273292,-42.99884266376976],[-71.61044947188306,-42.935872275331555],[-71.69614754591174,-42.93388456217987],[-71.69890074141504,-42.9968505950822]]]},"id":"40,748","properties":{"area_m2":4.889707985489851E7,"cell_size_m":7000,"grid_id":"40,748"}},{"type":"Feature","geometry":{"type":"Polygon","coordinates":[[[-71.61311540273292,-42.99884266376976],[-71.52732146353105,-43.000770501894046],[-71.52474282995543,-42.93779589809034],[-71.61044947188306,-42.935872275331555],[-71.61311540273292,-42.99884266376976]]]},"id":"41,748","properties":{"area_m2":4.890064515589261E7,"cell_size_m":7000,"grid_id":"41,748"}},{"type":"Feature","geometry":{"type":"Polygon","coordinates":[[[-71.52732146353105,-43.000770501894046],[-71.44151920472763,-43.00263409192082],[-71.43902789998639,-42.93965541298639],[-71.52474282995543,-42.93779589809034],[-71.52732146353105,-43.000770501894046]]]},"id":"42,748","properties":{"area_m2":4.8904093615451165E7,"cell_size_m":7000,"grid_id":"42,748"}},{"type":"Feature","geometry":{"type":"Polygon","coordinates":[[[-71.44151920472763,-43.00263409192082],[-71.3557089074135,-43.00443341689711],[-71.35330496200503,-42.941450803129094],[-71.43902789998639,-42.93965541298639],[-71.44151920472763,-43.00263409192082]]]},"id":"43,748","properties":{"area_m2":4.890742520071922E7,"cell_size_m":7000,"grid_id":"43,748"}},{"type":"Feature","geometry":{"type":"Polygon","coordinates":[[[-71.26832227235981,-42.94316722459779],[-71.35330496200503,-42.941450803129094],[-71.3557089074135,-43.00443341689711],[-71.27626553626382,-43.00604178670783],[-71.2767746711387,-43.00260286851649],[-71.28081252689101,-42.9753187653229],[-71.26832227235981,-42.94316722459779]]]},"id":"44,748","properties":{"area_m2":4.448319408851646E7,"cell_size_m":7000,"grid_id":"44,748"}},{"type":"Feature","geometry":{"type":"MultiPolygon","coordinates":[[[[-72.12207937000734,-42.87507321919289],[-72.12132086602459,-42.86004225216221],[-72.13458504811314,-42.85967951054846],[-72.13458114362021,-42.85974236221498],[-72.13449310103465,-42.861154464644294],[-72.13444627755426,-42.86194092651643],[-72.13455050046461,-42.86240551893631],[-72.13478389456537,-42.86357151909761],[-72.13511400859697,-42.8645719778417],[-72.13509095847826,-42.86513949079294],[-72.13507929782926,-42.86533611785532],[-72.13501484787717,-42.86643984562338],[-72.13487736062444,-42.86746773730938],[-72.13464731113102,-42.867834378938426],[-72.13452609440915,-42.867946287495485],[-72.13404710255794,-42.868371293317004],[-72.13338009220911,-42.86893508074218],[-72.13250074623647,-42.86960634381405],[-72.13184530272531,-42.86990198695466],[-72.13037106919025,-42.870824163906356],[-72.12998309748225,-42.87119996739614],[-72.12978884025144,-42.871262714313865],[-72.12945492361024,-42.871365923021145],[-72.12898731311653,-42.87143343883948],[-72.12848399597517,-42.87186743580111],[-72.12812024755684,-42.872265491723695],[-72.12787148098117,-42.87240875763904],[-72.12668133969169,-42.87267818150062],[-72.1261351711432,-42.87295587085997],[-72.12528545306014,-42.873363387730066],[-72.12432011607335,-42.87363252972093],[-72.12328824422525,-42.874098353233826],[-72.12280299652518,-42.87446529182383],[-72.12271802385678,-42.87453240616965],[-72.12207937000734,-42.87507321919289]]],[[[-72.12415124010029,-42.916093317894884],[-72.12250040212524,-42.88341348153464],[-72.1227904314194,-42.883459996477264],[-72.1241217872431,-42.88382491602871],[-72.12565345361082,-42.88406006508109],[-72.12721557506637,-42.88432199154665],[-72.12864932779738,-42.88419083431372],[-72.12918392113843,-42.88415891212077],[-72.13015050751851,-42.8843901785443],[-72.13106882036118,-42.88476000762656],[-72.13160377083138,-42.88489341160982],[-72.13178663725004,-42.88513902633323],[-72.13196923237295,-42.885321986111],[-72.13221275262082,-42.88550486802429],[-72.13251719784056,-42.88580835225577],[-72.13269970211132,-42.885928829130066],[-72.13297386507246,-42.886263610639205],[-72.13394785108109,-42.8870891207984],[-72.13451479530872,-42.88792404807342],[-72.13487989161983,-42.888155924881055],[-72.1354824486778,-42.88859310829702],[-72.13598304193489,-42.88965595521263],[-72.13585839085964,-42.89098765683043],[-72.13585848125201,-42.89103233714198],[-72.13575064311405,-42.89175191381278],[-72.13579339872594,-42.891827800047686],[-72.13591533805801,-42.892019789872734],[-72.13688217323332,-42.8922867590478],[-72.13734380516087,-42.892183437212005],[-72.1382564909924,-42.89273194122656],[-72.13834173029714,-42.8927854043574],[-72.13843311620477,-42.89290152102176],[-72.13854285156916,-42.89305329187144],[-72.13915796542607,-42.89365129072604],[-72.139888869043,-42.89437875258177],[-72.14040626742344,-42.8947534216082],[-72.14178120122796,-42.89539070062982],[-72.14259381106875,-42.89728425358232],[-72.14271032412846,-42.89771306252726],[-72.14271149920174,-42.89821799084938],[-72.14269396349218,-42.89853075048178],[-72.14267715090365,-42.899151849982395],[-72.14254509069865,-42.899858007697766],[-72.14207334331498,-42.900881831235424],[-72.14184302835261,-42.901150232684685],[-72.14143627071171,-42.901374149479366],[-72.14044612983902,-42.90161662183787],[-72.13850262732589,-42.9022311801229],[-72.13791354490475,-42.90244637451559],[-72.13748870338038,-42.902728364079124],[-72.13717992455473,-42.90324709309751],[-72.13681645819199,-42.90381053982069],[-72.13622791470365,-42.90428933289461],[-72.13545099208464,-42.90478177287497],[-72.13503853075044,-42.90514415453129],[-72.13479627836797,-42.905560032273726],[-72.13448740628743,-42.906060840332344],[-72.13412936013148,-42.90632039388989],[-72.1338864742401,-42.906463634654855],[-72.1337046034658,-42.9066649346792],[-72.1332186499838,-42.90683528652644],[-72.13301833856502,-42.90695173378116],[-72.13271470741032,-42.9071040009154],[-72.13208348985688,-42.90754259284829],[-72.13199291549435,-42.90780191433057],[-72.13188408159228,-42.9080924348144],[-72.13178184638637,-42.90857514498992],[-72.13172851412499,-42.909249926732464],[-72.1317776882782,-42.90950455501396],[-72.13193054391094,-42.90990648380921],[-72.13233243361815,-42.910227748478825],[-72.13246061155009,-42.91047786133451],[-72.13249134531945,-42.91064756861545],[-72.13247995574648,-42.91099168843951],[-72.13247417056637,-42.911152498984606],[-72.1322861521507,-42.911340399689564],[-72.13191011495462,-42.91173852076901],[-72.13117557550993,-42.91218622567916],[-72.13110262766907,-42.91220863114017],[-72.1304833386327,-42.912553371843856],[-72.13021667603758,-42.91296027231697],[-72.12986504261477,-42.91339858400222],[-72.12956131777383,-42.91352847604477],[-72.12873529307625,-42.91384225657615],[-72.12817629232288,-42.91399921492312],[-72.12759912111078,-42.91416073588349],[-72.12676215302446,-42.91509551271379],[-72.12640961147534,-42.91512724241589],[-72.12595401868744,-42.91528410459345],[-72.12500043536505,-42.9157096641923],[-72.12415124010029,-42.916093317894884]]]]},"id":"34,749","properties":{"area_m2":4953527.399715565,"cell_size_m":7000,"grid_id":"34,749"}},{"type":"Feature","geometry":{"type":"Polygon","coordinates":[[[-72.11412269829083,-42.92326830893206],[-72.03884857221254,-42.92529317528543],[-72.035756629921,-42.86234508981067],[-72.12132086602459,-42.86004225216221],[-72.12207937000734,-42.87507321919289],[-72.12152930786677,-42.87553900218338],[-72.12125034309284,-42.87579404265443],[-72.12095926485246,-42.876066876189974],[-72.12052291813868,-42.87663036849137],[-72.1205539243593,-42.87696545153515],[-72.12060355238481,-42.877479274204696],[-72.12062199339759,-42.877595441311485],[-72.12059243353828,-42.878006522493955],[-72.12055690746487,-42.878498063007655],[-72.12019332994578,-42.87899440063365],[-72.12018121671383,-42.878998937002336],[-72.11951977924714,-42.879428546081385],[-72.11899212879479,-42.8799250609342],[-72.11884758295872,-42.880573118858926],[-72.11875727567397,-42.88099327768659],[-72.11829073278984,-42.88169528855505],[-72.11829163676829,-42.88215993903458],[-72.11835310729343,-42.88250845974206],[-72.1183591639474,-42.88253076062657],[-72.11882778586866,-42.88292792042036],[-72.11975734367587,-42.88289121200091],[-72.1207421311436,-42.883131472592076],[-72.12250040212524,-42.88341348153464],[-72.12415124010029,-42.916093317894884],[-72.1239496731443,-42.916184381203614],[-72.12283219457468,-42.91675311130154],[-72.12175150320866,-42.9174691457592],[-72.12090755775577,-42.91803755038527],[-72.12031274469061,-42.91856537843331],[-72.1195420170215,-42.91924092934119],[-72.11843681566423,-42.91990339797202],[-72.1179284180186,-42.92113710756263],[-72.1175525430875,-42.921709460821084],[-72.11655599306846,-42.921965160816725],[-72.11595448164148,-42.92219363403963],[-72.11514595576396,-42.922221333096466],[-72.11412517056795,-42.92260211156748],[-72.11401642039398,-42.92293736897896],[-72.11412269829083,-42.92326830893206]]]},"id":"35,749","properties":{"area_m2":4.836562965477084E7,"cell_size_m":7000,"grid_id":"35,749"}},{"type":"Feature","geometry":{"type":"Polygon","coordinates":[[[-72.03884857221254,-42.92529317528543],[-71.9531875647229,-42.9275370637435],[-71.95018246710455,-42.86458407262374],[-72.035756629921,-42.86234508981067],[-72.03884857221254,-42.92529317528543]]]},"id":"36,749","properties":{"area_m2":4.888236928008429E7,"cell_size_m":7000,"grid_id":"36,749"}},{"type":"Feature","geometry":{"type":"Polygon","coordinates":[[[-71.9531875647229,-42.9275370637435],[-71.8675168717345,-42.92971693747021],[-71.86459865544039,-42.86675918031772],[-71.95018246710455,-42.86458407262374],[-71.9531875647229,-42.9275370637435]]]},"id":"37,749","properties":{"area_m2":4.888640177480084E7,"cell_size_m":7000,"grid_id":"37,749"}},{"type":"Feature","geometry":{"type":"Polygon","coordinates":[[[-71.8675168717345,-42.92971693747021],[-71.78183677236127,-42.93183277668383],[-71.77900547299248,-42.8688703931835],[-71.86459865544039,-42.86675918031772],[-71.8675168717345,-42.92971693747021]]]},"id":"38,749","properties":{"area_m2":4.889031756540118E7,"cell_size_m":7000,"grid_id":"38,749"}},{"type":"Feature","geometry":{"type":"Polygon","coordinates":[[[-71.78183677236127,-42.93183277668383],[-71.69614754591174,-42.93388456217987],[-71.693403198018,-42.87091769208704],[-71.77900547299248,-42.8688703931835],[-71.78183677236127,-42.93183277668383]]]},"id":"39,749","properties":{"area_m2":4.8894116614581905E7,"cell_size_m":7000,"grid_id":"39,749"}},{"type":"Feature","geometry":{"type":"Polygon","coordinates":[[[-71.69614754591174,-42.93388456217987],[-71.61044947188306,-42.935872275331555],[-71.6077921089616,-42.87290105846994],[-71.693403198018,-42.87091769208704],[-71.69614754591174,-42.93388456217987]]]},"id":"40,749","properties":{"area_m2":4.889779888619378E7,"cell_size_m":7000,"grid_id":"40,749"}},{"type":"Feature","geometry":{"type":"Polygon","coordinates":[[[-71.61044947188306,-42.935872275331555],[-71.52474282995543,-42.93779589809034],[-71.52217248444975,-42.87482047434992],[-71.6077921089616,-42.87290105846994],[-71.61044947188306,-42.935872275331555]]]},"id":"41,749","properties":{"area_m2":4.890136434516851E7,"cell_size_m":7000,"grid_id":"41,749"}},{"type":"Feature","geometry":{"type":"Polygon","coordinates":[[[-71.52474282995543,-42.93779589809034],[-71.43902789998639,-42.93965541298639],[-71.43654460328507,-42.876675922321276],[-71.52217248444975,-42.87482047434992],[-71.52474282995543,-42.93779589809034]]]},"id":"42,749","properties":{"area_m2":4.8904812957524724E7,"cell_size_m":7000,"grid_id":"42,749"}},{"type":"Feature","geometry":{"type":"Polygon","coordinates":[[[-71.43902789998639,-42.93965541298639],[-71.35330496200503,-42.941450803129094],[-71.35090874444062,-42.87846738555542],[-71.43654460328507,-42.876675922321276],[-71.43902789998639,-42.93965541298639]]]},"id":"43,749","properties":{"area_m2":4.89081446904173E7,"cell_size_m":7000,"grid_id":"43,749"}},{"type":"Feature","geometry":{"type":"Polygon","coordinates":[[[-71.26749562064201,-42.94103808184694],[-71.26526518705417,-42.880194847801285],[-71.35090874444062,-42.87846738555542],[-71.35330496200503,-42.941450803129094],[-71.26832227235981,-42.94316722459779],[-71.26749562064201,-42.94103808184694]]]},"id":"44,749","properties":{"area_m2":4.890409691416013E7,"cell_size_m":7000,"grid_id":"44,749"}},{"type":"Feature","geometry":{"type":"Polygon","coordinates":[[[-71.25516133436038,-42.88039440304679],[-71.26526518705417,-42.880194847801285],[-71.26749562064201,-42.94103808184694],[-71.26127872635291,-42.925020799421794],[-71.25516133436038,-42.88039440304679]]]},"id":"45,749","properties":{"area_m2":3598636.6662432025,"cell_size_m":7000,"grid_id":"45,749"}},{"type":"Feature","geometry":{"type":"Polygon","coordinates":[[[-72.13458504811314,-42.85967951054846],[-72.12132086602459,-42.86004225216221],[-72.11815232116788,-42.797098327552035],[-72.14536251480001,-42.79635341634516],[-72.14595450254878,-42.79662213833339],[-72.14648318873884,-42.79695661484345],[-72.14690277452733,-42.797353756074735],[-72.1473893378117,-42.79782227436426],[-72.14825227833774,-42.79838867594562],[-72.14936938795219,-42.798682134807414],[-72.15201404348784,-42.79828541483643],[-72.15368258913803,-42.7982563785893],[-72.15790461739412,-42.7978172304872],[-72.15865083917278,-42.79778041599221],[-72.16052442941705,-42.79725949694589],[-72.16168370107465,-42.79739192417051],[-72.16205454771404,-42.79766845779401],[-72.16230988298554,-42.79785572440226],[-72.16291084641912,-42.79798894022617],[-72.16325719746361,-42.798149301960954],[-72.16328151071286,-42.798158182359145],[-72.16380853829934,-42.797858083952],[-72.16444610391174,-42.79801354683143],[-72.16501118073244,-42.79830765434902],[-72.16501271724819,-42.798906399294154],[-72.16496454295616,-42.799027148000825],[-72.16477753985885,-42.79945186791632],[-72.16471309652076,-42.80031883032137],[-72.16450774542298,-42.80069000042103],[-72.1640125341413,-42.801584340168404],[-72.16358339252149,-42.80220612538621],[-72.16311186022838,-42.80288598143009],[-72.16254307393865,-42.803521282252994],[-72.16217521060501,-42.80438416456317],[-72.16217683752006,-42.805018715527794],[-72.16225971979074,-42.806546727587744],[-72.16226595629651,-42.806613759986064],[-72.16225456789458,-42.806886379488965],[-72.16204469583529,-42.8078518335634],[-72.16168876259671,-42.80867000365341],[-72.16161030899494,-42.80884886523892],[-72.16114473885239,-42.80951527747713],[-72.16038216388574,-42.81031622971838],[-72.15945427274684,-42.81057224091592],[-72.15864885069676,-42.811261434497176],[-72.15760327195768,-42.812983236109616],[-72.15699795895354,-42.81359177855491],[-72.1564468762636,-42.81407956632187],[-72.15631382809562,-42.81427633557853],[-72.15616261227049,-42.814491040416065],[-72.15591468322398,-42.81484881485626],[-72.155934748944,-42.81557716669189],[-72.15594794531769,-42.81601053458427],[-72.15582167588188,-42.816470939239544],[-72.15568320425389,-42.816940347666346],[-72.15590609654156,-42.81867818086855],[-72.15591251395688,-42.81882567013935],[-72.15597361497434,-42.81898193518845],[-72.15606508570413,-42.819151659300466],[-72.15641876622779,-42.81980795833083],[-72.15655335090824,-42.82020550928856],[-72.1572408254703,-42.82084350679089],[-72.157380832908,-42.82097289352531],[-72.15818427001629,-42.82183870534103],[-72.15865825076507,-42.8220659049472],[-72.15947388629584,-42.82294057806901],[-72.15947397668086,-42.82297183027717],[-72.159498742174,-42.823155005723855],[-72.15954827315389,-42.82353924589751],[-72.15947569399614,-42.823633143200006],[-72.15931236822824,-42.823838942801814],[-72.15884607129654,-42.824304238203446],[-72.1588480597712,-42.82507284757356],[-72.159219904291,-42.82568445066858],[-72.15938449550183,-42.82593449046061],[-72.15933062601098,-42.82623842098143],[-72.15927675651007,-42.82653787704892],[-72.15912572300678,-42.82683739377381],[-72.15848968218594,-42.827356642873745],[-72.15752002680718,-42.827988037068614],[-72.1579264003004,-42.827848963982284],[-72.15576753456787,-42.82875006123185],[-72.15443379308526,-42.829493554926366],[-72.15320200197677,-42.8297276144771],[-72.15233482801183,-42.83012643667624],[-72.15186806788223,-42.830390664095916],[-72.15123779589229,-42.830860677717126],[-72.15080239853562,-42.831558300928336],[-72.1508036639638,-42.832058783665076],[-72.15083566121751,-42.83276023602327],[-72.1507422003027,-42.83427963079289],[-72.15022400688795,-42.83588440926195],[-72.15020737551234,-42.836554706354676],[-72.15026892967495,-42.83687189657408],[-72.15037423155269,-42.83776542363314],[-72.15041761772295,-42.838118345716246],[-72.15023810740132,-42.839186516431525],[-72.14998574426336,-42.84030390442232],[-72.14994488889225,-42.840978691516504],[-72.14990376235134,-42.84153732236171],[-72.14977044000821,-42.84165812526538],[-72.14946149348819,-42.84194449844533],[-72.14932853249407,-42.84221275680647],[-72.14847897266755,-42.84244174041156],[-72.14843757475293,-42.842915432550754],[-72.1489749336863,-42.84415693609156],[-72.1488426955754,-42.84472902283323],[-72.14881250586832,-42.84480508203103],[-72.1486740308842,-42.84528335555047],[-72.14857144004057,-42.845547095765056],[-72.14837222388442,-42.84604783990594],[-72.14831790039882,-42.846168549719266],[-72.14814281781429,-42.8465843263745],[-72.14814336014564,-42.84684796276013],[-72.14816903049503,-42.84741537640006],[-72.14816975360343,-42.84771472965361],[-72.14817192292861,-42.84861739367452],[-72.14804691553803,-42.8496675467926],[-72.14787165201234,-42.850016352756434],[-72.14744167291843,-42.85051286900528],[-72.14739313414101,-42.850557636003124],[-72.14682992102817,-42.85120621982361],[-72.14670274372209,-42.851344920402134],[-72.14597465934891,-42.851649701948496],[-72.14576821026253,-42.851645529840276],[-72.14527631127734,-42.85164612598714],[-72.14503949081393,-42.85166879800248],[-72.14248886792372,-42.851658539462996],[-72.13909505303269,-42.852091685870846],[-72.13894925170068,-42.85208296813936],[-72.13822069590046,-42.85216871777246],[-72.13760738789433,-42.85220073924936],[-72.13710950919695,-42.85227278921102],[-72.1365451010138,-42.85244776838006],[-72.13645407608078,-42.852474668490174],[-72.13637525407006,-42.8525015828273],[-72.13441364574203,-42.85251286758264],[-72.1342924289227,-42.85260679179012],[-72.13423783162142,-42.85264711381736],[-72.13414689635842,-42.852714254610994],[-72.13394767029513,-42.853281915243876],[-72.13424723248197,-42.854175279589946],[-72.13451569923677,-42.854778149331246],[-72.13429233852982,-42.85539503958183],[-72.13401456109385,-42.856141587879364],[-72.13383341354385,-42.85659756405288],[-72.13371246766168,-42.85687469937827],[-72.13355039286922,-42.8577417494184],[-72.13398337552069,-42.85857235980828],[-72.13424515344552,-42.8588402059975],[-72.13428772849318,-42.85888035222174],[-72.13461639680406,-42.8591748776454],[-72.13458504811314,-42.85967951054846]]]},"id":"34,750","properties":{"area_m2":1.8811632703393657E7,"cell_size_m":7000,"grid_id":"34,750"}},{"type":"Feature","geometry":{"type":"Polygon","coordinates":[[[-72.12132086602459,-42.86004225216221],[-72.035756629921,-42.86234508981067],[-72.03267461437616,-42.79939613013886],[-72.11815232116788,-42.797098327552035],[-72.12132086602459,-42.86004225216221]]]},"id":"35,750","properties":{"area_m2":4.887893818272303E7,"cell_size_m":7000,"grid_id":"35,750"}},{"type":"Feature","geometry":{"type":"Polygon","coordinates":[[[-72.035756629921,-42.86234508981067],[-71.95018246710455,-42.86458407262374],[-71.94718701836685,-42.80163021715034],[-72.03267461437616,-42.79939613013886],[-72.035756629921,-42.86234508981067]]]},"id":"36,750","properties":{"area_m2":4.888308752690831E7,"cell_size_m":7000,"grid_id":"36,750"}},{"type":"Feature","geometry":{"type":"Polygon","coordinates":[[[-71.95018246710455,-42.86458407262374],[-71.86459865544039,-42.86675918031772],[-71.86168980996206,-42.80380056837712],[-71.94718701836685,-42.80163021715034],[-71.95018246710455,-42.86458407262374]]]},"id":"37,750","properties":{"area_m2":4.888712020020686E7,"cell_size_m":7000,"grid_id":"37,750"}},{"type":"Feature","geometry":{"type":"Polygon","coordinates":[[[-71.86459865544039,-42.86675918031772],[-71.77900547299248,-42.8688703931835],[-71.7761832661814,-42.80590716418234],[-71.86168980996206,-42.80380056837712],[-71.86459865544039,-42.86675918031772]]]},"id":"38,750","properties":{"area_m2":4.889103616422725E7,"cell_size_m":7000,"grid_id":"38,750"}},{"type":"Feature","geometry":{"type":"Polygon","coordinates":[[[-71.77900547299248,-42.8688703931835],[-71.693403198018,-42.87091769208704],[-71.69066766423641,-42.80794998550207],[-71.7761832661814,-42.80590716418234],[-71.77900547299248,-42.8688703931835]]]},"id":"39,750","properties":{"area_m2":4.8894835381689206E7,"cell_size_m":7000,"grid_id":"39,750"}},{"type":"Feature","geometry":{"type":"Polygon","coordinates":[[[-71.693403198018,-42.87091769208704],[-71.6077921089616,-42.87290105846994],[-71.6051432815249,-42.80992901384601],[-71.69066766423641,-42.80794998550207],[-71.693403198018,-42.87091769208704]]]},"id":"40,750","properties":{"area_m2":4.889851781640617E7,"cell_size_m":7000,"grid_id":"40,750"}},{"type":"Feature","geometry":{"type":"Polygon","coordinates":[[[-71.6077921089616,-42.87290105846994],[-71.52217248444975,-42.87482047434992],[-71.51961039562528,-42.811844231297776],[-71.6051432815249,-42.80992901384601],[-71.6077921089616,-42.87290105846994]]]},"id":"41,750","properties":{"area_m2":4.890208343331621E7,"cell_size_m":7000,"grid_id":"41,750"}},{"type":"Feature","geometry":{"type":"Polygon","coordinates":[[[-71.52217248444975,-42.87482047434992],[-71.43654460328507,-42.876675922321276],[-71.43406928429097,-42.81369562051555],[-71.51961039562528,-42.811844231297776],[-71.52217248444975,-42.87482047434992]]]},"id":"42,750","properties":{"area_m2":4.890553219845831E7,"cell_size_m":7000,"grid_id":"42,750"}},{"type":"Feature","geometry":{"type":"Polygon","coordinates":[[[-71.43654460328507,-42.876675922321276],[-71.35090874444062,-42.87846738555542],[-71.34852022544469,-42.815483164732456],[-71.43406928429097,-42.81369562051555],[-71.43654460328507,-42.876675922321276]]]},"id":"43,750","properties":{"area_m2":4.890886407897085E7,"cell_size_m":7000,"grid_id":"43,750"}},{"type":"Feature","geometry":{"type":"Polygon","coordinates":[[[-71.27934308263067,-42.816881790760604],[-71.34852022544469,-42.815483164732456],[-71.35090874444062,-42.87846738555542],[-71.26526518705417,-42.880194847801285],[-71.26381828770626,-42.84061403052661],[-71.26744495174393,-42.83506944696965],[-71.27934308263067,-42.816881790760604]]]},"id":"44,750","properties":{"area_m2":4.717235170127798E7,"cell_size_m":7000,"grid_id":"44,750"}},{"type":"Feature","geometry":{"type":"Polygon","coordinates":[[[-71.26381828770626,-42.84061403052661],[-71.26526518705417,-42.880194847801285],[-71.25516133436038,-42.88039440304679],[-71.25215482078755,-42.85843806766484],[-71.26381828770626,-42.84061403052661]]]},"id":"45,750","properties":{"area_m2":3216616.2266545184,"cell_size_m":7000,"grid_id":"45,750"}},{"type":"Feature","geometry":{"type":"Polygon","coordinates":[[[-72.14536251480001,-42.79635341634516],[-72.11815232116788,-42.797098327552035],[-72.11499394218221,-42.73415351952557],[-72.1322895387381,-42.73368133626143],[-72.13309689030662,-42.7340982929155],[-72.13390934366838,-42.7342135099351],[-72.13470480092326,-42.734838162687396],[-72.13479239148108,-42.73611602510947],[-72.13529678241481,-42.73667843208985],[-72.1354608448685,-42.736892727505406],[-72.13584926122837,-42.737088872283245],[-72.13586743009822,-42.7370977883102],[-72.13626190219603,-42.737293964764184],[-72.1370267101151,-42.737762205077004],[-72.1378455703026,-42.73800248500991],[-72.13802761926773,-42.7380604124782],[-72.13869461894463,-42.73815786646671],[-72.13932464704614,-42.7379962674538],[-72.13959121089138,-42.73792889135181],[-72.14059174963705,-42.738061766782224],[-72.14131993792152,-42.73839150609367],[-72.14222492806284,-42.73915895622947],[-72.14362100449847,-42.739961535036976],[-72.14445801440469,-42.74015706081654],[-72.14495524776272,-42.74022345938386],[-72.14576206379012,-42.74045928540038],[-72.14598650033845,-42.7405260271943],[-72.1466545663769,-42.74102562074829],[-72.14715288063127,-42.74155669671668],[-72.14715360374221,-42.741851602584475],[-72.14715387490882,-42.741958868260355],[-72.14680913156475,-42.742307842946836],[-72.14679096338028,-42.7423257345574],[-72.14677894164565,-42.742348081006234],[-72.14625351000478,-42.74322458658682],[-72.14526781466864,-42.74425359915491],[-72.14509851516891,-42.74447271032452],[-72.14482788885446,-42.74538465664984],[-72.14472140989457,-42.746555498502424],[-72.14468624832793,-42.74705599898052],[-72.14505729755015,-42.74758725786823],[-72.14528878502158,-42.748051673618974],[-72.1454175899578,-42.748686056282814],[-72.14502548043694,-42.7495534253455],[-72.14440820967121,-42.75005463005009],[-72.14418431423913,-42.750233664701845],[-72.14195538375152,-42.751210562297445],[-72.14151292197302,-42.751300449758126],[-72.13962176312386,-42.75154853319705],[-72.1391246110123,-42.75154915222017],[-72.13819222252872,-42.752153530447764],[-72.13735682159778,-42.75274883699234],[-72.13689726870838,-42.7533168854961],[-72.13646239216322,-42.75408146017333],[-72.13642750077221,-42.75477859987051],[-72.13642750077221,-42.754783078223106],[-72.13609558038692,-42.75548052327734],[-72.13575055272163,-42.75573561049158],[-72.13471456333968,-42.75616137661879],[-72.13423620454937,-42.7564880615858],[-72.1341222190903,-42.757037821787286],[-72.13401419952201,-42.757565277073276],[-72.13403950954998,-42.75805225128394],[-72.13406454839692,-42.7584141546588],[-72.13446028844203,-42.75914654625868],[-72.13466692636015,-42.7593473805266],[-72.13499505188622,-42.759677658391084],[-72.13504973943786,-42.759744585349374],[-72.13542676688986,-42.76021336982354],[-72.13546961294193,-42.760392001196514],[-72.13549410931063,-42.76051264978756],[-72.13548805301302,-42.76053052704892],[-72.13538545750458,-42.76072724647437],[-72.13536132269691,-42.76078093058035],[-72.13502867795225,-42.76117902183655],[-72.13485367773805,-42.76158582557222],[-72.13469675596875,-42.76194345858448],[-72.13475225711112,-42.76236345679531],[-72.1347644601296,-42.76241257742979],[-72.13458322265426,-42.76273004279269],[-72.13449870538894,-42.76287758577914],[-72.13413035445365,-42.763610862561166],[-72.134149608146,-42.764124683847804],[-72.1341624439402,-42.76444638180999],[-72.13421749322013,-42.764669712376644],[-72.13429712935212,-42.76501369489497],[-72.13442657191739,-42.76597424082374],[-72.13459208114695,-42.76680964026984],[-72.13453847822274,-42.767269985298334],[-72.1344296452737,-42.767404147102766],[-72.13438725103252,-42.76743546409299],[-72.1338300690022,-42.76780701762127],[-72.13349832643596,-42.768643004463605],[-72.13352996402672,-42.76927300250592],[-72.13342809097215,-42.76984059697188],[-72.13329729206443,-42.77106951587],[-72.13352942166806,-42.77183784513066],[-72.13379129039478,-42.772338002779186],[-72.13378830742478,-42.77374552948848],[-72.13282019644821,-42.77487266124213],[-72.13223345273641,-42.77561512322764],[-72.13196109694911,-42.775870124220475],[-72.13143473454377,-42.77653208854119],[-72.1312774493537,-42.77671994541818],[-72.13132680437079,-42.77712201377896],[-72.13165493366697,-42.777380802466894],[-72.13173384735157,-42.77743875298336],[-72.13218328433143,-42.77770634839988],[-72.13231697633198,-42.7778045075215],[-72.13263290140343,-42.77803649384769],[-72.13276650280389,-42.77811232827054],[-72.1344610115846,-42.779102331399635],[-72.13548154475276,-42.779802655523326],[-72.13582774783873,-42.77999436958768],[-72.13649520452971,-42.78006507423148],[-72.1370295122678,-42.78030129979611],[-72.13769154268786,-42.78069817309293],[-72.13802563065008,-42.780898833947155],[-72.13853616259426,-42.7813361210104],[-72.13872453853102,-42.7814967660241],[-72.13936197865398,-42.78170601064283],[-72.1399445499752,-42.78180803633293],[-72.14027221758221,-42.781852366016],[-72.14071522359849,-42.78190987804767],[-72.14092863637572,-42.78241457601223],[-72.14092330331798,-42.78273180618686],[-72.14089356473993,-42.782977613599364],[-72.14086970156262,-42.783156357566725],[-72.1406593620324,-42.7840636742835],[-72.13977054702657,-42.78534277797343],[-72.1395839795933,-42.786035568967364],[-72.13902716909861,-42.786603761190015],[-72.13879133783816,-42.78696146544098],[-72.138628813922,-42.78750238576426],[-72.13875156558679,-42.78816802623651],[-72.13871052784896,-42.78880705837439],[-72.1387180303433,-42.78942811045869],[-72.13901071786321,-42.7901069502044],[-72.13912641883971,-42.79029451662384],[-72.14022846832863,-42.79202684380002],[-72.1403266329669,-42.79249150157795],[-72.14075906316954,-42.793259515450615],[-72.14081384002628,-42.79332641811456],[-72.14148923962793,-42.794156759255976],[-72.14152566705103,-42.79419689472163],[-72.14214005146066,-42.79487977969083],[-72.14269920612709,-42.79527229580221],[-72.14375568552128,-42.79562399850946],[-72.14536251480001,-42.79635341634516]]]},"id":"34,751","properties":{"area_m2":1.2328154294657348E7,"cell_size_m":7000,"grid_id":"34,751"}},{"type":"Feature","geometry":{"type":"Polygon","coordinates":[[[-72.11815232116788,-42.797098327552035],[-72.03267461437616,-42.79939613013886],[-72.02960248808253,-42.736446297128765],[-72.11499394218221,-42.73415351952557],[-72.11815232116788,-42.797098327552035]]]},"id":"35,751","properties":{"area_m2":4.887965614133096E7,"cell_size_m":7000,"grid_id":"35,751"}},{"type":"Feature","geometry":{"type":"Polygon","coordinates":[[[-72.03267461437616,-42.79939613013886],[-71.94718701836685,-42.80163021715034],[-71.94420118205738,-42.73867549814029],[-72.02960248808253,-42.736446297128765],[-72.03267461437616,-42.79939613013886]]]},"id":"36,751","properties":{"area_m2":4.8883805669228196E7,"cell_size_m":7000,"grid_id":"36,751"}},{"type":"Feature","geometry":{"type":"Polygon","coordinates":[[[-71.94718701836685,-42.80163021715034],[-71.86168980996206,-42.80380056837712],[-71.85879029989142,-42.74084110242477],[-71.94420118205738,-42.73867549814029],[-71.94718701836685,-42.80163021715034]]]},"id":"37,751","properties":{"area_m2":4.888783852107744E7,"cell_size_m":7000,"grid_id":"37,751"}},{"type":"Feature","geometry":{"type":"Polygon","coordinates":[[[-71.86168980996206,-42.80380056837712],[-71.7761832661814,-42.80590716418234],[-71.77337011756559,-42.742943090417235],[-71.85879029989142,-42.74084110242477],[-71.86168980996206,-42.80380056837712]]]},"id":"38,751","properties":{"area_m2":4.889175465850452E7,"cell_size_m":7000,"grid_id":"38,751"}},{"type":"Feature","geometry":{"type":"Polygon","coordinates":[[[-71.7761832661814,-42.80590716418234],[-71.69066766423641,-42.80794998550207],[-71.68794091125137,-42.744981443123606],[-71.77337011756559,-42.742943090417235],[-71.7761832661814,-42.80590716418234]]]},"id":"39,751","properties":{"area_m2":4.889555404422504E7,"cell_size_m":7000,"grid_id":"39,751"}},{"type":"Feature","geometry":{"type":"Polygon","coordinates":[[[-71.69066766423641,-42.80794998550207],[-71.6051432815249,-42.80992901384601],[-71.60250295730539,-42.74695614212129],[-71.68794091125137,-42.744981443123606],[-71.69066766423641,-42.80794998550207]]]},"id":"40,751","properties":{"area_m2":4.8899236642035015E7,"cell_size_m":7000,"grid_id":"40,751"}},{"type":"Feature","geometry":{"type":"Polygon","coordinates":[[[-71.6051432815249,-42.80992901384601],[-71.51961039562528,-42.811844231297776],[-71.51705653226367,-42.74886716955955],[-71.60250295730539,-42.74695614212129],[-71.6051432815249,-42.80992901384601]]]},"id":"41,751","properties":{"area_m2":4.890280241687776E7,"cell_size_m":7000,"grid_id":"41,751"}},{"type":"Feature","geometry":{"type":"Polygon","coordinates":[[[-71.51961039562528,-42.811844231297776],[-71.43406928429097,-42.81369562051555],[-71.43160191283607,-42.750714508160115],[-71.51705653226367,-42.74886716955955],[-71.51961039562528,-42.811844231297776]]]},"id":"42,751","properties":{"area_m2":4.890625133477879E7,"cell_size_m":7000,"grid_id":"42,751"}},{"type":"Feature","geometry":{"type":"Polygon","coordinates":[[[-71.43406928429097,-42.81369562051555],[-71.34852022544469,-42.815483164732456],[-71.34613937590066,-42.75249814121756],[-71.43160191283607,-42.750714508160115],[-71.43406928429097,-42.81369562051555]]]},"id":"43,751","properties":{"area_m2":4.890958336289161E7,"cell_size_m":7000,"grid_id":"43,751"}},{"type":"Feature","geometry":{"type":"Polygon","coordinates":[[[-71.34062173428119,-42.752611094271046],[-71.34613937590066,-42.75249814121756],[-71.34852022544469,-42.815483164732456],[-71.27934308263067,-42.816881790760604],[-71.28272948277514,-42.8117031081536],[-71.30271247874354,-42.796772777446854],[-71.32269196383226,-42.78183878220804],[-71.34125518295532,-42.76229077044576],[-71.34062173428119,-42.752611094271046]]]},"id":"44,751","properties":{"area_m2":1.8069954864209864E7,"cell_size_m":7000,"grid_id":"44,751"}},{"type":"Feature","geometry":{"type":"Polygon","coordinates":[[[-72.1322895387381,-42.73368133626143],[-72.11499394218221,-42.73415351952557],[-72.11184569073913,-42.671207828983746],[-72.12243780683754,-42.6709193064916],[-72.12243851784075,-42.67126610092444],[-72.12263449750746,-42.67240532046236],[-72.12263458790396,-42.67244107206306],[-72.12331355518594,-42.672815706154005],[-72.12336806414027,-42.67281115695481],[-72.12532956614503,-42.672594566920694],[-72.12640653803432,-42.672128644687945],[-72.12707220844443,-42.67191788764416],[-72.1274352350122,-42.671801298030445],[-72.12846456111839,-42.67173758963358],[-72.12942717253483,-42.67163377813807],[-72.13019651814332,-42.67180268170182],[-72.13132933539707,-42.671997999753025],[-72.1317295084554,-42.672265653113655],[-72.13209415629694,-42.6728684832135],[-72.13251900570909,-42.67331929047239],[-72.13263425730428,-42.67343532468598],[-72.13313774805104,-42.67384139187691],[-72.13329548420076,-42.673966347502926],[-72.13387743493989,-42.67425609846847],[-72.13409573396137,-42.67436755915577],[-72.13439981563768,-42.675001725104686],[-72.13453965332911,-42.67525625926965],[-72.13493475997849,-42.675934985272114],[-72.1352141636014,-42.676332379452155],[-72.13541682371233,-42.6775967237216],[-72.13526171009865,-42.6786961511882],[-72.13529325710488,-42.67929488309426],[-72.13542739963752,-42.67969684338427],[-72.13565781008309,-42.67983953500831],[-72.13569423823802,-42.67986187867683],[-72.13579141009296,-42.67999582709727],[-72.13589463820465,-42.680129735246716],[-72.13614312673991,-42.680183101896894],[-72.13618552072488,-42.680191936559225],[-72.13654907826941,-42.68026747352499],[-72.13768684231334,-42.67992650201635],[-72.13925540729585,-42.67992906675713],[-72.13936450961029,-42.67993790703297],[-72.13989176155921,-42.680098167381495],[-72.14069190275183,-42.680427819787674],[-72.14138899639778,-42.68069505851806],[-72.14202534598115,-42.68090429128961],[-72.14360084753464,-42.68127768543771],[-72.14665312015252,-42.681211270792595],[-72.14718641489912,-42.68136248221958],[-72.14811913601105,-42.681392548546306],[-72.14912443589343,-42.681364449984336],[-72.15032867606693,-42.68097858730175],[-72.1503529000166,-42.68096959877154],[-72.15273578556965,-42.67963039481188],[-72.15491157621881,-42.67782220269604],[-72.15504462503252,-42.677755000775235],[-72.15531686874576,-42.67762953975936],[-72.15581326996902,-42.677566299842546],[-72.15618294913143,-42.67766409333636],[-72.1572490505702,-42.6777788347195],[-72.16037411964457,-42.67783257749558],[-72.16404163765685,-42.67693366790461],[-72.16598831271618,-42.67566189022203],[-72.16610879319472,-42.67541590301592],[-72.16640904515081,-42.67446373199324],[-72.1668081755026,-42.674266535896955],[-72.16733971576686,-42.67376527182232],[-72.16787785296401,-42.67346511040732],[-72.16847654523102,-42.67316929640994],[-72.1696360560465,-42.67200128006575],[-72.17014391109385,-42.671701156446325],[-72.17073708537754,-42.67163328949215],[-72.17166954962572,-42.67160062431018],[-72.1722388601781,-42.67163550335119],[-72.17263915739774,-42.67187172012241],[-72.17323467643453,-42.67260366951027],[-72.1733077040294,-42.67275096582114],[-72.17336862059801,-42.67288937480503],[-72.17356971748741,-42.67333148912841],[-72.173771808422,-42.674135525149225],[-72.17360451401356,-42.67496688622825],[-72.1736374125435,-42.67589629905439],[-72.17400941873542,-42.67682071317815],[-72.17410359515371,-42.678031508105285],[-72.17407187162277,-42.67966254001767],[-72.17403942504478,-42.68106118290507],[-72.17422407223502,-42.68211102267334],[-72.17427332954179,-42.682414794299355],[-72.17434671839422,-42.682655949825254],[-72.17471113172871,-42.68302186966096],[-72.17514278740222,-42.6836333060976],[-72.17519150227105,-42.68372263972507],[-72.17522801582224,-42.6837762352554],[-72.17562351874287,-42.68442802204682],[-72.17635984322841,-42.68564229825638],[-72.17654204867708,-42.685825211199116],[-72.17673067096173,-42.686133209783996],[-72.1769558064542,-42.68650376905569],[-72.17719892728165,-42.68679387622232],[-72.17741159005234,-42.68703924438855],[-72.17761214183672,-42.687280283755776],[-72.17829893347952,-42.688092480372674],[-72.17834773819227,-42.688226451403516],[-72.17846387529943,-42.688592625028946],[-72.1786957878569,-42.689191090646446],[-72.17873519308966,-42.6902544723676],[-72.17823349899979,-42.690626164268565],[-72.178197256968,-42.6906530512605],[-72.1777378594454,-42.69098891044802],[-72.1773332311152,-42.69142293966928],[-72.17700714202152,-42.691771974784814],[-72.17690447087772,-42.691888319938926],[-72.17676637090108,-42.69232200773359],[-72.17680442070491,-42.692920688551155],[-72.17693999003636,-42.69372036198368],[-72.17699485040765,-42.69385876154663],[-72.17768634325007,-42.69417945036977],[-72.17862050215632,-42.694615896044716],[-72.17872380533947,-42.694727410693794],[-72.17920389803535,-42.69528521979415],[-72.17941032318716,-42.69542793612933],[-72.17973198099781,-42.69565529015597],[-72.17979307696157,-42.69582947179471],[-72.1798969219944,-42.69611978327638],[-72.17989710275161,-42.69619568007191],[-72.17989131852102,-42.69628508588559],[-72.1798685431119,-42.696785603772426],[-72.17973035418203,-42.69718351559409],[-72.17890139996379,-42.6975199328138],[-72.17823566809881,-42.697748841406224],[-72.17690401898,-42.698117365738696],[-72.17598458640465,-42.69861917972727],[-72.17575484077598,-42.698771479110114],[-72.17493247283657,-42.69931789907949],[-72.17419099301142,-42.70061938204036],[-72.17380479731332,-42.701182948323584],[-72.17323648404849,-42.70161723366331],[-72.17240687842869,-42.70175255379621],[-72.17174022770762,-42.70164635110727],[-72.1709403532608,-42.70158047319778],[-72.17074042949238,-42.70158082297019],[-72.17016569307532,-42.70188099541],[-72.16962195648087,-42.70242700505412],[-72.16900627477524,-42.703281376286455],[-72.16844418840421,-42.70376476198457],[-72.16807542878033,-42.704082595007925],[-72.16739765097529,-42.70436512434988],[-72.1672766287404,-42.70441441463559],[-72.16658556278628,-42.70429479107492],[-72.16652500631318,-42.70428146609229],[-72.1658763281902,-42.70414831535002],[-72.16501036728292,-42.70427917244434],[-72.1637449081977,-42.7045803795149],[-72.16214511267515,-42.704479856222534],[-72.16074523912123,-42.70434781589633],[-72.16001230932999,-42.704411386230625],[-72.1574815225275,-42.70508068641542],[-72.1570034724867,-42.70531816180793],[-72.1569490602368,-42.70534956190629],[-72.15564741131577,-42.70574454730991],[-72.15471507602456,-42.70601388624098],[-72.1546241471866,-42.70600956357417],[-72.15411518017075,-42.70597894325961],[-72.1534850034656,-42.70597977238941],[-72.15303722646938,-42.70621275017627],[-72.15278314841848,-42.70634716850749],[-72.1522504966964,-42.70658018509333],[-72.15221425139676,-42.70661153201338],[-72.15182124720799,-42.70694720931984],[-72.15134987648422,-42.70744382805177],[-72.15112119587553,-42.70807865540407],[-72.15130423076451,-42.70861463446979],[-72.15135304004868,-42.70874862998318],[-72.15148726553767,-42.70914164331691],[-72.15108169647937,-42.70927624336492],[-72.15033021266082,-42.70921022102638],[-72.1503181006853,-42.70921022915402],[-72.14945155079191,-42.709180100904],[-72.14891853138255,-42.70924781924899],[-72.14836146765433,-42.70943168888829],[-72.14674387071771,-42.70950531770749],[-72.1456229546219,-42.70950669064096],[-72.14459278542822,-42.70944099765107],[-72.1439568934294,-42.7095758898016],[-72.14305552429967,-42.71021152314071],[-72.14252267390222,-42.710341764150755],[-72.14145055243411,-42.71051286052684],[-72.14105681051377,-42.71057592977081],[-72.13952405020336,-42.71064035306578],[-72.13867626946866,-42.710873758843995],[-72.13821030086031,-42.71115582854099],[-72.13815028079507,-42.71139270541209],[-72.1376606286849,-42.71194292496252],[-72.13775951732605,-42.71280966991474],[-72.13778401350159,-42.71291242494535],[-72.13796145252698,-42.71367632557235],[-72.13819348801195,-42.71447587577559],[-72.13822404039156,-42.71460540715985],[-72.13829752879442,-42.714940480251045],[-72.13851636684332,-42.71527084905141],[-72.13869877695379,-42.71553876471636],[-72.13948265100974,-42.716520888024654],[-72.13955559674652,-42.71661905662507],[-72.13955559674652,-42.716632501686696],[-72.13954366510309,-42.716686100484466],[-72.13959310910714,-42.717137364532654],[-72.13962510759882,-42.71790589541234],[-72.13935989965417,-42.718540738564975],[-72.13918499244147,-42.718902899422076],[-72.13896181610849,-42.71937237649562],[-72.13886157200514,-42.72060578828175],[-72.1387552716377,-42.721852580453486],[-72.13854474979173,-42.722558814954795],[-72.13812786365908,-42.72316706103695],[-72.13789248362679,-42.723600779479156],[-72.13742226534112,-42.72473627943457],[-72.13633421599638,-42.726042365325505],[-72.13551209741769,-42.72699963330538],[-72.13416859065835,-42.72792615135372],[-72.1320683037382,-42.729273603364035],[-72.13191083810355,-42.72932736031431],[-72.13057174400859,-42.72951209993885],[-72.12962052606383,-42.72970531589893],[-72.12894265821855,-42.73013951510677],[-72.12849547609927,-42.730796928214005],[-72.12842325074409,-42.7310472001127],[-72.1284303015305,-42.73151189463367],[-72.1286975081303,-42.73179756555669],[-72.12917072354664,-42.73199364299463],[-72.12940122934468,-42.732082787602344],[-72.12983195831713,-42.73226553034038],[-72.13006237319718,-42.732296488597065],[-72.13069928995859,-42.73253259508137],[-72.13153100388539,-42.733166143105066],[-72.13189510961412,-42.73333108897058],[-72.13191327873113,-42.73334448617377],[-72.13225948606747,-42.733665815344345],[-72.1322895387381,-42.73368133626143]]]},"id":"34,752","properties":{"area_m2":2.309854000772838E7,"cell_size_m":7000,"grid_id":"34,752"}},{"type":"Feature","geometry":{"type":"Polygon","coordinates":[[[-72.11499394218221,-42.73415351952557],[-72.02960248808253,-42.736446297128765],[-72.02654021374775,-42.6734955916386],[-72.11184569073913,-42.671207828983746],[-72.11499394218221,-42.73415351952557]]]},"id":"35,752","properties":{"area_m2":4.8880373991989605E7,"cell_size_m":7000,"grid_id":"35,752"}},{"type":"Feature","geometry":{"type":"Polygon","coordinates":[[[-72.02960248808253,-42.736446297128765],[-71.94420118205738,-42.73867549814029],[-71.94122492192122,-42.67571991641021],[-72.02654021374775,-42.6734955916386],[-72.02960248808253,-42.736446297128765]]]},"id":"36,752","properties":{"area_m2":4.888452370357262E7,"cell_size_m":7000,"grid_id":"36,752"}},{"type":"Feature","geometry":{"type":"Polygon","coordinates":[[[-71.94420118205738,-42.73867549814029],[-71.85879029989142,-42.74084110242477],[-71.85590009001234,-42.677880783236866],[-71.94122492192122,-42.67571991641021],[-71.94420118205738,-42.73867549814029]]]},"id":"37,752","properties":{"area_m2":4.888855673397196E7,"cell_size_m":7000,"grid_id":"37,752"}},{"type":"Feature","geometry":{"type":"Polygon","coordinates":[[[-71.85879029989142,-42.74084110242477],[-71.77337011756559,-42.742943090417235],[-71.77056599296887,-42.67997817262519],[-71.85590009001234,-42.677880783236866],[-71.85879029989142,-42.74084110242477]]]},"id":"38,752","properties":{"area_m2":4.889247304477092E7,"cell_size_m":7000,"grid_id":"38,752"}},{"type":"Feature","geometry":{"type":"Polygon","coordinates":[[[-71.77337011756559,-42.742943090417235],[-71.68794091125137,-42.744981443123606],[-71.68522290592793,-42.682012065650554],[-71.77056599296887,-42.67997817262519],[-71.77337011756559,-42.742943090417235]]]},"id":"39,752","properties":{"area_m2":4.8896272598725446E7,"cell_size_m":7000,"grid_id":"39,752"}},{"type":"Feature","geometry":{"type":"Polygon","coordinates":[[[-71.68794091125137,-42.744981443123606],[-71.60250295730539,-42.74695614212129],[-71.59987110421054,-42.68398244395782],[-71.68522290592793,-42.682012065650554],[-71.68794091125137,-42.744981443123606]]]},"id":"40,752","properties":{"area_m2":4.889995535959581E7,"cell_size_m":7000,"grid_id":"40,752"}},{"type":"Feature","geometry":{"type":"Polygon","coordinates":[[[-71.60250295730539,-42.74695614212129],[-71.51705653226367,-42.74886716955955],[-71.51451086331592,-42.68588928976154],[-71.59987110421054,-42.68398244395782],[-71.60250295730539,-42.74695614212129]]]},"id":"41,752","properties":{"area_m2":4.890352129234563E7,"cell_size_m":7000,"grid_id":"41,752"}},{"type":"Feature","geometry":{"type":"Polygon","coordinates":[[[-71.51705653226367,-42.74886716955955],[-71.43160191283607,-42.750714508160115],[-71.42914245891605,-42.687732585846724],[-71.51451086331592,-42.68588928976154],[-71.51705653226367,-42.74886716955955]]]},"id":"42,752","properties":{"area_m2":4.8906970362988554E7,"cell_size_m":7000,"grid_id":"42,752"}},{"type":"Feature","geometry":{"type":"Polygon","coordinates":[[[-71.43160191283607,-42.750714508160115],[-71.34613937590066,-42.75249814121756],[-71.34376616684992,-42.689512315569075],[-71.42914245891605,-42.687732585846724],[-71.43160191283607,-42.750714508160115]]]},"id":"43,752","properties":{"area_m2":4.891030253868868E7,"cell_size_m":7000,"grid_id":"43,752"}},{"type":"Feature","geometry":{"type":"Polygon","coordinates":[[[-71.33957067681963,-42.68959812518887],[-71.34376616684992,-42.689512315569075],[-71.34613937590066,-42.75249814121756],[-71.34062173428119,-42.752611094271046],[-71.33794860076588,-42.71172980355775],[-71.33776429176216,-42.6931625413927],[-71.33957067681963,-42.68959812518887]]]},"id":"44,752","properties":{"area_m2":3505882.1378559717,"cell_size_m":7000,"grid_id":"44,752"}},{"type":"Feature","geometry":{"type":"MultiPolygon","coordinates":[[[[-72.12243780683754,-42.6709193064916],[-72.11184569073913,-42.671207828983746],[-72.11102961701569,-42.65485093926687],[-72.11151596882492,-42.65508799321361],[-72.11191580747361,-42.65522170069713],[-72.1124439227074,-42.656052268296776],[-72.11275959811566,-42.656516661147165],[-72.11277776842518,-42.65655243575636],[-72.11278997236376,-42.65656134527335],[-72.11311152336226,-42.65698550509417],[-72.11331202925987,-42.65735177046351],[-72.11354905634282,-42.657856470806905],[-72.1138337236266,-42.657950009984596],[-72.11399128942533,-42.65800349817784],[-72.11473057291626,-42.658413853925246],[-72.11571194219295,-42.65872116304313],[-72.11647571929772,-42.65925215818966],[-72.1167850624686,-42.65953778924122],[-72.11703980478697,-42.65978779401022],[-72.11787643919091,-42.660416955284084],[-72.11859220943361,-42.66111335683989],[-72.11861046977806,-42.661149070376474],[-72.11876884657889,-42.66167169539199],[-72.1188115142868,-42.661819143213],[-72.11893987896362,-42.662484758327786],[-72.11900704440231,-42.662766236542915],[-72.11907420982554,-42.663052126940336],[-72.11940849995239,-42.66371313837657],[-72.11957211937191,-42.66382467609197],[-72.12020887827263,-42.66431551043046],[-72.12060382357618,-42.66503010251887],[-72.12074981489543,-42.66540975976711],[-72.12122313361746,-42.665918654447786],[-72.12183674734898,-42.6670038625627],[-72.12200181175349,-42.66780351827619],[-72.12210640070624,-42.66867027396448],[-72.12210124809666,-42.66913499855791],[-72.1223326634549,-42.66980052519142],[-72.1224371618924,-42.67060472878954],[-72.12243780683754,-42.6709193064916]]],[[[-72.10980901074807,-42.63036976326981],[-72.10870752871755,-42.60826125682677],[-72.11462605189132,-42.608100351274445],[-72.11450556986057,-42.608331237803846],[-72.11411368987818,-42.60908231911306],[-72.11391029175627,-42.610315851369705],[-72.1139478978197,-42.61104861554728],[-72.11414279839782,-42.61175002699786],[-72.11445856237022,-42.6123976442547],[-72.11451325377652,-42.61254947409478],[-72.11451343457455,-42.612612076628814],[-72.11451442896367,-42.613179522384854],[-72.11374883874629,-42.61464598505739],[-72.11344726670373,-42.61518249552043],[-72.11307943155795,-42.61584419915321],[-72.11305014213346,-42.61638044956359],[-72.11309272027734,-42.61651895121291],[-72.1131840237072,-42.61680483544056],[-72.11321448831062,-42.616912059315865],[-72.1135779841201,-42.61717979633032],[-72.11394762662215,-42.61751456318473],[-72.11411206269376,-42.618113160865015],[-72.11434348438601,-42.61894411121126],[-72.11441128367521,-42.61960985039994],[-72.11467877431735,-42.620311094896124],[-72.11491019556075,-42.6211063136658],[-72.1149112803474,-42.62170952594902],[-72.11484682593381,-42.62284012118923],[-72.11506089046719,-42.6241089542825],[-72.1150611616637,-42.62424751265791],[-72.115085388552,-42.62426531038253],[-72.11544463329422,-42.625471437064334],[-72.11594743055339,-42.625792667502566],[-72.1161776756113,-42.62593988836904],[-72.11621401580409,-42.625962239682416],[-72.11664422187212,-42.62630582376364],[-72.11687491837206,-42.62670334396423],[-72.11699080894314,-42.627163494898085],[-72.11707614487248,-42.627507446213436],[-72.11711257535167,-42.627592295050455],[-72.11731325929945,-42.628105965072194],[-72.11745898107057,-42.62837838427058],[-72.11754395527078,-42.62853467750016],[-72.11754413606693,-42.62860175050139],[-72.11764773223919,-42.629003798406515],[-72.11761175381704,-42.62918256405494],[-72.11761184421509,-42.62920495043841],[-72.11757559459433,-42.62923177519065],[-72.11701367969783,-42.62970601013342],[-72.11630586064928,-42.629800571337974],[-72.11556242280527,-42.63029729571445],[-72.11368763844989,-42.630893488669415],[-72.112113873398,-42.63067167184823],[-72.10980901074807,-42.63036976326981]]]]},"id":"34,753","properties":{"area_m2":2180911.030615132,"cell_size_m":7000,"grid_id":"34,753"}},{"type":"Feature","geometry":{"type":"Polygon","coordinates":[[[-72.11102961701569,-42.65485093926687],[-72.11184569073913,-42.671207828983746],[-72.02654021374775,-42.6734955916386],[-72.0234877542813,-42.61054401452604],[-72.10870752871755,-42.60826125682677],[-72.10980901074807,-42.63036976326981],[-72.10926897935593,-42.63029901871418],[-72.10762259842282,-42.63007269342142],[-72.10738665135209,-42.6300684733295],[-72.10658759394038,-42.62990387033513],[-72.10598244594408,-42.629904393029626],[-72.10451829721842,-42.63007112956519],[-72.10405236443319,-42.6300715244008],[-72.10381053833582,-42.63021027299929],[-72.10312131026298,-42.63060411065307],[-72.10272272524035,-42.63110494071055],[-72.10228770735513,-42.63153879990574],[-72.10208882115768,-42.63201709477005],[-72.10156358014213,-42.63276826654735],[-72.10111671772503,-42.63336293109724],[-72.10059093254847,-42.63383260640485],[-72.10018610624935,-42.634235162935724],[-72.09989021565988,-42.63463309547475],[-72.09998785145109,-42.635137938040145],[-72.0997888732904,-42.63559836683096],[-72.09975388711187,-42.63639825644245],[-72.09975533356896,-42.63731880014025],[-72.09938721001326,-42.638007209485515],[-72.09789238135029,-42.6380085082737],[-72.09758446468487,-42.63848690627946],[-72.09719129640037,-42.63863026958394],[-72.09692568827992,-42.63906393270065],[-72.09721706164093,-42.63966687122364],[-72.09721787528007,-42.64018076067554],[-72.09664986420819,-42.64075767971448],[-72.09625678507682,-42.640963579311936],[-72.09588829551447,-42.64142864114124],[-72.09585810032375,-42.64149565168734],[-72.09602236573996,-42.64203170894782],[-72.09602842285591,-42.64203174315729],[-72.09682796106553,-42.64240197868079],[-72.0971186112885,-42.64252678959006],[-72.097591064194,-42.64272747573191],[-72.09875366033697,-42.643057197576745],[-72.09946242586571,-42.643400640649226],[-72.09952299630982,-42.64343188554438],[-72.09978968692239,-42.64366400193638],[-72.10048687832084,-42.6443604315037],[-72.10076622451315,-42.64497686397434],[-72.10079054298785,-42.64502601199667],[-72.10099729514302,-42.64560672564108],[-72.10102161359855,-42.64566028790602],[-72.10115586228525,-42.64633050368339],[-72.1015198250822,-42.646821650128],[-72.10161691791296,-42.64695567680692],[-72.10208954438045,-42.64725905860165],[-72.10320448057811,-42.64796860199376],[-72.10590451971444,-42.64819397891551],[-72.10603786214813,-42.64827875800684],[-72.10688600900669,-42.6486935560301],[-72.10784950519653,-42.64932273783974],[-72.10841369773081,-42.65002372610627],[-72.10901441106674,-42.6508587445013],[-72.10926961216038,-42.65139023740031],[-72.1093484415003,-42.651488529411196],[-72.10933723182482,-42.65199344333783],[-72.10918020592229,-42.65218571858519],[-72.10901703268729,-42.65235572799513],[-72.10898132440491,-42.65272216356051],[-72.10915163931264,-42.65319113729611],[-72.10921880700113,-42.65349053483621],[-72.10958303098147,-42.6540576320332],[-72.10984980283727,-42.654325525537296],[-72.11012850729837,-42.6544369324358],[-72.11053440466007,-42.654592967554905],[-72.11060102962976,-42.65464203721829],[-72.11102961701569,-42.65485093926687]]]},"id":"35,753","properties":{"area_m2":4.70444230160582E7,"cell_size_m":7000,"grid_id":"35,753"}},{"type":"Feature","geometry":{"type":"Polygon","coordinates":[[[-72.02654021374775,-42.6734955916386],[-71.94122492192122,-42.67571991641021],[-71.9382582018997,-42.612763472776464],[-72.0234877542813,-42.61054401452604],[-72.02654021374775,-42.6734955916386]]]},"id":"36,753","properties":{"area_m2":4.888524162645451E7,"cell_size_m":7000,"grid_id":"36,753"}},{"type":"Feature","geometry":{"type":"Polygon","coordinates":[[[-71.94122492192122,-42.67571991641021],[-71.85590009001234,-42.677880783236866],[-71.85301914529927,-42.61491961158961],[-71.9382582018997,-42.612763472776464],[-71.94122492192122,-42.67571991641021]]]},"id":"37,753","properties":{"area_m2":4.888927483534592E7,"cell_size_m":7000,"grid_id":"37,753"}},{"type":"Feature","geometry":{"type":"Polygon","coordinates":[[[-71.85590009001234,-42.677880783236866],[-71.77056599296887,-42.67997817262519],[-71.76777085840013,-42.61701241154333],[-71.85301914529927,-42.61491961158961],[-71.85590009001234,-42.677880783236866]]]},"id":"38,753","properties":{"area_m2":4.889319131951854E7,"cell_size_m":7000,"grid_id":"38,753"}},{"type":"Feature","geometry":{"type":"Polygon","coordinates":[[[-71.77056599296887,-42.67997817262519],[-71.68522290592793,-42.682012065650554],[-71.68251361531058,-42.6190418537822],[-71.76777085840013,-42.61701241154333],[-71.77056599296887,-42.67997817262519]]]},"id":"39,753","properties":{"area_m2":4.8896991041674264E7,"cell_size_m":7000,"grid_id":"39,753"}},{"type":"Feature","geometry":{"type":"Polygon","coordinates":[[[-71.68522290592793,-42.682012065650554],[-71.59987110421054,-42.68398244395782],[-71.59724769032162,-42.62100792001812],[-71.68251361531058,-42.6190418537822],[-71.68522290592793,-42.682012065650554]]]},"id":"40,753","properties":{"area_m2":4.8900673965591885E7,"cell_size_m":7000,"grid_id":"40,753"}},{"type":"Feature","geometry":{"type":"Polygon","coordinates":[[[-71.59987110421054,-42.68398244395782],[-71.51451086331592,-42.68588928976154],[-71.51197335790125,-42.62291059253076],[-71.59724769032162,-42.62100792001812],[-71.59987110421054,-42.68398244395782]]]},"id":"41,753","properties":{"area_m2":4.8904240056237064E7,"cell_size_m":7000,"grid_id":"41,753"}},{"type":"Feature","geometry":{"type":"Polygon","coordinates":[[[-71.51451086331592,-42.68588928976154],[-71.42914245891605,-42.687732585846724],[-71.42669089268912,-42.624749854167995],[-71.51197335790125,-42.62291059253076],[-71.51451086331592,-42.68588928976154]]]},"id":"42,753","properties":{"area_m2":4.8907689279607095E7,"cell_size_m":7000,"grid_id":"42,753"}},{"type":"Feature","geometry":{"type":"Polygon","coordinates":[[[-71.36862382457477,-42.625965756278745],[-71.42669089268912,-42.624749854167995],[-71.42914245891605,-42.687732585846724],[-71.34376616684992,-42.689512315569075],[-71.3434794063018,-42.68188379866121],[-71.35698213385172,-42.65521884626732],[-71.36862382457477,-42.625965756278745]]]},"id":"43,753","properties":{"area_m2":4.166761636768249E7,"cell_size_m":7000,"grid_id":"43,753"}},{"type":"Feature","geometry":{"type":"Polygon","coordinates":[[[-72.10837957136742,-42.601667686115775],[-72.10870752871755,-42.60826125682677],[-72.0234877542813,-42.61054401452604],[-72.02044507279315,-42.54759156664832],[-72.05386181129857,-42.54670503742988],[-72.05385106411543,-42.54686198245972],[-72.05383343267822,-42.54745180664173],[-72.05387674271957,-42.54863599299542],[-72.05394464634162,-42.550293808195605],[-72.05409021863487,-42.550865705875424],[-72.05375865728928,-42.55183550559474],[-72.0529734693603,-42.55251954797243],[-72.0526898283006,-42.55300230245466],[-72.05250899229084,-42.55357434576828],[-72.05258810805864,-42.554191010692755],[-72.052709629837,-42.5549014230861],[-72.05308468334555,-42.555321329975506],[-72.05318161127272,-42.55554022122096],[-72.05324815878652,-42.55567425770253],[-72.05401634748627,-42.556303939037974],[-72.05523173802678,-42.556893193623154],[-72.05555253809277,-42.55738014677178],[-72.05553499717365,-42.558077218344195],[-72.05504574978025,-42.55848855716673],[-72.05473200172074,-42.5591589862066],[-72.0536459064556,-42.561366950938286],[-72.05322917104631,-42.561733631735535],[-72.0526190310159,-42.562212022472586],[-72.05188872394149,-42.563611014405936],[-72.05127261354485,-42.564183277886606],[-72.0512731560553,-42.56478206632762],[-72.05134594286504,-42.56510819858098],[-72.05193248635727,-42.56531793926727],[-72.05262183397383,-42.56552317645103],[-72.05291207560592,-42.56561248036072],[-72.05332347681062,-42.565992088642034],[-72.05391634563284,-42.566541423602075],[-72.05403135680314,-42.566755870070935],[-72.05411616847094,-42.566912249532265],[-72.05422521200826,-42.56723835036535],[-72.0542373279544,-42.567260741885946],[-72.05428588215143,-42.567412646622394],[-72.0546793788149,-42.568109520963056],[-72.05519963991767,-42.56844891630278],[-72.05585290356761,-42.568873103781506],[-72.0563491117299,-42.56944036226887],[-72.05641592978462,-42.56981116028059],[-72.05646439320866,-42.569878184668674],[-72.05659151924237,-42.57004797617522],[-72.05678519194302,-42.57031147739136],[-72.05701503118385,-42.570391819664756],[-72.05725083774168,-42.57047660248024],[-72.05831521991924,-42.57081121377288],[-72.0590107010129,-42.57107000258295],[-72.06094614072668,-42.57190459473384],[-72.06207705518001,-42.57227040469796],[-72.06347993283167,-42.572537812081045],[-72.06403019612463,-42.572591114411075],[-72.06447756684264,-42.5726399958491],[-72.0654084718947,-42.572442851958556],[-72.06639886630666,-42.5714458339509],[-72.06811419193447,-42.56991654714242],[-72.06829528966935,-42.56966622618036],[-72.06867538660171,-42.56897779266646],[-72.06900729291954,-42.568374415099214],[-72.07005852303028,-42.56777943610761],[-72.07077133574901,-42.56730534484108],[-72.07153866532849,-42.56697860141437],[-72.07283761496271,-42.56628071724291],[-72.07343586944494,-42.56611057026994],[-72.07407055853425,-42.56601180944868],[-72.07495939220235,-42.56620339408171],[-72.07517113511484,-42.566310501197584],[-72.07636907998905,-42.56714532367559],[-72.07687149210226,-42.567672296685615],[-72.07723485206671,-42.56820823951706],[-72.07776755016603,-42.56880668453788],[-72.07826968866863,-42.569074429609465],[-72.07851777406651,-42.56927536567745],[-72.0787356623088,-42.56944056171664],[-72.07913509353185,-42.56981118862419],[-72.07934755672804,-42.5704768004133],[-72.07940216426525,-42.57063764471278],[-72.07992337642541,-42.571606999675346],[-72.07996568814406,-42.57163374588875],[-72.07997780303674,-42.571656061955],[-72.08023266771595,-42.57240660543543],[-72.0810619935072,-42.573183593687375],[-72.08140093782565,-42.573505026107156],[-72.08253313017308,-42.57467058190811],[-72.08339870334274,-42.575438513268416],[-72.08439717418595,-42.57610805052197],[-72.08519620156679,-42.576768785302505],[-72.08620126608244,-42.57776899716802],[-72.08699459289679,-42.57867103088659],[-72.08729754824783,-42.57917126081868],[-72.087793974859,-42.579604384332136],[-72.08856252586119,-42.580032774677846],[-72.08929464092381,-42.580367323229424],[-72.09049225717828,-42.58063899740542],[-72.0912306958718,-42.58116562818997],[-72.09179365468299,-42.581567409794445],[-72.09187230790788,-42.58162985288408],[-72.09236266960782,-42.582031679864606],[-72.09278115795597,-42.582898203237015],[-72.0929570874228,-42.58326896348783],[-72.09299433455233,-42.58393026556578],[-72.09282581837529,-42.58443091070081],[-72.09283205636855,-42.584569364422315],[-72.09286315592716,-42.58516814580988],[-72.09358965514453,-42.58573504865577],[-72.09386213709074,-42.585980627111624],[-72.09412856162926,-42.58623508278832],[-72.09502447678172,-42.58682866156082],[-72.09591415127412,-42.587332831991496],[-72.0963565013828,-42.5878955524968],[-72.09638072981832,-42.58794017052376],[-72.09678700783834,-42.58860568335288],[-72.09702341546178,-42.5889986730938],[-72.09704773424666,-42.58906569212524],[-72.09715703314714,-42.589364972751014],[-72.09690381040497,-42.589838902479634],[-72.09689169620903,-42.58986122335946],[-72.09662626862661,-42.590294929413126],[-72.09656596879837,-42.590384334121765],[-72.0964211406746,-42.59059445316182],[-72.09608917481799,-42.59099693751649],[-72.09608980765087,-42.59145715518517],[-72.09611430732244,-42.59163591413634],[-72.0961266927645,-42.591801203496644],[-72.09619404424679,-42.59235974093806],[-72.096690907859,-42.592993854453695],[-72.09692089684462,-42.59310534661088],[-72.09715694274277,-42.593216871266],[-72.09732645088269,-42.5932926923566],[-72.09802238247613,-42.593595956575065],[-72.09925124284642,-42.59431880754521],[-72.09932392743013,-42.594358975528834],[-72.100056467696,-42.5948274921523],[-72.10052276844524,-42.59522925180658],[-72.10066226075097,-42.59543469076142],[-72.10122610551298,-42.59630555805081],[-72.10138982550613,-42.596555676149606],[-72.10162062443567,-42.597158726858154],[-72.10199109566304,-42.59812355463577],[-72.10202147102841,-42.59816379289859],[-72.10255475706442,-42.59882013424074],[-72.1027855550769,-42.59938744833021],[-72.10351890031708,-42.60028943584354],[-72.10364600607328,-42.60035190005572],[-72.10382762437317,-42.600436608057535],[-72.10455400604508,-42.60078896737557],[-72.10543804672305,-42.60135117996683],[-72.1073981323059,-42.601545961524714],[-72.10837957136742,-42.601667686115775]]]},"id":"35,754","properties":{"area_m2":3.3251347479660444E7,"cell_size_m":7000,"grid_id":"35,754"}},{"type":"Feature","geometry":{"type":"Polygon","coordinates":[[[-72.0234877542813,-42.61054401452604],[-71.9382582018997,-42.612763472776464],[-71.93530098612915,-42.54980616805512],[-72.02044507279315,-42.54759156664832],[-72.0234877542813,-42.61054401452604]]]},"id":"36,754","properties":{"area_m2":4.888595943437936E7,"cell_size_m":7000,"grid_id":"36,754"}},{"type":"Feature","geometry":{"type":"Polygon","coordinates":[[[-71.9382582018997,-42.612763472776464],[-71.85301914529927,-42.61491961158961],[-71.85014743091611,-42.551957588259064],[-71.93530098612915,-42.54980616805512],[-71.9382582018997,-42.612763472776464]]]},"id":"37,754","properties":{"area_m2":4.888999282176031E7,"cell_size_m":7000,"grid_id":"37,754"}},{"type":"Feature","geometry":{"type":"Polygon","coordinates":[[[-71.85301914529927,-42.61491961158961],[-71.76777085840013,-42.61701241154333],[-71.7649846800521,-42.554045807908885],[-71.85014743091611,-42.551957588259064],[-71.85301914529927,-42.61491961158961]]]},"id":"38,754","properties":{"area_m2":4.889390947928617E7,"cell_size_m":7000,"grid_id":"38,754"}},{"type":"Feature","geometry":{"type":"Polygon","coordinates":[[[-71.76777085840013,-42.61701241154333],[-71.68251361531058,-42.6190418537822],[-71.67981300662213,-42.55607080821806],[-71.7649846800521,-42.554045807908885],[-71.76777085840013,-42.61701241154333]]]},"id":"39,754","properties":{"area_m2":4.889770936961918E7,"cell_size_m":7000,"grid_id":"39,754"}},{"type":"Feature","geometry":{"type":"Polygon","coordinates":[[[-71.68251361531058,-42.6190418537822],[-71.59724769032162,-42.62100792001812],[-71.59463268389263,-42.55803257096526],[-71.67981300662213,-42.55607080821806],[-71.68251361531058,-42.6190418537822]]]},"id":"40,754","properties":{"area_m2":4.89013924565677E7,"cell_size_m":7000,"grid_id":"40,754"}},{"type":"Feature","geometry":{"type":"Polygon","coordinates":[[[-71.59724769032162,-42.62100792001812],[-71.51197335790125,-42.62291059253076],[-71.509443985306,-42.55993107849487],[-71.59463268389263,-42.55803257096526],[-71.59724769032162,-42.62100792001812]]]},"id":"41,754","properties":{"area_m2":4.890495870507551E7,"cell_size_m":7000,"grid_id":"41,754"}},{"type":"Feature","geometry":{"type":"Polygon","coordinates":[[[-71.51197335790125,-42.62291059253076],[-71.42669089268912,-42.624749854167995],[-71.42424718447508,-42.561766313717456],[-71.509443985306,-42.55993107849487],[-71.51197335790125,-42.62291059253076]]]},"id":"42,754","properties":{"area_m2":4.890840808115055E7,"cell_size_m":7000,"grid_id":"42,754"}},{"type":"Feature","geometry":{"type":"Polygon","coordinates":[[[-71.37512693284873,-42.562795554464486],[-71.42424718447508,-42.561766313717456],[-71.42669089268912,-42.624749854167995],[-71.36862382457477,-42.625965756278745],[-71.37776470831895,-42.60297654968759],[-71.37512693284873,-42.562795554464486]]]},"id":"43,754","properties":{"area_m2":2.8801988337708417E7,"cell_size_m":7000,"grid_id":"43,754"}},{"type":"Feature","geometry":{"type":"Polygon","coordinates":[[[-72.05386181129857,-42.54670503742988],[-72.02044507279315,-42.54759156664832],[-72.0181139793648,-42.4992174416363],[-72.01851376229578,-42.499260466909206],[-72.01935311683478,-42.49938991672268],[-72.02017447388896,-42.4995148543665],[-72.0212675634392,-42.49971577715998],[-72.0223063022735,-42.500019420482566],[-72.02315803468659,-42.50056889834079],[-72.02333319158836,-42.50068506977243],[-72.02416665490625,-42.501060212055044],[-72.02478282126289,-42.501596342089655],[-72.02537484254287,-42.502105636770956],[-72.02573745160797,-42.502583657511224],[-72.02586440989009,-42.50301713711871],[-72.02600366606356,-42.503830371134406],[-72.0269942819741,-42.504357401734914],[-72.02829921336563,-42.505228521955246],[-72.02846252154333,-42.50581382181751],[-72.02843855883181,-42.50627411115393],[-72.0283179314171,-42.50660930470432],[-72.02804638391804,-42.50712773853405],[-72.0274913519997,-42.508432667405025],[-72.02712304823785,-42.50870983257845],[-72.02700242029296,-42.50913880475498],[-72.0270207767225,-42.50969737632155],[-72.02726257510298,-42.510139709340635],[-72.02748013922306,-42.51047032643772],[-72.02773414468103,-42.51126572262973],[-72.02777682553429,-42.512096817257806],[-72.0277950914908,-42.51240965576111],[-72.02809132536265,-42.51307982861513],[-72.02836341537304,-42.51382153103788],[-72.02867782415969,-42.514366669532016],[-72.02872023360261,-42.51471074253995],[-72.02878118021154,-42.51587701810408],[-72.02869084539653,-42.51646692040913],[-72.02878163233768,-42.516864564902455],[-72.02883000982993,-42.51706560901154],[-72.02895090831373,-42.517190750458525],[-72.02896302528698,-42.517360548415866],[-72.0289509987389,-42.517490106304386],[-72.02881825455216,-42.517677840905385],[-72.02841965993721,-42.51797732910701],[-72.02813002744635,-42.51854044349664],[-72.02773749042612,-42.51884887915734],[-72.02750220307347,-42.51954601914742],[-72.02666278093066,-42.52001990600219],[-72.02619184264707,-42.52065007752608],[-72.02599263408337,-42.52090480174997],[-72.02592029321943,-42.521315940424095],[-72.02603522475881,-42.52178961327879],[-72.02634954556493,-42.52210229678474],[-72.02706246299424,-42.522401569945906],[-72.0279626499409,-42.522517511941835],[-72.0293522149726,-42.52286126527767],[-72.03055450407469,-42.52316923220034],[-72.03117083813044,-42.52344612781867],[-72.0330682094812,-42.52429018771703],[-72.03399894154609,-42.52500490831392],[-72.03459139670449,-42.52570181792056],[-72.03488771426649,-42.5262603066756],[-72.03496629217305,-42.52639882340949],[-72.03514162300854,-42.526626648680306],[-72.03531713458761,-42.52717178029332],[-72.03584312616749,-42.527841899667955],[-72.03634479305143,-42.528261734233375],[-72.03639949892418,-42.52885608688816],[-72.03641197728714,-42.52942802173792],[-72.03664789058728,-42.529955252451344],[-72.03721619763763,-42.53066110551979],[-72.03789337227902,-42.531496493687705],[-72.03827477401117,-42.53268503370762],[-72.03874044877003,-42.53339537797939],[-72.03941147125606,-42.533909009070264],[-72.04055349904809,-42.534154399800315],[-72.04138790898834,-42.53494057369306],[-72.04193830360387,-42.5357804345885],[-72.0424219664415,-42.53626284007188],[-72.04245298087598,-42.53743807021057],[-72.04262875941747,-42.53817535779282],[-72.04300970298935,-42.53867567269159],[-72.04398914076585,-42.53939919965695],[-72.04399519894739,-42.53940365796146],[-72.0444848261979,-42.53964032894161],[-72.04542158080014,-42.53992597383864],[-72.04618924719168,-42.54019374219561],[-72.04689045310248,-42.540595642394244],[-72.04808751763575,-42.54129225488358],[-72.04898827410165,-42.541859389119956],[-72.0501490722793,-42.54249341971373],[-72.05108608030976,-42.54299344234897],[-72.0515456770129,-42.54333289428462],[-72.05171494006983,-42.54345794088139],[-72.05288205685837,-42.54438237828728],[-72.05345069460633,-42.545123882321995],[-72.05374111626423,-42.5454633524675],[-72.05388686949244,-42.5463391004295],[-72.05386181129857,-42.54670503742988]]]},"id":"35,755","properties":{"area_m2":6694003.502118906,"cell_size_m":7000,"grid_id":"35,755"}},{"type":"Feature","geometry":{"type":"Polygon","coordinates":[[[-72.0181139793648,-42.4992174416363],[-72.02044507279315,-42.54759156664832],[-71.93530098612915,-42.54980616805512],[-71.93235323893953,-42.486848003062015],[-72.0148457284988,-42.4847058442551],[-72.01477235746043,-42.48491230797992],[-72.0142894637992,-42.485336867426696],[-72.01434399284139,-42.48626190660414],[-72.01457368388891,-42.48736561805415],[-72.01410299791179,-42.48830409976737],[-72.01362616197119,-42.48923358251505],[-72.0135842025425,-42.49042675393408],[-72.01332475930704,-42.49123112433435],[-72.01332484973692,-42.49193268604278],[-72.01329482701276,-42.49253148207913],[-72.01308964150736,-42.493063269939505],[-72.01306549670751,-42.49311240801924],[-72.01286636985732,-42.49363530017885],[-72.01279999421126,-42.493912341901414],[-72.01270947372211,-42.49436368464364],[-72.01260086718518,-42.49484627368108],[-72.01286067276565,-42.49539141139859],[-72.01334384001272,-42.49597672740507],[-72.01424985563298,-42.49697759794018],[-72.01517992272363,-42.49775951816297],[-72.01545184359344,-42.49830912501787],[-72.0155847745576,-42.49870674327442],[-72.01601964830068,-42.498956992799556],[-72.01664767757923,-42.49905962351272],[-72.0181139793648,-42.4992174416363]]]},"id":"36,755","properties":{"area_m2":4.837619294060313E7,"cell_size_m":7000,"grid_id":"36,755"}},{"type":"Feature","geometry":{"type":"Polygon","coordinates":[[[-71.93530098612915,-42.54980616805512],[-71.85014743091611,-42.551957588259064],[-71.84728491221493,-42.488994714021274],[-71.93235323893953,-42.486848003062015],[-71.93530098612915,-42.54980616805512]]]},"id":"37,755","properties":{"area_m2":4.889071068972912E7,"cell_size_m":7000,"grid_id":"37,755"}},{"type":"Feature","geometry":{"type":"Polygon","coordinates":[[[-71.85014743091611,-42.551957588259064],[-71.7649846800521,-42.554045807908885],[-71.76220742430017,-42.491078362459305],[-71.84728491221493,-42.488994714021274],[-71.85014743091611,-42.551957588259064]]]},"id":"38,755","properties":{"area_m2":4.889462752055054E7,"cell_size_m":7000,"grid_id":"38,755"}},{"type":"Feature","geometry":{"type":"Polygon","coordinates":[[[-71.7649846800521,-42.554045807908885],[-71.67981300662213,-42.55607080821806],[-71.67712104726242,-42.49309892965812],[-71.76220742430017,-42.491078362459305],[-71.7649846800521,-42.554045807908885]]]},"id":"39,755","properties":{"area_m2":4.8898427579033144E7,"cell_size_m":7000,"grid_id":"39,755"}},{"type":"Feature","geometry":{"type":"Polygon","coordinates":[[[-71.67981300662213,-42.55607080821806],[-71.59463268389263,-42.55803257096526],[-71.59202605334912,-42.49505639746287],[-71.67712104726242,-42.49309892965812],[-71.67981300662213,-42.55607080821806]]]},"id":"40,755","properties":{"area_m2":4.890211082898479E7,"cell_size_m":7000,"grid_id":"40,755"}},{"type":"Feature","geometry":{"type":"Polygon","coordinates":[[[-71.59463268389263,-42.55803257096526],[-71.509443985306,-42.55993107849487],[-71.5069227149825,-42.496950748282345],[-71.59202605334912,-42.49505639746287],[-71.59463268389263,-42.55803257096526]]]},"id":"41,755","properties":{"area_m2":4.8905677235336736E7,"cell_size_m":7000,"grid_id":"41,755"}},{"type":"Feature","geometry":{"type":"Polygon","coordinates":[[[-71.509443985306,-42.55993107849487],[-71.42424718447508,-42.561766313717456],[-71.42181130475413,-42.49878196508951],[-71.5069227149825,-42.496950748282345],[-71.509443985306,-42.55993107849487]]]},"id":"42,755","properties":{"area_m2":4.890912676409338E7,"cell_size_m":7000,"grid_id":"42,755"}},{"type":"Feature","geometry":{"type":"Polygon","coordinates":[[[-71.38948246666081,-42.49946091850047],[-71.42181130475413,-42.49878196508951],[-71.42424718447508,-42.561766313717456],[-71.37512693284873,-42.562795554464486],[-71.37389144713356,-42.5439576744304],[-71.38948246666081,-42.49946091850047]]]},"id":"43,755","properties":{"area_m2":2.4976717112097017E7,"cell_size_m":7000,"grid_id":"43,755"}},{"type":"Feature","geometry":{"type":"Polygon","coordinates":[[[-72.01730086176072,-42.48232345051715],[-72.0143888971863,-42.42168406202409],[-72.03555427135979,-42.42112501533357],[-72.03567991244478,-42.42134143622349],[-72.03607840695592,-42.42220822230572],[-72.03613320330048,-42.42300809527127],[-72.03613926164158,-42.423021498961624],[-72.0361453199826,-42.4232002854875],[-72.0363751751572,-42.424205631755264],[-72.03647807643296,-42.42493847380612],[-72.03621295637805,-42.42540771123862],[-72.03584529632165,-42.42580560119706],[-72.03580912708357,-42.4258413228327],[-72.03566454051061,-42.42618549063744],[-72.03561028661902,-42.42630613705012],[-72.03530917734155,-42.427106099749324],[-72.03501973237155,-42.42730284063801],[-72.03481474259021,-42.4274414310254],[-72.03441091140525,-42.4279018251912],[-72.03398899494456,-42.428527563142566],[-72.03384431706691,-42.42873764321198],[-72.03341019258981,-42.42913994343181],[-72.03304858748767,-42.42964055223338],[-72.03283156996198,-42.429957877064126],[-72.03321198349575,-42.430637006913855],[-72.03374910090047,-42.431137281297794],[-72.03411124769659,-42.43150366030431],[-72.03433450351771,-42.43173594343051],[-72.03560811646315,-42.43306717429275],[-72.03608491741322,-42.4335451870204],[-72.03634452178261,-42.433799820140216],[-72.03650149596267,-42.43404107796334],[-72.03697847633163,-42.434764878578335],[-72.03761279122462,-42.436368903272715],[-72.03807765321473,-42.436931769233574],[-72.03821084540017,-42.43766461075822],[-72.03860942695503,-42.43826325512302],[-72.03862751140498,-42.43833031898097],[-72.03884515767398,-42.43909435611546],[-72.03914147101393,-42.44009525405764],[-72.03947404327997,-42.44142676001845],[-72.03951084502778,-42.44229369043207],[-72.04000617621878,-42.443231940180915],[-72.04041081362949,-42.44386186556825],[-72.04097215105465,-42.444295103183954],[-72.04110498026179,-42.44435315293685],[-72.04210684875358,-42.44482647608945],[-72.04264385972974,-42.44489332389638],[-72.04334380809486,-42.445027070100025],[-72.04420117704667,-42.445889180381734],[-72.04437026343965,-42.44606340874575],[-72.04510673754531,-42.44652342749517],[-72.04511876344255,-42.44653677178762],[-72.04563813706739,-42.44712648111056],[-72.04606085083053,-42.44765359171632],[-72.04683990846343,-42.44862743302816],[-72.04713612343517,-42.44932440848757],[-72.04737220908832,-42.45032528724798],[-72.04748713236992,-42.450696155223326],[-72.0476746624761,-42.45129037528007],[-72.04801292164075,-42.451786242576134],[-72.04803706361936,-42.451822021500355],[-72.04803109593945,-42.45183986908846],[-72.0481339027723,-42.45220179991195],[-72.04813408361103,-42.45235819472052],[-72.04770576678314,-42.452523739064645],[-72.04750060488391,-42.45255512622566],[-72.04734978502822,-42.45256412504843],[-72.04680066628694,-42.452595567175905],[-72.04447144396796,-42.452592030728205],[-72.0444292176033,-42.45260547828194],[-72.04353622353096,-42.45275330654568],[-72.0433672270855,-42.45275333741701],[-72.04208831240862,-42.45321854208768],[-72.04121954427511,-42.453491463401136],[-72.04111094808043,-42.45355853968439],[-72.04057402476491,-42.45368835579714],[-72.03873420963728,-42.45483738818436],[-72.0364055572599,-42.45600000368978],[-72.03442646425094,-42.456451915918315],[-72.0341489543415,-42.45658610273258],[-72.03395002234818,-42.45689004854278],[-72.03387786425604,-42.4573503302786],[-72.03377541420305,-42.457752488456094],[-72.03371519200195,-42.457877682456136],[-72.03358272120154,-42.458503288369386],[-72.03305835327262,-42.45968316944336],[-72.03277505495547,-42.46033565516789],[-72.03279955986359,-42.46101039664078],[-72.03278147506076,-42.46111319718085],[-72.03311378313859,-42.46188171500007],[-72.03315013355079,-42.46209169146241],[-72.03324697753787,-42.46268152500832],[-72.03324109998586,-42.46288264544194],[-72.03321116968075,-42.46331164523153],[-72.03298194503925,-42.46364688328599],[-72.0325780209532,-42.46444682770177],[-72.03268110438499,-42.46538077455567],[-72.03268716279611,-42.46539416848204],[-72.03291069095314,-42.46591243699],[-72.03281447982513,-42.46651577250696],[-72.03241634265697,-42.4669805991093],[-72.03167414049719,-42.46736508827273],[-72.03164402918647,-42.467378520326555],[-72.0310466852604,-42.46781217070479],[-72.03076926263766,-42.46827251496238],[-72.03068480602539,-42.46841104283362],[-72.03055215303272,-42.46871493555649],[-72.0301965125105,-42.469608752961555],[-72.0301784275502,-42.46964452651822],[-72.02999151942139,-42.47012273763667],[-72.0293037471397,-42.47086464880039],[-72.02819947416343,-42.47159776524109],[-72.02793416591525,-42.47210727621209],[-72.02743944769142,-42.47267938729876],[-72.02643780129004,-42.47355548289455],[-72.02631708264309,-42.47364043756896],[-72.02564756800533,-42.47481581144864],[-72.025020009706,-42.47544603707346],[-72.02425364530228,-42.47617453155725],[-72.02362002548831,-42.47670647990778],[-72.02332432975481,-42.47684059669921],[-72.02287771108921,-42.47724284384927],[-72.02243715037666,-42.47748869840179],[-72.0216525130378,-42.47779718010605],[-72.02124206288458,-42.478016244462744],[-72.02081958529497,-42.47823974895395],[-72.02069289615864,-42.478472154457954],[-72.02071107211938,-42.478659817635794],[-72.02073530673199,-42.4788430156941],[-72.02081397878186,-42.479459693500665],[-72.02061494749853,-42.48000491368077],[-72.02057271776356,-42.4801300411757],[-72.0202830776865,-42.48051885709282],[-72.01975190436755,-42.48095681166948],[-72.01925708220686,-42.48145739119065],[-72.01845426045199,-42.48197146076311],[-72.01792308389534,-42.482239627909436],[-72.01730086176072,-42.48232345051715]]]},"id":"35,756","properties":{"area_m2":1.0460570575959781E7,"cell_size_m":7000,"grid_id":"35,756"}},{"type":"Feature","geometry":{"type":"Polygon","coordinates":[[[-72.0148457284988,-42.4847058442551],[-71.93235323893953,-42.486848003062015],[-71.92941492485322,-42.42388897861278],[-72.0143888971863,-42.42168406202409],[-72.01730086176072,-42.48232345051715],[-72.01719260155909,-42.48233803441534],[-72.01692701228191,-42.482338135341855],[-72.01655887639886,-42.482771634481864],[-72.01629943573259,-42.483343612719395],[-72.01570178992905,-42.48366095694531],[-72.01508008872761,-42.4842598404959],[-72.01495339716858,-42.4844028655548],[-72.0148457284988,-42.4847058442551]]]},"id":"36,756","properties":{"area_m2":4.8856378592883535E7,"cell_size_m":7000,"grid_id":"36,756"}},{"type":"Feature","geometry":{"type":"Polygon","coordinates":[[[-71.93235323893953,-42.486848003062015],[-71.84728491221493,-42.488994714021274],[-71.84443155473474,-42.4260309896523],[-71.92941492485322,-42.42388897861278],[-71.93235323893953,-42.486848003062015]]]},"id":"37,756","properties":{"area_m2":4.889142843573778E7,"cell_size_m":7000,"grid_id":"37,756"}},{"type":"Feature","geometry":{"type":"Polygon","coordinates":[[[-71.84728491221493,-42.488994714021274],[-71.76220742430017,-42.491078362459305],[-71.75943905770117,-42.42811007593218],[-71.84443155473474,-42.4260309896523],[-71.84728491221493,-42.488994714021274]]]},"id":"38,756","properties":{"area_m2":4.889534543984486E7,"cell_size_m":7000,"grid_id":"38,756"}},{"type":"Feature","geometry":{"type":"Polygon","coordinates":[[[-71.76220742430017,-42.491078362459305],[-71.67712104726242,-42.49309892965812],[-71.67443770480732,-42.43012621880266],[-71.75943905770117,-42.42811007593218],[-71.76220742430017,-42.491078362459305]]]},"id":"39,756","properties":{"area_m2":4.889914566646917E7,"cell_size_m":7000,"grid_id":"39,756"}},{"type":"Feature","geometry":{"type":"Polygon","coordinates":[[[-71.67712104726242,-42.49309892965812],[-71.59202605334912,-42.49505639746287],[-71.5894277672871,-42.43207940017508],[-71.67443770480732,-42.43012621880266],[-71.67712104726242,-42.49309892965812]]]},"id":"40,756","properties":{"area_m2":4.890282907940263E7,"cell_size_m":7000,"grid_id":"40,756"}},{"type":"Feature","geometry":{"type":"Polygon","coordinates":[[[-71.59202605334912,-42.49505639746287],[-71.5069227149825,-42.496950748282345],[-71.50440951654801,-42.43396960252235],[-71.5894277672871,-42.43207940017508],[-71.59202605334912,-42.49505639746287]]]},"id":"41,756","properties":{"area_m2":4.890639564357601E7,"cell_size_m":7000,"grid_id":"41,756"}},{"type":"Feature","geometry":{"type":"Polygon","coordinates":[[[-71.5069227149825,-42.496950748282345],[-71.42181130475413,-42.49878196508951],[-71.41938322416587,-42.4357968088795],[-71.50440951654801,-42.43396960252235],[-71.5069227149825,-42.496950748282345]]]},"id":"42,756","properties":{"area_m2":4.890984532497806E7,"cell_size_m":7000,"grid_id":"42,756"}},{"type":"Feature","geometry":{"type":"Polygon","coordinates":[[[-71.39029432786394,-42.43640739717949],[-71.41938322416587,-42.4357968088795],[-71.42181130475413,-42.49878196508951],[-71.38948246666081,-42.49946091850047],[-71.39069180191774,-42.49600673902292],[-71.3934311137652,-42.46435243895244],[-71.39487772665164,-42.44762511849835],[-71.39514227852041,-42.4445878812369],[-71.39029432786394,-42.43640739717949]]]},"id":"43,756","properties":{"area_m2":1.6017516080429541E7,"cell_size_m":7000,"grid_id":"43,756"}},{"type":"Feature","geometry":{"type":"Polygon","coordinates":[[[-72.09819255728885,-42.39584863360413],[-72.09625501960774,-42.35646617002778],[-72.13376715214983,-42.35544601841176],[-72.13353068717161,-42.35574494093165],[-72.13325462647849,-42.356232374224255],[-72.13296093883248,-42.35697002726625],[-72.13175798246046,-42.35797692902051],[-72.13143970620068,-42.35848666652216],[-72.13137968473694,-42.3585895457574],[-72.13089869903551,-42.35909950280066],[-72.13086932100691,-42.35943028378056],[-72.13086344540083,-42.359533045785305],[-72.13089987415658,-42.35963575714507],[-72.13102714878103,-42.360002086387446],[-72.13159464106648,-42.360533169619615],[-72.13171540704232,-42.36064927031871],[-72.13207146751297,-42.36092590610167],[-72.1322645481038,-42.36106416452842],[-72.13256049628862,-42.361394534917515],[-72.13268777018628,-42.361720609298935],[-72.13291185527268,-42.36229232582135],[-72.13297232838661,-42.36239503427588],[-72.13315374765293,-42.36269871940257],[-72.13328065971811,-42.362881805202385],[-72.13346207879201,-42.3631899266284],[-72.13364349775269,-42.36349353452402],[-72.1338909938901,-42.363676467379264],[-72.13394586243548,-42.36398479582809],[-72.13407304533365,-42.364283988638135],[-72.13409727064126,-42.364328700275564],[-72.13465888140459,-42.364895541534125],[-72.1353241713598,-42.3660297952599],[-72.13545731956054,-42.36632011083012],[-72.1356399123775,-42.36715108373325],[-72.1355992357698,-42.367852712615935],[-72.13552746414143,-42.368134292889195],[-72.13539603343094,-42.36864394589191],[-72.13500662214594,-42.36973475309745],[-72.13433373846337,-42.37069629232729],[-72.13379843144409,-42.371192975792006],[-72.1333954590456,-42.371559840312045],[-72.13299239569518,-42.37189103307212],[-72.13249288200782,-42.372222238021074],[-72.13216195145752,-42.372459499783545],[-72.13186166397284,-42.372960330242314],[-72.13139893861144,-42.37359092451464],[-72.13099560131184,-42.373823754080114],[-72.13056252381726,-42.37422641914601],[-72.13019633735504,-42.37492399455719],[-72.13039086549604,-42.37572364591367],[-72.13079619230133,-42.37645607150442],[-72.13102714878103,-42.37738529852813],[-72.13109385946392,-42.37758632337129],[-72.13129399142079,-42.378189320865175],[-72.13126434225069,-42.37842623652096],[-72.13115731595296,-42.37911901578543],[-72.13119555254865,-42.380151191123154],[-72.13139541325422,-42.38058891018669],[-72.13184268130988,-42.38118273268843],[-72.13199381943025,-42.38138812995619],[-72.13206134343352,-42.38198238655547],[-72.13201958160201,-42.38217907778898],[-72.13185840980213,-42.382921022053466],[-72.13191382109284,-42.38348851205085],[-72.13192611462408,-42.383618076236466],[-72.13186130239832,-42.38431523644432],[-72.131464564484,-42.38485195925491],[-72.13115767752836,-42.3851114811096],[-72.13095917256808,-42.38528154317798],[-72.13057400385935,-42.38561265369041],[-72.1303333748508,-42.38581399266054],[-72.12932773869242,-42.3863201471284],[-72.12839323970263,-42.38624969178954],[-72.12782655472736,-42.38621457105161],[-72.12707320279074,-42.38627793046752],[-72.1262845947158,-42.38677488272631],[-72.12602588307334,-42.38705221828624],[-72.12576708080557,-42.38724465362992],[-72.12535171308062,-42.38754447038099],[-72.12500902296222,-42.38799618687239],[-72.12418388931158,-42.38832328952774],[-72.12361159158284,-42.38852500835728],[-72.12295531449118,-42.388923433970064],[-72.12262428270337,-42.389205348498386],[-72.12233555614571,-42.389522929127914],[-72.12202884036286,-42.389916458068356],[-72.12173423742533,-42.39031003680872],[-72.1210541817019,-42.390891672008976],[-72.12065706747754,-42.39129873653002],[-72.12047075897881,-42.391580453970334],[-72.12034492609722,-42.39200955820659],[-72.11985226091639,-42.3928770413191],[-72.11926250796193,-42.3934362597591],[-72.11885336840945,-42.39385226832083],[-72.11802866933138,-42.39451895184827],[-72.11752894919042,-42.394854575932484],[-72.11635449501428,-42.39547696102215],[-72.11563175858888,-42.39587534383164],[-72.11506586240338,-42.39631833470553],[-72.11480714081094,-42.39658226164868],[-72.11455447572227,-42.396877483603205],[-72.11418736516295,-42.397271026972355],[-72.11372379815388,-42.397606669640275],[-72.11323021780787,-42.39805405091224],[-72.11310383940943,-42.39817925015949],[-72.11271213834667,-42.39829584154331],[-72.11236816779066,-42.39814421119454],[-72.11212065337934,-42.39792998238062],[-72.11178879570798,-42.397796221686484],[-72.1113727752894,-42.39779662360861],[-72.11069152023595,-42.397810749994925],[-72.10984157639602,-42.3978741108741],[-72.1092205246134,-42.39782104132418],[-72.10878623958519,-42.39771421971203],[-72.10833984018964,-42.39757163528832],[-72.10772420928666,-42.39721474149433],[-72.1070970057225,-42.397054502781764],[-72.10671063030114,-42.396782232763215],[-72.10599220932174,-42.39617515653516],[-72.10558169517108,-42.39583595153773],[-72.1050022192511,-42.39543423629951],[-72.10369925306286,-42.394993051614094],[-72.10276449126269,-42.39480623905361],[-72.10241472324246,-42.39473952349926],[-72.1018782728498,-42.39480698769848],[-72.10157081238282,-42.39478939563208],[-72.09990712111865,-42.39492492165692],[-72.09934065211415,-42.39509523928579],[-72.09893727055088,-42.39542180331826],[-72.09850360311052,-42.395690262261695],[-72.09819255728885,-42.39584863360413]]]},"id":"34,757","properties":{"area_m2":1.1968904970768966E7,"cell_size_m":7000,"grid_id":"34,757"}},{"type":"Feature","geometry":{"type":"Polygon","coordinates":[[[-72.03555427135979,-42.42112501533357],[-72.0143888971863,-42.42168406202409],[-72.01137533027826,-42.35872900698983],[-72.09625501960774,-42.35646617002778],[-72.09819255728885,-42.39584863360413],[-72.09817832950867,-42.39585587774723],[-72.09787113637641,-42.39607959160897],[-72.09725087286547,-42.39649123575933],[-72.09708832581991,-42.396665639719714],[-72.09676277943636,-42.39665697493695],[-72.09641888055975,-42.39649643488629],[-72.0960386385885,-42.39621966408199],[-72.09544115324113,-42.395822500916424],[-72.09491617154319,-42.395519021731104],[-72.09428903099212,-42.39537653304264],[-72.09377652318197,-42.3953323268572],[-72.09371016560512,-42.39531001598711],[-72.09367997019052,-42.39531002990272],[-72.09270919499879,-42.39522146473893],[-72.09187746104946,-42.3953918823743],[-72.09128078089724,-42.395490677346686],[-72.09074449097578,-42.39569218922246],[-72.09057579269646,-42.395754918896735],[-72.08992504676614,-42.396028027168455],[-72.0891715068557,-42.39601968662546],[-72.08896022603291,-42.39583661908411],[-72.08867634826576,-42.39545251678804],[-72.08815705013848,-42.394907778500944],[-72.08784333721165,-42.39473817959916],[-72.08744518349393,-42.394564223896325],[-72.08698663703734,-42.394296413217816],[-72.08661858789591,-42.39405094676551],[-72.08631074983035,-42.39380091745366],[-72.08616555502459,-42.39343010400958],[-72.08617703680822,-42.3930279323444],[-72.08611664442942,-42.39294752960677],[-72.08556135943209,-42.392460888705735],[-72.08468024240503,-42.39169294452911],[-72.08417314235889,-42.391197247380134],[-72.08385960600499,-42.39112154050146],[-72.0834856763993,-42.39103240157829],[-72.0831719584966,-42.39081369553445],[-72.08292441946621,-42.39053684859485],[-72.08277931340031,-42.39025089316616],[-72.08280869625433,-42.38967894325954],[-72.08282614514776,-42.38917393400159],[-72.08224689557841,-42.38874986356636],[-72.08192106154489,-42.38848192695075],[-72.08187829806148,-42.388097680296774],[-72.08158247946095,-42.38772250507002],[-72.08141956212206,-42.38761089685347],[-72.08076228648339,-42.38743707432253],[-72.08053897516959,-42.38720490844771],[-72.080327778565,-42.387017381491525],[-72.08026702334938,-42.38667328236029],[-72.08013357881399,-42.38604780965222],[-72.07990954374685,-42.3852078169776],[-72.07983052568825,-42.384694001524124],[-72.07963722970734,-42.3844081113661],[-72.0792208021077,-42.384006216643385],[-72.07879867808995,-42.383841151720276],[-72.07844282409037,-42.38363140974475],[-72.07796600075665,-42.38315359744399],[-72.07771863817766,-42.382961613231885],[-72.0776940465649,-42.38256389337286],[-72.07721776448447,-42.382465883742],[-72.07660948207682,-42.382864013945344],[-72.07621212688443,-42.38328883298705],[-72.07515232960186,-42.38414303035036],[-72.07476708755547,-42.384621416177886],[-72.07461673362354,-42.384903086453264],[-72.07446059328973,-42.38541705366552],[-72.07440679854066,-42.38577906922278],[-72.07425065809589,-42.38625731914524],[-72.07385375178781,-42.38703065549751],[-72.07329916700111,-42.387039936493494],[-72.07280515711349,-42.38732622751088],[-72.07228772969327,-42.388126445585],[-72.07222181933828,-42.38852866438578],[-72.07189073033692,-42.38892663013701],[-72.07099908465607,-42.38939186702883],[-72.07011376517328,-42.39010294971591],[-72.06957761758869,-42.39040720706077],[-72.06865603819688,-42.39116295177768],[-72.06792721722223,-42.391659381444036],[-72.06669180687092,-42.39209357926046],[-72.0636555181078,-42.39413747569769],[-72.06075699151796,-42.39547068908435],[-72.05989551118675,-42.39612359533364],[-72.05939533065245,-42.3962892159981],[-72.05870193003172,-42.3962582741541],[-72.05866576357073,-42.39625833241865],[-72.05826187431822,-42.39625850463521],[-72.0570320295156,-42.396326169032214],[-72.05639902183444,-42.39635773335007],[-72.05566384152962,-42.3967290009691],[-72.05553119965495,-42.39679165871645],[-72.05492865940485,-42.39710920089074],[-72.05410314834441,-42.39769053452187],[-72.0535365010348,-42.39782482020149],[-72.05299996180122,-42.39782066042069],[-72.05236685510992,-42.39775388399066],[-72.05160101302289,-42.397588920170755],[-72.05072060864907,-42.39739711079408],[-72.04937029456589,-42.397513942833584],[-72.04894821843638,-42.39747384486435],[-72.04733848257793,-42.39752371559465],[-72.04730837284824,-42.3975147865277],[-72.04700076516507,-42.39742102800984],[-72.04636782654553,-42.39748837652516],[-72.04600623715028,-42.39772534852851],[-72.0457048671088,-42.39785949307761],[-72.04513820380171,-42.39795802695939],[-72.04477661291354,-42.39812352607389],[-72.04453555207756,-42.398253219977455],[-72.04445146104239,-42.3987001311959],[-72.0444093250954,-42.3988878026815],[-72.04400559731842,-42.39912035705041],[-72.04368605069006,-42.399165190409306],[-72.04352338378298,-42.39926354582532],[-72.04257667689745,-42.39915664152523],[-72.04190746995833,-42.39912112174979],[-72.04097296484848,-42.39912151150395],[-72.04040629254412,-42.39922444465564],[-72.0398396191631,-42.39945255854147],[-72.03887526825874,-42.399886325561646],[-72.03837523322936,-42.40055234175379],[-72.03712161550507,-42.40139735528712],[-72.03563913160593,-42.40265796241783],[-72.03510861850121,-42.40272067323855],[-72.03447574506485,-42.4032526474468],[-72.03408403018733,-42.40358796095365],[-72.03373472352796,-42.40433877636137],[-72.03254754803716,-42.40552335115713],[-72.03076311376306,-42.406444316824434],[-72.02978046772189,-42.40681548879132],[-72.029014929331,-42.40735196153257],[-72.02848431404536,-42.40751737837935],[-72.02798408077746,-42.40808505450686],[-72.02748402752468,-42.409050387627516],[-72.02741792639026,-42.40961795604625],[-72.02761134676851,-42.41048479597458],[-72.02761731485673,-42.4105116337046],[-72.02761767655903,-42.41121318428853],[-72.02763576167412,-42.41128471354063],[-72.0276841393516,-42.41154835347073],[-72.02768432020272,-42.41201758655299],[-72.02768450105384,-42.41234378849781],[-72.02781733616901,-42.41274592317386],[-72.02811284661541,-42.412844166442625],[-72.0286315264241,-42.41284400565684],[-72.02871589319082,-42.412843969690535],[-72.02884854699776,-42.41283501753195],[-72.02908374286677,-42.412812612431864],[-72.02971707984305,-42.4130136002124],[-72.03088120830324,-42.413545008220076],[-72.03194893997659,-42.414215050745284],[-72.03264267416237,-42.41467955312362],[-72.03381284961925,-42.41508144851862],[-72.03427156872235,-42.415764961583946],[-72.0342776271012,-42.415778366983915],[-72.03451299954632,-42.41618046485165],[-72.03488120378309,-42.416810469456316],[-72.03497813763241,-42.417610320132425],[-72.03491249027147,-42.418745367397804],[-72.03494893088822,-42.41927715782642],[-72.035027599202,-42.419683795982365],[-72.0351122354337,-42.42010825368891],[-72.03531161876934,-42.420707033670034],[-72.03555427135979,-42.42112501533357]]]},"id":"35,757","properties":{"area_m2":3.3135863656081527E7,"cell_size_m":7000,"grid_id":"35,757"}},{"type":"Feature","geometry":{"type":"Polygon","coordinates":[[[-72.0143888971863,-42.42168406202409],[-71.92941492485322,-42.42388897861278],[-71.9264860085838,-42.36092909552281],[-72.01137533027826,-42.35872900698983],[-72.0143888971863,-42.42168406202409]]]},"id":"36,757","properties":{"area_m2":4.888811213361924E7,"cell_size_m":7000,"grid_id":"36,757"}},{"type":"Feature","geometry":{"type":"Polygon","coordinates":[[[-71.92941492485322,-42.42388897861278],[-71.84443155473474,-42.4260309896523],[-71.84158732420026,-42.36306641592815],[-71.9264860085838,-42.36092909552281],[-71.92941492485322,-42.42388897861278]]]},"id":"37,757","properties":{"area_m2":4.889214605631991E7,"cell_size_m":7000,"grid_id":"37,757"}},{"type":"Feature","geometry":{"type":"Polygon","coordinates":[[[-71.84443155473474,-42.4260309896523],[-71.75943905770117,-42.42811007593218],[-71.7566795469922,-42.365140949065314],[-71.84158732420026,-42.36306641592815],[-71.84443155473474,-42.4260309896523]]]},"id":"38,757","properties":{"area_m2":4.8896063233684346E7,"cell_size_m":7000,"grid_id":"38,757"}},{"type":"Feature","geometry":{"type":"Polygon","coordinates":[[[-71.75943905770117,-42.42811007593218],[-71.67443770480732,-42.43012621880266],[-71.67176294700748,-42.36715267635242],[-71.7566795469922,-42.365140949065314],[-71.75943905770117,-42.42811007593218]]]},"id":"39,757","properties":{"area_m2":4.8899863628413856E7,"cell_size_m":7000,"grid_id":"39,757"}},{"type":"Feature","geometry":{"type":"Polygon","coordinates":[[[-71.67443770480732,-42.43012621880266],[-71.5894277672871,-42.43207940017508],[-71.58683779447186,-42.36910157976666],[-71.67176294700748,-42.36715267635242],[-71.67443770480732,-42.43012621880266]]]},"id":"40,757","properties":{"area_m2":4.890354720429685E7,"cell_size_m":7000,"grid_id":"40,757"}},{"type":"Feature","geometry":{"type":"Polygon","coordinates":[[[-71.5894277672871,-42.43207940017508],[-71.50440951654801,-42.43396960252235],[-71.50190435978368,-42.37098764184481],[-71.58683779447186,-42.36910157976666],[-71.5894277672871,-42.43207940017508]]]},"id":"41,757","properties":{"area_m2":4.890711392626458E7,"cell_size_m":7000,"grid_id":"41,757"}},{"type":"Feature","geometry":{"type":"Polygon","coordinates":[[[-71.50440951654801,-42.43396960252235],[-71.41938322416587,-42.4357968088795],[-71.41696291350833,-42.37281084568369],[-71.50190435978368,-42.37098764184481],[-71.50440951654801,-42.43396960252235]]]},"id":"42,757","properties":{"area_m2":4.891056376032797E7,"cell_size_m":7000,"grid_id":"42,757"}},{"type":"Feature","geometry":{"type":"Polygon","coordinates":[[[-71.35814741402199,-42.3740363179279],[-71.41696291350833,-42.37281084568369],[-71.41938322416587,-42.4357968088795],[-71.39029432786394,-42.43640739717949],[-71.38396008316396,-42.425715397446595],[-71.37637746416038,-42.42154095435715],[-71.36937891797503,-42.414544966962616],[-71.35958632860623,-42.3996235332885],[-71.35865405419078,-42.3763053784999],[-71.35814741402199,-42.3740363179279]]]},"id":"43,757","properties":{"area_m2":2.876478625458242E7,"cell_size_m":7000,"grid_id":"43,757"}},{"type":"Feature","geometry":{"type":"Polygon","coordinates":[[[-72.13376715214983,-42.35544601841176],[-72.09625501960774,-42.35646617002778],[-72.09316674004171,-42.29351520327473],[-72.13989260289189,-42.29224412099327],[-72.13989103843016,-42.29227695882569],[-72.13979070425663,-42.293206561940856],[-72.1395827141161,-42.29438659401915],[-72.13932464704614,-42.29473991892364],[-72.13895250579196,-42.29524085747101],[-72.13852043446349,-42.295808901902454],[-72.13812415760015,-42.29626966670195],[-72.1375235946439,-42.2969049491112],[-72.13709161158083,-42.29757134187287],[-72.13691182183031,-42.29791117918982],[-72.13649149844994,-42.29841213668915],[-72.13624590276527,-42.298984469555805],[-72.13592862573603,-42.29980263142155],[-72.13511843783526,-42.30092077036835],[-72.13434304892797,-42.30147130270171],[-72.13392245065216,-42.3018650648244],[-72.1336460287588,-42.30207096820439],[-72.13356187279336,-42.30213811495137],[-72.13329141650742,-42.302334991933414],[-72.13320744122574,-42.30250044716297],[-72.13324396008103,-42.30267022853717],[-72.13352734262648,-42.30290227862825],[-72.133961500421,-42.30323691028389],[-72.13397957901591,-42.303250301954265],[-72.13434142185652,-42.30356269096318],[-72.1343957479598,-42.30360288011266],[-72.13458268029754,-42.30375461048667],[-72.13497462314527,-42.30406694393884],[-72.13505904987952,-42.3041338906021],[-72.13536041877148,-42.30430332372991],[-72.13536123230436,-42.30469656329156],[-72.13536132269691,-42.304732275098445],[-72.1351450132636,-42.30491131590879],[-72.13495871403629,-42.30506792410964],[-72.13439312656737,-42.305233975487155],[-72.13365913575446,-42.305435870534524],[-72.13299113018927,-42.30556624492965],[-72.13249188768005,-42.305763471260455],[-72.13175942875905,-42.30670274716867],[-72.13143003406806,-42.30755669007437],[-72.13135193384512,-42.30764614174918],[-72.13072098451573,-42.308196492356025],[-72.12919946898555,-42.30903389643352],[-72.1288626590421,-42.30916384066291],[-72.12803256459476,-42.30956250467103],[-72.1273291112566,-42.30999678200509],[-72.12693245755841,-42.310363606048504],[-72.12646448143167,-42.31119535441877],[-72.12642289958762,-42.31146794891591],[-72.12611148754512,-42.31229501730661],[-72.12608816552678,-42.3127061619969],[-72.12582538591217,-42.313738767521606],[-72.12540495611479,-42.314284408414764],[-72.12476820856243,-42.31502692608623],[-72.12422845454324,-42.31612680588503],[-72.12383261018812,-42.31692711731199],[-72.12359993047387,-42.31802665289324],[-72.12333687742635,-42.31896091717346],[-72.12290053427044,-42.32062379359839],[-72.12266776341568,-42.321723302145614],[-72.12219987083624,-42.322626493458834],[-72.12186929017435,-42.32295311060744],[-72.12150236960794,-42.323190287739],[-72.12103375198262,-42.32372259078312],[-72.1208355113138,-42.32399092639292],[-72.12090195313984,-42.324089200604895],[-72.12098629355845,-42.324115925563426],[-72.12193229668982,-42.32442324092099],[-72.12260096040595,-42.324520855676205],[-72.12260096040595,-42.32452529777284],[-72.1235647663517,-42.3246806390657],[-72.1238658759596,-42.324671384870285],[-72.12463125884314,-42.32498783316538],[-72.1252937694619,-42.32502290900626],[-72.12593277575235,-42.325321606536455],[-72.12623460607603,-42.32571894741931],[-72.12668694419646,-42.32606252982406],[-72.12676540725217,-42.32612056577737],[-72.12726004943914,-42.326522200684494],[-72.12786244149405,-42.32661984842894],[-72.12839848259563,-42.32665499435768],[-72.13089698155083,-42.326321485295736],[-72.1317637676548,-42.326119430414785],[-72.13296211394523,-42.32609123982176],[-72.13342637350242,-42.326354349643665],[-72.13409537238962,-42.32659037874028],[-72.13492680542302,-42.326786054324444],[-72.13575787450763,-42.32678504709133],[-72.13672724118638,-42.32668562849425],[-72.13716067106321,-42.32658680273768],[-72.13795539628084,-42.32652321676968],[-72.13813627008528,-42.32661238531473],[-72.13826308958211,-42.32674633335452],[-72.13833594523378,-42.32702331207827],[-72.13813175050134,-42.3272693153036],[-72.13792131859493,-42.327452782109326],[-72.13749430767687,-42.32772587912154],[-72.13708555531652,-42.32807049803326],[-72.13693577572506,-42.32840131891384],[-72.13666125493356,-42.32956803285804],[-72.1364460311747,-42.330318983178856],[-72.1366114488616,-42.33161922151049],[-72.13655856944735,-42.33221808504048],[-72.13662600199785,-42.332781052419406],[-72.13695891608944,-42.333549272375706],[-72.13742443474672,-42.33434865919356],[-72.13772137198583,-42.33517945503938],[-72.13769253699785,-42.335747044064625],[-72.13753661107273,-42.336073406637],[-72.13697771763417,-42.336659476142444],[-72.1367798493936,-42.337075280308476],[-72.13662446533132,-42.33763411865886],[-72.13621580213892,-42.33804120931217],[-72.13592184630855,-42.338586755662575],[-72.13582720548436,-42.33941355829957],[-72.13600365138961,-42.34020885763492],[-72.13649900100164,-42.34088299132946],[-72.13656643356596,-42.341445941792685],[-72.13662229591974,-42.34216988553634],[-72.13695430609512,-42.34251355727428],[-72.1372563961563,-42.342910884304175],[-72.13758234935278,-42.34324120305413],[-72.13822232295018,-42.34390625249614],[-72.13824049167155,-42.34392409114083],[-72.13836722073124,-42.34406250227722],[-72.13876042395233,-42.34478593661021],[-72.13891951292031,-42.34593864673683],[-72.13878808374507,-42.34643040787227],[-72.1384761425964,-42.34701171333159],[-72.13820596206081,-42.3474410196528],[-72.13728098276626,-42.34871127525662],[-72.13705852810565,-42.34890815255651],[-72.13658984513626,-42.34944046686461],[-72.13595863599978,-42.35008470246188],[-72.13533908613074,-42.35052785906628],[-72.13485168909865,-42.35083229708296],[-72.13454489611131,-42.35103374780265],[-72.13429224813694,-42.35122619798582],[-72.13410612914878,-42.351499053257385],[-72.13398590652386,-42.35164666100645],[-72.13385411354406,-42.352004293277936],[-72.13377104235529,-42.35258533337055],[-72.1337713135344,-42.352719375229995],[-72.1340554187093,-42.35315699028051],[-72.1341884770985,-42.35338920118416],[-72.13426115298645,-42.353563392156325],[-72.13435217860656,-42.353885003926884],[-72.13429342324432,-42.354600062847574],[-72.1342278884032,-42.35493533723439],[-72.13390925327538,-42.35526638248601],[-72.13376715214983,-42.35544601841176]]]},"id":"34,758","properties":{"area_m2":2.2050907796549197E7,"cell_size_m":7000,"grid_id":"34,758"}},{"type":"Feature","geometry":{"type":"Polygon","coordinates":[[[-72.09625501960774,-42.35646617002778],[-72.01137533027826,-42.35872900698983],[-72.00837139576731,-42.29577308461499],[-72.09316674004171,-42.29351520327473],[-72.09625501960774,-42.35646617002778]]]},"id":"35,758","properties":{"area_m2":4.8884678633760475E7,"cell_size_m":7000,"grid_id":"35,758"}},{"type":"Feature","geometry":{"type":"Polygon","coordinates":[[[-72.01137533027826,-42.35872900698983],[-71.9264860085838,-42.36092909552281],[-71.92356645503475,-42.297968354607384],[-72.00837139576731,-42.29577308461499],[-72.01137533027826,-42.35872900698983]]]},"id":"36,758","properties":{"area_m2":4.888882944690698E7,"cell_size_m":7000,"grid_id":"36,758"}},{"type":"Feature","geometry":{"type":"Polygon","coordinates":[[[-71.9264860085838,-42.36092909552281],[-71.84158732420026,-42.36306641592815],[-71.83875218652072,-42.30010099362492],[-71.92356645503475,-42.297968354607384],[-71.9264860085838,-42.36092909552281]]]},"id":"37,758","properties":{"area_m2":4.889286354799016E7,"cell_size_m":7000,"grid_id":"37,758"}},{"type":"Feature","geometry":{"type":"Polygon","coordinates":[[[-71.84158732420026,-42.36306641592815],[-71.7566795469922,-42.365140949065314],[-71.75392885908944,-42.302170982596735],[-71.83875218652072,-42.30010099362492],[-71.84158732420026,-42.36306641592815]]]},"id":"38,758","properties":{"area_m2":4.889678089859077E7,"cell_size_m":7000,"grid_id":"38,758"}},{"type":"Feature","geometry":{"type":"Polygon","coordinates":[[[-71.7566795469922,-42.365140949065314],[-71.67176294700748,-42.36715267635242],[-71.66909674178719,-42.3041783030085],[-71.75392885908944,-42.302170982596735],[-71.7566795469922,-42.365140949065314]]]},"id":"39,758","properties":{"area_m2":4.890058146139335E7,"cell_size_m":7000,"grid_id":"39,758"}},{"type":"Feature","geometry":{"type":"Polygon","coordinates":[[[-71.67176294700748,-42.36715267635242],[-71.58683779447186,-42.36910157976666],[-71.58425610383703,-42.306122936902945],[-71.66909674178719,-42.3041783030085],[-71.67176294700748,-42.36715267635242]]]},"id":"40,758","properties":{"area_m2":4.890426520021019E7,"cell_size_m":7000,"grid_id":"40,758"}},{"type":"Feature","geometry":{"type":"Polygon","coordinates":[[[-71.58683779447186,-42.36910157976666],[-71.50190435978368,-42.37098764184481],[-71.49940721463338,-42.30800486688044],[-71.58425610383703,-42.306122936902945],[-71.58683779447186,-42.36910157976666]]]},"id":"41,758","properties":{"area_m2":4.8907832079949826E7,"cell_size_m":7000,"grid_id":"41,758"}},{"type":"Feature","geometry":{"type":"Polygon","coordinates":[[[-71.50190435978368,-42.37098764184481],[-71.41696291350833,-42.37281084568369],[-71.41455034373679,-42.309824076099275],[-71.49940721463338,-42.30800486688044],[-71.50190435978368,-42.37098764184481]]]},"id":"42,758","properties":{"area_m2":4.8911282066615686E7,"cell_size_m":7000,"grid_id":"42,758"}},{"type":"Feature","geometry":{"type":"Polygon","coordinates":[[[-71.34418557226431,-42.31128487965558],[-71.41455034373679,-42.309824076099275],[-71.41696291350833,-42.37281084568369],[-71.35814741402199,-42.3740363179279],[-71.34419457389924,-42.31148117042425],[-71.34418557226431,-42.31128487965558]]]},"id":"43,758","properties":{"area_m2":3.722188968760879E7,"cell_size_m":7000,"grid_id":"43,758"}},{"type":"Feature","geometry":{"type":"Polygon","coordinates":[[[-72.13989260289189,-42.29224412099327],[-72.09316674004171,-42.29351520327473],[-72.0900883254506,-42.230563360294056],[-72.15889117954492,-42.22868733612699],[-72.15875207066085,-42.22902361853695],[-72.158549246108,-42.22968082653807],[-72.15804543797915,-42.23019095283335],[-72.1578416186891,-42.23043700749127],[-72.15683499332744,-42.23187732274653],[-72.15702380928845,-42.232833382278834],[-72.1569528564406,-42.23332511386904],[-72.1569528564406,-42.23332956410554],[-72.15664147717611,-42.233866234060905],[-72.15654087764969,-42.23453223235206],[-72.15648185562911,-42.23495684517714],[-72.156386950364,-42.23548878090801],[-72.15628598920487,-42.23600726611961],[-72.15620861876721,-42.2363559035961],[-72.15614345042688,-42.23673589219791],[-72.15604809312015,-42.23708011086878],[-72.15589262900757,-42.23745124470663],[-72.15559281803797,-42.237795747741345],[-72.15507689297608,-42.238328184827616],[-72.15478937372181,-42.23879333157763],[-72.15454379354753,-42.23918247131974],[-72.15420891115541,-42.23996498918214],[-72.15413759606956,-42.24032703931489],[-72.15407333112923,-42.2410957830011],[-72.15374396178738,-42.24165930281074],[-72.15359563699693,-42.24251747676134],[-72.15354863582866,-42.24295991850109],[-72.15359780628141,-42.24340675252043],[-72.15367101962389,-42.24382672789725],[-72.15408688913472,-42.24419708294431],[-72.1545990197293,-42.244553901606935],[-72.15520090307857,-42.244767549515934],[-72.15613377911853,-42.245003151218285],[-72.1578910595678,-42.24545658846861],[-72.15893790265726,-42.24557577769731],[-72.16016587314368,-42.245953943218844],[-72.1613459346614,-42.24645724097484],[-72.16185787161272,-42.24672908965532],[-72.16406766812788,-42.24765998876475],[-72.16459189239139,-42.2480301389094],[-72.16524834636165,-42.24833750883172],[-72.16571246374889,-42.248716698037356],[-72.16627862268093,-42.24902871086232],[-72.16662216781236,-42.24929187545002],[-72.16715831793283,-42.2495994418747],[-72.16754388987388,-42.24982673680404],[-72.16776713452643,-42.250099006446014],[-72.16826758152561,-42.25054073662982],[-72.16849136791025,-42.251022992091656],[-72.16849290440743,-42.25157264352932],[-72.16851794027232,-42.251943575230335],[-72.16848287198445,-42.25232347955844],[-72.16850790785018,-42.252694333172045],[-72.1686235066389,-42.2531901730286],[-72.16864872325668,-42.2536191750521],[-72.16862594695684,-42.25411969154571],[-72.1685911498286,-42.254606828969465],[-72.168634171732,-42.25495976202634],[-72.16885135994028,-42.25517400890611],[-72.16913479798814,-42.25545953670242],[-72.16923150669699,-42.25563815784774],[-72.1691479937578,-42.25588856593757],[-72.16893198073997,-42.256081005133076],[-72.16870403712024,-42.256331624155],[-72.16857867709068,-42.256689311420786],[-72.16855572002096,-42.25711385471178],[-72.16859901307612,-42.2575562206521],[-72.16868415305287,-42.25789122932117],[-72.16851694606832,-42.258365154918636],[-72.16809721091828,-42.258888631715045],[-72.16811067788242,-42.2594248709475],[-72.16809983200531,-42.25986285209633],[-72.16789629096907,-42.260247445518],[-72.16744049229196,-42.260775404827534],[-72.16735164626316,-42.261280512847016],[-72.16693787467133,-42.26179506050459],[-72.1659413135661,-42.26259639967235],[-72.16583330587486,-42.26271720946712],[-72.16533050468387,-42.26368318841844],[-72.16509062762462,-42.2639918521959],[-72.16479688189581,-42.26438558165375],[-72.16455628132505,-42.2644082270531],[-72.16426759652843,-42.26443104617517],[-72.164033322367,-42.264587771293556],[-72.16395007907167,-42.26494535169855],[-72.16378268857224,-42.26537461552594],[-72.16280473565574,-42.26644407869316],[-72.16243858995352,-42.26677076986872],[-72.1623987305686,-42.26763332577946],[-72.16234043281881,-42.2683707202273],[-72.1620827475852,-42.26875989654363],[-72.16162648779245,-42.2691806190554],[-72.16159069559117,-42.26929233915766],[-72.16128456362763,-42.269587715585395],[-72.16052126595301,-42.26990164824932],[-72.15967942174754,-42.270099463764936],[-72.15884995786064,-42.27044469821642],[-72.15780989336761,-42.27078570759523],[-72.15722744838426,-42.27125579049252],[-72.15623546341907,-42.271610162518726],[-72.15619948977728,-42.27162809188612],[-72.15564054196349,-42.2719103330725],[-72.15500964549301,-42.27225977290526],[-72.15467376938898,-42.272689211595335],[-72.15462803380748,-42.27367244414042],[-72.1543402429468,-42.27411073965824],[-72.1538864113622,-42.27552796330442],[-72.15351465036376,-42.27606474952909],[-72.1534850034656,-42.27625244223073],[-72.15344469091018,-42.277003284972],[-72.1537836415935,-42.277811614812755],[-72.15364562092323,-42.27798164274646],[-72.15333939015031,-42.2782367491264],[-72.15284090577515,-42.27865303953435],[-72.15279426603263,-42.279292111041464],[-72.15185685984507,-42.279843009166],[-72.15000400263531,-42.28009569322566],[-72.14970960884413,-42.28028823637428],[-72.14835260958215,-42.28157256197878],[-72.14786677102559,-42.282283742872536],[-72.14741573133821,-42.28241835712669],[-72.14718162428966,-42.282651083745115],[-72.14666532267042,-42.28319241960025],[-72.14600051066897,-42.28457410270668],[-72.14511876241808,-42.285844359223994],[-72.14499248825618,-42.28590260416985],[-72.14461972154747,-42.286077360913005],[-72.14315368798107,-42.28714279960416],[-72.1427509997395,-42.28741142009221],[-72.14235463826422,-42.28777834175638],[-72.14202435168602,-42.288109432661784],[-72.14165799889203,-42.288445011030014],[-72.1412858606307,-42.28887898566347],[-72.14078771707113,-42.28950969113172],[-72.14048770967707,-42.28994348724364],[-72.14018851549214,-42.29071254792263],[-72.13991978280863,-42.291673612881425],[-72.13989260289189,-42.29224412099327]]]},"id":"34,759","properties":{"area_m2":3.7917651865901135E7,"cell_size_m":7000,"grid_id":"34,759"}},{"type":"Feature","geometry":{"type":"Polygon","coordinates":[[[-72.09316674004171,-42.29351520327473],[-72.00837139576731,-42.29577308461499],[-72.00537705774646,-42.23281629575477],[-72.0900883254506,-42.230563360294056],[-72.09316674004171,-42.29351520327473]]]},"id":"35,759","properties":{"area_m2":4.888539563119124E7,"cell_size_m":7000,"grid_id":"35,759"}},{"type":"Feature","geometry":{"type":"Polygon","coordinates":[[[-72.00837139576731,-42.29577308461499],[-71.92356645503475,-42.297968354607384],[-71.9206562292982,-42.23500675668156],[-72.00537705774646,-42.23281629575477],[-72.00837139576731,-42.29577308461499]]]},"id":"36,759","properties":{"area_m2":4.888954662782701E7,"cell_size_m":7000,"grid_id":"36,759"}},{"type":"Feature","geometry":{"type":"Polygon","coordinates":[[[-71.92356645503475,-42.297968354607384],[-71.83875218652072,-42.30010099362492],[-71.8359261077887,-42.23713472351874],[-71.9206562292982,-42.23500675668156],[-71.92356645503475,-42.297968354607384]]]},"id":"37,759","properties":{"area_m2":4.889358090725544E7,"cell_size_m":7000,"grid_id":"37,759"}},{"type":"Feature","geometry":{"type":"Polygon","coordinates":[[[-71.83875218652072,-42.30010099362492],[-71.75392885908944,-42.302170982596735],[-71.75118696108703,-42.239200177264706],[-71.8359261077887,-42.23713472351874],[-71.83875218652072,-42.30010099362492]]]},"id":"38,759","properties":{"area_m2":4.889749843106673E7,"cell_size_m":7000,"grid_id":"38,759"}},{"type":"Feature","geometry":{"type":"Polygon","coordinates":[[[-71.75392885908944,-42.302170982596735],[-71.66909674178719,-42.3041783030085],[-71.66643905724334,-42.24120309947242],[-71.75118696108703,-42.239200177264706],[-71.75392885908944,-42.302170982596735]]]},"id":"39,759","properties":{"area_m2":4.890129916193294E7,"cell_size_m":7000,"grid_id":"39,759"}},{"type":"Feature","geometry":{"type":"Polygon","coordinates":[[[-71.66909674178719,-42.3041783030085],[-71.58425610383703,-42.306122936902945],[-71.58168266448328,-42.24314347224991],[-71.66643905724334,-42.24120309947242],[-71.66909674178719,-42.3041783030085]]]},"id":"40,759","properties":{"area_m2":4.890498306364201E7,"cell_size_m":7000,"grid_id":"40,759"}},{"type":"Feature","geometry":{"type":"Polygon","coordinates":[[[-71.58425610383703,-42.306122936902945],[-71.49940721463338,-42.30800486688044],[-71.49691805120281,-42.24502127826074],[-71.58168266448328,-42.24314347224991],[-71.58425610383703,-42.306122936902945]]]},"id":"41,759","properties":{"area_m2":4.890855010113569E7,"cell_size_m":7000,"grid_id":"41,759"}},{"type":"Feature","geometry":{"type":"Polygon","coordinates":[[[-71.49940721463338,-42.30800486688044],[-71.41455034373679,-42.309824076099275],[-71.41214548596291,-42.24683650072444],[-71.49691805120281,-42.24502127826074],[-71.49940721463338,-42.30800486688044]]]},"id":"42,759","properties":{"area_m2":4.891200024037319E7,"cell_size_m":7000,"grid_id":"42,759"}},{"type":"Feature","geometry":{"type":"Polygon","coordinates":[[[-71.32778537380389,-42.26000321404882],[-71.3273652374841,-42.24858912341706],[-71.41214548596291,-42.24683650072444],[-71.41455034373679,-42.309824076099275],[-71.34418557226431,-42.31128487965558],[-71.3427616248634,-42.28021867757385],[-71.32778537380389,-42.26000321404882]]]},"id":"43,759","properties":{"area_m2":4.349661913209611E7,"cell_size_m":7000,"grid_id":"43,759"}},{"type":"Feature","geometry":{"type":"Polygon","coordinates":[[[-72.17261337707862,-42.18480234346261],[-72.17163740602776,-42.16530032474939],[-72.18543872744739,-42.16491755539266],[-72.1852695180823,-42.16538791794455],[-72.18572845166105,-42.16623179613267],[-72.18597780104648,-42.1672726331222],[-72.18597418597902,-42.168072627925326],[-72.18558701198934,-42.169208310482205],[-72.18557734167058,-42.17000380081382],[-72.18530331904442,-42.17081303929443],[-72.18489029631937,-42.17133210444982],[-72.18494578780981,-42.171801240466756],[-72.18487547448622,-42.17241358556085],[-72.18477515596126,-42.17303493088907],[-72.18484167347361,-42.173182305077546],[-72.18517417042695,-42.17390126030867],[-72.18521764173157,-42.17437042487238],[-72.18508641440526,-42.17469683046251],[-72.1848169101624,-42.17498330138364],[-72.18438581129946,-42.175502348400066],[-72.18438002715938,-42.17557833515813],[-72.18435652908903,-42.17575717858414],[-72.18451550253499,-42.17672663522789],[-72.18413293581573,-42.17737079355804],[-72.18339012408967,-42.17814058300151],[-72.18271916073061,-42.178807541154384],[-72.18133402855169,-42.17978839265152],[-72.18108856139203,-42.18007033607945],[-72.1804186771913,-42.1811617338183],[-72.17933377237102,-42.18209301825725],[-72.17768878349112,-42.18254688802158],[-72.17713656545334,-42.18276673042707],[-72.1765553344865,-42.18332179935732],[-72.17608192546888,-42.183778286019034],[-72.17530131405087,-42.18396719242689],[-72.1751151310908,-42.18401218335718],[-72.17402225275968,-42.184272996169305],[-72.17366850345844,-42.18453719533628],[-72.17315821435373,-42.18471229965576],[-72.17261337707862,-42.18480234346261]]]},"id":"33,760","properties":{"area_m2":1982878.6379855631,"cell_size_m":7000,"grid_id":"33,760"}},{"type":"Feature","geometry":{"type":"Polygon","coordinates":[[[-72.15889117954492,-42.22868733612699],[-72.0900883254506,-42.230563360294056],[-72.08701973912751,-42.16761064198163],[-72.17163740602776,-42.16530032474939],[-72.17261337707862,-42.18480234346261],[-72.1725035860378,-42.18482048799266],[-72.17196265567553,-42.18475875458796],[-72.17161396518853,-42.18471456520512],[-72.17089977200078,-42.18500614026481],[-72.17009555689677,-42.18536486684857],[-72.16947183221693,-42.185799277820756],[-72.16900383446054,-42.186085907325335],[-72.16821805204378,-42.186587611172136],[-72.16809233027341,-42.186753180464336],[-72.16797365827155,-42.18734317717371],[-72.1679741101833,-42.18750411278316],[-72.16780617972724,-42.1876383874993],[-72.167536297745,-42.18783987631678],[-72.16721833197725,-42.188010154162846],[-72.16700231751184,-42.188126651976276],[-72.16625205011226,-42.18848080493011],[-72.16581432543957,-42.1888121111144],[-72.1655983099214,-42.18893758389184],[-72.16454181997706,-42.18939040371174],[-72.164110238789,-42.18979773723046],[-72.16243560727865,-42.190550869998596],[-72.16230961183315,-42.19061363969918],[-72.16182940056672,-42.19084216390536],[-72.1604056639148,-42.19102297827799],[-72.15964326776488,-42.19131895683559],[-72.15883965394643,-42.19198148824941],[-72.15786810164713,-42.19279167088009],[-72.15770025569125,-42.19295724198741],[-72.15680679294354,-42.19372711496495],[-72.15688642286662,-42.19434817427504],[-72.15658733601575,-42.19491608441234],[-72.1565315678984,-42.196672430510276],[-72.15626818315972,-42.19710622841709],[-72.15619262043813,-42.19812529443089],[-72.1557217087733,-42.19971677266714],[-72.15578362330665,-42.20046303866152],[-72.15590501190798,-42.20091865228051],[-72.15601998304554,-42.20124030471919],[-72.15612944058759,-42.20177188933198],[-72.15620283406075,-42.20229462609837],[-72.15625815031146,-42.20277278145262],[-72.15635468256676,-42.20291562278353],[-72.15658986682146,-42.20322812503278],[-72.15684312805304,-42.20358972700628],[-72.15701242067965,-42.20396933718585],[-72.15697138552994,-42.20438503699952],[-72.1567373766022,-42.20455069527438],[-72.15645528215802,-42.20471645989747],[-72.15627523326911,-42.20481944461936],[-72.15610702484328,-42.20488673389316],[-72.15577702511614,-42.20511956562092],[-72.1558078467993,-42.205418882371454],[-72.15603073899081,-42.20562414904667],[-72.15662032687428,-42.20585574614952],[-72.15730029926426,-42.20614079506897],[-72.15757100429633,-42.20625218430104],[-72.15854581146641,-42.20665298874628],[-72.15960539646319,-42.20733078564625],[-72.16058064868646,-42.20791484567477],[-72.16106854471559,-42.208307421558914],[-72.16222374689973,-42.208757147548056],[-72.16291039449942,-42.209274599565376],[-72.16302473015921,-42.20933699305758],[-72.16319935180661,-42.209448453649706],[-72.16382553042637,-42.209854248677885],[-72.16401868022558,-42.21017566867796],[-72.1640196744451,-42.21055551053258],[-72.16406938541583,-42.21117218294041],[-72.16417242267332,-42.21151609839974],[-72.16448614378054,-42.21192235569561],[-72.16492567813685,-42.2122211021962],[-72.16526353073978,-42.212676467926784],[-72.1658717186567,-42.21309117867093],[-72.1661851667653,-42.213399069394335],[-72.16631857191221,-42.213827896699556],[-72.16629534351371,-42.214136255294406],[-72.16600801620373,-42.21461040384977],[-72.16490109387632,-42.21660954694428],[-72.16479317617855,-42.21673479685277],[-72.16439214498273,-42.21742803295139],[-72.16406992771726,-42.21836696505724],[-72.16412488092575,-42.21867971225178],[-72.1641370827058,-42.218742236480715],[-72.16443227524245,-42.218978656966776],[-72.16490217847611,-42.219344413136234],[-72.16502265940876,-42.21945594500559],[-72.16502871508823,-42.21945596590873],[-72.16534198334747,-42.21969235713282],[-72.16535463699188,-42.21995154797786],[-72.16523460811405,-42.22004558742089],[-72.16506062038236,-42.22017988010506],[-72.16409261399376,-42.22014996457781],[-72.16350394521388,-42.220343004261565],[-72.16309640458525,-42.220852996723195],[-72.16286339484748,-42.22141639700754],[-72.16243768611265,-42.22187727340251],[-72.16236709613219,-42.22248067949101],[-72.16206756303951,-42.22289228066971],[-72.1614981419996,-42.223572307495715],[-72.16136003463197,-42.22365738137318],[-72.16093432367832,-42.224122749830094],[-72.15957990789936,-42.22585411534264],[-72.15936443002154,-42.22623871504423],[-72.15860320612995,-42.22720504832213],[-72.15860338690052,-42.22726308320627],[-72.15885194633528,-42.22807608421637],[-72.15890744284891,-42.22864802090162],[-72.15889117954492,-42.22868733612699]]]},"id":"34,760","properties":{"area_m2":4.388321154812075E7,"cell_size_m":7000,"grid_id":"34,760"}},{"type":"Feature","geometry":{"type":"Polygon","coordinates":[[[-72.0900883254506,-42.230563360294056],[-72.00537705774646,-42.23281629575477],[-72.00239228050148,-42.16985864126402],[-72.08701973912751,-42.16761064198163],[-72.0900883254506,-42.230563360294056]]]},"id":"35,760","properties":{"area_m2":4.888611249280265E7,"cell_size_m":7000,"grid_id":"35,760"}},{"type":"Feature","geometry":{"type":"Polygon","coordinates":[[[-71.94207594652461,-42.171422632220875],[-72.00239228050148,-42.16985864126402],[-72.00537705774646,-42.23281629575477],[-71.9206562292982,-42.23500675668156],[-71.91856412143379,-42.1896118318363],[-71.91907927695381,-42.18959605208676],[-71.92004699378411,-42.189386744522636],[-71.92067820621169,-42.1891592405104],[-71.92133926822963,-42.18917761830247],[-71.9222884343013,-42.18935250977705],[-71.92374741074283,-42.19040815394307],[-71.9252916803498,-42.19052537351822],[-71.92700509414296,-42.18982486779392],[-71.92754140463198,-42.18854710735517],[-71.9278724711905,-42.18806470639533],[-71.92914146591225,-42.18706446358419],[-71.93314045204492,-42.184148701690305],[-71.93461918633759,-42.18354627199566],[-71.93663402724432,-42.18165706167527],[-71.93725435135983,-42.180187144555305],[-71.93815200101093,-42.177658243401645],[-71.93903029130747,-42.176492394885905],[-71.939782308417,-42.17539789654908],[-71.93998211635767,-42.17382946370692],[-71.9402413509116,-42.1728732291878],[-71.94031380267904,-42.1724665838316],[-71.9410352440641,-42.17191285418467],[-71.94140184345582,-42.171743237079426],[-71.94207594652461,-42.171422632220875]]]},"id":"36,760","properties":{"area_m2":4.603575985829129E7,"cell_size_m":7000,"grid_id":"36,760"}},{"type":"Feature","geometry":{"type":"Polygon","coordinates":[[[-71.91856412143379,-42.1896118318363],[-71.9206562292982,-42.23500675668156],[-71.8359261077887,-42.23713472351874],[-71.83310905427878,-42.17416760638577],[-71.88647478269229,-42.17283622176665],[-71.88665892486695,-42.173230582047466],[-71.88752930984118,-42.173602303066374],[-71.88859202479509,-42.1739787566279],[-71.88882615270649,-42.17406384831712],[-71.88942006603529,-42.1745604952876],[-71.88982743654857,-42.17526245554992],[-71.89002465326114,-42.17586600152028],[-71.8905766784593,-42.17623739534702],[-71.89085269069128,-42.17642983969832],[-71.89085875192073,-42.17643432820323],[-71.89159089329469,-42.176895290135874],[-71.89238889195792,-42.177535064835986],[-71.89289884649925,-42.17794220483268],[-71.89311424482234,-42.17851891322976],[-71.89318516973101,-42.179166958150965],[-71.89307643025982,-42.1795646250732],[-71.89294362692729,-42.17990854256271],[-71.89288274363668,-42.18038220530913],[-71.89284610509796,-42.180730746432886],[-71.89326061789419,-42.18079366481179],[-71.89355499220713,-42.18079399046674],[-71.89377726543582,-42.18079418511763],[-71.89517793593586,-42.18037535462758],[-71.89786319261607,-42.18064143555829],[-71.90051793995202,-42.18126946964728],[-71.90232023503303,-42.18142744083705],[-71.9032812195926,-42.18166060354472],[-71.90435012257613,-42.18202796568686],[-71.90538898853211,-42.182466747670055],[-71.90561713330624,-42.182560747684384],[-71.90608463959862,-42.18336108173566],[-71.90658217841522,-42.18412564997153],[-71.90679829093594,-42.18427780613269],[-71.90711038284087,-42.184496999043546],[-71.90781896598985,-42.18480143801791],[-71.90841347622332,-42.1850611373808],[-71.90955373497275,-42.186071976453185],[-71.90964374331877,-42.186157008167804],[-71.91034571705893,-42.18689041676088],[-71.91101204787593,-42.18735568114095],[-71.91235094693437,-42.18813429600508],[-71.91259726899334,-42.18821488962966],[-71.91557618541604,-42.18937013477974],[-71.91701836830893,-42.18942478375422],[-71.91850839677662,-42.18961353860192],[-71.91856412143379,-42.1896118318363]]]},"id":"37,760","properties":{"area_m2":4.601644034069104E7,"cell_size_m":7000,"grid_id":"37,760"}},{"type":"Feature","geometry":{"type":"Polygon","coordinates":[[[-71.8359261077887,-42.23713472351874],[-71.75118696108703,-42.239200177264706],[-71.74845382025585,-42.176228533807766],[-71.83310905427878,-42.17416760638577],[-71.8359261077887,-42.23713472351874]]]},"id":"38,760","properties":{"area_m2":4.889821582764441E7,"cell_size_m":7000,"grid_id":"38,760"}},{"type":"Feature","geometry":{"type":"Polygon","coordinates":[[[-71.75118696108703,-42.239200177264706],[-71.66643905724334,-42.24120309947242],[-71.66378986164416,-42.17822706644624],[-71.74845382025585,-42.176228533807766],[-71.75118696108703,-42.239200177264706]]]},"id":"39,760","properties":{"area_m2":4.8902016726525955E7,"cell_size_m":7000,"grid_id":"39,760"}},{"type":"Feature","geometry":{"type":"Polygon","coordinates":[[[-71.66643905724334,-42.24120309947242],[-71.58168266448328,-42.24314347224991],[-71.57911744567737,-42.18016318647415],[-71.66378986164416,-42.17822706644624],[-71.66643905724334,-42.24120309947242]]]},"id":"40,760","properties":{"area_m2":4.890570079110758E7,"cell_size_m":7000,"grid_id":"40,760"}},{"type":"Feature","geometry":{"type":"Polygon","coordinates":[[[-71.58168266448328,-42.24314347224991],[-71.49691805120281,-42.24502127826074],[-71.49443683975827,-42.18203687661802],[-71.57911744567737,-42.18016318647415],[-71.58168266448328,-42.24314347224991]]]},"id":"41,760","properties":{"area_m2":4.890926798632215E7,"cell_size_m":7000,"grid_id":"41,760"}},{"type":"Feature","geometry":{"type":"Polygon","coordinates":[[[-71.49691805120281,-42.24502127826074],[-71.41214548596291,-42.24683650072444],[-71.4097483114536,-42.18384812015837],[-71.49443683975827,-42.18203687661802],[-71.49691805120281,-42.24502127826074]]]},"id":"42,760","properties":{"area_m2":4.8912718278125875E7,"cell_size_m":7000,"grid_id":"42,760"}},{"type":"Feature","geometry":{"type":"Polygon","coordinates":[[[-71.41214548596291,-42.24683650072444],[-71.3273652374841,-42.24858912341706],[-71.32505212848866,-42.18559690093014],[-71.4097483114536,-42.18384812015837],[-71.41214548596291,-42.24683650072444]]]},"id":"43,760","properties":{"area_m2":4.891605163367499E7,"cell_size_m":7000,"grid_id":"43,760"}},{"type":"Feature","geometry":{"type":"Polygon","coordinates":[[[-71.292038484164,-42.18626156654693],[-71.32505212848866,-42.18559690093014],[-71.3273652374841,-42.24858912341706],[-71.31953954252215,-42.248747726646734],[-71.31791175571644,-42.246419436682835],[-71.30679663595157,-42.230511047450605],[-71.292038484164,-42.18626156654693]]]},"id":"44,760","properties":{"area_m2":1.3138349438928884E7,"cell_size_m":7000,"grid_id":"44,760"}},{"type":"Feature","geometry":{"type":"Polygon","coordinates":[[[-72.18818885814032,-42.161347787137785],[-72.18780566369239,-42.16175068287348],[-72.1871700478091,-42.16212710041854],[-72.18622968075994,-42.16304473362624],[-72.1856966390381,-42.163559532454514],[-72.18553170137669,-42.16465910648049],[-72.18543872744739,-42.16491755539266],[-72.17163740602776,-42.16530032474939],[-72.17034423022506,-42.13940978151886],[-72.1709270671919,-42.139361236362646],[-72.17152756074123,-42.13936033482308],[-72.17179798126803,-42.13945819877712],[-72.17219511576539,-42.139757078284006],[-72.17269447049425,-42.14012719747729],[-72.17292982217806,-42.14056031736515],[-72.17320692955887,-42.14087718598959],[-72.17345981466552,-42.141158385587346],[-72.17426121857173,-42.14215373804342],[-72.17447776986978,-42.14230977314907],[-72.17506741039037,-42.14272449724825],[-72.17515760973795,-42.142786942057626],[-72.17538744622411,-42.143376430915744],[-72.17495823118229,-42.14451667574416],[-72.17489261518132,-42.144686613668505],[-72.17501390535317,-42.14511986779797],[-72.17520090179953,-42.14540563310635],[-72.17569419585278,-42.145748945756615],[-72.17595918967031,-42.146021168614524],[-72.17579234843444,-42.14649060697376],[-72.17552608914339,-42.147921095604026],[-72.17552654104327,-42.1480864650942],[-72.17570187814631,-42.148501740090744],[-72.17616001360797,-42.14914011387353],[-72.17637068879407,-42.14930067151211],[-72.17679185794363,-42.14960838321872],[-72.17679267135985,-42.149894377395],[-72.17655361727307,-42.15030590288979],[-72.17640421966529,-42.150569764592035],[-72.1766093815145,-42.15093593851412],[-72.17695427000223,-42.151851523258806],[-72.17705730264622,-42.15218206185209],[-72.17723390412726,-42.15307107330694],[-72.17728822216586,-42.15316927166607],[-72.1774753075114,-42.15347737073598],[-72.17765597580431,-42.1536602983423],[-72.17769818293789,-42.153709429305906],[-72.17839157204759,-42.15468253922716],[-72.17889218131424,-42.155450388324574],[-72.17929075206871,-42.15621396238323],[-72.18073509192836,-42.157221642169574],[-72.18163083024186,-42.15753301256214],[-72.18342754037302,-42.15780724654784],[-72.18378886935085,-42.15815077721587],[-72.18597554162932,-42.158294724340394],[-72.18670225964644,-42.158266751520216],[-72.18703285653761,-42.15836453847657],[-72.18771854110959,-42.15871197968974],[-72.18774881711387,-42.15877446732159],[-72.18792423712351,-42.159207649436375],[-72.18793634751691,-42.15923895697558],[-72.18798469870934,-42.159346125838226],[-72.18814927345457,-42.160150262654774],[-72.18825980328256,-42.16096335642089],[-72.18818885814032,-42.161347787137785]]]},"id":"33,761","properties":{"area_m2":1962381.2754331387,"cell_size_m":7000,"grid_id":"33,761"}},{"type":"Feature","geometry":{"type":"Polygon","coordinates":[[[-72.17034423022506,-42.13940978151886],[-72.17163740602776,-42.16530032474939],[-72.08701973912751,-42.16761064198163],[-72.08593850374102,-42.14537185445517],[-72.08606267099061,-42.14546687033229],[-72.08669362620084,-42.145730089570876],[-72.08751145207694,-42.14656513387543],[-72.08782399006343,-42.14680175682632],[-72.08944137110065,-42.14821265682375],[-72.09481582191256,-42.148011735015054],[-72.09710866680662,-42.147272386386014],[-72.09985911684548,-42.147337073728956],[-72.101881165743,-42.14626278381473],[-72.10510401182799,-42.1451203504428],[-72.10766246532289,-42.14532353592584],[-72.11028842550209,-42.14633094832948],[-72.11214578450883,-42.147325777629966],[-72.11243406914534,-42.1473790835139],[-72.11275851332103,-42.147436879789566],[-72.11344283713603,-42.1473288956266],[-72.11376691859506,-42.147185640605436],[-72.11405456883867,-42.14686359849993],[-72.11427017073694,-42.14652815848442],[-72.11449191960934,-42.146282180763066],[-72.11470788278069,-42.14619257571721],[-72.11498405144242,-42.1461297326385],[-72.11517054424048,-42.14630828320202],[-72.1152794747824,-42.146799798524455],[-72.11544806844563,-42.1470543066209],[-72.11556847951714,-42.14721954172042],[-72.11557453622888,-42.147232934511976],[-72.11591136152316,-42.147540970256145],[-72.11601974939757,-42.1476659897233],[-72.11629049291145,-42.1479606374383],[-72.11648367435707,-42.148496714921905],[-72.11657488632888,-42.149140179428215],[-72.11664810900116,-42.14977914133265],[-72.11697354287814,-42.15039546338685],[-72.11753943536714,-42.15113227601861],[-72.11777392787582,-42.151279503284535],[-72.11827301481249,-42.15159632115375],[-72.11913387223429,-42.15272155575556],[-72.11959164521916,-42.153413730973114],[-72.1200910906364,-42.153949458421366],[-72.120404045863,-42.15427093548008],[-72.12083126265232,-42.15471733294097],[-72.12090348988939,-42.15477093050829],[-72.1210658429127,-42.154882459130846],[-72.12206301030689,-42.15500655588403],[-72.12289185621474,-42.15500566757292],[-72.12387636190854,-42.154772239628656],[-72.12492070629293,-42.15440908738853],[-72.12556893375147,-42.154207295816214],[-72.12601295652473,-42.15401912362243],[-72.12675727168286,-42.15380826485074],[-72.12741751759063,-42.153606411931],[-72.12821579483699,-42.15338658932857],[-72.12879133772385,-42.15288540973349],[-72.12917506248101,-42.15256319750761],[-72.1301828686267,-42.151994502544824],[-72.13051886349557,-42.15183777034631],[-72.13169479728352,-42.15127782353182],[-72.13191680408207,-42.15117030728972],[-72.1326970807036,-42.15098611682451],[-72.13342176345205,-42.15001555477404],[-72.13365552003157,-42.149818659978266],[-72.13381696201427,-42.14945205837111],[-72.13428492631402,-42.149254872726324],[-72.13504133292233,-42.14911540967081],[-72.13587610776699,-42.14915019687081],[-72.13706512672259,-42.14913093945119],[-72.1380798656726,-42.14905369554518],[-72.13831985552568,-42.148950646911956],[-72.13938213591241,-42.14865443512942],[-72.14021644632184,-42.14845230434335],[-72.14108022172186,-42.148017786729284],[-72.14244846344688,-42.14758703052711],[-72.14328258425627,-42.147317903510306],[-72.14449480301357,-42.14694992798641],[-72.1449687158058,-42.1467169432574],[-72.14564103249029,-42.14662674356254],[-72.14720141944898,-42.14620462178526],[-72.14840178091806,-42.1459350078718],[-72.15017221461181,-42.14547684343042],[-72.15061665169557,-42.14550756512334],[-72.15133704145089,-42.145430648217456],[-72.15280240087199,-42.1454644410117],[-72.15340826498642,-42.14520445437842],[-72.1543147539183,-42.14510492931583],[-72.15434476227786,-42.14510483989284],[-72.1551727929215,-42.144822182909735],[-72.15583903002378,-42.14468723003202],[-72.15690757314898,-42.14455619464046],[-72.15760399504249,-42.14452391032336],[-72.15793426383878,-42.144487720183356],[-72.15879021323018,-42.14339614722514],[-72.15919170414003,-42.143064939485775],[-72.1601500558035,-42.14210722617264],[-72.16083345449407,-42.14167278478126],[-72.16226722167448,-42.14112109767081],[-72.16358040985847,-42.14043994015321],[-72.16418064757562,-42.140349737213946],[-72.16523704846071,-42.14019178852214],[-72.16592097739301,-42.13997187112039],[-72.16703196302129,-42.14002383807825],[-72.16786031878162,-42.13992436892414],[-72.16822582491925,-42.13964228845523],[-72.1697804861725,-42.13945673352733],[-72.17034423022506,-42.13940978151886]]]},"id":"34,761","properties":{"area_m2":1.495612180441608E7,"cell_size_m":7000,"grid_id":"34,761"}},{"type":"Feature","geometry":{"type":"Polygon","coordinates":[[[-72.08593850374102,-42.14537185445517],[-72.08701973912751,-42.16761064198163],[-72.00239228050148,-42.16985864126402],[-72.0010394064162,-42.1412463603336],[-72.00122391184361,-42.14125373071084],[-72.00296520429488,-42.140493987750816],[-72.00454434120992,-42.14000234919333],[-72.00685605901256,-42.14007819313021],[-72.00781671483452,-42.13969830281321],[-72.00967191223572,-42.138504937852204],[-72.01182732706847,-42.13742778010548],[-72.01255972148441,-42.136940590530244],[-72.01302199989092,-42.13662766423535],[-72.01320195549461,-42.13606013686018],[-72.0132499737807,-42.135899220609886],[-72.01330396043218,-42.13573831816164],[-72.01293762870897,-42.13521103932021],[-72.01323776574259,-42.13468372801994],[-72.0136639616239,-42.13431272064387],[-72.0147023650565,-42.133213254182394],[-72.01596891758456,-42.13218076295636],[-72.01796784600101,-42.13111686606067],[-72.01949861556747,-42.130517798229704],[-72.02219995988908,-42.12965038248826],[-72.02295032396879,-42.12941336697179],[-72.02343040045974,-42.12908705028195],[-72.0236583664428,-42.12854629053503],[-72.0236702123499,-42.128157461797464],[-72.02349595991333,-42.12765252147029],[-72.02376597428409,-42.12732179872039],[-72.02466571900766,-42.12532400468835],[-72.02509777636779,-42.12507363125445],[-72.02646601418029,-42.12382204729954],[-72.02709619179555,-42.12358952561434],[-72.02853043095313,-42.12245403009472],[-72.02917263076142,-42.12227070243877],[-72.02931061944486,-42.12216341029537],[-72.03051706825045,-42.12189493724846],[-72.03140558005119,-42.1220287933352],[-72.03429308953028,-42.12235863220268],[-72.03542184469234,-42.1227917891641],[-72.03628647025043,-42.12315346724363],[-72.03685703855834,-42.12368510198098],[-72.03742172830606,-42.124319471544474],[-72.03835859552139,-42.1250565299124],[-72.03918740543273,-42.12558360699076],[-72.03948172914905,-42.12596785346832],[-72.03995635378679,-42.12658437959689],[-72.04022074714203,-42.12685243468129],[-72.04026270283761,-42.12685240489348],[-72.04065296286096,-42.12685227746012],[-72.04155328970161,-42.12658380634652],[-72.04262161615573,-42.12628402785164],[-72.04425398264708,-42.12551916542179],[-72.0451240982389,-42.125116656845286],[-72.04559211322248,-42.12474555334164],[-72.04706197930018,-42.12358304064583],[-72.04802160190296,-42.12241627556725],[-72.0483610361241,-42.11886785606115],[-72.04883483284455,-42.118358168818894],[-72.04946496322994,-42.11814342030085],[-72.04998080293794,-42.117723078545545],[-72.0504783771846,-42.11694079111122],[-72.05078390164572,-42.11616758983277],[-72.05147949079138,-42.11536287538001],[-72.05144296177752,-42.114692543101015],[-72.05168862835097,-42.1142008452992],[-72.05201250646036,-42.1139147021954],[-72.05295484327416,-42.11389193098868],[-72.05438353302647,-42.114119199528346],[-72.05518191814329,-42.11425732956083],[-72.05595037309351,-42.1145518688831],[-72.05719957153127,-42.11532437665959],[-72.05817236218651,-42.11586910758598],[-72.06025581786395,-42.11660989189678],[-72.06371971249278,-42.11718892356972],[-72.0650403958587,-42.11734910271947],[-72.06603703006142,-42.11751834068838],[-72.06617509206922,-42.117580841081654],[-72.06646938906157,-42.11771921877915],[-72.06677598202269,-42.11815251289028],[-72.06662625692415,-42.11847433201676],[-72.06657227992262,-42.118519068732894],[-72.06603847668397,-42.118961837364594],[-72.06572645811902,-42.119087081267175],[-72.06494066896401,-42.119583618368964],[-72.06447259405141,-42.11971793191684],[-72.06424447846473,-42.119718035313696],[-72.06384249551712,-42.11988367030562],[-72.0636745955955,-42.12008480446278],[-72.06397639947905,-42.121684529187405],[-72.06410261814806,-42.121836402093784],[-72.06434293979181,-42.12211780574893],[-72.0648594769615,-42.12239011508948],[-72.06490757734875,-42.12241693448314],[-72.06530992050764,-42.12261779639621],[-72.06533397066568,-42.1226445433559],[-72.06580864443765,-42.12307775470093],[-72.0661091803525,-42.12347978195854],[-72.06622952121242,-42.12367192003322],[-72.0662414558405,-42.12368531520647],[-72.06664433966954,-42.12430624725081],[-72.06708890361755,-42.12459647621902],[-72.067575418737,-42.12491348009757],[-72.06841011443635,-42.12511406738947],[-72.06919643686,-42.12501527509179],[-72.06986865633908,-42.12491206668609],[-72.0708051500083,-42.12491153649284],[-72.07185592166833,-42.12516558543671],[-72.07257008623283,-42.12501320307629],[-72.07347094916237,-42.12531202338075],[-72.07410184089571,-42.125776397205556],[-72.07446873030973,-42.126410720504516],[-72.07448681257564,-42.12643306942785],[-72.07476329028333,-42.1267502186429],[-72.07531018738047,-42.127295038874024],[-72.0753162449224,-42.12730397914679],[-72.07673433919524,-42.128375556389585],[-72.07815152255485,-42.12874104040458],[-72.07833207167825,-42.1290448571277],[-72.07833252372899,-42.129411259966126],[-72.07908310783287,-42.129517990698396],[-72.07912551008194,-42.12985314131301],[-72.07922251989535,-42.1305993515212],[-72.08009515473263,-42.132279106038105],[-72.07699879019493,-42.133621873229764],[-72.07484447956756,-42.1344947224697],[-72.06886028134117,-42.13617431190664],[-72.06698782120844,-42.13693066258327],[-72.06630962787347,-42.13717238540181],[-72.06524102493135,-42.1373695754025],[-72.06483904333597,-42.13766920289906],[-72.06440713402786,-42.1380404281894],[-72.06428127714636,-42.138232620469815],[-72.06420930723894,-42.13833989962352],[-72.0641736839366,-42.13877339783826],[-72.06397576657727,-42.139001470759126],[-72.06395180672354,-42.13901039767332],[-72.06347758204973,-42.13920281235655],[-72.0636101299568,-42.139569212717255],[-72.0637002733495,-42.13970770893946],[-72.06391075851676,-42.14000249461605],[-72.06424149478764,-42.14047159763679],[-72.0646260272267,-42.14073946758888],[-72.06510675988426,-42.14106987469333],[-72.06573803111137,-42.14186950188139],[-72.06575005617323,-42.1419141756667],[-72.065756113911,-42.14192757052701],[-72.06587681657024,-42.14250397843951],[-72.06637572037316,-42.143004228027216],[-72.06647246313,-42.14366552733549],[-72.06650935194857,-42.1444699339602],[-72.0664379250653,-42.14506878114456],[-72.06633629995102,-42.14546654464619],[-72.06624100377127,-42.14629785285433],[-72.066247061499,-42.14631124670848],[-72.06635537726608,-42.14648545190707],[-72.06650573539794,-42.146735603682416],[-72.06725643994946,-42.14684245138703],[-72.06792314862224,-42.14693591626213],[-72.07168847835328,-42.147000633394256],[-72.0739578154295,-42.14648526926706],[-72.07547672453312,-42.146140190091195],[-72.0761910611676,-42.14594752168958],[-72.0765990848488,-42.14570146428962],[-72.0775353763672,-42.14526740608082],[-72.07783499625872,-42.14476668660998],[-72.07791283951812,-42.14461914880774],[-72.07803272352206,-42.144404589187616],[-72.07896873926292,-42.143836397741964],[-72.07946671687068,-42.14350082652371],[-72.08023510877425,-42.14330372956799],[-72.08066735659334,-42.143205091530774],[-72.08183209902698,-42.1431014777582],[-72.08252870013882,-42.143100953234345],[-72.08363394641579,-42.14340848961584],[-72.083796139263,-42.14343523579081],[-72.08439690296109,-42.14366716975726],[-72.08496222545472,-42.14430135309224],[-72.08507080558238,-42.144631939414566],[-72.08510696881335,-42.14473470215294],[-72.0852872424535,-42.14487306246835],[-72.08586431625776,-42.14531508414214],[-72.08593850374102,-42.14537185445517]]]},"id":"35,761","properties":{"area_m2":3.0720841101922713E7,"cell_size_m":7000,"grid_id":"35,761"}},{"type":"Feature","geometry":{"type":"Polygon","coordinates":[[[-72.0010394064162,-42.1412463603336],[-72.00239228050148,-42.16985864126402],[-71.94207594652461,-42.171422632220875],[-71.94223725064735,-42.17134591456875],[-71.94316844296695,-42.17127043071285],[-71.94557822349933,-42.17036436677065],[-71.94665475847144,-42.16894829397695],[-71.94746093614874,-42.167406860524785],[-71.94860285927203,-42.16673264883503],[-71.9506877963935,-42.16612576640138],[-71.9535837650396,-42.16525555094255],[-71.95458755212962,-42.164380058599704],[-71.95458167304741,-42.164178950133824],[-71.95457570351768,-42.164152141774885],[-71.95446210153553,-42.163446023985045],[-71.95436007678947,-42.163218085114906],[-71.95419220621116,-42.1627844939663],[-71.95416823761353,-42.16274425550735],[-71.95312410940758,-42.161416646888036],[-71.95279406502198,-42.16098303129879],[-71.95222994064733,-42.16024990103874],[-71.95183386809398,-42.159878791493114],[-71.95173184247076,-42.159780415924104],[-71.95169575361186,-42.1597491604534],[-71.95132989012758,-42.15908757774607],[-71.9511261098562,-42.15858250354846],[-71.95136091392085,-42.15778271022529],[-71.95169765302558,-42.15725553125947],[-71.95236461786133,-42.15688489173121],[-71.95266499577237,-42.15678670039233],[-71.95276711153217,-42.156737549536736],[-71.95329586982793,-42.156491965265346],[-71.9536623640936,-42.15631782850697],[-71.95499601239491,-42.155853656665265],[-71.95638392301132,-42.15517937251324],[-71.95640192194107,-42.15516593573089],[-71.95691918721268,-42.15405788609312],[-71.95726179922356,-42.153620078167336],[-71.95742568846559,-42.151090743368854],[-71.95733587500112,-42.15061254153215],[-71.95729399822066,-42.15039357139353],[-71.95715633843962,-42.14975894783065],[-71.95679048149258,-42.14899014709989],[-71.95647238005286,-42.14873085644733],[-71.9564243527666,-42.148690579549864],[-71.95628036130945,-42.14847155404338],[-71.95626236237254,-42.14843577870906],[-71.95552458594007,-42.1472915278337],[-71.95572311734851,-42.146692740899],[-71.95575332667224,-42.14648719215445],[-71.95582577476878,-42.145959893412495],[-71.95599436802556,-42.14519127969284],[-71.95632513252986,-42.14449428505443],[-71.956523663418,-42.143998279754975],[-71.95645872257676,-42.14239843220084],[-71.95708949835272,-42.14195179115476],[-71.95755231364754,-42.14124583769403],[-71.9598706305515,-42.14044231554973],[-71.96108992865622,-42.13986181232369],[-71.9616903956817,-42.139763669503395],[-71.96242300183857,-42.13966115039472],[-71.96295156252083,-42.13946020495621],[-71.96384036364148,-42.13916103203647],[-71.9639243867333,-42.13913425644661],[-71.96486699942214,-42.139286514298576],[-71.96492108515098,-42.13929549461514],[-71.96528711323413,-42.139697746908155],[-71.96533504868069,-42.139840767421475],[-71.96558684531766,-42.14059609615672],[-71.96609098063122,-42.141159321411294],[-71.96652891019943,-42.14179404831835],[-71.96653496993915,-42.14180299008504],[-71.96655296826982,-42.141829786077196],[-71.96718309006044,-42.14253156444734],[-71.96781936070468,-42.142858012983176],[-71.96841357387942,-42.14339439342481],[-71.96866572974363,-42.143586691496076],[-71.9690199052747,-42.143859336993216],[-71.96942201519668,-42.14429740927733],[-71.96977609940461,-42.14465058390859],[-71.96985415162797,-42.14472653814816],[-71.97041842429014,-42.14505737080949],[-71.97104899029017,-42.145026281017],[-71.97124118061402,-42.144878852158826],[-71.97193170814008,-42.14503988699644],[-71.97249018865296,-42.14489699520664],[-71.9725504230891,-42.144655753239434],[-71.9726466534548,-42.144262451911686],[-71.97262874592664,-42.144016660477284],[-71.97261680757396,-42.14386027217416],[-71.97261689801601,-42.143493827995535],[-71.9729112868034,-42.143172111221304],[-71.97298336905288,-42.14309614661375],[-71.97341586219089,-42.14282818878274],[-71.97415459015922,-42.14245739160807],[-71.97530147805104,-42.14245764110421],[-71.97731903516963,-42.142592170316995],[-71.9799373716481,-42.141649674423434],[-71.98552225458506,-42.139429518051934],[-71.98847649510907,-42.13916171757929],[-71.99103423311394,-42.14003783840681],[-71.99134642000693,-42.1401182759524],[-71.9919047743241,-42.1404624609908],[-71.99253529564666,-42.14066361853293],[-71.99313570048571,-42.14076641305229],[-71.99370616989205,-42.14076641893974],[-71.9942585511001,-42.14062348161247],[-71.99478099716478,-42.14055202538353],[-71.99566364589816,-42.14043136815294],[-71.99646824670207,-42.14046264094937],[-71.99726687667128,-42.1407666207292],[-71.99819753882431,-42.14102576618902],[-71.99879802284156,-42.14126264079397],[-71.99943449842155,-42.14129395527079],[-71.99999292822032,-42.14120455139018],[-72.0010394064162,-42.1412463603336]]]},"id":"36,761","properties":{"area_m2":1.291893519625834E7,"cell_size_m":7000,"grid_id":"36,761"}},{"type":"Feature","geometry":{"type":"Polygon","coordinates":[[[-71.88647478269229,-42.17283622176665],[-71.83310905427878,-42.17416760638577],[-71.83257108800028,-42.162113955714005],[-71.83375404755957,-42.162364888263376],[-71.8347507115239,-42.162562916066065],[-71.83543023277196,-42.162260048819874],[-71.83584464048636,-42.16228296875376],[-71.83641521930257,-42.16228825577644],[-71.83701583699504,-42.162298004930086],[-71.83768295741828,-42.16216493406802],[-71.83814576968831,-42.16203149284537],[-71.83854343482187,-42.161549422308866],[-71.83893422289232,-42.16139356537041],[-71.8395235256837,-42.161157584781876],[-71.839547503127,-42.161148655253356],[-71.84064811105576,-42.160600536163535],[-71.84106857412145,-42.160574289508325],[-71.84131495236961,-42.16056122644207],[-71.84194587162705,-42.160432497455105],[-71.84198812589051,-42.16034766684682],[-71.84214510902538,-42.16003505713009],[-71.84221152146355,-42.15989659238981],[-71.84217677708348,-42.15936471448879],[-71.84208738267132,-42.15910099557817],[-71.84198007315123,-42.158765683465674],[-71.84211316952357,-42.15839939717294],[-71.84251245830394,-42.157211197051176],[-71.84309732090381,-42.156313776622866],[-71.84414471446031,-42.15534547685936],[-71.84450599928549,-42.15496165487175],[-71.84521020039897,-42.15435484144287],[-71.84591358562854,-42.15404739711649],[-71.8463942101881,-42.154012318345735],[-71.84802771295664,-42.15403232663872],[-71.84920474534685,-42.15406966701055],[-71.84994838434521,-42.15454878938987],[-71.85096191650536,-42.15513556187671],[-71.85235282620111,-42.15622773262781],[-71.85330654535166,-42.15676968914117],[-71.85539474681207,-42.15757229790802],[-71.85613873309028,-42.15793071167013],[-71.85726045442192,-42.1585801477506],[-71.85824410609757,-42.15917567937722],[-71.85854448476677,-42.159176044534334],[-71.85934374395951,-42.15897596519954],[-71.85997480805025,-42.15877560876263],[-71.8608467148733,-42.15831193086979],[-71.86153830345503,-42.15791051165281],[-71.86234379775922,-42.15761208650127],[-71.86293938993816,-42.15717938427633],[-71.86370932437757,-42.156612699367976],[-71.86421480204729,-42.15615748185216],[-71.8643411939559,-42.156045905872666],[-71.86480966688515,-42.156050943613984],[-71.86595080900426,-42.15606567622595],[-71.86640724659436,-42.156066190808026],[-71.86700780707305,-42.15606245236898],[-71.86704987702431,-42.15606251959559],[-71.86748233770103,-42.15604065734193],[-71.86795686761045,-42.1560188598174],[-71.86886421746114,-42.15579198425381],[-71.87050031757889,-42.15461850525592],[-71.87174349101133,-42.1546154823533],[-71.87291446340652,-42.15471505550854],[-71.8744520195926,-42.154694404234434],[-71.87495567051093,-42.15510166481182],[-71.87514656367736,-42.15576774355361],[-71.87561990585077,-42.156362597485504],[-71.87646598510618,-42.15674335313303],[-71.87726393200597,-42.15718216924089],[-71.87836784566142,-42.15782684070452],[-71.8785115115674,-42.15807276436569],[-71.87860686660956,-42.15845722706254],[-71.87876211251726,-42.15893106413478],[-71.87917492512369,-42.15979846614489],[-71.87956303904234,-42.16100995383164],[-71.87966373145572,-42.16177425214346],[-71.87966364098635,-42.16180547281886],[-71.87966961196403,-42.16182782811515],[-71.87986629228598,-42.162645838807606],[-71.87993188252219,-42.16290960797278],[-71.87959967914261,-42.16383874869684],[-71.87936427773214,-42.164437360557315],[-71.87946460833193,-42.165407195900436],[-71.87953508399998,-42.16623846534773],[-71.87979771654841,-42.16710567990705],[-71.88007979976292,-42.16727580806851],[-71.88014575183118,-42.16732500279234],[-71.88049378672598,-42.1675354214086],[-71.88116615249432,-42.16776850522659],[-71.88178405463454,-42.1682160117555],[-71.8819939420524,-42.16837262821271],[-71.88203582905038,-42.16847547795777],[-71.88223314116172,-42.16900300123471],[-71.8823943561917,-42.16950370074513],[-71.88306002320554,-42.170134458486096],[-71.88350386073785,-42.170523761960936],[-71.88419358988529,-42.17113667742401],[-71.88496184358782,-42.171499389415864],[-71.88514178403656,-42.17167388522869],[-71.88595201234217,-42.172103692104656],[-71.88638960350671,-42.172653799612256],[-71.88647478269229,-42.17283622176665]]]},"id":"37,761","properties":{"area_m2":7151236.4804502595,"cell_size_m":7000,"grid_id":"37,761"}},{"type":"Feature","geometry":{"type":"Polygon","coordinates":[[[-71.83257108800028,-42.162113955714005],[-71.83310905427878,-42.17416760638577],[-71.74845382025585,-42.176228533807766],[-71.74637378667687,-42.12816170820551],[-71.74640433901689,-42.12818355385922],[-71.74691860066007,-42.12869857564636],[-71.74693652106168,-42.12871655188849],[-71.74700702606648,-42.12911890633303],[-71.7471146389391,-42.12923086517789],[-71.74730597073719,-42.12941451319335],[-71.74730397958378,-42.12991496162737],[-71.74732769241008,-42.12998651241727],[-71.74742869816994,-42.130250441342724],[-71.74750599108681,-42.130451723415554],[-71.74781226635177,-42.13042555630325],[-71.74781823980264,-42.130425587525735],[-71.74786032547617,-42.13042117940345],[-71.74790232063744,-42.13041682939888],[-71.74817411246576,-42.13001969768779],[-71.7482469703764,-42.129814291280915],[-71.74836843036005,-42.12945255931028],[-71.74853695374945,-42.129350140833765],[-71.74863931673221,-42.12928336175372],[-71.7490780019347,-42.12915920884082],[-71.74910207665735,-42.12915476463598],[-71.7496067403573,-42.12904858588195],[-71.75021340373418,-42.1289695012411],[-71.75113846590652,-42.12885081973863],[-71.75125838620829,-42.12887341066337],[-71.75223630067485,-42.12904987708678],[-71.7527335380521,-42.129319095064965],[-71.7530982748499,-42.129681829260754],[-71.75399807787028,-42.129884882334636],[-71.75470664157677,-42.129832702954225],[-71.7565241560603,-42.12868808965748],[-71.75779809350618,-42.12835114815526],[-71.7602864926637,-42.1291563029896],[-71.76169707479123,-42.12923076831646],[-71.76309488990495,-42.129483925311824],[-71.76403159007907,-42.129450093476585],[-71.76446391928239,-42.129415262527225],[-71.76512467502334,-42.12931830600736],[-71.76577981830057,-42.12912297726383],[-71.76579782816054,-42.129118556587756],[-71.76642871563661,-42.12898129186108],[-71.76709516894914,-42.12895138667757],[-71.76775555730181,-42.12895274669674],[-71.76845196372832,-42.12895409195607],[-71.76895623525408,-42.12895066446376],[-71.7696944504221,-42.129019219168896],[-71.77097367547694,-42.12886530438891],[-71.77248620436268,-42.128975590619376],[-71.77315879914408,-42.12891883798156],[-71.77392017257075,-42.12921978058596],[-71.77438162933244,-42.129448593478244],[-71.77481856013044,-42.12982032697228],[-71.77520263882629,-42.129856817582564],[-71.77558083462522,-42.129875481094416],[-71.77585667564568,-42.12994752658733],[-71.77627043673336,-42.13009581404318],[-71.77637849236294,-42.13009154132488],[-71.77661867618687,-42.130087522392344],[-71.77724854700662,-42.13021835398711],[-71.77728338896284,-42.130549110005965],[-71.77726501775003,-42.13067420778036],[-71.77725270994185,-42.13075015074311],[-71.77712637388362,-42.13081245385314],[-71.77698809195215,-42.130883676297984],[-71.77632075409974,-42.131150512329505],[-71.77578572443464,-42.13135061799365],[-71.77559269000201,-42.13159600962857],[-71.77550807337177,-42.131756749302944],[-71.77542336622018,-42.13194871450446],[-71.77540517589946,-42.13201128249753],[-71.77531413378135,-42.13229264661674],[-71.7752955814579,-42.13243559240858],[-71.77568409403752,-42.13291448420878],[-71.77574961533017,-42.13307995905545],[-71.77568735200265,-42.13371441751631],[-71.77549911396255,-42.134304000268],[-71.77545060644978,-42.13444685118627],[-71.7752862600462,-42.13508113879792],[-71.77492390126979,-42.13567925892017],[-71.77455502613265,-42.13641140055562],[-71.77456081809096,-42.13648292746522],[-71.7745898683803,-42.13674664222151],[-71.77472027790235,-42.137211686933],[-71.77479150084595,-42.13744866054937],[-71.77494688807741,-42.137645630405316],[-71.77522191514839,-42.13799021320355],[-71.7753175727485,-42.13811112676187],[-71.77564717043025,-42.138277075767654],[-71.77575504527094,-42.138330946590735],[-71.77578500044264,-42.13834884463163],[-71.77580898267775,-42.13836678604616],[-71.77618618227677,-42.13867584310004],[-71.77688772891628,-42.13894533523327],[-71.77755425110679,-42.13894663573485],[-71.77769787220456,-42.13906759275288],[-71.77778773716888,-42.139143763879574],[-71.77774502190196,-42.139326890277914],[-71.77771443342343,-42.139492150722646],[-71.77765343745463,-42.13977810702869],[-71.77741841281984,-42.14001001366946],[-71.77690103222399,-42.14028602196809],[-71.77683487767469,-42.14032167567978],[-71.77642582325123,-42.1405443380249],[-71.77642256529356,-42.14146489711443],[-71.77639804011115,-42.14160786206592],[-71.77618500579119,-42.14241186662977],[-71.77622075285132,-42.14250128300466],[-71.77631577666276,-42.1428098576001],[-71.7769191319615,-42.143677948030664],[-71.77735660230788,-42.14392905492501],[-71.77794991033403,-42.144274355231886],[-71.77821959543886,-42.14442675069342],[-71.77911851398987,-42.14494243518538],[-71.77975344779831,-42.14540845523238],[-71.78017824460377,-42.14585611051115],[-71.7803876563717,-42.14607547032601],[-71.78044629888208,-42.14648672754188],[-71.78048150248274,-42.14674155434432],[-71.78051661558185,-42.146991840787535],[-71.78052828978147,-42.147094675443896],[-71.78058684176857,-42.14753721589197],[-71.78076684155086,-42.14755990675378],[-71.7808869318473,-42.14757351619526],[-71.78117462349033,-42.14774833159248],[-71.78131842396658,-42.14783354228205],[-71.78171996089044,-42.14807114729042],[-71.78278221684718,-42.148278730633514],[-71.78501513293854,-42.14857340274278],[-71.78614407362308,-42.148602358750786],[-71.787344049509,-42.14890848027222],[-71.7888143305878,-42.14923737945285],[-71.78927594696007,-42.149452754822086],[-71.7898457042639,-42.14970407121681],[-71.79044622881423,-42.149705161411205],[-71.79051844371605,-42.14965167009193],[-71.79154193888358,-42.14887147181644],[-71.79411043583598,-42.14757570644916],[-71.7947770127663,-42.1475634915687],[-71.79531228226715,-42.1473141395772],[-71.79599279266502,-42.14670760049397],[-71.7964799177701,-42.14648502315988],[-71.79651005199432,-42.14647170872833],[-71.79945495739656,-42.14569034969893],[-71.79982769508021,-42.145565877791306],[-71.803454693288,-42.145567669928134],[-71.80409654669498,-42.14577875424647],[-71.80597404873139,-42.146483601150635],[-71.80620190368299,-42.14657333314462],[-71.80638179858148,-42.146663031392855],[-71.80686746000666,-42.14690519129035],[-71.80689143991627,-42.14692312461381],[-71.80803007634191,-42.14770708191692],[-71.80859925729581,-42.14814146904397],[-71.80900003608927,-42.148660561045695],[-71.8091316079744,-42.148839487685294],[-71.809137580287,-42.14886184693081],[-71.80926815673035,-42.14937156763806],[-71.80924906343533,-42.14972457887059],[-71.80922978916003,-42.150135648046295],[-71.8092640847007,-42.150739008155945],[-71.80943158081071,-42.15093591593738],[-71.80959916732218,-42.15113728926255],[-71.81029457801179,-42.15153616705223],[-71.81032462044331,-42.151549616548884],[-71.81146414949717,-42.15206990944786],[-71.81296264254934,-42.15303759895532],[-71.81323256962453,-42.15317213481649],[-71.81413202326208,-42.15363833780643],[-71.81456338005572,-42.15400547758538],[-71.8154311592059,-42.15507048337091],[-71.8159577072573,-42.15573272274489],[-71.8160416797823,-42.155781983279134],[-71.81689904885258,-42.15630176647791],[-71.81836874146472,-42.156916345629085],[-71.819863039622,-42.157334327722054],[-71.82275560953055,-42.15821021602477],[-71.82578089439123,-42.158880764801154],[-71.82739007286378,-42.15906638688455],[-71.82817059025052,-42.159161386814475],[-71.82925133130092,-42.15930154123916],[-71.82971967540732,-42.159364814458606],[-71.83035523245393,-42.159799224437876],[-71.83038482057125,-42.159937809180136],[-71.83052154116315,-42.16049660350941],[-71.8306816969105,-42.16122974515426],[-71.83072974361892,-42.16125663528632],[-71.83101748081626,-42.161462615969135],[-71.83107747127447,-42.161485034999494],[-71.83114949600267,-42.16151197288229],[-71.8317195403842,-42.16173179594019],[-71.83228315944723,-42.16209007979465],[-71.83252339170168,-42.162103837950816],[-71.83257108800028,-42.162113955714005]]]},"id":"38,761","properties":{"area_m2":2.4574770918704465E7,"cell_size_m":7000,"grid_id":"38,761"}},{"type":"Feature","geometry":{"type":"Polygon","coordinates":[[[-71.74637378667687,-42.12816170820551],[-71.74845382025585,-42.176228533807766],[-71.66378986164416,-42.17822706644624],[-71.66114912342826,-42.115250204632375],[-71.7282943935319,-42.11367221118322],[-71.72831804936227,-42.11369426186951],[-71.72871666506491,-42.11452642902868],[-71.72873277622523,-42.11497330424695],[-71.72874752970279,-42.11572860882538],[-71.72827532757782,-42.11668833505954],[-71.72843607731402,-42.1169881269381],[-71.72860922713845,-42.117207463309974],[-71.72878246738321,-42.11739111643122],[-71.72906993375175,-42.117543743594794],[-71.72921891653715,-42.117789841197954],[-71.72936228751313,-42.117968951289825],[-71.72971465038299,-42.11838539658636],[-71.72988182574979,-42.118591408842285],[-71.73005443173712,-42.118940367678384],[-71.7303818126381,-42.11959359580219],[-71.73042272391368,-42.11985733945009],[-71.73051604142796,-42.12048766534073],[-71.73061451807754,-42.12132358436209],[-71.73098262859925,-42.12228975985427],[-71.73161629907078,-42.122921351524205],[-71.7316522320688,-42.12294374904978],[-71.7325800623428,-42.123558162203075],[-71.73278914284215,-42.12379103635408],[-71.73281303774783,-42.12381787987701],[-71.7341144023538,-42.124124781254984],[-71.73554718266766,-42.124588425111035],[-71.73660977120231,-42.12458638434471],[-71.73787419273772,-42.12512104191225],[-71.73886382317694,-42.125328898696154],[-71.74077121105863,-42.12572651011222],[-71.74147238191885,-42.12601852745393],[-71.74317421062631,-42.126786512105404],[-71.7439412660725,-42.12711895817821],[-71.74527227267953,-42.1275509469441],[-71.74607507356696,-42.127954933420405],[-71.74611697845171,-42.12798626124394],[-71.74627265097844,-42.1280893935974],[-71.74637378667687,-42.12816170820551]]]},"id":"39,761","properties":{"area_m2":4.714466420391647E7,"cell_size_m":7000,"grid_id":"39,761"}},{"type":"Feature","geometry":{"type":"Polygon","coordinates":[[[-71.66378986164416,-42.17822706644624],[-71.57911744567737,-42.18016318647415],[-71.57656041685101,-42.117182080242884],[-71.66114912342826,-42.115250204632375],[-71.66378986164416,-42.17822706644624]]]},"id":"40,761","properties":{"area_m2":4.8906418379144736E7,"cell_size_m":7000,"grid_id":"40,761"}},{"type":"Feature","geometry":{"type":"Polygon","coordinates":[[[-71.57911744567737,-42.18016318647415],[-71.49443683975827,-42.18203687661802],[-71.4919635507257,-42.119051662585434],[-71.57656041685101,-42.117182080242884],[-71.57911744567737,-42.18016318647415]]]},"id":"41,761","properties":{"area_m2":4.890998573202408E7,"cell_size_m":7000,"grid_id":"41,761"}},{"type":"Feature","geometry":{"type":"Polygon","coordinates":[[[-71.49443683975827,-42.18203687661802],[-71.4097483114536,-42.18384812015837],[-71.40735879163007,-42.1208589350012],[-71.4919635507257,-42.119051662585434],[-71.49443683975827,-42.18203687661802]]]},"id":"42,761","properties":{"area_m2":4.891343617637776E7,"cell_size_m":7000,"grid_id":"42,761"}},{"type":"Feature","geometry":{"type":"Polygon","coordinates":[[[-71.3578923367112,-42.12188663225032],[-71.40735879163007,-42.1208589350012],[-71.4097483114536,-42.18384812015837],[-71.32505212848866,-42.18559690093014],[-71.32331706000546,-42.138205994066766],[-71.3542179939739,-42.13163824250502],[-71.3578923367112,-42.12188663225032]]]},"id":"43,761","properties":{"area_m2":4.512982238701693E7,"cell_size_m":7000,"grid_id":"43,761"}},{"type":"Feature","geometry":{"type":"Polygon","coordinates":[[[-71.32331706000546,-42.138205994066766],[-71.32505212848866,-42.18559690093014],[-71.292038484164,-42.18626156654693],[-71.28760647484074,-42.17296056119411],[-71.28736794649797,-42.145498076287815],[-71.32320495061991,-42.13822980446513],[-71.32331706000546,-42.138205994066766]]]},"id":"44,761","properties":{"area_m2":1.4588716071784196E7,"cell_size_m":7000,"grid_id":"44,761"}},{"type":"Feature","geometry":{"type":"Polygon","coordinates":[[[-71.7282943935319,-42.11367221118322],[-71.66114912342826,-42.115250204632375],[-71.65851681120334,-42.052272514733836],[-71.72637958845877,-42.05067935363495],[-71.72625345843369,-42.05086980695487],[-71.72575210753307,-42.0517355802489],[-71.72565055197624,-42.05303133459277],[-71.72597685113531,-42.05384545965361],[-71.7259828249865,-42.053863323558346],[-71.72615163149406,-42.05503014841845],[-71.72615425636668,-42.055830113802564],[-71.72585094767035,-42.05662929826502],[-71.72545938848963,-42.05703950692884],[-71.7252846982739,-42.05722676979329],[-71.72478497512593,-42.05769484218786],[-71.72458376415901,-42.05846296488568],[-71.72458973803565,-42.05846745389859],[-71.72498826777202,-42.059228182030445],[-71.72561715268196,-42.05939497818481],[-71.72591032414873,-42.059552088199354],[-71.72637112507996,-42.059794532502906],[-71.72834574610938,-42.06080917777072],[-71.72842956043436,-42.06083178375326],[-71.72944727823243,-42.061263149773346],[-71.73000347360771,-42.06162201183775],[-71.730277905216,-42.06196675828805],[-71.73040163469483,-42.06248990691015],[-71.73056799510525,-42.062861259567065],[-71.73068176819892,-42.06289725935459],[-71.73108807449222,-42.0632556856061],[-71.73157412078595,-42.06319430951015],[-71.73319064943402,-42.062411518185236],[-71.73433162782209,-42.06205221597944],[-71.73487052737985,-42.06225453380575],[-71.73491071400922,-42.062683658204975],[-71.73480083433974,-42.06313922489637],[-71.73440982895525,-42.063424337700745],[-71.73391962339419,-42.064482286804555],[-71.73363442406642,-42.0652771192117],[-71.7336157788462,-42.06542458685461],[-71.7337109961732,-42.06560799165791],[-71.73386576952562,-42.06589441226563],[-71.7339133781561,-42.0659883791924],[-71.73431207753586,-42.06672666835528],[-71.73474661857483,-42.06752307639045],[-71.73482427654581,-42.06758587720486],[-71.73538010071407,-42.06805634805186],[-71.73608490358482,-42.06876411602304],[-71.73684817432101,-42.06985623160134],[-71.73791863294723,-42.07061397956036],[-71.7386717623373,-42.071259205231634],[-71.73951395099365,-42.07211017419543],[-71.7396096191428,-42.072186372232146],[-71.73980466622828,-42.07288845242089],[-71.73982249651286,-42.07293762783495],[-71.73992812056443,-42.07350994974313],[-71.73997509474603,-42.07375131302664],[-71.74011773692067,-42.074091300990425],[-71.74020670723017,-42.074319388824826],[-71.74024137215599,-42.07464574475834],[-71.74001609532675,-42.07547644333909],[-71.73975669642226,-42.075828906904064],[-71.73965958017072,-42.07611470378097],[-71.73953757387889,-42.07660601911425],[-71.7389594915171,-42.07714097686542],[-71.73858007632631,-42.07751098496059],[-71.73823722653232,-42.07774708639009],[-71.73808589461825,-42.07807299145148],[-71.73791012504608,-42.07851052980807],[-71.7381726932546,-42.078850741937266],[-71.73828592063803,-42.07902975491353],[-71.73836937037107,-42.079164065080754],[-71.73844087283679,-42.079280415067366],[-71.73917662324634,-42.079782588198434],[-71.73936795971476,-42.07994388086927],[-71.7398043947011,-42.08031583236153],[-71.7405449389987,-42.081112961370884],[-71.74073600313643,-42.08135025199332],[-71.74097476526934,-42.08164570200657],[-71.74170851876404,-42.08264842945561],[-71.74167693128491,-42.0830505760312],[-71.74161982039078,-42.08381012618581],[-71.74117397493609,-42.08428285523684],[-71.74086009068075,-42.0847647416961],[-71.74038537184744,-42.08495141270341],[-71.73969551228208,-42.08493198687623],[-71.73914132464243,-42.085480336741554],[-71.73843200291152,-42.08581840762526],[-71.73805702207403,-42.08656386254675],[-71.73774874641097,-42.08712179328177],[-71.73748219543367,-42.08774682530063],[-71.7373430819847,-42.088019082770074],[-71.73727655731504,-42.0881440217546],[-71.73724641756228,-42.08817077473613],[-71.73671050876007,-42.08864325530369],[-71.73601276703124,-42.0890751368647],[-71.73538055326551,-42.0896099415485],[-71.7353505038477,-42.08963670770461],[-71.73507336119498,-42.089908712581654],[-71.73491062349879,-42.09007810606706],[-71.73414562852376,-42.090809253934104],[-71.73364528535926,-42.09137567889622],[-71.73335284492342,-42.09243408930832],[-71.73315290638726,-42.09288942819988],[-71.73277891509791,-42.09337125171264],[-71.73154950169871,-42.09463749143264],[-71.73078359372649,-42.09556972512871],[-71.73001804600432,-42.096403620516824],[-71.72998419459753,-42.097306244220306],[-71.72991576767897,-42.09787367706329],[-71.72965400742964,-42.098744470206746],[-71.72964794313368,-42.09876676954072],[-71.72964187883763,-42.098780159713414],[-71.72921936909714,-42.09936909524943],[-71.72866579723892,-42.099711873297835],[-71.72832872980752,-42.09996138957268],[-71.72819621985202,-42.10007720288493],[-71.72788349976447,-42.10022395377578],[-71.72765450338898,-42.100460252258145],[-71.72741301612821,-42.10080381195281],[-71.72718166609633,-42.10156744758379],[-71.72724783077398,-42.102935108913854],[-71.72771795259841,-42.10386569947857],[-71.72797464570802,-42.10418810455068],[-71.72830890762498,-42.104599989305676],[-71.72856813461131,-42.10572233866809],[-71.7284798852239,-42.106732105137716],[-71.72808163128163,-42.107231679282194],[-71.72751520472474,-42.107762106671906],[-71.72708726147836,-42.1081990346689],[-71.72667678662394,-42.108747758598774],[-71.72641719608608,-42.10909572799205],[-71.72630839971148,-42.109283163190675],[-71.72608474249158,-42.10966243738323],[-71.72610673711772,-42.110113892756836],[-71.72611823225095,-42.110230113848786],[-71.7264989291124,-42.11102200811703],[-71.72651676012428,-42.11106224439386],[-71.72674811062684,-42.111697378819],[-71.72708680891542,-42.11249367028935],[-71.72749321019337,-42.1129012913055],[-71.72760671282079,-42.11301776279691],[-71.72785182043356,-42.11325966474082],[-71.7282943935319,-42.11367221118322]]]},"id":"39,762","properties":{"area_m2":4.201881662394339E7,"cell_size_m":7000,"grid_id":"39,762"}},{"type":"Feature","geometry":{"type":"Polygon","coordinates":[[[-71.66114912342826,-42.115250204632375],[-71.57656041685101,-42.117182080242884],[-71.57401154759988,-42.05420015422404],[-71.65851681120334,-42.052272514733836],[-71.66114912342826,-42.115250204632375]]]},"id":"40,762","properties":{"area_m2":4.890713582422243E7,"cell_size_m":7000,"grid_id":"40,762"}},{"type":"Feature","geometry":{"type":"Polygon","coordinates":[[[-71.57656041685101,-42.117182080242884],[-71.4919635507257,-42.119051662585434],[-71.48949815468964,-42.05606563679695],[-71.57401154759988,-42.05420015422404],[-71.57656041685101,-42.117182080242884]]]},"id":"41,762","properties":{"area_m2":4.891070333477915E7,"cell_size_m":7000,"grid_id":"41,762"}},{"type":"Feature","geometry":{"type":"Polygon","coordinates":[[[-71.4919635507257,-42.119051662585434],[-71.40735879163007,-42.1208589350012],[-71.40497689806683,-42.05786894585411],[-71.48949815468964,-42.05606563679695],[-71.4919635507257,-42.119051662585434]]]},"id":"42,762","properties":{"area_m2":4.891415393163595E7,"cell_size_m":7000,"grid_id":"42,762"}},{"type":"Feature","geometry":{"type":"Polygon","coordinates":[[[-71.3214973614734,-42.08838543237954],[-71.32044804348216,-42.059610065347506],[-71.40497689806683,-42.05786894585411],[-71.40735879163007,-42.1208589350012],[-71.3578923367112,-42.12188663225032],[-71.36418451174477,-42.10518011682099],[-71.35287805009037,-42.097528727679965],[-71.33848829759683,-42.0877805009614],[-71.3214973614734,-42.08838543237954]]]},"id":"43,762","properties":{"area_m2":3.821486975521222E7,"cell_size_m":7000,"grid_id":"43,762"}},{"type":"Feature","geometry":{"type":"Polygon","coordinates":[[[-71.2617871135932,-42.06078168678857],[-71.32044804348216,-42.059610065347506],[-71.3214973614734,-42.08838543237954],[-71.30581429635394,-42.088941564874226],[-71.29909199769362,-42.089182271742956],[-71.2941644044945,-42.08935317959107],[-71.29141647340445,-42.08936307418372],[-71.28794242616799,-42.08938173736725],[-71.27147248443904,-42.08945716238366],[-71.2617871135932,-42.06078168678857]]]},"id":"44,762","properties":{"area_m2":1.4468779811909588E7,"cell_size_m":7000,"grid_id":"44,762"}},{"type":"Feature","geometry":{"type":"Polygon","coordinates":[[[-71.74253045527861,-42.03905067420956],[-71.7403066161261,-41.9873085820772],[-71.77805314720828,-41.98640062869495],[-71.77798348523692,-41.98662396660633],[-71.77807380261328,-41.98819716871799],[-71.77807552208212,-41.98944404962623],[-71.77807678905916,-41.99078918808165],[-71.77718610297177,-41.991971739868525],[-71.77649424035471,-41.992806111438284],[-71.77626663578091,-41.994512809756294],[-71.7760577643247,-41.9960005723417],[-71.77575676475217,-41.99640220782377],[-71.77523965298367,-41.996933027487444],[-71.77502734189115,-41.99768782512851],[-71.77442054407129,-41.998173792180495],[-71.77402370401391,-41.99856183091875],[-71.77359093512051,-41.99896315219571],[-71.77361410302245,-41.99920007268772],[-71.77365482784606,-41.99953081950446],[-71.77375564438725,-41.999830501279845],[-71.77397058080379,-42.000027550193245],[-71.77412587793172,-42.00017532060712],[-71.77415574275545,-42.00020216194878],[-71.7743765613661,-42.00043946499872],[-71.77445411934221,-42.00052899327444],[-71.77469267561375,-42.00083336932059],[-71.77485376434664,-42.001030304549985],[-71.77502037345138,-42.00136577502753],[-71.77504417474503,-42.00142396385703],[-71.77531721075196,-42.00213055557399],[-71.77532300269657,-42.00221103811595],[-71.77535712086815,-42.002729533107065],[-71.77515702724264,-42.00339947073082],[-71.7747220878884,-42.00439516470354],[-71.77425248666538,-42.00502885015456],[-71.77425103867444,-42.005448941033514],[-71.77425601614331,-42.00573048503862],[-71.7740914881313,-42.006494362905364],[-71.77351853541617,-42.007565788306074],[-71.77312748623199,-42.00798512429961],[-71.77217216945104,-42.008729568555175],[-71.77148717408241,-42.00926001223502],[-71.77028813455915,-42.0094274507591],[-71.76982667193803,-42.009426490742165],[-71.76945570945041,-42.00929169603304],[-71.76939615993108,-42.00916642672585],[-71.7691938000842,-42.008795073453236],[-71.76912212339958,-42.00873241532505],[-71.76885930875312,-42.00849498641982],[-71.76845884180898,-42.008226083601016],[-71.76799158449552,-42.008193806996836],[-71.76784786857144,-42.00816221823862],[-71.76745862253884,-42.00809443325948],[-71.76702575433508,-42.00849576051263],[-71.76685733106989,-42.008674182425914],[-71.7668032111627,-42.00873218270442],[-71.7664603007038,-42.00909344275842],[-71.76605783974561,-42.00936073961281],[-71.76512195996347,-42.00965381491602],[-71.76497181711767,-42.009742900471096],[-71.76485181139327,-42.00980970924381],[-71.76359672622957,-42.01052662996434],[-71.7625935958175,-42.01119043630206],[-71.76172721227373,-42.012122636841944],[-71.76122727361226,-42.012791900034856],[-71.76122727361226,-42.0128098219018],[-71.76116392144576,-42.01371242348256],[-71.76096119442954,-42.0150482453436],[-71.76002177025855,-42.01625737577832],[-71.75847452003323,-42.01814003575563],[-71.75806679990482,-42.019752462139024],[-71.75811874917947,-42.02028436606751],[-71.7581636391383,-42.021084404427434],[-71.75816653526446,-42.02192011410366],[-71.75809965284428,-42.022152332745],[-71.75809757125317,-42.022719897530365],[-71.75824074848856,-42.022894464591545],[-71.75839587217274,-42.02308254461033],[-71.75846673670152,-42.023350792713536],[-71.75832790375318,-42.023618676927214],[-71.75820798606735,-42.02361840241678],[-71.75819603954828,-42.023618345806874],[-71.75810010536411,-42.02361812607542],[-71.75783040344871,-42.02361758094689],[-71.75742910830373,-42.023554216996814],[-71.75689603843139,-42.02345023602811],[-71.75636332969941,-42.02328378114322],[-71.75595587842659,-42.023247193740765],[-71.75553638951948,-42.02321945533029],[-71.75506838949583,-42.02335255733391],[-71.754701392292,-42.023718180005794],[-71.75432679225142,-42.024503944491805],[-71.75415763833426,-42.0248476527922],[-71.75413854176557,-42.02514706958014],[-71.75383761227626,-42.02701894690043],[-71.75379833303808,-42.027881349410606],[-71.75413664115915,-42.0287490435475],[-71.75439096030071,-42.029638932946334],[-71.7543526766847,-42.03024215754953],[-71.75426968358194,-42.03154690719105],[-71.75440607463487,-42.031935980593744],[-71.75443576027116,-42.03201199597414],[-71.75463179400846,-42.03248169992006],[-71.75492982660532,-42.032911306763324],[-71.75534180440513,-42.03335015789691],[-71.75546715343404,-42.033480023650284],[-71.75589732197099,-42.03384295461078],[-71.7561305521803,-42.03398640959173],[-71.75633391575309,-42.034112025491964],[-71.75676399263472,-42.03451069118081],[-71.75690038263764,-42.03490866518408],[-71.75710075908715,-42.03581184612553],[-71.7571126151424,-42.03583864984667],[-71.7573986084043,-42.036308518505095],[-71.75723380029277,-42.03707679797805],[-71.75680209495717,-42.03710722324412],[-71.75649655221676,-42.03703951447729],[-71.75613118571187,-42.03697618221695],[-71.75600583693986,-42.03683740361926],[-71.75583270169705,-42.03664487327512],[-71.75549855856222,-42.03624191060608],[-71.75513409597971,-42.03591045519141],[-71.75460029829135,-42.03597634138589],[-71.7542023478319,-42.03657880087564],[-71.75400785242167,-42.037266593277856],[-71.75390531012255,-42.03743622505179],[-71.75277127882664,-42.03769292436455],[-71.75200352019183,-42.037807507067036],[-71.75139830825533,-42.03774365273246],[-71.75050528597824,-42.0376746379075],[-71.74983400167756,-42.03764190659166],[-71.74870086121558,-42.03767519154624],[-71.74666943456961,-42.037460666531445],[-71.74554352366344,-42.03719899293227],[-71.74536965877789,-42.037203081025254],[-71.74507587125856,-42.03721133147559],[-71.74417540995263,-42.037508798732496],[-71.74320688405743,-42.03834232754029],[-71.74253045527861,-42.03905067420956]]]},"id":"38,763","properties":{"area_m2":1.1221248554277858E7,"cell_size_m":7000,"grid_id":"38,763"}},{"type":"Feature","geometry":{"type":"Polygon","coordinates":[[[-71.72637958845877,-42.05067935363495],[-71.65851681120334,-42.052272514733836],[-71.65589289374532,-41.989293997454055],[-71.7403066161261,-41.9873085820772],[-71.74253045527861,-42.03905067420956],[-71.74250852269309,-42.039073641372745],[-71.74184057068516,-42.039706769344264],[-71.74100463315081,-42.04033944193074],[-71.74014081670829,-42.040476021965745],[-71.7391440399198,-42.040871504817304],[-71.73794279900568,-42.041405069156006],[-71.73562809881591,-42.042972814855524],[-71.7337297318987,-42.04389348784391],[-71.73357984606443,-42.04389761199876],[-71.73295034291057,-42.04390509434933],[-71.73168517818947,-42.04393789569061],[-71.7307438591466,-42.04394015122441],[-71.73001225325046,-42.04396974013844],[-71.72948981883974,-42.04416510209056],[-71.7291828927593,-42.04445037831536],[-71.72891751143923,-42.04481177074181],[-71.7284962679325,-42.04517271168497],[-71.72821839536063,-42.045668152030494],[-71.72765070186675,-42.04663658480305],[-71.72722067700911,-42.04763659155741],[-71.72684984686798,-42.048833413588014],[-71.72668194584803,-42.05022279599906],[-71.72637958845877,-42.05067935363495]]]},"id":"39,763","properties":{"area_m2":4.779077444432755E7,"cell_size_m":7000,"grid_id":"39,763"}},{"type":"Feature","geometry":{"type":"Polygon","coordinates":[[[-71.65851681120334,-42.052272514733836],[-71.57401154759988,-42.05420015422404],[-71.57147080768236,-41.99121740908624],[-71.65589289374532,-41.989293997454055],[-71.65851681120334,-42.052272514733836]]]},"id":"40,763","properties":{"area_m2":4.890785312288611E7,"cell_size_m":7000,"grid_id":"40,763"}},{"type":"Feature","geometry":{"type":"Polygon","coordinates":[[[-71.57401154759988,-42.05420015422404],[-71.48949815468964,-42.05606563679695],[-71.48704062239221,-41.99307879988742],[-71.57147080768236,-41.99121740908624],[-71.57401154759988,-42.05420015422404]]]},"id":"41,763","properties":{"area_m2":4.891142079108381E7,"cell_size_m":7000,"grid_id":"41,763"}},{"type":"Feature","geometry":{"type":"Polygon","coordinates":[[[-71.48949815468964,-42.05606563679695],[-71.40497689806683,-42.05786894585411],[-71.40260260249066,-41.99487815331927],[-71.48704062239221,-41.99307879988742],[-71.48949815468964,-42.05606563679695]]]},"id":"42,763","properties":{"area_m2":4.89148715404173E7,"cell_size_m":7000,"grid_id":"42,763"}},{"type":"Feature","geometry":{"type":"Polygon","coordinates":[[[-71.40497689806683,-42.05786894585411],[-71.32044804348216,-42.059610065347506],[-71.31815701274898,-41.99661545339191],[-71.40260260249066,-41.99487815331927],[-71.40497689806683,-42.05786894585411]]]},"id":"43,763","properties":{"area_m2":4.89182053380089E7,"cell_size_m":7000,"grid_id":"43,763"}},{"type":"Feature","geometry":{"type":"Polygon","coordinates":[[[-71.24066838732908,-41.9981548845273],[-71.31815701274898,-41.99661545339191],[-71.32044804348216,-42.059610065347506],[-71.2617871135932,-42.06078168678857],[-71.26143760515913,-42.05974639752178],[-71.24966299266684,-42.02482586634635],[-71.24066838732908,-41.9981548845273]]]},"id":"44,763","properties":{"area_m2":3.941563043992462E7,"cell_size_m":7000,"grid_id":"44,763"}},{"type":"Feature","geometry":{"type":"Polygon","coordinates":[[[-71.77805314720828,-41.98640062869495],[-71.7403066161261,-41.9873085820772],[-71.73760818018421,-41.924333593511946],[-71.77419391127683,-41.92345480822725],[-71.77420361696709,-41.92388498751495],[-71.77399284368337,-41.92596263409725],[-71.77382632454679,-41.92735666626954],[-71.77281218494734,-41.928136762020095],[-71.77267172916673,-41.92892300364922],[-71.77249443985625,-41.92999076912933],[-71.77213823194228,-41.93084811210466],[-71.77231479744883,-41.931702036951464],[-71.77292132773462,-41.932811618317125],[-71.77267209116624,-41.93387917602107],[-71.77259914825609,-41.93588118548097],[-71.77285852086156,-41.937021323672084],[-71.77302992748626,-41.937629421131255],[-71.77515910872378,-41.938084998973565],[-71.77588889328229,-41.938220499483805],[-71.77692284240757,-41.93865147628941],[-71.77866584234245,-41.940053725059755],[-71.7799535385663,-41.94155326399848],[-71.78066883263213,-41.942448464037184],[-71.78145073120764,-41.94309348578989],[-71.78354999277806,-41.94364713114804],[-71.78392066753538,-41.94377743889345],[-71.78465097519295,-41.94377884469991],[-71.78581828754042,-41.943749699763174],[-71.7863627120976,-41.94384462262522],[-71.78675157328802,-41.94391233702286],[-71.78828357500825,-41.944044784889975],[-71.78928318657638,-41.94408236884691],[-71.79045039157846,-41.944084503503646],[-71.79097716180398,-41.94408099575461],[-71.79264741858655,-41.944048318663214],[-71.79340177779243,-41.94402282735883],[-71.79383623938398,-41.94480572605815],[-71.79397559998628,-41.946124305521934],[-71.79397795282709,-41.947268389422405],[-71.79420255855166,-41.948144673030875],[-71.79211440699237,-41.94965147368467],[-71.79133905000397,-41.950602004135966],[-71.79062758049169,-41.95214697499233],[-71.7906543669583,-41.95309892792238],[-71.790806760192,-41.954109198191595],[-71.7910113688081,-41.95562899673174],[-71.79187405376615,-41.95729307068195],[-71.79279736752888,-41.958751637277324],[-71.79327164733643,-41.960209379558904],[-71.79380737182305,-41.96119353294336],[-71.79378221451078,-41.96154655439052],[-71.79360140758253,-41.96193057884444],[-71.79318106275275,-41.96228729024811],[-71.7924665205235,-41.96291170843687],[-71.79131226359456,-41.96431286671559],[-71.79011863720076,-41.96675077643204],[-71.78970525592469,-41.96862697680393],[-71.78931676029487,-41.970230641984735],[-71.78815742427757,-41.97130555629214],[-71.7865542016326,-41.97258073903377],[-71.78607231021716,-41.97341549649202],[-71.78563014592712,-41.974902874142295],[-71.78485486376292,-41.97570583162209],[-71.78414500881283,-41.97662510786889],[-71.78330022146015,-41.9784915633183],[-71.78224213008623,-41.97966041956653],[-71.78118792662079,-41.98142372609239],[-71.77953100391284,-41.98254672483135],[-71.77881932724269,-41.98394413138807],[-71.77805314720828,-41.98640062869495]]]},"id":"38,764","properties":{"area_m2":2.616118858903758E7,"cell_size_m":7000,"grid_id":"38,764"}},{"type":"Feature","geometry":{"type":"Polygon","coordinates":[[[-71.7403066161261,-41.9873085820772],[-71.65589289374532,-41.989293997454055],[-71.65327733999709,-41.92631465349706],[-71.73760818018421,-41.924333593511946],[-71.7403066161261,-41.9873085820772]]]},"id":"39,764","properties":{"area_m2":4.890488555585117E7,"cell_size_m":7000,"grid_id":"39,764"}},{"type":"Feature","geometry":{"type":"Polygon","coordinates":[[[-71.65589289374532,-41.989293997454055],[-71.57147080768236,-41.99121740908624],[-71.56893816701877,-41.928233845498774],[-71.65327733999709,-41.92631465349706],[-71.65589289374532,-41.989293997454055]]]},"id":"40,764","properties":{"area_m2":4.8908570271644026E7,"cell_size_m":7000,"grid_id":"40,764"}},{"type":"Feature","geometry":{"type":"Polygon","coordinates":[[[-71.57147080768236,-41.99121740908624],[-71.48704062239221,-41.99307879988742],[-71.48459092473212,-41.930091152492565],[-71.56893816701877,-41.928233845498774],[-71.57147080768236,-41.99121740908624]]]},"id":"41,764","properties":{"area_m2":4.891213809744159E7,"cell_size_m":7000,"grid_id":"41,764"}},{"type":"Feature","geometry":{"type":"Polygon","coordinates":[[[-71.48704062239221,-41.99307879988742],[-71.40260260249066,-41.99487815331927],[-71.40023587677965,-41.931886557999945],[-71.48459092473212,-41.930091152492565],[-71.48704062239221,-41.99307879988742]]]},"id":"42,764","properties":{"area_m2":4.89155889992351E7,"cell_size_m":7000,"grid_id":"42,764"}},{"type":"Feature","geometry":{"type":"Polygon","coordinates":[[[-71.40260260249066,-41.99487815331927],[-71.31815701274898,-41.99661545339191],[-71.31587328695848,-41.933620046088905],[-71.40023587677965,-41.931886557999945],[-71.40260260249066,-41.99487815331927]]]},"id":"43,764","properties":{"area_m2":4.8918922944124855E7,"cell_size_m":7000,"grid_id":"43,764"}},{"type":"Feature","geometry":{"type":"Polygon","coordinates":[[[-71.24787819513516,-41.934972017695415],[-71.31587328695848,-41.933620046088905],[-71.31815701274898,-41.99661545339191],[-71.24066838732908,-41.9981548845273],[-71.23788892385787,-41.989908497761306],[-71.24665805819424,-41.94167918074537],[-71.24787819513516,-41.934972017695415]]]},"id":"44,764","properties":{"area_m2":4.3238306177019194E7,"cell_size_m":7000,"grid_id":"44,764"}},{"type":"Feature","geometry":{"type":"Polygon","coordinates":[[[-71.77419391127683,-41.92345480822725],[-71.73760818018421,-41.924333593511946],[-71.73491834037974,-41.8613577705191],[-71.78920890119463,-41.86005111651103],[-71.78921205733907,-41.86019359353481],[-71.78937196235809,-41.860654195633],[-71.78956200217513,-41.86102992589576],[-71.78970389849843,-41.86150833830958],[-71.78975086544365,-41.861772122929004],[-71.7896543976836,-41.86203116109276],[-71.78942028677938,-41.86231677030921],[-71.78930010917887,-41.86250869173408],[-71.78927486101762,-41.862915379571966],[-71.78939286674347,-41.86338928315819],[-71.78963086895723,-41.863720460554944],[-71.78964878698747,-41.86375178011497],[-71.78984488980849,-41.864105154442925],[-71.78992162959692,-41.86439132758951],[-71.7899200006865,-41.86490977279915],[-71.78975167989928,-41.865173112024806],[-71.78975023197815,-41.865624458162266],[-71.7896772929426,-41.86598187948351],[-71.78979557000554,-41.86638875571256],[-71.78991991019147,-41.8667644177477],[-71.79017537754011,-41.86724308719656],[-71.79056260520187,-41.86767280279424],[-71.7910576116042,-41.868049130177496],[-71.79129588406609,-41.86834005468896],[-71.79162917563266,-41.868792043912585],[-71.79165179926702,-41.869216637616766],[-71.79160247974204,-41.86966790207945],[-71.79160664249123,-41.87021761438829],[-71.79158157550073,-41.87057513320529],[-71.79149080945011,-41.87091009895723],[-71.79131597387438,-41.87133884709235],[-71.79108177368872,-41.87166913343054],[-71.79091933566966,-41.87197718966588],[-71.79087037801101,-41.87231230601971],[-71.79103064418184,-41.872670112839415],[-71.79131642634754,-41.873050492713176],[-71.79167415141623,-41.873355056627396],[-71.79182274339668,-41.87364134297399],[-71.79182210993528,-41.873833478993994],[-71.79179758592858,-41.874025595719466],[-71.79146185118329,-41.874311026959376],[-71.79091634934318,-41.874716694554465],[-71.79058540990118,-41.875359644859834],[-71.7894420961132,-41.8775474329328],[-71.78901486818773,-41.878355593654156],[-71.78891640930958,-41.879191098502446],[-71.78898609068787,-41.87980796653482],[-71.78915667425787,-41.8806886900202],[-71.78913106410434,-41.8811846503531],[-71.78896265240778,-41.881492765067236],[-71.78868003548239,-41.88197045042575],[-71.78837334651665,-41.88247484659093],[-71.788086023304,-41.8825413796641],[-71.78760666806754,-41.88282649851169],[-71.7873713792243,-41.883447275094525],[-71.78730414088085,-41.88389848633769],[-71.78732070160471,-41.88430524725382],[-71.78754024423466,-41.884824030779065],[-71.78789715905526,-41.8854235719841],[-71.78801471281011,-41.88604049901093],[-71.78801353636781,-41.88639807446728],[-71.7880602320739,-41.886728865900075],[-71.78808376091548,-41.88684952420934],[-71.78832176410057,-41.88722985695018],[-71.78877568907738,-41.88923284380809],[-71.78894039056485,-41.8900598860863],[-71.78871731957388,-41.890613655424886],[-71.78845949818255,-41.89081433604426],[-71.78780114321582,-41.890920329625864],[-71.7875850396003,-41.891156790396934],[-71.78718142860538,-41.89203647193193],[-71.78661727731927,-41.89261192593019],[-71.78614950338834,-41.89298647589838],[-71.7844903438494,-41.89368054118848],[-71.78399243142213,-41.89410864545614],[-71.78361976581803,-41.89464418315838],[-71.78278113088277,-41.895009055115686],[-71.78249298819198,-41.89532137845217],[-71.782371993524,-41.895723360326606],[-71.78249543161411,-41.89637163041037],[-71.78275081437438,-41.89691288897648],[-71.7829225777184,-41.8974137042447],[-71.78296882167994,-41.897892001875995],[-71.78256592885985,-41.898512424670635],[-71.7822298224685,-41.8988470068009],[-71.78187480179245,-41.89943624450164],[-71.7817500965014,-41.900933091316],[-71.78092304037528,-41.90137396365049],[-71.78035480570148,-41.90137291618637],[-71.77971987308014,-41.90160403260422],[-71.77870692851985,-41.902174189292396],[-71.77805796539981,-41.903013095778434],[-71.7764594888119,-41.90507024286768],[-71.77605731183006,-41.9054716321329],[-71.7757562217581,-41.906038649005325],[-71.77379718368904,-41.90851513200866],[-71.77332396113017,-41.91036439783904],[-71.77343337524314,-41.91156229248546],[-71.77338215242895,-41.91251854420677],[-71.77348966602953,-41.91425276152951],[-71.77395682487743,-41.91582235178633],[-71.77456081809096,-41.917606664238484],[-71.77481367316952,-41.91889427788637],[-71.7745586461066,-41.919926084704834],[-71.7741674171858,-41.922280497533144],[-71.77419391127683,-41.92345480822725]]]},"id":"38,765","properties":{"area_m2":2.7393222675250053E7,"cell_size_m":7000,"grid_id":"38,765"}},{"type":"Feature","geometry":{"type":"Polygon","coordinates":[[[-71.73760818018421,-41.924333593511946],[-71.65327733999709,-41.92631465349706],[-71.65067011906746,-41.86333448356737],[-71.73491834037974,-41.8613577705191],[-71.73760818018421,-41.924333593511946]]]},"id":"39,765","properties":{"area_m2":4.890560238850514E7,"cell_size_m":7000,"grid_id":"39,765"}},{"type":"Feature","geometry":{"type":"Polygon","coordinates":[[[-71.65327733999709,-41.92631465349706],[-71.56893816701877,-41.928233845498774],[-71.5664135956901,-41.865249464131665],[-71.65067011906746,-41.86333448356737],[-71.65327733999709,-41.92631465349706]]]},"id":"40,765","properties":{"area_m2":4.890928726703294E7,"cell_size_m":7000,"grid_id":"40,765"}},{"type":"Feature","geometry":{"type":"Polygon","coordinates":[[[-71.56893816701877,-41.928233845498774],[-71.48459092473212,-41.930091152492565],[-71.48214903276352,-41.867102695248974],[-71.5664135956901,-41.865249464131665],[-71.56893816701877,-41.928233845498774]]]},"id":"41,765","properties":{"area_m2":4.891285525039962E7,"cell_size_m":7000,"grid_id":"41,765"}},{"type":"Feature","geometry":{"type":"Polygon","coordinates":[[[-71.48459092473212,-41.930091152492565],[-71.40023587677965,-41.931886557999945],[-71.39787669296223,-41.8688941605004],[-71.48214903276352,-41.867102695248974],[-71.48459092473212,-41.930091152492565]]]},"id":"42,765","properties":{"area_m2":4.891630630461193E7,"cell_size_m":7000,"grid_id":"42,765"}},{"type":"Feature","geometry":{"type":"Polygon","coordinates":[[[-71.40023587677965,-41.931886557999945],[-71.31587328695848,-41.933620046088905],[-71.31359683911428,-41.870623844011526],[-71.39787669296223,-41.8688941605004],[-71.40023587677965,-41.931886557999945]]]},"id":"43,765","properties":{"area_m2":4.891964039676714E7,"cell_size_m":7000,"grid_id":"43,765"}},{"type":"Feature","geometry":{"type":"Polygon","coordinates":[[[-71.25172064770923,-41.87185428281793],[-71.31359683911428,-41.870623844011526],[-71.31587328695848,-41.933620046088905],[-71.24787819513516,-41.934972017695415],[-71.25542536017402,-41.893453163042274],[-71.25172064770923,-41.87185428281793]]]},"id":"44,765","properties":{"area_m2":3.6213624600912854E7,"cell_size_m":7000,"grid_id":"44,765"}},{"type":"Feature","geometry":{"type":"Polygon","coordinates":[[[-71.78920890119463,-41.86005111651103],[-71.73491834037974,-41.8613577705191],[-71.73223706502046,-41.79838111383922],[-71.77205612581135,-41.79742641936202],[-71.77191795479851,-41.797642058152235],[-71.77158618129793,-41.798571009235125],[-71.77161921386308,-41.79933975869425],[-71.77191487779544,-41.800176076292594],[-71.77191949330003,-41.80056936311947],[-71.77123712190277,-41.80097918533481],[-71.77109358842503,-41.801032512928494],[-71.76857640266512,-41.801769331806135],[-71.7683244477062,-41.80207272918624],[-71.76785746170185,-41.802402540329005],[-71.76711661779036,-41.80245465835449],[-71.7663877183958,-41.80250681636668],[-71.76611775188763,-41.80283691997731],[-71.76612897410031,-41.80303365094511],[-71.76615648662008,-41.803668287393364],[-71.7664884467066,-41.80437059672244],[-71.76655234083896,-41.80488024562872],[-71.76662211756111,-41.805403262738544],[-71.766858598091,-41.806069655881664],[-71.76713851913733,-41.8063070543365],[-71.76745409747176,-41.80656688306073],[-71.7678892276317,-41.80684040411757],[-71.76835404156394,-41.80713633079686],[-71.769021033907,-41.807700757391416],[-71.769287920959,-41.808237581611934],[-71.76928737795403,-41.80838508238326],[-71.76928565843829,-41.8088677320489],[-71.76922502287744,-41.80910892746997],[-71.76906755136767,-41.80972093384064],[-71.76903126050883,-41.809850464397876],[-71.76798479690608,-41.811792402021624],[-71.76755916951294,-41.8121982164811],[-71.76635513780337,-41.81312982969747],[-71.76579230755031,-41.81346837597742],[-71.7651213264495,-41.81399882161106],[-71.76481995466257,-41.81472669057122],[-71.76505670801797,-41.815330471610956],[-71.76517517513258,-41.81561673683921],[-71.76535871309756,-41.81605953175098],[-71.76512377000337,-41.81659540112566],[-71.76497996230097,-41.81672023029878],[-71.76462030701168,-41.81702783662983],[-71.763723248592,-41.817294144594314],[-71.76344241956166,-41.81729353488685],[-71.76336467793392,-41.817320229604654],[-71.76185916554243,-41.81732604398605],[-71.76096200895799,-41.81759678369828],[-71.76002330881674,-41.817795959020344],[-71.75983162251012,-41.81792071592381],[-71.75935856049222,-41.818228069748315],[-71.75794652010626,-41.81877482270868],[-71.75682888423583,-41.818897594270105],[-71.7557953232974,-41.81889090111828],[-71.75512613155813,-41.81889396667862],[-71.75453422967941,-41.81902677712388],[-71.75403147425295,-41.819258093715064],[-71.75346844155273,-41.819627815860386],[-71.75316180960498,-41.82012769979528],[-71.75283092191222,-41.82072585876493],[-71.75269679283335,-41.82142722821776],[-71.75259732730653,-41.82242362760811],[-71.75236291798251,-41.82278960526861],[-71.75199646075001,-41.82332508584164],[-71.75146283890739,-41.823788687063356],[-71.75126933741855,-41.8243916134777],[-71.75136292047294,-41.824923690098196],[-71.75189934815641,-41.82525556599623],[-71.7522152128697,-41.825452871289],[-71.75233449923441,-41.825524602917696],[-71.75279426720995,-41.82559266442944],[-71.753033201491,-41.82561999306755],[-71.75396558653532,-41.825554967376924],[-71.75492747347931,-41.82555700906638],[-71.75562562711889,-41.82582214096585],[-71.75637102257724,-41.82621259364464],[-71.75698627120322,-41.82625854152864],[-71.7601789746668,-41.82572006790304],[-71.76072253750702,-41.82575689496991],[-71.76155724769602,-41.8262324075782],[-71.76176585702947,-41.82638922181581],[-71.76205211768753,-41.82651940763001],[-71.76240408310031,-41.826685528072964],[-71.763401059932,-41.826919973034045],[-71.76486339565821,-41.827352004528095],[-71.76658112034487,-41.8282001672302],[-71.7670280168716,-41.828563109784575],[-71.77061484136969,-41.82975907038145],[-71.77456416656683,-41.82987865939176],[-71.77984476015428,-41.83037155338433],[-71.78175145396129,-41.83021872969573],[-71.78275542972361,-41.830184898873426],[-71.78361587445563,-41.83018204842843],[-71.78521657787587,-41.830417469998146],[-71.78538390558265,-41.83040886559314],[-71.78698496217281,-41.83051909314946],[-71.78855008410041,-41.83065153371432],[-71.78938653208138,-41.830684421671236],[-71.7895239037256,-41.83069807192408],[-71.79071879926072,-41.830785145764324],[-71.79167930960426,-41.83124722497386],[-71.79203097114136,-41.83151596260283],[-71.79347037226744,-41.83360117947985],[-71.79395713923466,-41.83462994461185],[-71.7947402723417,-41.83640117469058],[-71.79517934728783,-41.83737174652731],[-71.79531182979966,-41.83895406105657],[-71.79553706804262,-41.839526496420355],[-71.79543978758349,-41.84005810491891],[-71.7951929213182,-41.84061186318536],[-71.79519111144752,-41.84118386945213],[-71.795536525082,-41.841582248446414],[-71.7961510654212,-41.841909606605995],[-71.796766147539,-41.842067078603854],[-71.79732123166613,-41.84228262756173],[-71.79748158510168,-41.8426225719698],[-71.79728349611122,-41.842894837961474],[-71.79683437932088,-41.84316658823867],[-71.79636634882155,-41.843737820168364],[-71.79580791478384,-41.84456359458209],[-71.79544159745276,-41.84510820261866],[-71.79503926326079,-41.845710833523256],[-71.79459457751302,-41.84645190453484],[-71.7943354939365,-41.847090476352626],[-71.79372330295529,-41.847875981625926],[-71.79325608235484,-41.84820584598282],[-71.79278261697219,-41.84860278077711],[-71.79230833644073,-41.84924994518164],[-71.79193622346206,-41.84971846707652],[-71.7915098133113,-41.85033447287567],[-71.7908392478138,-41.850659457689986],[-71.79054342029484,-41.85158405838881],[-71.79051636233439,-41.852531450778145],[-71.7909017796894,-41.85348851796043],[-71.79110186351043,-41.8544587060466],[-71.79121787768143,-41.85554485227798],[-71.79086096655635,-41.8568581391307],[-71.79069671852933,-41.85773378191818],[-71.79055808045975,-41.85806870543385],[-71.7899826232364,-41.85855479944267],[-71.78953295323895,-41.85894281933379],[-71.78917893608578,-41.85935777139901],[-71.78919558720807,-41.8597421348222],[-71.7892068086161,-41.85995665142194],[-71.78920890119463,-41.86005111651103]]]},"id":"38,766","properties":{"area_m2":2.574750077855306E7,"cell_size_m":7000,"grid_id":"38,766"}},{"type":"Feature","geometry":{"type":"Polygon","coordinates":[[[-71.73491834037974,-41.8613577705191],[-71.65067011906746,-41.86333448356737],[-71.64807120023013,-41.800353488370114],[-71.73223706502046,-41.79838111383922],[-71.73491834037974,-41.8613577705191]]]},"id":"39,766","properties":{"area_m2":4.8906319064312845E7,"cell_size_m":7000,"grid_id":"39,766"}},{"type":"Feature","geometry":{"type":"Polygon","coordinates":[[[-71.65067011906746,-41.86333448356737],[-71.5664135956901,-41.865249464131665],[-71.56389706393706,-41.80226426565568],[-71.64807120023013,-41.800353488370114],[-71.65067011906746,-41.86333448356737]]]},"id":"40,766","properties":{"area_m2":4.8910004105535686E7,"cell_size_m":7000,"grid_id":"40,766"}},{"type":"Feature","geometry":{"type":"Polygon","coordinates":[[[-71.5664135956901,-41.865249464131665],[-71.48214903276352,-41.867102695248974],[-71.4797149176952,-41.80411342879419],[-71.56389706393706,-41.80226426565568],[-71.5664135956901,-41.865249464131665]]]},"id":"41,766","properties":{"area_m2":4.8913572246449396E7,"cell_size_m":7000,"grid_id":"41,766"}},{"type":"Feature","geometry":{"type":"Polygon","coordinates":[[[-71.48214903276352,-41.867102695248974],[-71.39787669296223,-41.8688941605004],[-71.39552502321618,-41.80590096142602],[-71.4797149176952,-41.80411342879419],[-71.48214903276352,-41.867102695248974]]]},"id":"42,766","properties":{"area_m2":4.891702345305182E7,"cell_size_m":7000,"grid_id":"42,766"}},{"type":"Feature","geometry":{"type":"Polygon","coordinates":[[[-71.39787669296223,-41.8688941605004],[-71.31359683911428,-41.870623844011526],[-71.31132764236415,-41.8076268477341],[-71.39552502321618,-41.80590096142602],[-71.39787669296223,-41.8688941605004]]]},"id":"43,766","properties":{"area_m2":4.892035769244813E7,"cell_size_m":7000,"grid_id":"43,766"}},{"type":"Feature","geometry":{"type":"Polygon","coordinates":[[[-71.24095042546516,-41.809022012798124],[-71.31132764236415,-41.8076268477341],[-71.31359683911428,-41.870623844011526],[-71.25172064770923,-41.87185428281793],[-71.24490315974582,-41.83206909056192],[-71.24095042546516,-41.809022012798124]]]},"id":"44,766","properties":{"area_m2":3.840130239311011E7,"cell_size_m":7000,"grid_id":"44,766"}},{"type":"Feature","geometry":{"type":"Polygon","coordinates":[[[-71.77205612581135,-41.79742641936202],[-71.73223706502046,-41.79838111383922],[-71.72956432258302,-41.73540362421323],[-71.7857555047001,-41.73405403420201],[-71.78511314053165,-41.73438415316243],[-71.78477857524524,-41.73451314163544],[-71.784575229606,-41.7346601969241],[-71.78418048349826,-41.73494552181625],[-71.7841196697494,-41.73530293389742],[-71.78411342547989,-41.73537889825036],[-71.78411261100996,-41.73561574928668],[-71.78404510049401,-41.73618323515802],[-71.78421107136164,-41.73650977358698],[-71.78462753659626,-41.73687255406832],[-71.78475830403464,-41.737011354160394],[-71.78504372980167,-41.73731579901291],[-71.785310513073,-41.737843655848884],[-71.7854096065315,-41.73854548248644],[-71.78538490104198,-41.73877782738993],[-71.78534200579189,-41.739112926234576],[-71.78501087960741,-41.740010637513144],[-71.7847766748193,-41.74044370685234],[-71.78454780915617,-41.74107791785754],[-71.7843431964185,-41.74160940602431],[-71.78407894625043,-41.74210944970437],[-71.78398148132192,-41.74270814140207],[-71.7839790379111,-41.74344109301896],[-71.78378582740216,-41.744102118440246],[-71.78374356541586,-41.74424503756745],[-71.78350935970371,-41.744673653807915],[-71.78307768953184,-41.74527170881907],[-71.78304610609399,-41.74580798575413],[-71.78281045192098,-41.74666111328689],[-71.7827802259124,-41.746772764152595],[-71.78267760225727,-41.74713906353893],[-71.78264674275668,-41.74742057142848],[-71.78264674275667,-41.74743843502135],[-71.78251443600794,-41.7477376113165],[-71.78237579440432,-41.74813962189008],[-71.78226801228081,-41.74825115903736],[-71.78211235709324,-41.748402797622454],[-71.78221262800177,-41.74873815700222],[-71.78248122356658,-41.74873870194282],[-71.78273787329681,-41.74873023594894],[-71.78304167174286,-41.74888723253513],[-71.78329786854103,-41.749008364353],[-71.7836494487669,-41.74918779957876],[-71.78376166476826,-41.74952319639699],[-71.7840115262241,-41.74977391743312],[-71.78411107256672,-41.750337250470785],[-71.78412808593855,-41.7506098836734],[-71.78412781444858,-41.75067695284576],[-71.78413903603376,-41.75088703742059],[-71.78414464682622,-41.75100321592883],[-71.78407795078705,-41.75130251625553],[-71.78398166231531,-41.75153919976991],[-71.78377180040518,-41.751833761198526],[-71.78290909366574,-41.75281985827027],[-71.78200059300214,-41.75321591352098],[-71.78131380859674,-41.75333522829208],[-71.78081181885628,-41.75353539980021],[-71.78038141202968,-41.753735659379025],[-71.77981281440732,-41.75419939137937],[-71.77921516591046,-41.75443513687287],[-71.77874828618653,-41.75483199006131],[-71.77838294486395,-41.75519774080726],[-71.77798176576758,-41.75556791560912],[-71.7774125304144,-41.756196953986574],[-71.77712383992206,-41.75685334366746],[-71.77585215069648,-41.75866982104285],[-71.77562436467072,-41.75893308506571],[-71.77461783267506,-41.76003496893091],[-71.77458154244094,-41.76016455464712],[-71.77453321578871,-41.760311940729544],[-71.77451520641642,-41.76036102790015],[-71.77455556912875,-41.76076331703351],[-71.774649054943,-41.761331125685906],[-71.77491584683683,-41.76186348848763],[-71.77516001371558,-41.76202932049799],[-71.77517186910787,-41.762042724446594],[-71.77524924589419,-41.762096536869024],[-71.77548671558779,-41.76246344556788],[-71.7755506984364,-41.76296416616644],[-71.7755840925914,-41.7636569035024],[-71.77558391159329,-41.763692663097004],[-71.77561721524576,-41.76443013088595],[-71.77571531620211,-41.765391227202],[-71.77575423077982,-41.76622703271985],[-71.77565649183151,-41.76685698061473],[-71.77565042839576,-41.7668972137631],[-71.77524752641024,-41.76772318422945],[-71.77468344468392,-41.768557821995714],[-71.77401700705093,-41.76966043376699],[-71.77394505993993,-41.76974073461722],[-71.77321988646386,-41.77053927150697],[-71.77307626336916,-41.77063282627294],[-71.77248303686511,-41.77125732876658],[-71.77215379794673,-41.77152485286906],[-71.77158554779665,-41.77182314350381],[-71.77074262798783,-41.77213879216877],[-71.7702280421901,-41.77246848049395],[-71.76985146912254,-41.772588344273125],[-71.76958250101954,-41.77268613801887],[-71.76921714930378,-41.77302061837106],[-71.7688218413584,-41.77337289569181],[-71.7687918855397,-41.77339069699493],[-71.76855784995396,-41.77374327870888],[-71.7680183728471,-41.774323156816806],[-71.76762252042562,-41.77482293405024],[-71.7670884718423,-41.77558610859799],[-71.7669781505624,-41.77637240618893],[-71.76627721587315,-41.77868154465043],[-71.76600724927262,-41.779020630476765],[-71.76582135862935,-41.77925269714954],[-71.76535925610912,-41.77988636443064],[-71.764891270294,-41.78052001207252],[-71.76448935039399,-41.781019740950654],[-71.76430083431278,-41.78194896025515],[-71.76361057309997,-41.782944120633616],[-71.76226706189748,-41.78455917345107],[-71.76115930578743,-41.78537924385711],[-71.75973623183172,-41.785912522168346],[-71.75906071297831,-41.78611225404993],[-71.75816354863436,-41.78648128105073],[-71.7571596773421,-41.786680330461884],[-71.75582709041214,-41.78691433426055],[-71.7546206619019,-41.78696985188831],[-71.75406478012712,-41.787111716643786],[-71.75393219014583,-41.787446606645695],[-71.75493951062377,-41.78792244904184],[-71.75596682947817,-41.78787549866033],[-71.75709614337089,-41.78768122284563],[-71.7580934985749,-41.78764763111592],[-71.75949187228068,-41.78738235857602],[-71.76130166714051,-41.787261037561706],[-71.76139126516279,-41.787247795055535],[-71.76181572414308,-41.787128000085],[-71.76401548066906,-41.78650685113552],[-71.76529309919206,-41.78657209547187],[-71.7653348205873,-41.78659449754072],[-71.76655695642027,-41.7871466898056],[-71.76788859412316,-41.787149419612675],[-71.76898564805204,-41.787611916641495],[-71.7691285489616,-41.787741813449806],[-71.76958675455452,-41.788180696461446],[-71.76969381691708,-41.78828371860295],[-71.77002115783392,-41.78861061173611],[-71.77048578769404,-41.788915456071365],[-71.77078326267379,-41.78924230513363],[-71.77088435161417,-41.78934530223746],[-71.77138391332524,-41.78994511474473],[-71.77188446976348,-41.79024554430907],[-71.77226484145679,-41.79076025036013],[-71.77231778394811,-41.79097935275235],[-71.77248321786496,-41.791480257108994],[-71.77285164287471,-41.79200834846986],[-71.77309626381657,-41.79207136377829],[-71.77311409226863,-41.792075896789186],[-71.77372170704523,-41.79251509410499],[-71.77395347639526,-41.79284174609567],[-71.77398650871778,-41.793646276972545],[-71.77393157551106,-41.79398580155799],[-71.77388261526454,-41.7943119788467],[-71.77385854238645,-41.794356589053244],[-71.77365401334964,-41.79477629460917],[-71.7736693077821,-41.79554058380679],[-71.77359609359883,-41.795973905686786],[-71.77352414639384,-41.79604975401945],[-71.77302123950749,-41.79641078118157],[-71.77268602814719,-41.79660674473007],[-71.77221823395723,-41.79717342064304],[-71.77205612581135,-41.79742641936202]]]},"id":"38,767","properties":{"area_m2":2.5666549523132604E7,"cell_size_m":7000,"grid_id":"38,767"}},{"type":"Feature","geometry":{"type":"Polygon","coordinates":[[[-71.73223706502046,-41.79838111383922],[-71.64807120023013,-41.800353488370114],[-71.64548055292262,-41.73737166861096],[-71.72956432258302,-41.73540362421323],[-71.73223706502046,-41.79838111383922]]]},"id":"39,767","properties":{"area_m2":4.89070355798096E7,"cell_size_m":7000,"grid_id":"39,767"}},{"type":"Feature","geometry":{"type":"Polygon","coordinates":[[[-71.64807120023013,-41.800353488370114],[-71.56389706393706,-41.80226426565568],[-71.56138854215905,-41.739278250742345],[-71.64548055292262,-41.73737166861096],[-71.64807120023013,-41.800353488370114]]]},"id":"40,767","properties":{"area_m2":4.891072078368103E7,"cell_size_m":7000,"grid_id":"40,767"}},{"type":"Feature","geometry":{"type":"Polygon","coordinates":[[[-71.56389706393706,-41.80226426565568],[-71.4797149176952,-41.80411342879419],[-71.47728855088945,-41.74112335376664],[-71.56138854215905,-41.739278250742345],[-71.56389706393706,-41.80226426565568]]]},"id":"41,767","properties":{"area_m2":4.891428908211372E7,"cell_size_m":7000,"grid_id":"41,767"}},{"type":"Feature","geometry":{"type":"Polygon","coordinates":[[[-71.4797149176952,-41.80411342879419],[-71.39552502321618,-41.80590096142602],[-71.39318083986768,-41.74290696138324],[-71.47728855088945,-41.74112335376664],[-71.4797149176952,-41.80411342879419]]]},"id":"42,767","properties":{"area_m2":4.8917740441076815E7,"cell_size_m":7000,"grid_id":"42,767"}},{"type":"Feature","geometry":{"type":"Polygon","coordinates":[[[-71.39552502321618,-41.80590096142602],[-71.31132764236415,-41.8076268477341],[-71.30906566999911,-41.744629057832164],[-71.39318083986768,-41.74290696138324],[-71.39552502321618,-41.80590096142602]]]},"id":"43,767","properties":{"area_m2":4.892107482768357E7,"cell_size_m":7000,"grid_id":"43,767"}},{"type":"Feature","geometry":{"type":"Polygon","coordinates":[[[-71.23578697173764,-41.746079024138574],[-71.30906566999911,-41.744629057832164],[-71.31132764236415,-41.8076268477341],[-71.24095042546516,-41.809022012798124],[-71.23438221102441,-41.770687936858565],[-71.23578697173764,-41.746079024138574]]]},"id":"44,767","properties":{"area_m2":4.2747333383713014E7,"cell_size_m":7000,"grid_id":"44,767"}},{"type":"Feature","geometry":{"type":"MultiPolygon","coordinates":[[[[-71.8218608677134,-41.670131300630764],[-71.83363486376197,-41.66984138543117],[-71.83360267017993,-41.669893357853255],[-71.83317124877495,-41.6707731634328],[-71.83307488464338,-41.671166317154544],[-71.83294848019344,-41.671639906256274],[-71.83314347057289,-41.67231054365243],[-71.83319604104443,-41.67272177252991],[-71.83318337346172,-41.67300780568752],[-71.83301543746026,-41.67341431137877],[-71.83285383516784,-41.673641980847314],[-71.83245969171675,-41.673936371115275],[-71.83191055026413,-41.67421263763028],[-71.8311827033781,-41.67443503493324],[-71.8308782269034,-41.67464021811807],[-71.8305554724723,-41.67493466878055],[-71.83022068339625,-41.67530511996583],[-71.82996959135706,-41.67560417667232],[-71.82977260838199,-41.6756977399013],[-71.82955798094959,-41.67569743087645],[-71.82915279436352,-41.675638745877066],[-71.8288133891224,-41.675495222238204],[-71.82866463341833,-41.67540118076492],[-71.82813530142337,-41.67494899446645],[-71.82719598378802,-41.67398668639891],[-71.82610591580224,-41.67369898148686],[-71.82549840056694,-41.67352380812369],[-71.82511763975495,-41.67325506869697],[-71.82475488502975,-41.67291932084658],[-71.82461237089979,-41.672740296945214],[-71.82441637993463,-41.67246737025178],[-71.82382840631301,-41.67166647277309],[-71.82304371590507,-41.670905492738214],[-71.8218608677134,-41.670131300630764]]],[[[-71.81181412999435,-41.691525374875056],[-71.81089354632861,-41.670400269540735],[-71.81758172484352,-41.67023636909831],[-71.81745988913248,-41.670423040563875],[-71.81719050856644,-41.67082040551069],[-71.81665627112238,-41.672151391356344],[-71.81652343552106,-41.67275006052762],[-71.81618772677189,-41.67339307698017],[-71.81610384477305,-41.67354930922411],[-71.81598983037024,-41.673821803797175],[-71.81576171095435,-41.674389006019],[-71.81552092308722,-41.67521547844068],[-71.81554327356584,-41.67573834926922],[-71.81556037575288,-41.67602000056763],[-71.81566099812567,-41.67626146198064],[-71.81572614928534,-41.67641799827339],[-71.815759991688,-41.677084001174215],[-71.81575791047081,-41.67781694054562],[-71.81592205512253,-41.67878251616599],[-71.8160281066386,-41.67921175511517],[-71.81605751511589,-41.67935030678346],[-71.8160551624378,-41.68018159111904],[-71.81606104413298,-41.68022634940871],[-71.8160891857807,-41.680811804533285],[-71.81655700637651,-41.68191203555349],[-71.81669916216983,-41.68222060785324],[-71.81675843143472,-41.68234584225309],[-71.8167879303319,-41.68247100452736],[-71.81689416253408,-41.68284658581664],[-71.81689968226424,-41.68301200008626],[-71.8169223041081,-41.683450048716985],[-71.81699152694038,-41.68424562112598],[-71.81691913705006,-41.684558341242514],[-71.81682258700823,-41.68497833572813],[-71.81685688173123,-41.685478923211896],[-71.81710617439542,-41.68587708650529],[-71.8172901350637,-41.686176854007755],[-71.8175159007163,-41.68646319844167],[-71.8176881883049,-41.68667803433222],[-71.81791965436155,-41.687040380807844],[-71.8179895103862,-41.687643833354514],[-71.8179886960026,-41.68793435398721],[-71.81798842454137,-41.688037131042584],[-71.81798788161896,-41.68824268457834],[-71.81792101166788,-41.6886761051742],[-71.81777134598889,-41.68891275186807],[-71.81768746440765,-41.689042220984796],[-71.81701152464466,-41.68983671356882],[-71.81696962900028,-41.689890230018335],[-71.81643222412238,-41.69015752578548],[-71.8157578199831,-41.69037096585964],[-71.81535795457023,-41.69050885864236],[-71.81439163370361,-41.690641394355275],[-71.81356239974944,-41.69080990266235],[-71.81289432372601,-41.69090711050605],[-71.81222561288014,-41.691205494172465],[-71.81181412999435,-41.691525374875056]]]]},"id":"37,768","properties":{"area_m2":1370362.085097133,"cell_size_m":7000,"grid_id":"37,768"}},{"type":"Feature","geometry":{"type":"Polygon","coordinates":[[[-71.7857555047001,-41.73405403420201],[-71.72956432258302,-41.73540362421323],[-71.72690008171197,-41.6724253023825],[-71.81089354632861,-41.670400269540735],[-71.81181412999435,-41.691525374875056],[-71.8117953387858,-41.69153998277134],[-71.8114959111078,-41.69197301951422],[-71.81096365486704,-41.692539749638605],[-71.8105755470273,-41.69271787280523],[-71.80880991733405,-41.69293838822137],[-71.80549625863028,-41.69240096310452],[-71.80289735752665,-41.692128421952944],[-71.79948807758706,-41.69168447908304],[-71.79724503660822,-41.69204259353921],[-71.79607894228243,-41.69311316958065],[-71.79437440625792,-41.69472793064061],[-71.79320956839373,-41.69724201792983],[-71.79285112108556,-41.6993062017669],[-71.79272325276169,-41.700110428604475],[-71.79243557146998,-41.700565747952105],[-71.79223793182953,-41.70083350831209],[-71.79187206288778,-41.70146749095234],[-71.79147678278994,-41.702003069616566],[-71.79127307941731,-41.70230212793538],[-71.79126068165125,-41.70244070452712],[-71.79123615760159,-41.70263726300314],[-71.79127651821368,-41.70306639619855],[-71.7916027512257,-41.703630080839105],[-71.79159650710181,-41.70369711620052],[-71.79200735209497,-41.7039169063564],[-71.79294206773922,-41.70441467562118],[-71.79507491772827,-41.70508439638512],[-71.79566991238,-41.705532381981904],[-71.79600283742202,-41.7058636889067],[-71.79655529857187,-41.706548459755446],[-71.79656127111964,-41.70656635664717],[-71.79665031636395,-41.70669611333039],[-71.79672144394983,-41.706816910275215],[-71.79679266201299,-41.70693764817366],[-71.7968638800603,-41.707045069562646],[-71.79692324350312,-41.707143491704414],[-71.79704197035572,-41.707322457932264],[-71.79714277955424,-41.70748797651661],[-71.79720223343827,-41.707564121000964],[-71.79773577951967,-41.708597440116506],[-71.79843700757357,-41.709394167039825],[-71.79887064789787,-41.709962526338124],[-71.80013174880477,-41.71102840117461],[-71.80113168535351,-41.711727326171626],[-71.80290124865485,-41.7123292257449],[-71.80376534941217,-41.7125944187821],[-71.80476038808312,-41.71292681307641],[-71.80506986655732,-41.71314190367184],[-71.80509963800874,-41.71315978513551],[-71.80563525218801,-41.713558479751256],[-71.80609802066725,-41.714390557226785],[-71.8063353770203,-41.71479314815559],[-71.80703124727792,-41.715460230219776],[-71.80805993800703,-41.71655693945504],[-71.80896393072753,-41.71745672693256],[-71.80968829942115,-41.71860206759437],[-71.80983082023832,-41.71882128931985],[-71.81002654872337,-41.719192558920696],[-71.81026335921702,-41.71979179136724],[-71.81029837856053,-41.72005554450941],[-71.81034507101255,-41.72042212087501],[-71.81036262592491,-41.72052046197924],[-71.81006265396474,-41.72112327762624],[-71.80982910093994,-41.72142233285842],[-71.80979317665089,-41.72145354079008],[-71.80939855214122,-41.721756827042356],[-71.8090277259128,-41.72209142927009],[-71.80835954989232,-41.72212159755093],[-71.80776222612975,-41.72238869370417],[-71.80706364276142,-41.72258864922128],[-71.80622787443163,-41.722788340804264],[-71.80563072765909,-41.72298851429845],[-71.80453153670268,-41.72348719140906],[-71.80361088105381,-41.72413812159087],[-71.8033540670624,-41.724240491613635],[-71.80208872576627,-41.724443833198514],[-71.80156333120466,-41.724585962553675],[-71.80109141647603,-41.724781833218934],[-71.8004348068276,-41.72488789000716],[-71.80003519368013,-41.72488720141728],[-71.80002315822206,-41.724896120834046],[-71.79960490314964,-41.72511891132924],[-71.7989349880545,-41.725680830193596],[-71.79528060954053,-41.728610609570254],[-71.79299573077746,-41.73042548554304],[-71.7919069937521,-41.7313441818771],[-71.79177505279901,-41.731549556325426],[-71.79121299096992,-41.731923931380166],[-71.79107543906,-41.732017493525355],[-71.7907407894958,-41.732182237928015],[-71.79034062127816,-41.732315610181594],[-71.78939087584968,-41.73265352516862],[-71.7883576003063,-41.732977921853994],[-71.78640415927507,-41.733720675449554],[-71.7857555047001,-41.73405403420201]]]},"id":"38,768","properties":{"area_m2":4.34948510314863E7,"cell_size_m":7000,"grid_id":"38,768"}},{"type":"Feature","geometry":{"type":"Polygon","coordinates":[[[-71.72956432258302,-41.73540362421323],[-71.64548055292262,-41.73737166861096],[-71.6428981467452,-41.674389024996195],[-71.72690008171197,-41.6724253023825],[-71.72956432258302,-41.73540362421323]]]},"id":"39,768","properties":{"area_m2":4.890775193148856E7,"cell_size_m":7000,"grid_id":"39,768"}},{"type":"Feature","geometry":{"type":"Polygon","coordinates":[[[-71.64548055292262,-41.73737166861096],[-71.56138854215905,-41.739278250742345],[-71.5588880009131,-41.676291420063954],[-71.6428981467452,-41.674389024996195],[-71.64548055292262,-41.73737166861096]]]},"id":"40,768","properties":{"area_m2":4.8911437297986835E7,"cell_size_m":7000,"grid_id":"40,768"}},{"type":"Feature","geometry":{"type":"Polygon","coordinates":[[[-71.56138854215905,-41.739278250742345],[-71.47728855088945,-41.74112335376664],[-71.47486990386112,-41.67813247080572],[-71.5588880009131,-41.676291420063954],[-71.56138854215905,-41.739278250742345]]]},"id":"41,768","properties":{"area_m2":4.891500575389842E7,"cell_size_m":7000,"grid_id":"41,768"}},{"type":"Feature","geometry":{"type":"Polygon","coordinates":[[[-71.47728855088945,-41.74112335376664],[-71.39318083986768,-41.74290696138324],[-71.39084411539037,-41.679912160979626],[-71.47486990386112,-41.67813247080572],[-71.47728855088945,-41.74112335376664]]]},"id":"42,768","properties":{"area_m2":4.891845726519426E7,"cell_size_m":7000,"grid_id":"42,768"}},{"type":"Feature","geometry":{"type":"Polygon","coordinates":[[[-71.39318083986768,-41.74290696138324],[-71.30906566999911,-41.744629057832164],[-71.30681089545254,-41.68163047488254],[-71.39084411539037,-41.679912160979626],[-71.39318083986768,-41.74290696138324]]]},"id":"43,768","properties":{"area_m2":4.892179179897679E7,"cell_size_m":7000,"grid_id":"43,768"}},{"type":"Feature","geometry":{"type":"Polygon","coordinates":[[[-71.24756486273981,-41.68280493253552],[-71.30681089545254,-41.68163047488254],[-71.30906566999911,-41.744629057832164],[-71.23578697173764,-41.746079024138574],[-71.23788439195366,-41.70930077320893],[-71.24756486273981,-41.68280493253552]]]},"id":"44,768","properties":{"area_m2":3.994210792546792E7,"cell_size_m":7000,"grid_id":"44,768"}},{"type":"Feature","geometry":{"type":"Polygon","coordinates":[[[-71.81758172484352,-41.67023636909831],[-71.81089354632861,-41.670400269540735],[-71.80815623165005,-41.607425564117364],[-71.88554772855723,-41.605507573444314],[-71.8855558547502,-41.60561730351319],[-71.88555513100899,-41.60598376651832],[-71.88548918008426,-41.60625182255659],[-71.88539970754546,-41.60635451846514],[-71.88488666481751,-41.606894852105604],[-71.88424841351649,-41.607470722693705],[-71.88379516835504,-41.6078814069464],[-71.88325823935234,-41.60839040557289],[-71.8826916357648,-41.60888587461146],[-71.8821189697489,-41.609457389878166],[-71.8816236535084,-41.61002892692475],[-71.88143240242448,-41.61039079489988],[-71.88118732222183,-41.61088656484373],[-71.88070973643833,-41.61151182551494],[-71.88042322080517,-41.61189137588882],[-71.87998715924849,-41.612579169678796],[-71.8798377039856,-41.612905343252045],[-71.87897860624456,-41.6137223117593],[-71.87831030690474,-41.61442776725924],[-71.87772569082318,-41.61493664397523],[-71.87726646516751,-41.61526236238827],[-71.87699849275322,-41.6152442468626],[-71.87655799337303,-41.61514988425806],[-71.87596866955096,-41.61497943873899],[-71.87498036901722,-41.61482641181682],[-71.87456357015333,-41.614808058974695],[-71.8738366361409,-41.61497709739176],[-71.87300203962525,-41.61539628124854],[-71.87228043980261,-41.61589161050224],[-71.87151676897045,-41.616579034525316],[-71.87096145307846,-41.61730237576107],[-71.87069836074797,-41.61781611177809],[-71.87060209857452,-41.61830757846537],[-71.87051035997192,-41.61950972373673],[-71.87043210167528,-41.619907398778246],[-71.87038994170622,-41.62012188398586],[-71.87024030091182,-41.62049711452504],[-71.87014440048601,-41.62080096159265],[-71.86984014261995,-41.62105088470286],[-71.86959550569138,-41.62126067447719],[-71.86921407435933,-41.621412180614925],[-71.86879672498118,-41.621581503391496],[-71.86738435555398,-41.621964256279156],[-71.86712189352987,-41.622151677933324],[-71.8668767116404,-41.62264747550515],[-71.86652902348827,-41.62373757533348],[-71.86650351005676,-41.62454647965719],[-71.86640797037991,-41.62466706541964],[-71.86641303687865,-41.62507374708651],[-71.86641177025398,-41.62569496131768],[-71.86588476347039,-41.62704855229026],[-71.86490267378747,-41.629572540930084],[-71.8647349356382,-41.63000590705116],[-71.86469901758703,-41.630104191171405],[-71.86423850618863,-41.63093937247759],[-71.86370670063239,-41.63173877074487],[-71.86303791631909,-41.63250216586105],[-71.8624454909289,-41.6337260470823],[-71.86212304023128,-41.634110035695564],[-71.86157983129233,-41.63460547851857],[-71.86140675336334,-41.63476617669447],[-71.8609770890278,-41.63510080632673],[-71.86067825075729,-41.63553400676236],[-71.8603434936527,-41.636069892377435],[-71.86001398374343,-41.636936567420946],[-71.8597092636734,-41.637338360281916],[-71.85961209337512,-41.63820081214061],[-71.85942453832892,-41.63951455515022],[-71.85934645821638,-41.639813947745594],[-71.85827233446666,-41.64331207291254],[-71.85699291728115,-41.64525904865884],[-71.85497556952868,-41.64680737576359],[-71.85378272526685,-41.64730636777531],[-71.8532818451388,-41.647462196923634],[-71.85291233696108,-41.647492959164516],[-71.85256074283186,-41.64752383639758],[-71.85254879984372,-41.64752830135064],[-71.85215594766352,-41.647340086511576],[-71.8510072458,-41.646806737402684],[-71.84838184554104,-41.64582008152503],[-71.84798310706125,-41.645631848790366],[-71.84731573696803,-41.64563096843968],[-71.84658258731,-41.64576405251811],[-71.8455518500195,-41.645726906229854],[-71.84463393726362,-41.64585530393989],[-71.84272843414577,-41.64537446507872],[-71.84250811526078,-41.64532503034015],[-71.84222219812125,-41.645266532433745],[-71.84145990195059,-41.64513140576038],[-71.84082246712273,-41.64509476867104],[-71.8403219283264,-41.645094053058315],[-71.83979162054042,-41.6450933478779],[-71.83906433467332,-41.64526217314427],[-71.83870666286839,-41.645342104764964],[-71.83812215406395,-41.64556474872183],[-71.837889616979,-41.6456314701588],[-71.83749041283735,-41.64563089348695],[-71.83694815672156,-41.64563014071571],[-71.8368886197845,-41.645630017655996],[-71.83655492318822,-41.64562957530236],[-71.83630962701123,-41.646040427846835],[-71.83622502647819,-41.64650507959315],[-71.83628320631244,-41.64705935730991],[-71.83624556586105,-41.64779226042992],[-71.83613065387827,-41.64848479504896],[-71.83606333534298,-41.64917299439572],[-71.83604931064635,-41.649999798652374],[-71.83581514336132,-41.65068767917933],[-71.8357248423295,-41.65105855460078],[-71.83542561818517,-41.65156309971003],[-71.83502550611117,-41.65192009595396],[-71.83463733719758,-41.652223424750666],[-71.83421360821055,-41.65247308071188],[-71.83398676864992,-41.6526336562489],[-71.8338967385439,-41.652883841570414],[-71.83396052872217,-41.65355879899442],[-71.83444786716332,-41.65408239900083],[-71.83475632142566,-41.65462810729594],[-71.83481549683499,-41.654793519750456],[-71.83501075751079,-41.65535694005011],[-71.83503392095645,-41.65560721876739],[-71.83504568364306,-41.65568771901807],[-71.83503292565219,-41.655996070507165],[-71.83500759063331,-41.65658598988052],[-71.83514295199629,-41.65725658509945],[-71.83524763985561,-41.65825336086214],[-71.83557391830298,-41.6588526773114],[-71.83537521965462,-41.659670307109145],[-71.83531441567173,-41.6601126453645],[-71.83524836371278,-41.660313680804585],[-71.83507481891108,-41.660599490295674],[-71.83499682324968,-41.66081389500384],[-71.83497194063905,-41.66122054214498],[-71.8350418833905,-41.66182401509596],[-71.83508341471945,-41.66190449676726],[-71.83531468711811,-41.66236067952693],[-71.83581306227572,-41.66325523419149],[-71.83583676855449,-41.663308876859276],[-71.83628709703193,-41.66435538318466],[-71.83726258032931,-41.66512992417468],[-71.83727370956207,-41.6654517634501],[-71.83712939143206,-41.66595209989865],[-71.8370989896107,-41.66618889321982],[-71.83695539525418,-41.6663853002866],[-71.83667463054893,-41.66666207830111],[-71.8363699783937,-41.66691191395786],[-71.83601194161285,-41.667090165233724],[-71.83563626043056,-41.66716112630692],[-71.8350991586205,-41.6674016489108],[-71.83460983057118,-41.6676557682744],[-71.83455590309933,-41.66776737079523],[-71.83432689220628,-41.66872791740371],[-71.83396776732314,-41.669303949747736],[-71.83363486376197,-41.66984138543117],[-71.8218608677134,-41.670131300630764],[-71.82172280394069,-41.670040933790496],[-71.82113925915391,-41.66982104805233],[-71.82021566545465,-41.66971231860261],[-71.81855279188953,-41.66967391703567],[-71.81818903430994,-41.66972252185804],[-71.81778917195315,-41.669918524722334],[-71.81758172484352,-41.67023636909831]]]},"id":"37,769","properties":{"area_m2":2.7079948718688518E7,"cell_size_m":7000,"grid_id":"37,769"}},{"type":"Feature","geometry":{"type":"Polygon","coordinates":[[[-71.81089354632861,-41.670400269540735],[-71.72690008171197,-41.6724253023825],[-71.7242443112186,-41.60944614908882],[-71.80815623165005,-41.607425564117364],[-71.81089354632861,-41.670400269540735]]]},"id":"38,769","properties":{"area_m2":4.8904665706168085E7,"cell_size_m":7000,"grid_id":"38,769"}},{"type":"Feature","geometry":{"type":"Polygon","coordinates":[[[-71.72690008171197,-41.6724253023825],[-71.6428981467452,-41.674389024996195],[-71.64032395145986,-41.611405558232725],[-71.7242443112186,-41.60944614908882],[-71.72690008171197,-41.6724253023825]]]},"id":"39,769","properties":{"area_m2":4.890846811588828E7,"cell_size_m":7000,"grid_id":"39,769"}},{"type":"Feature","geometry":{"type":"Polygon","coordinates":[[[-71.6428981467452,-41.674389024996195],[-71.5588880009131,-41.676291420063954],[-71.55639541091293,-41.61330377429357],[-71.64032395145986,-41.611405558232725],[-71.6428981467452,-41.674389024996195]]]},"id":"40,769","properties":{"area_m2":4.891215364499263E7,"cell_size_m":7000,"grid_id":"40,769"}},{"type":"Feature","geometry":{"type":"Polygon","coordinates":[[[-71.5588880009131,-41.676291420063954],[-71.47486990386112,-41.67813247080572],[-71.47245894827662,-41.61514078055173],[-71.55639541091293,-41.61330377429357],[-71.5588880009131,-41.676291420063954]]]},"id":"41,769","properties":{"area_m2":4.891572225835544E7,"cell_size_m":7000,"grid_id":"41,769"}},{"type":"Feature","geometry":{"type":"Polygon","coordinates":[[[-71.47486990386112,-41.67813247080572],[-71.39084411539037,-41.679912160979626],[-71.38851482240436,-41.61691656082383],[-71.47245894827662,-41.61514078055173],[-71.47486990386112,-41.67813247080572]]]},"id":"42,769","properties":{"area_m2":4.891917392194658E7,"cell_size_m":7000,"grid_id":"42,769"}},{"type":"Feature","geometry":{"type":"Polygon","coordinates":[[[-71.39084411539037,-41.679912160979626],[-71.30681089545254,-41.68163047488254],[-71.30456329229919,-41.6186310994633],[-71.38851482240436,-41.61691656082383],[-71.39084411539037,-41.679912160979626]]]},"id":"43,769","properties":{"area_m2":4.892250860286964E7,"cell_size_m":7000,"grid_id":"43,769"}},{"type":"Feature","geometry":{"type":"Polygon","coordinates":[[[-71.27075000612507,-41.6193042948057],[-71.30456329229919,-41.6186310994633],[-71.30681089545254,-41.68163047488254],[-71.24756486273981,-41.68280493253552],[-71.25805790422535,-41.6540594692699],[-71.27075000612507,-41.6193042948057]]]},"id":"44,769","properties":{"area_m2":2.7100197101784386E7,"cell_size_m":7000,"grid_id":"44,769"}},{"type":"Feature","geometry":{"type":"Polygon","coordinates":[[[-71.88554772855723,-41.605507573444314],[-71.80815623165005,-41.607425564117364],[-71.80542761470147,-41.54445001943762],[-71.84010169945267,-41.54359816818826],[-71.8401433193882,-41.54368987613432],[-71.84020249378925,-41.54382408366191],[-71.84016023928687,-41.544078748090165],[-71.84010052199336,-41.54417699309947],[-71.84002886122627,-41.544270710354446],[-71.83988590156659,-41.544346546025345],[-71.83973072692605,-41.54453846972684],[-71.83961726390449,-41.544734969743764],[-71.83949764813909,-41.54497614768795],[-71.83942001549252,-41.54511907261243],[-71.83933541579185,-41.54562401706953],[-71.83922122878029,-41.54608414168886],[-71.83922068589426,-41.54631658398083],[-71.83917815981751,-41.546656203230974],[-71.83909446486254,-41.54684824265194],[-71.83893349904359,-41.546959734673656],[-71.83871905878642,-41.5470667252797],[-71.83851629046006,-41.54728542147278],[-71.83827769141948,-41.547521969514506],[-71.83810993908514,-41.54800441934752],[-71.83806225542261,-41.54801325827727],[-71.83772919343507,-41.548003890019416],[-71.83755031158702,-41.548137695981374],[-71.83745467264143,-41.54832527341017],[-71.83744227667378,-41.54854426308262],[-71.8374299711872,-41.548682833311844],[-71.83740599358326,-41.54875877173237],[-71.83737016289626,-41.54882126832679],[-71.8372688235575,-41.548897079567936],[-71.83707220705135,-41.54899065523313],[-71.83689350579496,-41.54907984229955],[-71.83675072568057,-41.54910647395023],[-71.83636364466597,-41.549239943895145],[-71.83605401570593,-41.549351269605395],[-71.8331790302904,-41.54986554009627],[-71.8319416764487,-41.549810166014325],[-71.83120966740248,-41.549880560959984],[-71.83003700167181,-41.55012015510803],[-71.8291204011304,-41.550252916517714],[-71.8287392827311,-41.550390861599325],[-71.82838168974226,-41.55062273154473],[-71.82822053750687,-41.55080130757026],[-71.82824342999673,-41.551154416844284],[-71.82828387640758,-41.55161929184101],[-71.82833644768556,-41.551990291624904],[-71.82846059187366,-41.552281014501],[-71.82862083914664,-41.55243322162969],[-71.82910194241506,-41.5527601860141],[-71.82984418098837,-41.5533109782173],[-71.83043757246776,-41.553919708113014],[-71.83101910951663,-41.55452841755576],[-71.83120242873846,-41.55494881122992],[-71.83122559246277,-41.55520801771621],[-71.83132358585593,-41.55642380721621],[-71.83131399462951,-41.55781822166417],[-71.8310030939626,-41.55840331759005],[-71.83081117870128,-41.55894825146463],[-71.83058279848397,-41.55984180405185],[-71.8305941089186,-41.56004741403896],[-71.83062243024506,-41.560610576899904],[-71.83065057060209,-41.56124076490985],[-71.83065038963517,-41.561298868984366],[-71.83069554087807,-41.562241960127146],[-71.82947220232296,-41.56354072512981],[-71.82616074955982,-41.566802829991985],[-71.8228608443955,-41.570064886674],[-71.81942988028209,-41.5732640413372],[-71.81834376706256,-41.57430818096506],[-71.81763896328911,-41.575200943190026],[-71.8178710627913,-41.575210244649824],[-71.81892442140484,-41.575256608098556],[-71.81926962836917,-41.57526605647785],[-71.81967446562638,-41.57520409791169],[-71.82185319424815,-41.575104735487336],[-71.8236990121565,-41.57480812763391],[-71.82494291309821,-41.574818956722275],[-71.82543741371856,-41.574645391522424],[-71.8262410095146,-41.574619846343055],[-71.82679486598836,-41.574491052864154],[-71.82700967626043,-41.57427683964464],[-71.82738491525352,-41.574192467880444],[-71.82765292990754,-41.57412137807572],[-71.8279388602137,-41.574005634112204],[-71.82808236817529,-41.57376445542202],[-71.82830885002782,-41.57366203409609],[-71.8289408810298,-41.573207121852754],[-71.82955988110878,-41.57319903977641],[-71.8299238971087,-41.57283756167617],[-71.83052570340394,-41.57258821054652],[-71.8318534554234,-41.57237561655585],[-71.83278244420723,-41.57216243558665],[-71.83382525733595,-41.57165002483763],[-71.83447636910982,-41.57073471016072],[-71.83459055783482,-41.57027901792052],[-71.83482445457946,-41.56956871456604],[-71.83518955031305,-41.56876477042702],[-71.83563273163122,-41.56766592412663],[-71.8362895400418,-41.56681326157392],[-71.8368207585204,-41.56619728228854],[-71.837868172889,-41.56616300157179],[-71.83847602631909,-41.56583759319806],[-71.83892246035036,-41.56580693942662],[-71.83960088686213,-41.565807862839726],[-71.84011246545298,-41.56588009735463],[-71.84064811105576,-41.56584057654404],[-71.84158910788804,-41.565569237995525],[-71.84242206870584,-41.56563299835527],[-71.84316617609836,-41.56551777724524],[-71.84373221770662,-41.565237010751716],[-71.84520241917978,-41.56511382111832],[-71.84636860464363,-41.565195861913885],[-71.84679684126765,-41.56528135090567],[-71.84711179794023,-41.56548288799871],[-71.8474561598599,-41.56580960574406],[-71.84789570482198,-41.56619452626475],[-71.84824051827736,-41.56633806424199],[-71.8485675071253,-41.566481503423454],[-71.84870982950352,-41.566696176016194],[-71.84909608107564,-41.56692465186305],[-71.84951228041255,-41.567108425546074],[-71.84982732484933,-41.5672384080704],[-71.85013594504177,-41.56760982774406],[-71.8502187322891,-41.56784674972457],[-71.85036693497915,-41.56810619277136],[-71.85035453951873,-41.56829833724548],[-71.85009722050768,-41.56892820396325],[-71.84993472217722,-41.56971460976206],[-71.84956349098861,-41.570670555458754],[-71.84959714881853,-41.571537614411994],[-71.84960257750043,-41.571761120099865],[-71.8496084585724,-41.571814745135434],[-71.84963704962837,-41.57232431445135],[-71.85038068760619,-41.57245484696642],[-71.85060082003496,-41.572495390413444],[-71.85136237028773,-41.572594678156186],[-71.85219530528542,-41.57271641912306],[-71.85377195852392,-41.57295082422288],[-71.85456932984121,-41.57304573732523],[-71.8559613997823,-41.573306656238714],[-71.85672284658513,-41.57347301383673],[-71.85735952543926,-41.573558731223734],[-71.85793667004187,-41.57364435022198],[-71.85846577110712,-41.57389977594706],[-71.85932139657707,-41.57456672593489],[-71.85982072900646,-41.5748399466529],[-71.86043849232676,-41.575426223499186],[-71.86093094689744,-41.57613742457537],[-71.86094126102128,-41.57691064587643],[-71.86132686425049,-41.57747869102332],[-71.86138612514587,-41.57763068569075],[-71.86142756252869,-41.57773803324818],[-71.86150473737773,-41.57782301636399],[-71.8616412635296,-41.57797518410644],[-71.8618907018128,-41.57827044105014],[-71.86219370075199,-41.578534502947996],[-71.86316702292567,-41.57984960899423],[-71.86343355959224,-41.58048013235395],[-71.86347490623068,-41.58064108105311],[-71.86356357077615,-41.58093164293501],[-71.86364581164338,-41.581441245841276],[-71.86365757326179,-41.58153513151565],[-71.86376351828162,-41.58210286720188],[-71.86372669537955,-41.58263019707473],[-71.86371420997197,-41.58289390180023],[-71.8635985842173,-41.58408258095386],[-71.8636992817666,-41.58434639325794],[-71.86377030382822,-41.58450736311916],[-71.86419263595928,-41.58469558991037],[-71.86427578139967,-41.58476272727404],[-71.86566274180655,-41.58477326325341],[-71.86672842626437,-41.584725350618534],[-71.86762139449057,-41.58469507311545],[-71.86843664421247,-41.584821193384315],[-71.8688471181613,-41.5849691238242],[-71.86966761208403,-41.58543490416244],[-71.86975690818345,-41.58546181011083],[-71.87066036252513,-41.586146611622645],[-71.87223574688026,-41.58723443514925],[-71.87284832886974,-41.5875211021791],[-71.87328829064853,-41.58778974042855],[-71.87393036413084,-41.58824631803705],[-71.8739536151819,-41.58853240813765],[-71.8740486097306,-41.58864423608289],[-71.87417264542646,-41.58914493869491],[-71.87455262318197,-41.589695122204425],[-71.8746533172098,-41.589976755300526],[-71.87456800322425,-41.59098671272232],[-71.8744652283391,-41.59179558808595],[-71.87458211667416,-41.59289957891206],[-71.87459840142327,-41.59374879127452],[-71.87483516348522,-41.59446414317918],[-71.87532723354792,-41.595510480502696],[-71.87538649179518,-41.59569376783519],[-71.87562406749514,-41.59598006694384],[-71.87571906153639,-41.596091955142306],[-71.87598613034335,-41.596556994778915],[-71.87606284925386,-41.596905709514125],[-71.87611595537544,-41.597156053036926],[-71.87593637160596,-41.59765195563596],[-71.87574529798077,-41.59794667535322],[-71.8755242784855,-41.598312917095576],[-71.87530877754189,-41.59892057762533],[-71.8752247303242,-41.59930479380836],[-71.87529565930164,-41.599564143058146],[-71.87566387452546,-41.60003822121487],[-71.8757291037619,-41.60017689739877],[-71.87649005020121,-41.60082575899544],[-71.87731088596077,-41.6012646189401],[-71.87832252032095,-41.601551690058216],[-71.87972742187831,-41.60175429649424],[-71.88087610898876,-41.60199238436237],[-71.88184593525,-41.60242245421878],[-71.8837787936173,-41.60370711308883],[-71.88430178964984,-41.6042663018551],[-71.88440293287408,-41.604337880943376],[-71.88501006293393,-41.604468124630785],[-71.88519461721044,-41.604495150988264],[-71.88554536050249,-41.60478599148155],[-71.8855267241652,-41.605223944017354],[-71.88554772855723,-41.605507573444314]]]},"id":"37,770","properties":{"area_m2":2.7092391886260666E7,"cell_size_m":7000,"grid_id":"37,770"}},{"type":"Feature","geometry":{"type":"Polygon","coordinates":[[[-71.80815623165005,-41.607425564117364],[-71.7242443112186,-41.60944614908882],[-71.7215969800799,-41.54646616507445],[-71.80542761470147,-41.54445001943762],[-71.80815623165005,-41.607425564117364]]]},"id":"38,770","properties":{"area_m2":4.8905381552096404E7,"cell_size_m":7000,"grid_id":"38,770"}},{"type":"Feature","geometry":{"type":"Polygon","coordinates":[[[-71.7242443112186,-41.60944614908882],[-71.64032395145986,-41.611405558232725],[-71.63775793698919,-41.548421269028076],[-71.7215969800799,-41.54646616507445],[-71.7242443112186,-41.60944614908882]]]},"id":"39,770","properties":{"area_m2":4.890918412952467E7,"cell_size_m":7000,"grid_id":"39,770"}},{"type":"Feature","geometry":{"type":"Polygon","coordinates":[[[-71.64032395145986,-41.611405558232725],[-71.55639541091293,-41.61330377429357],[-71.55391074302787,-41.5503153141051],[-71.63775793698919,-41.548421269028076],[-71.64032395145986,-41.611405558232725]]]},"id":"40,770","properties":{"area_m2":4.8912869821185894E7,"cell_size_m":7000,"grid_id":"40,770"}},{"type":"Feature","geometry":{"type":"Polygon","coordinates":[[[-71.55639541091293,-41.61330377429357],[-71.47245894827662,-41.61514078055173],[-71.47005565595303,-41.55214828364599],[-71.55391074302787,-41.5503153141051],[-71.55639541091293,-41.61330377429357]]]},"id":"41,770","properties":{"area_m2":4.891643859194498E7,"cell_size_m":7000,"grid_id":"41,770"}},{"type":"Feature","geometry":{"type":"Polygon","coordinates":[[[-71.47245894827662,-41.61514078055173],[-71.38851482240436,-41.61691656082383],[-71.38619293367536,-41.553920161525646],[-71.47005565595303,-41.55214828364599],[-71.47245894827662,-41.61514078055173]]]},"id":"42,770","properties":{"area_m2":4.891989040781118E7,"cell_size_m":7000,"grid_id":"42,770"}},{"type":"Feature","geometry":{"type":"Polygon","coordinates":[[[-71.38851482240436,-41.61691656082383],[-71.30456329229919,-41.6186310994633],[-71.30232283425433,-41.5556309321538],[-71.38619293367536,-41.553920161525646],[-71.38851482240436,-41.61691656082383]]]},"id":"43,770","properties":{"area_m2":4.8923225235850416E7,"cell_size_m":7000,"grid_id":"43,770"}},{"type":"Feature","geometry":{"type":"Polygon","coordinates":[[[-71.29393328446184,-41.55579868014895],[-71.30232283425433,-41.5556309321538],[-71.30456329229919,-41.6186310994633],[-71.27075000612507,-41.6193042948057],[-71.27822608921309,-41.59881410361814],[-71.29393328446184,-41.55579868014895]]]},"id":"44,770","properties":{"area_m2":1.2301836190798976E7,"cell_size_m":7000,"grid_id":"44,770"}},{"type":"Feature","geometry":{"type":"Polygon","coordinates":[[[-71.84010169945267,-41.54359816818826],[-71.80542761470147,-41.54445001943762],[-71.80270766368487,-41.4814736362798],[-71.82799485880089,-41.48085418828429],[-71.82800681386564,-41.481002988456375],[-71.8280535942008,-41.48130693709142],[-71.82807114813522,-41.48140532162147],[-71.82827184201741,-41.481937503144025],[-71.82865522307947,-41.48305092836231],[-71.82889781066794,-41.4834579760777],[-71.8289384379632,-41.483837962576004],[-71.8292043701748,-41.484401507186824],[-71.82959028365423,-41.48456298533556],[-71.83014811555528,-41.48489001661688],[-71.83147161644591,-41.48565629561103],[-71.83230306570502,-41.48590332095882],[-71.83270064770025,-41.486136275698996],[-71.8328247901782,-41.48640463257317],[-71.83290161009825,-41.48657005973642],[-71.83301362780459,-41.48695013047609],[-71.83303118146418,-41.48705744483387],[-71.83307217016036,-41.48729888598377],[-71.83319604104443,-41.48767002310217],[-71.83333230800918,-41.487835597609546],[-71.83363479150684,-41.48810417742286],[-71.83399056891514,-41.48843986555704],[-71.83423903377542,-41.48890057390339],[-71.83486091893066,-41.48978197437187],[-71.83519814611834,-41.49039917430692],[-71.83559491013831,-41.49096741024823],[-71.83591521641856,-41.49125387063351],[-71.83592118822747,-41.49125838859031],[-71.83640761883032,-41.49164339778805],[-71.8377186975884,-41.492686668788636],[-71.8384960226684,-41.49323299509385],[-71.83897077725067,-41.493559946467705],[-71.83926149282632,-41.493765934034336],[-71.8397293697131,-41.49446824972979],[-71.83973516048825,-41.49453530109234],[-71.8397992209313,-41.495098527833],[-71.8397561520473,-41.495688480516286],[-71.83970756382448,-41.496108531452926],[-71.8394811806096,-41.49629592564918],[-71.83913545277301,-41.49668429357075],[-71.83867644216103,-41.497184209940414],[-71.83825344243598,-41.497554521314434],[-71.83814025032798,-41.4976527187778],[-71.83760387662244,-41.498183821844044],[-71.83744200522924,-41.498719902234086],[-71.8376848575287,-41.49907776824498],[-71.83878203366184,-41.500134108265534],[-71.83890662615859,-41.50025498400235],[-71.84105047802514,-41.501209958120135],[-71.8411810413368,-41.5012860852171],[-71.84130572336781,-41.501371151489316],[-71.84140063730473,-41.50144731013444],[-71.84149555121311,-41.501523394775795],[-71.84159634631432,-41.50162185466614],[-71.84170311308304,-41.50172483140594],[-71.84183358564462,-41.501863498073064],[-71.84196405815227,-41.50200674336434],[-71.84205300019836,-41.5021006880835],[-71.84212411762512,-41.50219911692195],[-71.84221296914598,-41.50231542456912],[-71.8422840865367,-41.50242729457432],[-71.84236108511853,-41.50253916148386],[-71.84242623079,-41.502642008953444],[-71.84248540476328,-41.50274041312858],[-71.84258610906845,-41.502919356920664],[-71.84272228150549,-41.503156435310245],[-71.842811042378,-41.50330847140964],[-71.84355216302124,-41.50417656028137],[-71.84441081484376,-41.50560789937491],[-71.84470668273867,-41.506180389763564],[-71.84478322833237,-41.506497848081814],[-71.84544218921764,-41.50691436898193],[-71.84576809521836,-41.507366191261944],[-71.84591657143851,-41.50746922379537],[-71.84627269693209,-41.507715490447886],[-71.84664619396887,-41.50817187453737],[-71.84666971847672,-41.50827916384301],[-71.84660348793473,-41.50864552750785],[-71.84657308702558,-41.50891366828398],[-71.84657281558887,-41.509029859552996],[-71.84657209175766,-41.50934720949669],[-71.84705922978435,-41.50953111902122],[-71.84710075953302,-41.509549027619755],[-71.84743372115457,-41.509549446617946],[-71.84790375741025,-41.50941155158467],[-71.84836709756449,-41.50961772493796],[-71.8490610660194,-41.5103561165833],[-71.84921424555196,-41.5109730594666],[-71.84942632624671,-41.511818084490564],[-71.84947346532371,-41.512005859630314],[-71.84976417122239,-41.512260953504295],[-71.84978796693146,-41.51227885529345],[-71.84987102570409,-41.51236392312968],[-71.84998973275727,-41.512462396506514],[-71.85009649668457,-41.51254297640556],[-71.85022705625155,-41.51265489722381],[-71.85038738296389,-41.51276686081621],[-71.850476413112,-41.51282949096361],[-71.85076702760735,-41.513178493025514],[-71.85086727687914,-41.51354068057241],[-71.85107492305812,-41.51375101841596],[-71.85113418588583,-41.51380917381616],[-71.85116386253428,-41.513849445901535],[-71.85143647137238,-41.51424306620547],[-71.85163841709695,-41.514359581423406],[-71.8518343911843,-41.51447601078808],[-71.85196476907603,-41.514646010438476],[-71.85206547035311,-41.51483828145949],[-71.85196947389834,-41.51520914667768],[-71.85177241416618,-41.51556644786749],[-71.8517365851107,-41.51564235979001],[-71.85156359224008,-41.51587457519391],[-71.85143773805744,-41.51630791559269],[-71.85132898407907,-41.51704521895808],[-71.85132735548343,-41.517764793441025],[-71.85097955964477,-41.519029209173226],[-71.85069844550591,-41.5197125900705],[-71.85047116540073,-41.52028887481479],[-71.848860475816,-41.52245438980491],[-71.84729275538055,-41.524021084540465],[-71.8469405216273,-41.52457483121417],[-71.84704601988494,-41.525231924390624],[-71.84694124545766,-41.52679605126397],[-71.84682380395978,-41.52865963165586],[-71.84676254978675,-41.529437255407665],[-71.84680245095547,-41.5301657784496],[-71.84687166725656,-41.53106869675497],[-71.84710175479925,-41.5318645411178],[-71.8471430131061,-41.53201652692979],[-71.84718436188628,-41.53217302988905],[-71.8472726691098,-41.53253072044251],[-71.84753351909386,-41.5329288146114],[-71.8476577462216,-41.533188192650215],[-71.8477702110882,-41.53342971141966],[-71.84810281008878,-41.533631243618885],[-71.84807222836726,-41.53399770235304],[-71.84791723870927,-41.534149487590454],[-71.84776822055994,-41.53429678152426],[-71.84730379378104,-41.53446596983687],[-71.84675612578859,-41.534661910087465],[-71.84660104500465,-41.534831538234194],[-71.84610060585204,-41.5351973242751],[-71.84546860915029,-41.535795382564864],[-71.84469980630143,-41.53641109217046],[-71.84246767066848,-41.537029279304846],[-71.84175260580172,-41.53756467742733],[-71.84127595531119,-41.537863427048926],[-71.84060875199256,-41.53826031125851],[-71.83986898165321,-41.539139722161856],[-71.83983921346118,-41.539170966390195],[-71.83941024354965,-41.53943405916781],[-71.83916992604455,-41.5403812508063],[-71.83894227570924,-41.54102450170238],[-71.83881035425549,-41.541457865743],[-71.8387795001901,-41.54189579995492],[-71.83877931922784,-41.5419896458319],[-71.83877850489762,-41.542289071938725],[-71.83877787152967,-41.542557234471026],[-71.83883686522421,-41.542758425941074],[-71.83924665394254,-41.5430405710099],[-71.83992987524095,-41.54339461227553],[-71.84007229199615,-41.54353336980965],[-71.84010169945267,-41.54359816818826]]]},"id":"37,771","properties":{"area_m2":2.2524198930558078E7,"cell_size_m":7000,"grid_id":"37,771"}},{"type":"Feature","geometry":{"type":"Polygon","coordinates":[[[-71.80542761470147,-41.54445001943762],[-71.7215969800799,-41.54646616507445],[-71.71895805743746,-41.48348535108209],[-71.80270766368487,-41.4814736362798],[-71.80542761470147,-41.54445001943762]]]},"id":"38,771","properties":{"area_m2":4.890609722384352E7,"cell_size_m":7000,"grid_id":"38,771"}},{"type":"Feature","geometry":{"type":"Polygon","coordinates":[[[-71.7215969800799,-41.54646616507445],[-71.63775793698919,-41.548421269028076],[-71.63520007341556,-41.48543615809044],[-71.71895805743746,-41.48348535108209],[-71.7215969800799,-41.54646616507445]]]},"id":"39,771","properties":{"area_m2":4.890989996892808E7,"cell_size_m":7000,"grid_id":"39,771"}},{"type":"Feature","geometry":{"type":"Polygon","coordinates":[[[-71.63775793698919,-41.548421269028076],[-71.55391074302787,-41.5503153141051],[-71.55143396828193,-41.48732604017321],[-71.63520007341556,-41.48543615809044],[-71.63775793698919,-41.548421269028076]]]},"id":"40,771","properties":{"area_m2":4.8913585823102E7,"cell_size_m":7000,"grid_id":"40,771"}},{"type":"Feature","geometry":{"type":"Polygon","coordinates":[[[-71.55391074302787,-41.5503153141051],[-71.47005565595303,-41.55214828364599],[-71.46765999885694,-41.48915498073077],[-71.55143396828193,-41.48732604017321],[-71.55391074302787,-41.5503153141051]]]},"id":"41,771","properties":{"area_m2":4.891715475124444E7,"cell_size_m":7000,"grid_id":"41,771"}},{"type":"Feature","geometry":{"type":"Polygon","coordinates":[[[-71.47005565595303,-41.55214828364599],[-71.38619293367536,-41.553920161525646],[-71.38387842211365,-41.490922963696],[-71.46765999885694,-41.48915498073077],[-71.47005565595303,-41.55214828364599]]]},"id":"42,771","properties":{"area_m2":4.892060671934718E7,"cell_size_m":7000,"grid_id":"42,771"}},{"type":"Feature","geometry":{"type":"Polygon","coordinates":[[[-71.31711459070034,-41.49228805543864],[-71.38387842211365,-41.490922963696],[-71.38619293367536,-41.553920161525646],[-71.30232283425433,-41.5556309321538],[-71.30158517889717,-41.53483575416014],[-71.31711459070034,-41.49228805543864]]]},"id":"43,771","properties":{"area_m2":4.559414254669769E7,"cell_size_m":7000,"grid_id":"43,771"}},{"type":"Feature","geometry":{"type":"Polygon","coordinates":[[[-71.30158517889717,-41.53483575416014],[-71.30232283425433,-41.5556309321538],[-71.29393328446184,-41.55579868014895],[-71.2983950118907,-41.54356903610508],[-71.30158517889717,-41.53483575416014]]]},"id":"44,771","properties":{"area_m2":807954.7909303418,"cell_size_m":7000,"grid_id":"44,771"}},{"type":"Feature","geometry":{"type":"Polygon","coordinates":[[[-71.82799485880089,-41.48085418828429],[-71.80270766368487,-41.4814736362798],[-71.79999634697081,-41.41849641542262],[-71.86598919089069,-41.41687015610136],[-71.8660146831649,-41.41714091076385],[-71.86602581138135,-41.41749845782782],[-71.86598953158477,-41.41782026428705],[-71.86594121883172,-41.418226883397274],[-71.86579818046859,-41.41847253190795],[-71.86561334332207,-41.4188432787342],[-71.8653153237286,-41.41941059124031],[-71.86479157215388,-41.41998648682491],[-71.86476180631863,-41.420044598436604],[-71.86320203641108,-41.42200478586164],[-71.86285126806163,-41.42221443276866],[-71.86262544433077,-41.42228121297638],[-71.86248267587862,-41.42239728952514],[-71.86223287616828,-41.42260255595683],[-71.86182845535372,-41.422901553971414],[-71.8611390388043,-41.423195649298734],[-71.86042582583853,-41.42351663808543],[-71.85966511180975,-41.42381517868344],[-71.85939757671636,-41.423966808002035],[-71.85901730916244,-41.42407355903421],[-71.8587679590723,-41.42405092673502],[-71.85858384158918,-41.424055169258445],[-71.85801972666336,-41.42405444450306],[-71.85785940384046,-41.42405426981568],[-71.85718825470192,-41.4241115826028],[-71.85691501751626,-41.424142457206784],[-71.85679622259953,-41.42415576233129],[-71.85641595189786,-41.42427596221835],[-71.8561188283362,-41.42437388027167],[-71.85582143306503,-41.42461486804019],[-71.85523867504185,-41.42497172832434],[-71.85498316955346,-41.425042902888386],[-71.85462053959465,-41.42520782149716],[-71.8543530906845,-41.425305822290355],[-71.854055965174,-41.425408241694896],[-71.85404411271938,-41.42542162420194],[-71.85375232505059,-41.42576986339952],[-71.85368681981272,-41.42584130694007],[-71.85353174244108,-41.42614498627275],[-71.85340091281373,-41.42625661664666],[-71.85277055934479,-41.42663122156128],[-71.85206881801405,-41.42710854702691],[-71.85174156136866,-41.42736735294081],[-71.85152731077346,-41.4275861078271],[-71.85112278570915,-41.42788943670784],[-71.85059340085985,-41.428291005446866],[-71.85024261844165,-41.42843356108888],[-71.84944577903366,-41.42890632249543],[-71.8486255942067,-41.429191278175146],[-71.84851873930259,-41.429182180952616],[-71.84787190897002,-41.428984677777095],[-71.84734975695274,-41.428809669646135],[-71.84664302720806,-41.428817693699145],[-71.84572837487704,-41.42887907907722],[-71.84445695939608,-41.42910974411621],[-71.84324534598154,-41.42918853502311],[-71.84098696071887,-41.429891583059906],[-71.84036852587978,-41.43024832781894],[-71.8399939356445,-41.430435544608194],[-71.83920747566677,-41.43147135980529],[-71.83766929471928,-41.4314736268978],[-71.83696851509411,-41.43147263338632],[-71.83673081970261,-41.43153488276974],[-71.83646941790283,-41.43157027528503],[-71.83620204408348,-41.431636935720405],[-71.83602967606997,-41.43166796249592],[-71.83583333023934,-41.43183750678691],[-71.83563101247255,-41.43197132317719],[-71.83549936108344,-41.43236887043156],[-71.83545764884494,-41.43242693080119],[-71.83535006562741,-41.43270837922065],[-71.83530174817382,-41.43303008628956],[-71.83530084335253,-41.433387681970565],[-71.83531197265431,-41.43369606523662],[-71.83546561126833,-41.434000211524975],[-71.83557798999527,-41.434174672649846],[-71.83621154467993,-41.43493537306091],[-71.83622864575283,-41.435234886538325],[-71.83625171862744,-41.4355030580187],[-71.83626891017998,-41.4357354445855],[-71.83620213456537,-41.436303015172015],[-71.83605835883779,-41.436812277216305],[-71.83560504412728,-41.43758487019195],[-71.83546163005666,-41.4379332875243],[-71.83536599047942,-41.438165559307855],[-71.83533567897065,-41.43839789117985],[-71.83533486463159,-41.43873313831934],[-71.83536381890872,-41.439001362828094],[-71.83539874500201,-41.43930087213376],[-71.83549899915513,-41.43959593128277],[-71.83551085230651,-41.43960495863131],[-71.83599710257656,-41.439900595052194],[-71.83616268446664,-41.44020029640429],[-71.83619751998985,-41.44049978528287],[-71.83603030944343,-41.44086604774074],[-71.83572122304913,-41.44097735501841],[-71.83497148822792,-41.44149468835732],[-71.83396034775716,-41.44203850485317],[-71.83279520228882,-41.44240781255709],[-71.8322723919709,-41.44246959373991],[-71.83172569323857,-41.4425447821755],[-71.83054959104565,-41.44256095290646],[-71.82996723878206,-41.44265841881338],[-71.82949201827358,-41.44268453615664],[-71.82909397983165,-41.442701780227196],[-71.82865422775514,-41.44277263035448],[-71.82801215243421,-41.442995204812405],[-71.82743567699302,-41.4431284308777],[-71.82714422668109,-41.44327990703934],[-71.82700705220996,-41.44349428572932],[-71.82703627870185,-41.443664128049235],[-71.82716648585748,-41.44382971636574],[-71.82725561303187,-41.44382538042863],[-71.82768921411574,-41.4438170426536],[-71.8281527648691,-41.443737286212404],[-71.82866970052373,-41.44366208101458],[-71.82908592676412,-41.443519683217545],[-71.82956711981033,-41.44348463576657],[-71.8306542804239,-41.443432632868614],[-71.8310819954413,-41.443410900691426],[-71.83151550080679,-41.4434517669082],[-71.83213313860982,-41.44349740147427],[-71.83258455815242,-41.44349800481379],[-71.83325594060722,-41.44342751473355],[-71.83395075661058,-41.44345531788013],[-71.83486490014988,-41.44370246466991],[-71.83580292829338,-41.44390491926562],[-71.83646733682153,-41.44422769138328],[-71.83710785680888,-41.44463085034844],[-71.83827497698111,-41.44587497322823],[-71.83829262083002,-41.44591517881189],[-71.83832808948743,-41.446000202906234],[-71.8383812019848,-41.44613430369885],[-71.83844019575336,-41.44629531013922],[-71.83847557391299,-41.446402645169336],[-71.83852289558833,-41.44650549221574],[-71.83855239246077,-41.44655472361467],[-71.83896607223448,-41.447426823400775],[-71.8394157628878,-41.44815595897766],[-71.83945684123749,-41.4483437623144],[-71.83980057814394,-41.44865703955232],[-71.83989467820578,-41.44905942506941],[-71.84026230154417,-41.44932809114046],[-71.84036915924455,-41.44935509174578],[-71.84105174475191,-41.449610771805105],[-71.84116430245369,-41.44972267707959],[-71.8412294483721,-41.44978983058216],[-71.84163280988432,-41.45004065053326],[-71.84192985662635,-41.45002319676231],[-71.84199464046596,-41.450264602954306],[-71.84209543540786,-41.45032735521206],[-71.84218998718676,-41.450550909787566],[-71.84271169534473,-41.450994109650054],[-71.84282380005489,-41.45129370125395],[-71.84301362698744,-41.4514280813651],[-71.84336342217044,-41.45169220334912],[-71.84340440952683,-41.45196491774099],[-71.84356863033845,-41.45281430842084],[-71.8437083310608,-41.45404806945931],[-71.84361676556843,-41.45504016112703],[-71.84328162840139,-41.456049811998454],[-71.84263632548894,-41.4576042765722],[-71.84175803461866,-41.45961878689813],[-71.84131142363367,-41.46003384350598],[-71.84126319757178,-41.46031978872281],[-71.84121433813945,-41.460882864101244],[-71.84134444898136,-41.461115419184104],[-71.84165226315194,-41.46158960213665],[-71.84169334121081,-41.46178630579065],[-71.84181757063821,-41.46200999201351],[-71.84186452989194,-41.46224689642953],[-71.84177495443082,-41.462438964764544],[-71.84140036586358,-41.462554642463914],[-71.84079423719004,-41.46260299889899],[-71.84055030151264,-41.46273675787061],[-71.8403832742302,-41.462991305717225],[-71.83980582603272,-41.4634374278307],[-71.83950190074272,-41.4638079649914],[-71.83932292941701,-41.46411606289731],[-71.83876945678401,-41.46444604821533],[-71.8383232939804,-41.464664384959136],[-71.83790092715245,-41.464873880227486],[-71.83759718099353,-41.46517739724297],[-71.83687613331301,-41.465998726178675],[-71.83663147075742,-41.46641405482986],[-71.83646977983001,-41.46691434777649],[-71.8364682416395,-41.467517710514485],[-71.83663318991066,-41.468112402681946],[-71.83671507588276,-41.46862203392999],[-71.83673253885529,-41.468747177742294],[-71.83679650942517,-41.469314926015734],[-71.83683062102503,-41.46991386934422],[-71.83699529766224,-41.470615789595314],[-71.83736256244698,-41.471076679093485],[-71.8377003298559,-41.47144364624884],[-71.83806750334028,-41.47196259432563],[-71.83813264989722,-41.47204761005774],[-71.8381973440342,-41.472315881996266],[-71.83816549461457,-41.47317842171348],[-71.83816486124539,-41.47342423169156],[-71.83779443054311,-41.474241613706845],[-71.83672810525098,-41.47525913216551],[-71.83621552588215,-41.47586624850501],[-71.83560766810652,-41.47653128518027],[-71.83536300456971,-41.476933147494215],[-71.8349937468543,-41.477236548481834],[-71.8347077324345,-41.47752217161779],[-71.83421369869299,-41.47782985291682],[-71.83385656429736,-41.47805726793376],[-71.83359362191825,-41.478611143326134],[-71.83206437149535,-41.4793597703582],[-71.83006677078609,-41.47962048598661],[-71.82954920402366,-41.47983430343517],[-71.82933502885913,-41.47990994696005],[-71.82890713051566,-41.4799093326976],[-71.828604009115,-41.479908870564024],[-71.82840793013217,-41.47990855447397],[-71.82820533616882,-41.48010938805954],[-71.82803242089715,-41.48031025217257],[-71.82799631769664,-41.48048449110231],[-71.82797233937826,-41.48057389568366],[-71.82799485880089,-41.48085418828429]]]},"id":"37,772","properties":{"area_m2":2.3753264934470776E7,"cell_size_m":7000,"grid_id":"37,772"}},{"type":"Feature","geometry":{"type":"Polygon","coordinates":[[[-71.80270766368487,-41.4814736362798],[-71.71895805743746,-41.48348535108209],[-71.71632751259656,-41.42050370785501],[-71.79999634697081,-41.41849641542262],[-71.80270766368487,-41.4814736362798]]]},"id":"38,772","properties":{"area_m2":4.890681271786494E7,"cell_size_m":7000,"grid_id":"38,772"}},{"type":"Feature","geometry":{"type":"Polygon","coordinates":[[[-71.71895805743746,-41.48348535108209],[-71.63520007341556,-41.48543615809044],[-71.63265033097987,-41.42245022612867],[-71.71632751259656,-41.42050370785501],[-71.71895805743746,-41.48348535108209]]]},"id":"39,772","properties":{"area_m2":4.891061563058805E7,"cell_size_m":7000,"grid_id":"39,772"}},{"type":"Feature","geometry":{"type":"Polygon","coordinates":[[[-71.63520007341556,-41.48543615809044],[-71.55143396828193,-41.48732604017321],[-71.54896505785274,-41.42433595317346],[-71.63265033097987,-41.42245022612867],[-71.63520007341556,-41.48543615809044]]]},"id":"40,772","properties":{"area_m2":4.891430164725051E7,"cell_size_m":7000,"grid_id":"40,772"}},{"type":"Feature","geometry":{"type":"Polygon","coordinates":[[[-71.55143396828193,-41.48732604017321],[-71.46765999885694,-41.48915498073077],[-71.46527194910378,-41.42616087244937],[-71.54896505785274,-41.42433595317346],[-71.55143396828193,-41.48732604017321]]]},"id":"41,772","properties":{"area_m2":4.891787073272937E7,"cell_size_m":7000,"grid_id":"41,772"}},{"type":"Feature","geometry":{"type":"Polygon","coordinates":[[[-71.46765999885694,-41.48915498073077],[-71.38387842211365,-41.490922963696],[-71.38157126077326,-41.42792496794701],[-71.46527194910378,-41.42616087244937],[-71.46765999885694,-41.48915498073077]]]},"id":"42,772","properties":{"area_m2":4.892132285302508E7,"cell_size_m":7000,"grid_id":"42,772"}},{"type":"Feature","geometry":{"type":"Polygon","coordinates":[[[-71.29868039532974,-41.4527673168469],[-71.29786324904826,-41.429628224187915],[-71.38157126077326,-41.42792496794701],[-71.38387842211365,-41.490922963696],[-71.31711459070034,-41.49228805543864],[-71.31855859301972,-41.48832880861952],[-71.32583076858701,-41.45479338355966],[-71.31705794325872,-41.45632375403506],[-71.31075496718977,-41.456286155899846],[-71.30482262010622,-41.4538101887267],[-71.30062697499923,-41.45339145543945],[-71.29868039532974,-41.4527673168469]]]},"id":"43,772","properties":{"area_m2":4.1232239338332005E7,"cell_size_m":7000,"grid_id":"43,772"}},{"type":"Feature","geometry":{"type":"Polygon","coordinates":[[[-71.27085430376604,-41.430164751421174],[-71.29786324904826,-41.429628224187915],[-71.29868039532974,-41.4527673168469],[-71.29643554234309,-41.452047486192],[-71.29593411877038,-41.450068949851406],[-71.29594843739964,-41.448750533148406],[-71.29176755575136,-41.4470131105666],[-71.28687575474862,-41.44566444307169],[-71.27923632365939,-41.43982001338689],[-71.27629306918192,-41.43690093853874],[-71.27370632873684,-41.43346105934641],[-71.2723254034169,-41.43160647265877],[-71.27076502516428,-41.43041221321212],[-71.27085430376604,-41.430164751421174]]]},"id":"44,772","properties":{"area_m2":3237767.3740851334,"cell_size_m":7000,"grid_id":"44,772"}},{"type":"Feature","geometry":{"type":"Polygon","coordinates":[[[-71.8821334277743,-41.381980210184544],[-71.88087337965221,-41.35345485591333],[-71.9091496516143,-41.352742945464],[-71.90934015727514,-41.35306871841773],[-71.90942247652377,-41.353569359038694],[-71.9094992776492,-41.35379741702493],[-71.9097240723532,-41.35424454740787],[-71.90990137510317,-41.35473182819145],[-71.91020921223853,-41.3551969231831],[-71.91050519875762,-41.35558595362899],[-71.91090765674579,-41.35626116452171],[-71.91123919344558,-41.35673964083595],[-71.91116148815,-41.357190997568935],[-71.91114918556357,-41.357521777455574],[-71.91113724481745,-41.35756642962987],[-71.91093479482461,-41.358156289067914],[-71.91079792842284,-41.35843770236444],[-71.91071443355582,-41.358759459088276],[-71.91060108675013,-41.359237610989986],[-71.91039284693987,-41.359675426205456],[-71.91024394905739,-41.36008656106772],[-71.91008935209146,-41.36038590052909],[-71.90988708233424,-41.36077905040032],[-71.90962547026976,-41.36118109694866],[-71.90936421982701,-41.36139990218562],[-71.9091797703685,-41.36173942241008],[-71.90897180098456,-41.36203869249254],[-71.90884108505408,-41.36215926018804],[-71.90849670032806,-41.36238250983422],[-71.907606291708,-41.36276166987565],[-71.90750533695739,-41.362815220883775],[-71.90685862872874,-41.36288623761244],[-71.9064729913288,-41.36290824478559],[-71.90614660584023,-41.36292585563111],[-71.9057669380309,-41.36292557371762],[-71.90542291173477,-41.3629029250993],[-71.90507309549069,-41.36277751012415],[-71.9047410094176,-41.36265652254736],[-71.90449793774609,-41.362566919020544],[-71.90404146545792,-41.36234756688697],[-71.90356092949705,-41.36234714774459],[-71.90334734766846,-41.36235592805198],[-71.9029617059002,-41.36236451729282],[-71.90259388480368,-41.3624044308919],[-71.90245149649034,-41.3624043091269],[-71.90208358432598,-41.36247553141984],[-71.90189949238585,-41.36260054184451],[-71.90173313107424,-41.36272101998003],[-71.90148381509712,-41.3628370115256],[-71.9012464400474,-41.36291731778157],[-71.90082488177525,-41.36311358020078],[-71.9003260672346,-41.36344386849538],[-71.90018955800134,-41.36350638274125],[-71.90007059861394,-41.363689486757856],[-71.90003477509366,-41.36381016253592],[-71.89980924965518,-41.3638903841876],[-71.89970838282963,-41.36392609167858],[-71.89946494536049,-41.36401525686287],[-71.89923335844198,-41.36416699143587],[-71.89900792288508,-41.36417124695672],[-71.8986633463103,-41.36445698668677],[-71.89840208663091,-41.36459531662983],[-71.89824169406651,-41.36473822451708],[-71.89801010623574,-41.364867589337685],[-71.89766589041041,-41.36494329592598],[-71.8968641962526,-41.36547895263396],[-71.89650830924151,-41.365398144212485],[-71.89560655812178,-41.36537499708499],[-71.89512012888835,-41.365347732463206],[-71.89471665529966,-41.365378643910994],[-71.89433091234768,-41.3654542669324],[-71.8939273472696,-41.36557009463667],[-71.89309036194128,-41.36583303729702],[-71.89303101659254,-41.365841924941954],[-71.89176648755323,-41.36634133207708],[-71.89110726222803,-41.366751926359065],[-71.89088127798152,-41.36707351017643],[-71.89072685230316,-41.36718063505188],[-71.89042994225991,-41.3673457282967],[-71.89007350508807,-41.36763141034008],[-71.88972846627968,-41.36815403055784],[-71.88953803436667,-41.36852927418227],[-71.8894545337809,-41.36876607219083],[-71.88930544492204,-41.369230723334226],[-71.88948239746749,-41.369852141116844],[-71.88957666355749,-41.37024556624516],[-71.88959928017753,-41.37090257776037],[-71.88972882814544,-41.371461424613244],[-71.88990623278221,-41.37181464633822],[-71.89005396435822,-41.372194741593],[-71.89005296922842,-41.37278918866234],[-71.89009395048002,-41.37310650213767],[-71.88996820225158,-41.37379020450126],[-71.88977777048521,-41.374111878723824],[-71.88935565386004,-41.374634363497535],[-71.88926627289814,-41.37483989903965],[-71.88881448250179,-41.37531765401015],[-71.88871885918009,-41.3757511624531],[-71.88849223993238,-41.376403433205844],[-71.88839652604489,-41.37683240136922],[-71.88835418756733,-41.37732851064026],[-71.88817578691061,-41.377516038303185],[-71.88797350287804,-41.3778287272104],[-71.8876049403093,-41.37825294867241],[-71.88706991767984,-41.3788244981691],[-71.8868140763007,-41.3792176172571],[-71.88677779891698,-41.37960638079538],[-71.88646849107738,-41.37999044735152],[-71.88617139603981,-41.380244943613405],[-71.88573769467565,-41.380503699535396],[-71.88525667808477,-41.380749073915446],[-71.88465678593816,-41.38103008181752],[-71.88397954241435,-41.381440586713275],[-71.88371827040797,-41.3815520132615],[-71.88322539935132,-41.38175265927391],[-71.88305314760898,-41.381815015965174],[-71.88283349031218,-41.38188189296531],[-71.8825604564385,-41.381890510208855],[-71.8821334277743,-41.381980210184544]]]},"id":"36,773","properties":{"area_m2":4130017.711854817,"cell_size_m":7000,"grid_id":"36,773"}},{"type":"Feature","geometry":{"type":"Polygon","coordinates":[[[-71.86598919089069,-41.41687015610136],[-71.79999634697081,-41.41849641542262],[-71.79729363309731,-41.355518357645025],[-71.88087337965221,-41.35345485591333],[-71.8821334277743,-41.381980210184544],[-71.88192527631358,-41.382023933006536],[-71.88143249289334,-41.382144116258715],[-71.88083892622417,-41.38223735312471],[-71.88039363739516,-41.38234421587189],[-71.8800076053019,-41.38253597603932],[-71.87876527895396,-41.3836386668288],[-71.87743953433252,-41.38489764297746],[-71.87717201441704,-41.38516997888615],[-71.87685066452356,-41.38562550286213],[-71.8766660148435,-41.38596502333522],[-71.8764632709976,-41.386474285465404],[-71.87636176331986,-41.38681834146504],[-71.87621212538187,-41.387497496471696],[-71.87609288542595,-41.38777005416968],[-71.87586064783952,-41.388198864851624],[-71.8756404426605,-41.38850698321504],[-71.87534324684637,-41.38874805022251],[-71.87464770801952,-41.389359632898426],[-71.87407710808957,-41.38980142563355],[-71.87347095195791,-41.39019406535789],[-71.873316427192,-41.39028776106501],[-71.8718258202034,-41.39078669250966],[-71.87141010279784,-41.39089354682319],[-71.86987253166645,-41.391101872861356],[-71.86930843703999,-41.391257663915034],[-71.86904697182443,-41.39141376065935],[-71.86855353479883,-41.391793129296275],[-71.8684762712118,-41.39185110872336],[-71.86807792012054,-41.39219929090857],[-71.86764383175468,-41.3925921356798],[-71.86714496414059,-41.392765828041995],[-71.86667522807699,-41.39319438867651],[-71.86634798664747,-41.39359177168893],[-71.86616866869409,-41.39419944984163],[-71.8659603087032,-41.39448522313074],[-71.86577520023212,-41.39503030431316],[-71.86567405098229,-41.395164245231676],[-71.8653882453675,-41.39560637615554],[-71.86520349845286,-41.39595924648504],[-71.86492936350629,-41.396504201486145],[-71.86482730924713,-41.3970449176998],[-71.86483834703209,-41.39744712379082],[-71.86476633000198,-41.397817999166115],[-71.86483662803282,-41.39825165737278],[-71.86496066737699,-41.398546787833666],[-71.86520331750577,-41.39892253161187],[-71.86561759557286,-41.399508485602205],[-71.86610904680897,-41.400099053562336],[-71.86663587226928,-41.40080132347883],[-71.86688422090408,-41.40128882261478],[-71.86707294764032,-41.40189242234557],[-71.86737947001674,-41.40295644761935],[-71.86752648846459,-41.403622585767486],[-71.86775728467032,-41.40400724825506],[-71.86794058251583,-41.40434268318108],[-71.86816567863747,-41.40458427849059],[-71.8688529084005,-41.405282288978725],[-71.86927930494026,-41.405801188511376],[-71.86980522034821,-41.406999630325004],[-71.86992328656214,-41.40732156690875],[-71.87001185881144,-41.40755406939622],[-71.87010006914717,-41.40800114886172],[-71.87015797130277,-41.40870284581071],[-71.87018040838518,-41.40940017940005],[-71.87011400185435,-41.409940875680654],[-71.86993477652848,-41.41047700206372],[-71.86994074769193,-41.410494914231535],[-71.86933277410257,-41.41170543085642],[-71.86846360504818,-41.412848624573286],[-71.86698102705816,-41.41493410140342],[-71.86658176933476,-41.415657676864754],[-71.8664861392086,-41.41599278480925],[-71.86648586778908,-41.41611346854913],[-71.86644406918168,-41.41620728388081],[-71.86632509692451,-41.41630993934372],[-71.8662061246222,-41.41645283667798],[-71.86609294256492,-41.416618052787754],[-71.86598564123227,-41.41683245483028],[-71.86598919089069,-41.41687015610136]]]},"id":"37,773","properties":{"area_m2":4.473144023488211E7,"cell_size_m":7000,"grid_id":"37,773"}},{"type":"Feature","geometry":{"type":"Polygon","coordinates":[[[-71.79999634697081,-41.41849641542262],[-71.71632751259656,-41.42050370785501],[-71.71370531502492,-41.357521236136925],[-71.79729363309731,-41.355518357645025],[-71.79999634697081,-41.41849641542262]]]},"id":"38,773","properties":{"area_m2":4.89075280307461E7,"cell_size_m":7000,"grid_id":"38,773"}},{"type":"Feature","geometry":{"type":"Polygon","coordinates":[[[-71.71632751259656,-41.42050370785501],[-71.63265033097987,-41.42245022612867],[-71.63010868008065,-41.35946347385229],[-71.71370531502492,-41.357521236136925],[-71.71632751259656,-41.42050370785501]]]},"id":"39,773","properties":{"area_m2":4.891133111105333E7,"cell_size_m":7000,"grid_id":"39,773"}},{"type":"Feature","geometry":{"type":"Polygon","coordinates":[[[-71.63265033097987,-41.42245022612867],[-71.54896505785274,-41.42433595317346],[-71.54650398307065,-41.36134505378222],[-71.63010868008065,-41.35946347385229],[-71.63265033097987,-41.42245022612867]]]},"id":"40,773","properties":{"area_m2":4.891501729017368E7,"cell_size_m":7000,"grid_id":"40,773"}},{"type":"Feature","geometry":{"type":"Polygon","coordinates":[[[-71.54896505785274,-41.42433595317346],[-71.46527194910378,-41.42616087244937],[-71.46289147895662,-41.36316595944609],[-71.54650398307065,-41.36134505378222],[-71.54896505785274,-41.42433595317346]]]},"id":"41,773","properties":{"area_m2":4.89185865329575E7,"cell_size_m":7000,"grid_id":"41,773"}},{"type":"Feature","geometry":{"type":"Polygon","coordinates":[[[-71.46527194910378,-41.42616087244937],[-71.38157126077326,-41.42792496794701],[-71.37927142285098,-41.364926174891906],[-71.46289147895662,-41.36316595944609],[-71.46527194910378,-41.42616087244937]]]},"id":"42,773","properties":{"area_m2":4.892203880541353E7,"cell_size_m":7000,"grid_id":"42,773"}},{"type":"Feature","geometry":{"type":"Polygon","coordinates":[[[-71.38157126077326,-41.42792496794701],[-71.29786324904826,-41.429628224187915],[-71.29564407001205,-41.366625684696785],[-71.37927142285098,-41.364926174891906],[-71.38157126077326,-41.42792496794701]]]},"id":"43,773","properties":{"area_m2":4.8925374074598715E7,"cell_size_m":7000,"grid_id":"43,773"}},{"type":"Feature","geometry":{"type":"Polygon","coordinates":[[[-71.23331274949611,-41.36785280214629],[-71.29564407001205,-41.366625684696785],[-71.29786324904826,-41.429628224187915],[-71.27085430376604,-41.430164751421174],[-71.27166588903805,-41.42791511546761],[-71.26487446468296,-41.42457793337318],[-71.25684559121659,-41.422550941504],[-71.25209364235556,-41.42475923392786],[-71.24824463825937,-41.424863837129074],[-71.24351823265995,-41.424832796468365],[-71.23776402455813,-41.422819326397914],[-71.23796986365814,-41.420451917734034],[-71.23467134904254,-41.41818643032957],[-71.23414618722703,-41.388081528610705],[-71.23331274949611,-41.36785280214629]]]},"id":"44,773","properties":{"area_m2":3.433954050272E7,"cell_size_m":7000,"grid_id":"44,773"}},{"type":"Feature","geometry":{"type":"MultiPolygon","coordinates":[[[[-71.87830951231297,-41.29526294956513],[-71.8780990067983,-41.29048050060824],[-71.88963472967646,-41.2901912626604],[-71.88981160492632,-41.29071987533554],[-71.89011258654408,-41.29145312487782],[-71.88988063079343,-41.29195351194646],[-71.88984498703172,-41.29202054257839],[-71.88974999729149,-41.29210086056134],[-71.8893405459462,-41.292422315055795],[-71.88897904139445,-41.29242197006708],[-71.88801312739925,-41.2924210317527],[-71.8874145070979,-41.29245169974383],[-71.88688102208498,-41.292518210840356],[-71.8860096401573,-41.2926872467897],[-71.88528065203437,-41.2927178126912],[-71.8847467110296,-41.293034616082934],[-71.88455699981539,-41.29307012698391],[-71.88043027739796,-41.29424143113021],[-71.88018700579269,-41.29438419545043],[-71.87958800859262,-41.29465177076916],[-71.8787162444162,-41.2949860649643],[-71.87831863012177,-41.29525383170155],[-71.87830951231297,-41.29526294956513]]],[[[-71.9091496516143,-41.352742945464],[-71.88087337965221,-41.35345485591333],[-71.87892465183354,-41.30923420874774],[-71.87935948285144,-41.30933836580907],[-71.87982160044817,-41.30944611278853],[-71.88028362689178,-41.309647752174705],[-71.8813503471695,-41.309778510673056],[-71.88212638817795,-41.310025086712805],[-71.88251739342003,-41.310146188499125],[-71.88294928989482,-41.31061146052909],[-71.88297290214821,-41.310669546152155],[-71.88321481455688,-41.31131344945186],[-71.88339810333994,-41.31155493922663],[-71.88364652912969,-41.31188148298605],[-71.88399555526912,-41.31228860419511],[-71.88418481448467,-41.31251223261103],[-71.88514902145818,-41.313711012890934],[-71.88533827997361,-41.313952571061094],[-71.88551568711055,-41.314176196932436],[-71.88594757943288,-41.314713027484885],[-71.8861483268335,-41.31517359802749],[-71.8861483268335,-41.31517804484271],[-71.88614823636603,-41.315195891539055],[-71.88614769356116,-41.315508784188005],[-71.88614696982133,-41.31591547239607],[-71.88614678888636,-41.316045139971415],[-71.88568956590967,-41.316469229102225],[-71.88554101805506,-41.31664790196878],[-71.88550537379685,-41.31669251572564],[-71.88514911192594,-41.31700950416035],[-71.88475105348809,-41.31750528047503],[-71.88424660415588,-41.317839943347735],[-71.88368208313221,-41.31857237868183],[-71.88331387736268,-41.31894298861243],[-71.88264839182746,-41.31974238866528],[-71.88214918627585,-41.32040334456388],[-71.88175103354085,-41.32093477186491],[-71.8813289060464,-41.32161376933194],[-71.88116235279948,-41.32187723070045],[-71.88110282424098,-41.32200681172758],[-71.88109070140246,-41.32216320308348],[-71.88104284332634,-41.32238663856014],[-71.88106582244133,-41.322788964404836],[-71.88115375825146,-41.32337003802478],[-71.88123626590264,-41.323611509705884],[-71.88137821158045,-41.32382616720706],[-71.88161496850427,-41.32406776751924],[-71.88165034180075,-41.324139308471025],[-71.88195223598623,-41.32440777821734],[-71.8821949634039,-41.324618110842195],[-71.88258569715454,-41.32496716298143],[-71.8846410445211,-41.32609103910081],[-71.88592052963804,-41.326789579733024],[-71.88661387213294,-41.32701823646222],[-71.88741405476235,-41.32719782666689],[-71.88819614196026,-41.32753378646112],[-71.8892154306796,-41.32783418778007],[-71.8902766924193,-41.32790227267319],[-71.89103534171903,-41.328072802682314],[-71.89178783749239,-41.32838192966162],[-71.89322198916065,-41.328857082650465],[-71.89342942630809,-41.328924284555065],[-71.89618489860212,-41.33001287312369],[-71.89748270049238,-41.330456524429465],[-71.89845464616162,-41.330801546511445],[-71.89898765900678,-41.33124005203798],[-71.8995741349141,-41.331602601787665],[-71.90033285198618,-41.33177307572571],[-71.90061084574664,-41.33222024888813],[-71.90075251119885,-41.33268518533815],[-71.9009297286179,-41.33310105096671],[-71.90101177871078,-41.33374473743613],[-71.90107012744059,-41.3343839085374],[-71.90111083585023,-41.3348934428309],[-71.90114575461516,-41.33532253458346],[-71.9012634471073,-41.335939447855495],[-71.9014705170332,-41.33625247716707],[-71.9018079439209,-41.336677391944306],[-71.90204477576391,-41.3368921085757],[-71.90234077008205,-41.33725888564553],[-71.9025718119055,-41.33741101953403],[-71.90282655476588,-41.33756766061726],[-71.90322368544125,-41.33771107311321],[-71.90366821789927,-41.337845495936385],[-71.90414848230715,-41.33793977248627],[-71.90458731432628,-41.33794909538226],[-71.90483635642244,-41.337949295807555],[-71.90525148644598,-41.33796299881549],[-71.9056428244598,-41.33798566226964],[-71.9060460124607,-41.33799498201539],[-71.90668041962164,-41.33810273953669],[-71.906905668679,-41.33821021306928],[-71.90726706190476,-41.33842502064471],[-71.90775301979048,-41.33864889515726],[-71.90822106562598,-41.338957659745006],[-71.90841646143616,-41.33921706305314],[-71.90885465418438,-41.339695610878216],[-71.90916249236062,-41.34005346325908],[-71.90964853773245,-41.3402549662585],[-71.90982638328917,-41.34026851537468],[-71.91011097215161,-41.34034914269004],[-71.9105557661083,-41.34034948074063],[-71.91098264829778,-41.340394553272255],[-71.91135624888311,-41.34042165828346],[-71.91175354954329,-41.34044430313747],[-71.91196106475812,-41.34048021316049],[-71.9120736873862,-41.34056520812833],[-71.91207341600641,-41.34075290058344],[-71.91189530036117,-41.34088689224553],[-71.9116399317381,-41.3411593573848],[-71.91123032834881,-41.3414718834393],[-71.91090964687166,-41.341779991998],[-71.91021473032721,-41.34253035743977],[-71.90987007574756,-41.34299044241022],[-71.90981625170375,-41.34335243456851],[-71.90969720555009,-41.343629479349],[-71.90946571673572,-41.34379911128335],[-71.90921043656859,-41.343991112467194],[-71.90894321536021,-41.344200957164034],[-71.90858707082515,-41.344446471964076],[-71.90842062264188,-41.34470560516118],[-71.9083135168071,-41.34492893983338],[-71.90819465099776,-41.34512999598443],[-71.908051903413,-41.34538466764299],[-71.90788527401979,-41.345827037077605],[-71.90785515045542,-41.346112990017176],[-71.90784890863543,-41.346367771777935],[-71.90809134445058,-41.346890929302845],[-71.90829262030967,-41.34717710745345],[-71.90851054085634,-41.34827230396578],[-71.90867554161656,-41.349050162648],[-71.90853234194867,-41.34963555884825],[-71.90853749822341,-41.35020765170383],[-71.90857865795715,-41.35044454020734],[-71.90858390469207,-41.35090493829341],[-71.90865446422171,-41.351392136292276],[-71.90872484281348,-41.35194196524575],[-71.90892611826081,-41.35225049005911],[-71.90911527183157,-41.35268415416165],[-71.9091496516143,-41.352742945464]]]]},"id":"36,774","properties":{"area_m2":6870653.701315132,"cell_size_m":7000,"grid_id":"36,774"}},{"type":"Feature","geometry":{"type":"Polygon","coordinates":[[[-71.87892465183354,-41.30923420874774],[-71.88087337965221,-41.35345485591333],[-71.79729363309731,-41.355518357645025],[-71.79459949076876,-41.292539463726385],[-71.8780990067983,-41.29048050060824],[-71.87830951231297,-41.29526294956513],[-71.87774269916785,-41.29582975969796],[-71.8776121510519,-41.295910068165036],[-71.87755877377465,-41.29595471053685],[-71.87719047031307,-41.29641916008388],[-71.87685211204634,-41.296722696388294],[-71.87669134650622,-41.2971203627593],[-71.87658377739577,-41.297553791802365],[-71.87671884945196,-41.29825114476851],[-71.87688395754589,-41.2986848556814],[-71.8769177933856,-41.2995877911306],[-71.87675440424341,-41.30138881219251],[-71.8767886924481,-41.30205034223339],[-71.87681085764439,-41.30289061974826],[-71.87682225688759,-41.303118557344725],[-71.87671993509453,-41.303949809206905],[-71.87668935616135,-41.30445038239065],[-71.87638501419013,-41.305549547466335],[-71.87612319300631,-41.30608113953263],[-71.87602105192522,-41.30681401348875],[-71.87601996628027,-41.30738168208602],[-71.87615467669862,-41.308244443364366],[-71.87655708867044,-41.308580068642264],[-71.87690666555639,-41.30864747585847],[-71.87697189453345,-41.30865650544174],[-71.87716740044287,-41.30869245893664],[-71.87728591622846,-41.30871495396564],[-71.87805002532109,-41.30901076630013],[-71.87855367044162,-41.30914534432254],[-71.87892465183354,-41.30923420874774]]]},"id":"37,774","properties":{"area_m2":4.866245707786488E7,"cell_size_m":7000,"grid_id":"37,774"}},{"type":"Feature","geometry":{"type":"Polygon","coordinates":[[[-71.79729363309731,-41.355518357645025],[-71.71370531502492,-41.357521236136925],[-71.7110914343518,-41.2945379366721],[-71.79459949076876,-41.292539463726385],[-71.79729363309731,-41.355518357645025]]]},"id":"38,774","properties":{"area_m2":4.8908243158984035E7,"cell_size_m":7000,"grid_id":"38,774"}},{"type":"Feature","geometry":{"type":"Polygon","coordinates":[[[-71.71370531502492,-41.357521236136925],[-71.63010868008065,-41.35946347385229],[-71.62757509127309,-41.29647590197154],[-71.7110914343518,-41.2945379366721],[-71.71370531502492,-41.357521236136925]]]},"id":"39,774","properties":{"area_m2":4.891204640683313E7,"cell_size_m":7000,"grid_id":"39,774"}},{"type":"Feature","geometry":{"type":"Polygon","coordinates":[[[-71.63010868008065,-41.35946347385229],[-71.54650398307065,-41.36134505378222],[-71.5440507154177,-41.29835334267678],[-71.62757509127309,-41.29647590197154],[-71.63010868008065,-41.35946347385229]]]},"id":"40,774","properties":{"area_m2":4.891573274835283E7,"cell_size_m":7000,"grid_id":"40,774"}},{"type":"Feature","geometry":{"type":"Polygon","coordinates":[[[-71.54650398307065,-41.36134505378222],[-71.46289147895662,-41.36316595944609],[-71.46051856082532,-41.30017024236625],[-71.5440507154177,-41.29835334267678],[-71.54650398307065,-41.36134505378222]]]},"id":"41,774","properties":{"area_m2":4.891930214841152E7,"cell_size_m":7000,"grid_id":"41,774"}},{"type":"Feature","geometry":{"type":"Polygon","coordinates":[[[-71.46289147895662,-41.36316595944609],[-71.37927142285098,-41.364926174891906],[-71.37697888168546,-41.301926585145154],[-71.46051856082532,-41.30017024236625],[-71.46289147895662,-41.36316595944609]]]},"id":"42,774","properties":{"area_m2":4.892275457299252E7,"cell_size_m":7000,"grid_id":"42,774"}},{"type":"Feature","geometry":{"type":"Polygon","coordinates":[[[-71.37927142285098,-41.364926174891906],[-71.29564407001205,-41.366625684696785],[-71.29343193233252,-41.30362235564592],[-71.37697888168546,-41.301926585145154],[-71.37927142285098,-41.364926174891906]]]},"id":"43,774","properties":{"area_m2":4.8926089989160895E7,"cell_size_m":7000,"grid_id":"43,774"}},{"type":"Feature","geometry":{"type":"Polygon","coordinates":[[[-71.22934141509772,-41.30488203679862],[-71.29343193233252,-41.30362235564592],[-71.29564407001205,-41.366625684696785],[-71.23331274949611,-41.36785280214629],[-71.23142773372136,-41.32205431269377],[-71.22934141509772,-41.30488203679862]]]},"id":"44,774","properties":{"area_m2":3.670536397123618E7,"cell_size_m":7000,"grid_id":"44,774"}},{"type":"Feature","geometry":{"type":"Polygon","coordinates":[[[-71.88963472967646,-41.2901912626604],[-71.8780990067983,-41.29048050060824],[-71.87675100039925,-41.25980012702656],[-71.87761368904111,-41.26020283234664],[-71.87790952564828,-41.260368560302254],[-71.87877450685505,-41.260302443941185],[-71.87991795025248,-41.260142695444934],[-71.88115629138143,-41.259907152641475],[-71.88380385329845,-41.25997241814408],[-71.88470410065248,-41.260004550160126],[-71.88474562541498,-41.25999570568319],[-71.88503005631918,-41.259933374843676],[-71.88517227167397,-41.25990228321193],[-71.8856049786808,-41.259706054770014],[-71.8860021313531,-41.25953655111463],[-71.88643519907751,-41.259139179532184],[-71.88644116992558,-41.25910349925683],[-71.88647147650111,-41.25870119813417],[-71.88663802691283,-41.2583036275155],[-71.88676893312181,-41.257968527133116],[-71.88723737244335,-41.25766953595618],[-71.8880080612507,-41.2572367450041],[-71.88866557427,-41.25720157919638],[-71.8889560628627,-41.25703649384293],[-71.89038986571502,-41.2567697260649],[-71.89209578306198,-41.25668192682271],[-71.89216688913433,-41.25668202806949],[-71.89274740718574,-41.25663783834786],[-71.89344652426131,-41.25650439982021],[-71.89374885934218,-41.25630805070951],[-71.89434755792585,-41.256040433309884],[-71.89501727031245,-41.255772819651284],[-71.89561035764042,-41.255237030919865],[-71.89614979835024,-41.25497381216853],[-71.89645185940869,-41.254974093876406],[-71.89666508412402,-41.25497429736934],[-71.89684275619761,-41.254974451766586],[-71.89701418613159,-41.25513994050231],[-71.8972152882502,-41.25536810949342],[-71.89724432727681,-41.255703353792235],[-71.89697709575812,-41.25617243262585],[-71.89666852177201,-41.25650288996055],[-71.8963244853893,-41.25687804756456],[-71.8959447150983,-41.257293334133855],[-71.89593286423136,-41.25731122277567],[-71.89574904003877,-41.25745852650699],[-71.89477690497644,-41.25790458720779],[-71.89431435723374,-41.25823491968701],[-71.89401202270264,-41.258400028129046],[-71.89375094004339,-41.25869920552625],[-71.89361406605997,-41.25910138321403],[-71.89334674095498,-41.25960170696898],[-71.8931155113387,-41.25970429262012],[-71.89251129197996,-41.259734989169615],[-71.89218516321137,-41.26000290971515],[-71.89198351504444,-41.26013677156643],[-71.89174631366869,-41.2603019624374],[-71.89141412287974,-41.260569783836154],[-71.89134808272966,-41.26114633673398],[-71.89127091524887,-41.26125348828169],[-71.89020287192605,-41.26232070480177],[-71.88995381809848,-41.26250376747844],[-71.8895505187427,-41.262798317343275],[-71.8892836424798,-41.26299925748293],[-71.88898094119423,-41.26336545196591],[-71.88865435639302,-41.26379868754237],[-71.88828036661832,-41.264303382174724],[-71.88822092988563,-41.264401603562646],[-71.88823820905871,-41.26470112803748],[-71.88820166044017,-41.26526423713372],[-71.88852607451317,-41.2661092974004],[-71.88896972332863,-41.266489667927075],[-71.88935465872801,-41.26650787225565],[-71.88974529303694,-41.26675858385245],[-71.89055035279607,-41.267081158421846],[-71.89149101892725,-41.26783294568035],[-71.89288111525727,-41.26902756798823],[-71.89411225812134,-41.26969467064368],[-71.89524922223318,-41.26999519719602],[-71.89658764656932,-41.270277998243365],[-71.89728575990198,-41.27083730591388],[-71.89728485525957,-41.27140044018584],[-71.89700586341402,-41.27179804142008],[-71.89700586341402,-41.271802491829796],[-71.89688690280707,-41.27207500932772],[-71.89677391280436,-41.27233410330806],[-71.89664328219759,-41.27256200279316],[-71.89657751455138,-41.272897134062575],[-71.89667168802673,-41.27333079975544],[-71.89680720369815,-41.27380016367647],[-71.89687758497814,-41.274233823620456],[-71.89717295097287,-41.27479724991374],[-71.89697094418355,-41.27516354097001],[-71.89660854385525,-41.275797909922005],[-71.8966720498844,-41.27686167735331],[-71.89674206933742,-41.27752776639421],[-71.89674161701542,-41.27779587635203],[-71.89670515986028,-41.27839478422424],[-71.8965384339077,-41.278895218409964],[-71.89646714790608,-41.27900240075048],[-71.89630684480721,-41.27922575674373],[-71.89597465888988,-41.27946233783126],[-71.89563695426956,-41.27946203532131],[-71.89560149209687,-41.27943522491235],[-71.89544164087538,-41.27935458196053],[-71.89516934177456,-41.27918006501632],[-71.89417476954391,-41.27869645657468],[-71.89395005403863,-41.278428044588495],[-71.89384357646594,-41.27829382717286],[-71.89330512687395,-41.2778955684503],[-71.89274225064867,-41.27789502110048],[-71.89237477931371,-41.277993045992226],[-71.89204258919571,-41.27822516658477],[-71.89154394149008,-41.27879228708437],[-71.8916435444429,-41.279494141211806],[-71.89177879090818,-41.2800976436163],[-71.89182592360902,-41.280231729849966],[-71.8920088454629,-41.28072807993765],[-71.89237505071073,-41.28143012166576],[-71.89246343565777,-41.28169392328596],[-71.89264038640778,-41.28222592777556],[-71.89254440239894,-41.28290077928084],[-71.8925084875454,-41.283159995725676],[-71.89237740281813,-41.28359340071571],[-71.89209822563726,-41.28401324798742],[-71.89177146317478,-41.28453141772381],[-71.89064317110392,-41.286023178755094],[-71.89024502921967,-41.286688728530706],[-71.88994775685137,-41.28725613357928],[-71.88964478481206,-41.287720649579455],[-71.88937673256491,-41.28852486672634],[-71.88941201451412,-41.288730568761444],[-71.88944711552627,-41.28895403649487],[-71.8894702749548,-41.28928478784146],[-71.88947606481166,-41.28938760667133],[-71.88951713660569,-41.28964688971195],[-71.88954644775056,-41.28982121904718],[-71.88961113128576,-41.2901207354011],[-71.88963472967646,-41.2901912626604]]]},"id":"36,775","properties":{"area_m2":4515973.326972232,"cell_size_m":7000,"grid_id":"36,775"}},{"type":"Feature","geometry":{"type":"Polygon","coordinates":[[[-71.87675100039925,-41.25980012702656],[-71.8780990067983,-41.29048050060824],[-71.79459949076876,-41.292539463726385],[-71.79191388885492,-41.22955973444637],[-71.85638958133787,-41.22797713980568],[-71.85639034716839,-41.22798845858157],[-71.85657935164188,-41.22820329782402],[-71.85662069918267,-41.228252467495516],[-71.85678572738767,-41.22858787737805],[-71.85734052552054,-41.229370748889174],[-71.85742312992069,-41.22948710648273],[-71.85749397245031,-41.229585522341445],[-71.85762380514193,-41.22976892470855],[-71.85772414270448,-41.22992104019183],[-71.85772405222879,-41.229979138083785],[-71.85772341889891,-41.230274124523135],[-71.85772323794752,-41.23035454677928],[-71.85772206176347,-41.23088641730448],[-71.85755522453519,-41.23135107707805],[-71.85748908675912,-41.231851606543906],[-71.85775436158539,-41.23238829628679],[-71.85815607337898,-41.23279099419277],[-71.85849336612797,-41.232858465694754],[-71.85861767940499,-41.23288540906434],[-71.85908543707353,-41.232886049308135],[-71.85922133095036,-41.233020257053205],[-71.85938671969052,-41.233185823139706],[-71.85932067277518,-41.23361934051699],[-71.85908914656098,-41.23391851909644],[-71.85891715296351,-41.23402557932874],[-71.85838950026638,-41.23435116857104],[-71.85782086120831,-41.23448456532607],[-71.85735816830226,-41.234850527905884],[-71.85672402277294,-41.235153682455554],[-71.8559892664516,-41.23541644284955],[-71.85479226411329,-41.235817160137074],[-71.85399281239535,-41.235883198910166],[-71.85322357796231,-41.235649808926624],[-71.85269654905133,-41.235684922344625],[-71.85215748577757,-41.23578701744418],[-71.85142887126193,-41.235951442059765],[-71.85082384759563,-41.236420009137085],[-71.85052527110942,-41.23755041610316],[-71.85036358730011,-41.23831450584671],[-71.85016191219164,-41.2384840911303],[-71.84972942767439,-41.23858181231845],[-71.84949228476131,-41.238715652842934],[-71.84916004913993,-41.23901465123016],[-71.84896344004099,-41.23951496133808],[-71.84876085925346,-41.24004657343165],[-71.84859483157925,-41.24018046223491],[-71.84796075887195,-41.24038075264215],[-71.84769393765531,-41.240509981505916],[-71.84739725825501,-41.240777786947525],[-71.8472900410197,-41.24106369393569],[-71.84719467646079,-41.241313906056966],[-71.84706284893478,-41.2419796437593],[-71.84701941912691,-41.242833289673996],[-71.84703109088835,-41.2429093105283],[-71.84719594316289,-41.24331176698626],[-71.84789353333747,-41.24381326863201],[-71.84799423591608,-41.24381345996575],[-71.84819555049835,-41.243813679209836],[-71.8486930910199,-41.24377856739431],[-71.84903120821642,-41.24351083049659],[-71.84962420174911,-41.243176402507245],[-71.85052418537623,-41.24321335573444],[-71.85142914269447,-41.2436793825822],[-71.85192513999323,-41.24431022601385],[-71.85259295270666,-41.244914443768366],[-71.85326184972696,-41.24501362507785],[-71.85394766448422,-41.24551955171896],[-71.8542967237167,-41.24569883340973],[-71.85482374994741,-41.245677091455114],[-71.85534462290127,-41.245820843979956],[-71.85542152781528,-41.24584327960447],[-71.8558530997486,-41.2461745588389],[-71.85608942358355,-41.246411719701086],[-71.85632511390818,-41.24697968788049],[-71.85638962335973,-41.247243394507535],[-71.85638953288365,-41.247279215902765],[-71.85638853764677,-41.247744031038835],[-71.85610326643669,-41.24820851478726],[-71.85602599978465,-41.2483424950277],[-71.85569322820213,-41.24884265778824],[-71.85505871740892,-41.249244160247386],[-71.85462569676015,-41.24954306364702],[-71.85385546862955,-41.24970742224478],[-71.85319200149102,-41.249773678958455],[-71.85188922047776,-41.24974072607271],[-71.85107103252093,-41.250123991179834],[-71.85081416648372,-41.251115925613085],[-71.85065963056326,-41.251339195265444],[-71.8449336050829,-41.25846950431735],[-71.84313360334066,-41.26070187959668],[-71.83840409373987,-41.26659960412116],[-71.83729895391787,-41.26796128489403],[-71.83587223748737,-41.26993033098392],[-71.8354030881429,-41.270398941461764],[-71.83503437336748,-41.2709615990699],[-71.83488580155002,-41.27114017904487],[-71.83444044760859,-41.271546271358794],[-71.83437466691436,-41.27179200519798],[-71.8344451526921,-41.272020008423674],[-71.83461064491212,-41.27217670277672],[-71.83528509946152,-41.27256205246857],[-71.83576999284863,-41.2729069228121],[-71.83600008848025,-41.27330504163795],[-71.836195257943,-41.27343489444703],[-71.836432048919,-41.27348438454542],[-71.836692998341,-41.273377480090176],[-71.83722765444185,-41.27281958306248],[-71.83788708350006,-41.27204726101708],[-71.83813726444448,-41.27152917152237],[-71.83829786874388,-41.27126125387046],[-71.83881994525468,-41.27095801310713],[-71.83883777003538,-41.27093569786243],[-71.84035622050713,-41.270142242580285],[-71.84093176760761,-41.269794427606136],[-71.8415661258834,-41.26959418323114],[-71.8421943302343,-41.26946093900931],[-71.8425676511389,-41.269430122733596],[-71.84310075913992,-41.269462142883214],[-71.84393027774185,-41.26939625094534],[-71.84506724308564,-41.269581016935604],[-71.84530420836906,-41.269563472736806],[-71.84616339829695,-41.269510988292204],[-71.84641872998314,-41.26922973622606],[-71.84650233251726,-41.26894377976393],[-71.84657453468797,-41.268492510533015],[-71.84686198602321,-41.26714752526956],[-71.84761160213762,-41.26575851198905],[-71.84811276271941,-41.26421269578435],[-71.84836474512646,-41.26284536118265],[-71.84869164336722,-41.26238091569177],[-71.84881641290802,-41.262202336205554],[-71.84919072123401,-41.26170219589368],[-71.8495592385206,-41.2611663192857],[-71.85025980923216,-41.26043427728736],[-71.85089478208896,-41.25993448640755],[-71.85225872985662,-41.25920324274929],[-71.85326112591112,-41.25860111476501],[-71.85393707870051,-41.25828018236443],[-71.85439380518143,-41.25796791010532],[-71.85483849762151,-41.25775389597059],[-71.85508748892278,-41.25763352429903],[-71.85562093764594,-41.25746886322697],[-71.85621952828365,-41.25730424680782],[-71.8566876514254,-41.25720196037014],[-71.85719124040496,-41.25713555026338],[-71.85772450460726,-41.25706920995734],[-71.85812142123325,-41.25700260295221],[-71.85895596688721,-41.25730313949698],[-71.85985556191493,-41.25763500533863],[-71.86048897732472,-41.25776985355391],[-71.86088543808377,-41.257940174527135],[-71.86141851506565,-41.25793632098444],[-71.86201673275974,-41.25793703443356],[-71.86258545469484,-41.25790194611317],[-71.86274541320803,-41.257893204436414],[-71.86311861926369,-41.25787131753164],[-71.86345663047432,-41.25767057113319],[-71.86374759486503,-41.257308919808494],[-71.8639910601973,-41.25701870623311],[-71.86408605776732,-41.25687129739711],[-71.86438317379115,-41.25640232635126],[-71.86445510043548,-41.256004651143314],[-71.86515509510514,-41.25547355813563],[-71.8657887712381,-41.25550559491852],[-71.86635142462943,-41.255501763759014],[-71.86678289106592,-41.255935845892296],[-71.86718441035734,-41.2565710016594],[-71.86812424214492,-41.2574972514234],[-71.86842578749943,-41.25775681278558],[-71.87057387131505,-41.258742592655295],[-71.87228550620637,-41.25883835657208],[-71.87358259333966,-41.25887104545564],[-71.87428148195931,-41.25887185169571],[-71.87514583991202,-41.259100692303136],[-71.87598043070658,-41.25940110539718],[-71.87654849399571,-41.25970559485348],[-71.87675100039925,-41.25980012702656]]]},"id":"37,775","properties":{"area_m2":4.1303365391411565E7,"cell_size_m":7000,"grid_id":"37,775"}},{"type":"Feature","geometry":{"type":"Polygon","coordinates":[[[-71.79459949076876,-41.292539463726385],[-71.7110914343518,-41.2945379366721],[-71.70848584036699,-41.23155381020535],[-71.79191388885492,-41.22955973444637],[-71.79459949076876,-41.292539463726385]]]},"id":"38,775","properties":{"area_m2":4.890895809910869E7,"cell_size_m":7000,"grid_id":"38,775"}},{"type":"Feature","geometry":{"type":"Polygon","coordinates":[[[-71.7110914343518,-41.2945379366721],[-71.62757509127309,-41.29647590197154],[-71.62504953526792,-41.23348751119739],[-71.70848584036699,-41.23155381020535],[-71.7110914343518,-41.2945379366721]]]},"id":"39,775","properties":{"area_m2":4.891276151445294E7,"cell_size_m":7000,"grid_id":"39,775"}},{"type":"Feature","geometry":{"type":"Polygon","coordinates":[[[-71.62757509127309,-41.29647590197154],[-71.5440507154177,-41.29835334267678],[-71.54160522652664,-41.23536082053526],[-71.62504953526792,-41.23348751119739],[-71.62757509127309,-41.29647590197154]]]},"id":"40,775","properties":{"area_m2":4.891644801834594E7,"cell_size_m":7000,"grid_id":"40,775"}},{"type":"Feature","geometry":{"type":"Polygon","coordinates":[[[-71.5440507154177,-41.29835334267678],[-71.46051856082532,-41.30017024236625],[-71.45815316726566,-41.23717372185621],[-71.54160522652664,-41.23536082053526],[-71.5440507154177,-41.29835334267678]]]},"id":"41,775","properties":{"area_m2":4.892001757564234E7,"cell_size_m":7000,"grid_id":"41,775"}},{"type":"Feature","geometry":{"type":"Polygon","coordinates":[[[-71.46051856082532,-41.30017024236625],[-71.37697888168546,-41.301926585145154],[-71.37469361075637,-41.23892619932238],[-71.45815316726566,-41.23717372185621],[-71.46051856082532,-41.30017024236625]]]},"id":"42,775","properties":{"area_m2":4.892347015231218E7,"cell_size_m":7000,"grid_id":"42,775"}},{"type":"Feature","geometry":{"type":"Polygon","coordinates":[[[-71.37697888168546,-41.301926585145154],[-71.29343193233252,-41.30362235564592],[-71.29122681041416,-41.24061823762127],[-71.37469361075637,-41.23892619932238],[-71.37697888168546,-41.301926585145154]]]},"id":"43,775","properties":{"area_m2":4.8926805715424314E7,"cell_size_m":7000,"grid_id":"43,775"}},{"type":"Feature","geometry":{"type":"Polygon","coordinates":[[[-71.20861578860085,-41.267846817661535],[-71.20775301979357,-41.242249821966034],[-71.29122681041416,-41.24061823762127],[-71.29343193233252,-41.30362235564592],[-71.22934141509772,-41.30488203679862],[-71.22678650463381,-41.283840451081765],[-71.22246581953185,-41.28193866999182],[-71.21018874804504,-41.26967570197182],[-71.20861578860085,-41.267846817661535]]]},"id":"44,775","properties":{"area_m2":4.413450132019434E7,"cell_size_m":7000,"grid_id":"44,775"}},{"type":"Feature","geometry":{"type":"Polygon","coordinates":[[[-71.17084373278443,-41.24295190541418],[-71.20775301979357,-41.242249821966034],[-71.20861578860085,-41.267846817661535],[-71.19580327544614,-41.252945058544164],[-71.18186563278951,-41.25074175864231],[-71.17260985664008,-41.24645642673644],[-71.17084373278443,-41.24295190541418]]]},"id":"45,775","properties":{"area_m2":3767570.97490543,"cell_size_m":7000,"grid_id":"45,775"}},{"type":"Feature","geometry":{"type":"MultiPolygon","coordinates":[[[[-71.87438560690002,-41.205867187062275],[-71.87421709508551,-41.20201867617738],[-71.8744775323764,-41.20283686800338],[-71.87457668842428,-41.20360577609007],[-71.87474668307188,-41.204468590721696],[-71.87467991562684,-41.20533560410635],[-71.87441266476239,-41.205835935957175],[-71.87438560690002,-41.205867187062275]]],[[[-71.87392806772397,-41.195416749326185],[-71.87257661114087,-41.16452925889975],[-71.88311517705391,-41.164265724927425],[-71.88443930100213,-41.164864426872285],[-71.88497098083783,-41.165227050695606],[-71.88577433405077,-41.165826765240034],[-71.88601054483249,-41.16601025499862],[-71.88633550399143,-41.16626088895563],[-71.88726840267866,-41.167195908534524],[-71.88743287192098,-41.167830774038926],[-71.88750334578869,-41.16812582655114],[-71.88750180784821,-41.16905997752958],[-71.88702169865239,-41.1696182094647],[-71.88683795966321,-41.16982813336815],[-71.8864055257703,-41.17022548492852],[-71.88567120098386,-41.17072093877994],[-71.88497242832295,-41.17115824381054],[-71.88430314667006,-41.17165820009814],[-71.88253811071327,-41.172957011999536],[-71.88214113456688,-41.17329185478902],[-71.88193920849369,-41.1737564667999],[-71.88167223524565,-41.174185265751696],[-71.88127489612218,-41.1747525102283],[-71.88067599147847,-41.17552072013083],[-71.88050943788316,-41.176021132073565],[-71.88040747917451,-41.17682109022327],[-71.88017506385702,-41.177719194856266],[-71.88000832905597,-41.17832244871433],[-71.87961089734529,-41.178916513980305],[-71.87864404963993,-41.180318979048636],[-71.87864251165578,-41.18111903364741],[-71.87887519952265,-41.18328254009057],[-71.87907368973552,-41.18474877822603],[-71.87907649429096,-41.186415965802425],[-71.8790754086566,-41.18701485967265],[-71.87870674510448,-41.188015700526456],[-71.87814320922892,-41.18878384523479],[-71.8776807272693,-41.18931077359501],[-71.87744297219264,-41.18991395533043],[-71.87706245512958,-41.190879011751846],[-71.87607072017875,-41.19280431994858],[-71.87530552059953,-41.19379128087396],[-71.87508015820045,-41.19404578515114],[-71.87461179110522,-41.19450565594801],[-71.87417870697998,-41.195108564843586],[-71.87392806772397,-41.195416749326185]]]]},"id":"36,776","properties":{"area_m2":2135135.347773076,"cell_size_m":7000,"grid_id":"36,776"}},{"type":"Feature","geometry":{"type":"Polygon","coordinates":[[[-71.85638958133787,-41.22797713980568],[-71.79191388885492,-41.22955973444637],[-71.78923679638979,-41.16657917058512],[-71.87257661114087,-41.16452925889975],[-71.87392806772397,-41.195416749326185],[-71.87317628727682,-41.19634111326029],[-71.87305161788699,-41.19656447841193],[-71.8728793605351,-41.19687711184119],[-71.87264739197656,-41.197507115975895],[-71.87284181493375,-41.19794087528507],[-71.873148241192,-41.19860712718974],[-71.87344878652486,-41.199273457323116],[-71.87387879564564,-41.20030639629687],[-71.87394809645009,-41.20117356586984],[-71.87421709508551,-41.20201867617738],[-71.87438560690002,-41.205867187062275],[-71.87397967083241,-41.20633602798586],[-71.87331027515057,-41.20663477193705],[-71.87208411659402,-41.20720106175059],[-71.87068062824453,-41.207633039376674],[-71.86951380921887,-41.208069762973366],[-71.86844750092511,-41.20853785094414],[-71.86735187577732,-41.20890307994387],[-71.86641620344034,-41.20917018756228],[-71.86528438178736,-41.209834810322285],[-71.86268425260967,-41.21069885144443],[-71.86179615595077,-41.21084525248504],[-71.86148827099888,-41.21089853598778],[-71.86068883631395,-41.21109874414744],[-71.86012029189307,-41.21126338111453],[-71.85885879635592,-41.21162834348916],[-71.8581180736367,-41.211998420342745],[-71.85765510974107,-41.21259674866626],[-71.85712139304168,-41.21309671506057],[-71.85645748041227,-41.21352942386513],[-71.85572299489691,-41.21376543525743],[-71.85525532270104,-41.21379607942591],[-71.85462759676848,-41.21392937775664],[-71.85447930560784,-41.21408568811965],[-71.85425971875162,-41.21433123100163],[-71.85402239829753,-41.21459460340246],[-71.85399190762764,-41.21499683887071],[-71.85412726084583,-41.21536350460195],[-71.85455856312521,-41.21569925481551],[-71.85496615997393,-41.216106574731455],[-71.85532643714826,-41.21646455935755],[-71.85579908543215,-41.21685846115331],[-71.85589363309893,-41.216930087799604],[-71.85612344262022,-41.21742655248075],[-71.85628810918178,-41.217900480935796],[-71.85637632337571,-41.21815539831902],[-71.85638808526637,-41.21819561288956],[-71.8566243182232,-41.218459649436824],[-71.85709017886525,-41.21926026440611],[-71.85745597262797,-41.21982838188053],[-71.85774341402707,-41.221026526072855],[-71.8579492461548,-41.22164361921873],[-71.85818330652478,-41.22289986269795],[-71.85818918743634,-41.22295797273571],[-71.85838787170731,-41.224156040132115],[-71.85818529698717,-41.22472347418611],[-71.85785759432733,-41.22568845883088],[-71.85725846395366,-41.226255372619846],[-71.85668927999329,-41.226656948101244],[-71.8563569614932,-41.227022991006],[-71.85635596625623,-41.22745657715429],[-71.8563673662433,-41.22764880477343],[-71.85638958133787,-41.22797713980568]]]},"id":"37,776","properties":{"area_m2":4.5782543878386386E7,"cell_size_m":7000,"grid_id":"37,776"}},{"type":"Feature","geometry":{"type":"Polygon","coordinates":[[[-71.79191388885492,-41.22955973444637],[-71.70848584036699,-41.23155381020535],[-71.70588850301965,-41.168568857482065],[-71.78923679638979,-41.16657917058512],[-71.79191388885492,-41.22955973444637]]]},"id":"38,776","properties":{"area_m2":4.8909672847618915E7,"cell_size_m":7000,"grid_id":"38,776"}},{"type":"Feature","geometry":{"type":"Polygon","coordinates":[[[-71.70848584036699,-41.23155381020535],[-71.62504953526792,-41.23348751119739],[-71.62253198293054,-41.17049830224152],[-71.70588850301965,-41.168568857482065],[-71.70848584036699,-41.23155381020535]]]},"id":"39,776","properties":{"area_m2":4.891347643043664E7,"cell_size_m":7000,"grid_id":"39,776"}},{"type":"Feature","geometry":{"type":"Polygon","coordinates":[[[-71.62504953526792,-41.23348751119739],[-71.54160522652664,-41.23536082053526],[-71.53916748818004,-41.172367488036706],[-71.62253198293054,-41.17049830224152],[-71.62504953526792,-41.23348751119739]]]},"id":"40,776","properties":{"area_m2":4.891716309665254E7,"cell_size_m":7000,"grid_id":"40,776"}},{"type":"Feature","geometry":{"type":"Polygon","coordinates":[[[-71.54160522652664,-41.23536082053526],[-71.45815316726566,-41.23717372185621],[-71.45579527097827,-41.174176398563404],[-71.53916748818004,-41.172367488036706],[-71.54160522652664,-41.23536082053526]]]},"id":"41,776","properties":{"area_m2":4.892073281114334E7,"cell_size_m":7000,"grid_id":"41,776"}},{"type":"Feature","geometry":{"type":"Polygon","coordinates":[[[-71.45815316726566,-41.23717372185621],[-71.37469361075637,-41.23892619932238],[-71.37241558368338,-41.175925018040466],[-71.45579527097827,-41.174176398563404],[-71.45815316726566,-41.23717372185621]]]},"id":"42,776","properties":{"area_m2":4.892418553986344E7,"cell_size_m":7000,"grid_id":"42,776"}},{"type":"Feature","geometry":{"type":"Polygon","coordinates":[[[-71.37469361075637,-41.23892619932238],[-71.29122681041416,-41.24061823762127],[-71.28902867879653,-41.17761333121016],[-71.37241558368338,-41.175925018040466],[-71.37469361075637,-41.23892619932238]]]},"id":"43,776","properties":{"area_m2":4.89275212498835E7,"cell_size_m":7000,"grid_id":"43,776"}},{"type":"Feature","geometry":{"type":"Polygon","coordinates":[[[-71.29122681041416,-41.24061823762127],[-71.20775301979357,-41.242249821966034],[-71.20563480895717,-41.179241323338644],[-71.28902867879653,-41.17761333121016],[-71.29122681041416,-41.24061823762127]]]},"id":"44,776","properties":{"area_m2":4.8930739909415275E7,"cell_size_m":7000,"grid_id":"44,776"}},{"type":"Feature","geometry":{"type":"Polygon","coordinates":[[[-71.1489411030852,-41.18031353475383],[-71.20563480895717,-41.179241323338644],[-71.20775301979357,-41.242249821966034],[-71.17084373278443,-41.24295190541418],[-71.15626816878489,-41.2140142121831],[-71.15653887072868,-41.19293787727274],[-71.1489411030852,-41.18031353475383]]]},"id":"45,776","properties":{"area_m2":2.7985463263185617E7,"cell_size_m":7000,"grid_id":"45,776"}},{"type":"Feature","geometry":{"type":"Polygon","coordinates":[[[-71.87248091310633,-41.162338214814646],[-71.87257661114087,-41.16452925889975],[-71.78923679638979,-41.16657917058512],[-71.7865681825707,-41.10359777292317],[-71.84752880488116,-41.10210608506413],[-71.84642280153565,-41.10289740844352],[-71.84612729716659,-41.102932790692336],[-71.84505747131756,-41.10302968308857],[-71.84472658821399,-41.1030291897502],[-71.84449613702051,-41.103046795318626],[-71.8442597140075,-41.10305985995013],[-71.84395805499587,-41.103193532521004],[-71.84392186313346,-41.1034974443551],[-71.84432323065528,-41.10369467025222],[-71.84462425596158,-41.10382910724391],[-71.84496690148968,-41.10385196690691],[-71.84509103914925,-41.10386104960764],[-71.84565762017922,-41.10416127188721],[-71.84595819181673,-41.10449690029173],[-71.84607563363701,-41.1047876071708],[-71.84625785837788,-41.10522591399815],[-71.84647464596621,-41.10602624671736],[-71.84649219887794,-41.10609328502404],[-71.84622483354438,-41.10672764781229],[-71.84609219130154,-41.107827009788764],[-71.84606043315735,-41.108792428741424],[-71.84579279602035,-41.10952510695],[-71.84556098841792,-41.11009246572824],[-71.84535795304775,-41.1109905305901],[-71.84495477725501,-41.111553236386555],[-71.84448717955023,-41.111856481864436],[-71.84425618530449,-41.11205730690239],[-71.84392322032838,-41.11292403584958],[-71.84366128160163,-41.11369244896359],[-71.84319368198003,-41.114022517522415],[-71.84239564851812,-41.114088515025834],[-71.84172727132146,-41.11432445089916],[-71.84092914367257,-41.11442172705141],[-71.84008966430244,-41.11451889483964],[-71.83872946411873,-41.11489246761299],[-71.8378950458623,-41.11532484487889],[-71.83732646031041,-41.11582019425831],[-71.83689287242323,-41.116686672581295],[-71.83646525574021,-41.11752190612176],[-71.83623298888227,-41.118223279472744],[-71.83623108876313,-41.11898312922401],[-71.8363130653212,-41.11931403220653],[-71.83646525574021,-41.119886329536435],[-71.83670041784292,-41.12039172913711],[-71.83672982440366,-41.120449895934016],[-71.83689413916669,-41.12095076517847],[-71.83711201896305,-41.12129073421323],[-71.83779497343161,-41.12238231183447],[-71.83856135009938,-41.12318340108941],[-71.8400943693019,-41.124772275685196],[-71.84009427882113,-41.12479017949123],[-71.84052496693593,-41.12511704894599],[-71.84089666116462,-41.12541254468864],[-71.84122646251781,-41.12591364777555],[-71.8414323054375,-41.12636538495522],[-71.84152640501323,-41.12658000476687],[-71.84176165382988,-41.12704521397304],[-71.84195021467794,-41.12729577481418],[-71.8419560958926,-41.127331525250305],[-71.84196776784137,-41.12739408962639],[-71.84232751699643,-41.12774770452909],[-71.8426930564625,-41.12814604805602],[-71.84315929962757,-41.12844610831221],[-71.84362581354316,-41.12864784935786],[-71.84376080929543,-41.129045826440645],[-71.84376008545779,-41.12935424425109],[-71.84375990449837,-41.12944365263484],[-71.84352854780113,-41.129778607204855],[-71.84339825689972,-41.12988568295929],[-71.84332713976002,-41.129943640383466],[-71.84299001172703,-41.130046028316684],[-71.84249237172882,-41.13047888800705],[-71.84212466050619,-41.13097901977684],[-71.8418576533928,-41.131412170456905],[-71.84146062579352,-41.13177817065309],[-71.84109381817407,-41.13191177867777],[-71.84062603378872,-41.13221059097104],[-71.83983179403293,-41.13308102573174],[-71.83962956930593,-41.13357686286879],[-71.83959211021477,-41.1344081984157],[-71.8397911681362,-41.135208529152614],[-71.84006197718885,-41.13567380595541],[-71.83979352063815,-41.136674594654735],[-71.83935866940168,-41.138005938441815],[-71.83952823069158,-41.138774964876625],[-71.83992806562485,-41.139673948015556],[-71.84015191505875,-41.14000943545979],[-71.84019317427422,-41.14007211184145],[-71.8401928123513,-41.14020168566543],[-71.84019245042838,-41.140376006071136],[-71.83996127207878,-41.14060810518704],[-71.8395940103137,-41.14090259851623],[-71.83939250928216,-41.14110346681422],[-71.83945702219938,-41.14130468009304],[-71.83989350195519,-41.14173886230851],[-71.840294603156,-41.142141647855084],[-71.84042941937123,-41.14261115955427],[-71.84046470682746,-41.14270512098488],[-71.84046334961768,-41.14323700752032],[-71.84041005650896,-41.14329501747709],[-71.84022619973885,-41.1435048401325],[-71.83989413532089,-41.14390217995522],[-71.83926049753536,-41.144303569040076],[-71.83902904706068,-41.144669757365534],[-71.83889151581482,-41.145299745682216],[-71.8389314179785,-41.14590319474417],[-71.83916024457496,-41.14660527418092],[-71.83899321655765,-41.147235277242785],[-71.83896770089395,-41.147986152608176],[-71.83895973855874,-41.14879962345809],[-71.83895865278576,-41.14926445904876],[-71.83906388226806,-41.14976522459235],[-71.83936391729783,-41.150400280289965],[-71.83970611613057,-41.150691259739645],[-71.84002478959128,-41.150964367926505],[-71.84023732886725,-41.15111216919017],[-71.84079224661777,-41.15149731641595],[-71.84212656058988,-41.152397566512974],[-71.84213832301252,-41.15240653793422],[-71.84298838308831,-41.15302898567853],[-71.84317133345135,-41.153194636104004],[-71.84362572306341,-41.15359746158956],[-71.84415692920571,-41.15399597047499],[-71.84475952272494,-41.15426502786313],[-71.84552126805053,-41.15476214601101],[-71.84688641530308,-41.15513048723453],[-71.84788475692073,-41.15559661621541],[-71.8497047271809,-41.156251638348124],[-71.85266452014142,-41.15760970419765],[-71.85377503473623,-41.1582145219873],[-71.85474919727757,-41.158926482907205],[-71.85565278530227,-41.15952650384722],[-71.85631968534224,-41.16015756033129],[-71.85741824422841,-41.160860702955816],[-71.8585870987053,-41.161858874563855],[-71.85947918534865,-41.162289046664924],[-71.86034186510376,-41.16271020078478],[-71.86073787367442,-41.162809041039246],[-71.86103933565569,-41.1628808655558],[-71.86160091186996,-41.16304246983332],[-71.8626418201757,-41.16304372444379],[-71.8636526876665,-41.163286270816144],[-71.86413174706458,-41.16328682099247],[-71.86480523367608,-41.16368094676401],[-71.86553861226663,-41.16368182331736],[-71.86656774599737,-41.163683059859736],[-71.8674670477835,-41.163518689663654],[-71.86870353828928,-41.163345786916786],[-71.86970371051027,-41.16304750841495],[-71.870768657448,-41.16284755871347],[-71.87134279181016,-41.162642576031246],[-71.87194650933154,-41.1624242560257],[-71.87212998566807,-41.16234842645301],[-71.87248091310633,-41.162338214814646]]]},"id":"37,777","properties":{"area_m2":3.2773654806631677E7,"cell_size_m":7000,"grid_id":"37,777"}},{"type":"Feature","geometry":{"type":"Polygon","coordinates":[[[-71.78923679638979,-41.16657917058512],[-71.70588850301965,-41.168568857482065],[-71.70329939241746,-41.10558307924819],[-71.7865681825707,-41.10359777292317],[-71.78923679638979,-41.16657917058512]]]},"id":"38,777","properties":{"area_m2":4.89103874010616E7,"cell_size_m":7000,"grid_id":"38,777"}},{"type":"Feature","geometry":{"type":"Polygon","coordinates":[[[-71.70588850301965,-41.168568857482065],[-71.62253198293054,-41.17049830224152],[-71.62002240527998,-41.10750827581638],[-71.70329939241746,-41.10558307924819],[-71.70588850301965,-41.168568857482065]]]},"id":"39,777","properties":{"area_m2":4.891419115131508E7,"cell_size_m":7000,"grid_id":"39,777"}},{"type":"Feature","geometry":{"type":"Polygon","coordinates":[[[-71.62253198293054,-41.17049830224152],[-71.53916748818004,-41.172367488036706],[-71.53673747230926,-41.10937334586106],[-71.62002240527998,-41.10750827581638],[-71.62253198293054,-41.17049830224152]]]},"id":"40,777","properties":{"area_m2":4.8917877979811825E7,"cell_size_m":7000,"grid_id":"40,777"}},{"type":"Feature","geometry":{"type":"Polygon","coordinates":[[[-71.53916748818004,-41.172367488036706],[-71.45579527097827,-41.174176398563404],[-71.45344484480786,-41.11117827313633],[-71.53673747230926,-41.10937334586106],[-71.53916748818004,-41.172367488036706]]]},"id":"41,777","properties":{"area_m2":4.892144785146357E7,"cell_size_m":7000,"grid_id":"41,777"}},{"type":"Feature","geometry":{"type":"Polygon","coordinates":[[[-71.45579527097827,-41.174176398563404],[-71.37241558368338,-41.175925018040466],[-71.37014477422541,-41.11292304191746],[-71.45344484480786,-41.11117827313633],[-71.45579527097827,-41.174176398563404]]]},"id":"42,777","properties":{"area_m2":4.892490073218712E7,"cell_size_m":7000,"grid_id":"42,777"}},{"type":"Feature","geometry":{"type":"Polygon","coordinates":[[[-71.37241558368338,-41.175925018040466],[-71.28902867879653,-41.17761333121016],[-71.28683751215365,-41.114607637001306],[-71.37014477422541,-41.11292304191746],[-71.37241558368338,-41.175925018040466]]]},"id":"43,777","properties":{"area_m2":4.892823658908377E7,"cell_size_m":7000,"grid_id":"43,777"}},{"type":"Feature","geometry":{"type":"Polygon","coordinates":[[[-71.28902867879653,-41.17761333121016],[-71.20563480895717,-41.179241323338644],[-71.20352331032177,-41.11623204370669],[-71.28683751215365,-41.114607637001306],[-71.28902867879653,-41.17761333121016]]]},"id":"44,777","properties":{"area_m2":4.893145539034981E7,"cell_size_m":7000,"grid_id":"44,777"}},{"type":"Feature","geometry":{"type":"Polygon","coordinates":[[[-71.13395773403239,-41.11754215794262],[-71.20352331032177,-41.11623204370669],[-71.20563480895717,-41.179241323338644],[-71.1489411030852,-41.18031353475383],[-71.14804158800003,-41.17881855793808],[-71.1345306343789,-41.168880293131146],[-71.12539560359626,-41.156162399173915],[-71.12134671265825,-41.15329926108366],[-71.12045027129015,-41.125489370339665],[-71.1233984494074,-41.12007321946593],[-71.13453806866642,-41.12109608844453],[-71.13395773403239,-41.11754215794262]]]},"id":"45,777","properties":{"area_m2":4.524343953166783E7,"cell_size_m":7000,"grid_id":"45,777"}},{"type":"Feature","geometry":{"type":"Polygon","coordinates":[[[-71.12045027129015,-41.125489370339665],[-71.12134671265825,-41.15329926108366],[-71.11066341073932,-41.14574277548793],[-71.11149283571585,-41.13028889565235],[-71.11958716468601,-41.127074815568676],[-71.12045027129015,-41.125489370339665]]]},"id":"46,777","properties":{"area_m2":1930851.4629650842,"cell_size_m":7000,"grid_id":"46,777"}},{"type":"Feature","geometry":{"type":"Polygon","coordinates":[[[-71.84752880488116,-41.10210608506413],[-71.7865681825707,-41.10359777292317],[-71.7839080167571,-41.04061554224142],[-71.83690406043452,-41.03932218328412],[-71.83639730390344,-41.04010212606304],[-71.83569851206387,-41.0409682485457],[-71.83533079293613,-41.04163819007147],[-71.83496415916768,-41.0419013894978],[-71.83423116180359,-41.04226684751825],[-71.833533812902,-41.04256973827685],[-71.83310800133417,-41.04284177185054],[-71.83306665071153,-41.04286855698181],[-71.83296558144268,-41.043136551474795],[-71.83310040078247,-41.04353013967158],[-71.83332977449378,-41.04386567934758],[-71.83360049859715,-41.04420577757676],[-71.83372997919443,-41.04436686637091],[-71.83381231833076,-41.044501085041304],[-71.83381231833076,-41.044510019468255],[-71.83387104150391,-41.0446084596405],[-71.83396514333032,-41.044764989426646],[-71.83433005909055,-41.04519908497],[-71.83452984418348,-41.045601653354744],[-71.83435756574127,-41.0460036933868],[-71.83423288096986,-41.046294043979074],[-71.83414999904821,-41.0464011866181],[-71.83399599786537,-41.04659765288148],[-71.8340301097672,-41.04709829243475],[-71.83449582281787,-41.04739843844675],[-71.83489665941967,-41.047631457776845],[-71.8351089306966,-41.04777032919549],[-71.83540363103549,-41.04796294566723],[-71.83556251756423,-41.04816431480264],[-71.83582744891075,-41.04846413803839],[-71.83596253847709,-41.048763782222025],[-71.83612685363875,-41.049161829481875],[-71.83629723099872,-41.04950182216161],[-71.83625515693802,-41.049801188494314],[-71.83618385722667,-41.04998435726787],[-71.83594670413707,-41.05037284991899],[-71.83575144403895,-41.05055590012833],[-71.83519588406432,-41.05078306360622],[-71.83460485404312,-41.05099224918883],[-71.83351770699252,-41.05129016789553],[-71.83227067279398,-41.051757649317416],[-71.83215250197883,-41.05180216745147],[-71.83079281056786,-41.05246176072556],[-71.83037269577733,-41.05280528874872],[-71.83017707030679,-41.053095525460236],[-71.83008767250297,-41.05341724506008],[-71.83006921384398,-41.053712156611255],[-71.83002134800267,-41.05394898735756],[-71.82975487357436,-41.05423916365317],[-71.82941203059318,-41.054403998659495],[-71.82902159270051,-41.05466717044015],[-71.8289384379632,-41.05487711856331],[-71.8289495674886,-41.05513641081057],[-71.82894947700467,-41.055145328710594],[-71.8291202201626,-41.05535568142054],[-71.8291907975937,-41.05544516539715],[-71.82939067641266,-41.0558030247116],[-71.82938416157762,-41.05605780737757],[-71.82927684774803,-41.05642416050524],[-71.8290991374141,-41.05663838257218],[-71.82886867483163,-41.05673192684518],[-71.82856754404338,-41.05670470989976],[-71.8283078547024,-41.05665065829451],[-71.82780050979079,-41.05648004766811],[-71.8270693055393,-41.05609454153295],[-71.826402705664,-41.055861111946975],[-71.82560571567525,-41.05579286757711],[-71.82506796346513,-41.05595747450093],[-71.82463643995733,-41.05612215554215],[-71.82410366279778,-41.05662192773781],[-71.82377158147314,-41.057157824392846],[-71.82357595193074,-41.05743461707939],[-71.82336855914822,-41.05772490252493],[-71.82284175191616,-41.0581889239216],[-71.82246922212468,-41.05835819071565],[-71.82217414781648,-41.05829070317029],[-71.82140655519332,-41.0582895022899],[-71.82097457427831,-41.05862408262626],[-71.82084925084052,-41.05909316112979],[-71.82083739714095,-41.059124429506056],[-71.82077098022071,-41.059656227123234],[-71.8206050283457,-41.05988840231856],[-71.8202380156033,-41.06019177819062],[-71.81974169715492,-41.06032511168632],[-71.81923931532178,-41.06045388305827],[-71.81887818264538,-41.06078857179362],[-71.81830974396085,-41.06135531619931],[-71.81804280726516,-41.06178845144463],[-71.8179410998008,-41.062284481956084],[-71.81807592552501,-41.062619895941445],[-71.8184107274117,-41.06328643120588],[-71.81872815546951,-41.06384117599584],[-71.81911019075622,-41.06448538815638],[-71.8200165952354,-41.065617659444584],[-71.82030986181947,-41.06635115753335],[-71.82053933526761,-41.0666822964135],[-71.82089277472596,-41.06700018095969],[-71.82124033219186,-41.06731807409306],[-71.82152319174938,-41.06754640838005],[-71.82251310773128,-41.068397200547025],[-71.82384605096662,-41.06908757282788],[-71.82495521906995,-41.06951389189155],[-71.82535697259054,-41.06946535875002],[-71.82602466048071,-41.06935461259826],[-71.82628462314557,-41.069310332027605],[-71.82690507616296,-41.069203954644095],[-71.82748381467786,-41.069213806485045],[-71.82819755453119,-41.069563523793754],[-71.82860989057775,-41.06997534356211],[-71.82877484294302,-41.070136486429234],[-71.82900467220621,-41.07031561766044],[-71.82908113111708,-41.07046319168502],[-71.82927512855485,-41.07079872828909],[-71.8293209133806,-41.071366462655455],[-71.82852022087967,-41.072674911003695],[-71.82837164600623,-41.073005419143605],[-71.82828812916189,-41.07331814993078],[-71.82826930846154,-41.07375167867019],[-71.82833373316195,-41.07394848513369],[-71.8284747978746,-41.0742436985124],[-71.82876923293529,-41.07458386191146],[-71.82902258802368,-41.07480766024152],[-71.829099227898,-41.0748793523702],[-71.82951753470132,-41.0752911426492],[-71.8298242745761,-41.07544354861212],[-71.83037341964564,-41.075511463089946],[-71.83117673147979,-41.075499175076914],[-71.83210409355407,-41.075487175923165],[-71.83219855783776,-41.075514138878226],[-71.83279447842607,-41.07574293374341],[-71.83349653405409,-41.07607916323998],[-71.83436380902678,-41.076478180606124],[-71.83485929025005,-41.07674711779969],[-71.83593349377279,-41.077074904405684],[-71.83669544134774,-41.07707601953598],[-71.83722711155237,-41.07704543956142],[-71.83819553440817,-41.07718092296924],[-71.83870331506562,-41.0772486958929],[-71.83895729556949,-41.07727589898116],[-71.83976022368574,-41.07744237109779],[-71.84079269902057,-41.07791312093877],[-71.84122293378086,-41.0783114707201],[-71.84155870649573,-41.07870979989473],[-71.8419948214264,-41.07911267008077],[-71.84349317020752,-41.07997732189856],[-71.84432504024619,-41.08040755581047],[-71.8453575006515,-41.08094529253874],[-71.84541061196647,-41.080972223609265],[-71.84619524690979,-41.081411286957234],[-71.84693889300897,-41.08168489835763],[-71.84755903406509,-41.08173940383515],[-71.84779518316898,-41.081762054144036],[-71.84821997967487,-41.08200843012271],[-71.84848544327089,-41.082165235989265],[-71.84869191480209,-41.08227726611137],[-71.84918746402063,-41.08257739070219],[-71.84958782958103,-41.08314108506631],[-71.84962266362268,-41.08344057604365],[-71.84955634322321,-41.08400817047009],[-71.84946758424923,-41.084084012294625],[-71.84941429266162,-41.08413756214877],[-71.84924853676613,-41.084289369066745],[-71.84915380614694,-41.0843741363151],[-71.84903564164794,-41.08439185304504],[-71.8486219750742,-41.084440452569915],[-71.84809023358237,-41.08447552991616],[-71.84745226927805,-41.08447467756204],[-71.84689039637072,-41.08474213182458],[-71.84632282228685,-41.0849380449449],[-71.84618656092478,-41.0851389775543],[-71.84622646216638,-41.08572908017109],[-71.84625505352915,-41.0861357975861],[-71.8462543296972,-41.08645761967469],[-71.84625387730225,-41.08663640904225],[-71.84656005806359,-41.087106135846405],[-71.84692432592252,-41.08796927522538],[-71.84700078049919,-41.08810794985934],[-71.84739499628841,-41.088792321127585],[-71.84745362645776,-41.08898464256212],[-71.84754193360587,-41.089118841476335],[-71.8479540634627,-41.08973617602015],[-71.84845449967305,-41.09047438245697],[-71.84868901949672,-41.091270277659476],[-71.84870611989372,-41.091533963293685],[-71.84872340124632,-41.091735184448275],[-71.84875859729662,-41.09185591643164],[-71.8488877097663,-41.09223152824359],[-71.8491226816584,-41.09283523833396],[-71.84925722266674,-41.09340306757022],[-71.84928536136397,-41.09403328771072],[-71.84914783458834,-41.0947259429967],[-71.84913589147078,-41.09478403803929],[-71.8489223629289,-41.095132405853434],[-71.84860297462798,-41.09530631559468],[-71.84849051005855,-41.09536869133259],[-71.84822432263937,-41.09553375664337],[-71.84798708811506,-41.09589991376521],[-71.84818749791755,-41.096101327820655],[-71.84868974332308,-41.09609749423925],[-71.84908567608517,-41.09606672245927],[-71.84968835066216,-41.09606751378905],[-71.84997181812865,-41.096126043811566],[-71.85015494539553,-41.09616649377352],[-71.8505207472211,-41.09636812958859],[-71.85068559766994,-41.09663651849521],[-71.85103330335565,-41.097025800265655],[-71.85132210778633,-41.09733008403761],[-71.85158738781317,-41.0975986332456],[-71.8519174494172,-41.09800133399374],[-71.85211731385516,-41.09843064898184],[-71.85211613765014,-41.09896701809111],[-71.8520154363893,-41.09906522384755],[-71.85179041916977,-41.09929737384471],[-71.84898560720279,-41.101063726757175],[-71.84752880488116,-41.10210608506413]]]},"id":"37,778","properties":{"area_m2":2.9870225624835655E7,"cell_size_m":7000,"grid_id":"37,778"}},{"type":"Feature","geometry":{"type":"Polygon","coordinates":[[[-71.7865681825707,-41.10359777292317],[-71.70329939241746,-41.10558307924819],[-71.70071847882548,-41.04259647625031],[-71.7839080167571,-41.04061554224142],[-71.7865681825707,-41.10359777292317]]]},"id":"38,778","properties":{"area_m2":4.891110175596335E7,"cell_size_m":7000,"grid_id":"38,778"}},{"type":"Feature","geometry":{"type":"Polygon","coordinates":[[[-71.70329939241746,-41.10558307924819],[-71.62002240527998,-41.10750827581638],[-71.61752077348797,-41.04451743263517],[-71.70071847882548,-41.04259647625031],[-71.70329939241746,-41.10558307924819]]]},"id":"39,778","properties":{"area_m2":4.891490567358357E7,"cell_size_m":7000,"grid_id":"39,778"}},{"type":"Feature","geometry":{"type":"Polygon","coordinates":[[[-71.62002240527998,-41.10750827581638],[-71.53673747230926,-41.10937334586106],[-71.53431515099358,-41.04637839468922],[-71.61752077348797,-41.04451743263517],[-71.62002240527998,-41.10750827581638]]]},"id":"40,778","properties":{"area_m2":4.891859266434615E7,"cell_size_m":7000,"grid_id":"40,778"}},{"type":"Feature","geometry":{"type":"Polygon","coordinates":[[[-71.53673747230926,-41.10937334586106],[-71.45344484480786,-41.11117827313633],[-71.45110186174219,-41.048179346224565],[-71.53431515099358,-41.04637839468922],[-71.53673747230926,-41.10937334586106]]]},"id":"41,778","properties":{"area_m2":4.892216269310005E7,"cell_size_m":7000,"grid_id":"41,778"}},{"type":"Feature","geometry":{"type":"Polygon","coordinates":[[[-71.45344484480786,-41.11117827313633],[-71.37014477422541,-41.11292304191746],[-71.36788115627962,-41.049920271572695],[-71.45110186174219,-41.048179346224565],[-71.45344484480786,-41.11117827313633]]]},"id":"42,778","properties":{"area_m2":4.892561572580786E7,"cell_size_m":7000,"grid_id":"42,778"}},{"type":"Feature","geometry":{"type":"Polygon","coordinates":[[[-71.37014477422541,-41.11292304191746],[-71.28683751215365,-41.114607637001306],[-71.284653285293,-41.05160115558477],[-71.36788115627962,-41.049920271572695],[-71.37014477422541,-41.11292304191746]]]},"id":"43,778","properties":{"area_m2":4.892895172953963E7,"cell_size_m":7000,"grid_id":"43,778"}},{"type":"Feature","geometry":{"type":"Polygon","coordinates":[[[-71.28683751215365,-41.114607637001306],[-71.20352331032177,-41.11623204370669],[-71.20141849960598,-41.05322198363209],[-71.284653285293,-41.05160115558477],[-71.28683751215365,-41.114607637001306]]]},"id":"44,778","properties":{"area_m2":4.893217067248991E7,"cell_size_m":7000,"grid_id":"44,778"}},{"type":"Feature","geometry":{"type":"Polygon","coordinates":[[[-71.12201572794237,-41.05471208624712],[-71.20141849960598,-41.05322198363209],[-71.20352331032177,-41.11623204370669],[-71.13395773403239,-41.11754215794262],[-71.13338937893907,-41.11406121347228],[-71.13900459978186,-41.11129196810112],[-71.14263401603242,-41.07623694125844],[-71.14010177799307,-41.0742916268154],[-71.1323549207168,-41.070970740738005],[-71.12717415765249,-41.06837494805197],[-71.12685202934293,-41.06728194576891],[-71.12506631138227,-41.06120758390919],[-71.12335157582136,-41.05693048855452],[-71.12201572794237,-41.05471208624712]]]},"id":"45,778","properties":{"area_m2":3.902218061660296E7,"cell_size_m":7000,"grid_id":"45,778"}},{"type":"Feature","geometry":{"type":"Polygon","coordinates":[[[-71.86608808828238,-41.015501451104676],[-71.86435841709347,-40.97559608083277],[-71.9079714413791,-40.97450330578108],[-71.90795547186413,-40.97452965079801],[-71.90732975160039,-40.97490908626218],[-71.90730017074992,-40.9749805804328],[-71.90686306133975,-40.97546291540301],[-71.90676201588543,-40.97600370298828],[-71.90671995129536,-40.97661158671743],[-71.90645915070947,-40.977527656739376],[-71.90615094799976,-40.978591198924114],[-71.90569610645815,-40.97904676381795],[-71.90560148341234,-40.979225456773],[-71.90524687288809,-40.97973472858796],[-71.90512221633699,-40.980320186125816],[-71.90525112459828,-40.980919219936794],[-71.90539197377409,-40.98137524502898],[-71.90567412424264,-40.98205042586611],[-71.90633359002999,-40.98290472704109],[-71.90647443871379,-40.98337863016069],[-71.90647371502129,-40.983861313592385],[-71.90647235809786,-40.984831305055486],[-71.90643626393235,-40.985363198069955],[-71.906370679285,-40.98582799230958],[-71.90633494695403,-40.98610057883559],[-71.90604592199902,-40.98607350579804],[-71.90560410680501,-40.98568877875452],[-71.9050087770227,-40.985361963779454],[-71.90382390361759,-40.98486484373243],[-71.90255046270742,-40.98441682162827],[-71.90153664549507,-40.98396002416473],[-71.90028038323678,-40.983878485038],[-71.89879406653135,-40.983828062610435],[-71.89829850542988,-40.98390807061847],[-71.89738952236917,-40.98429167494493],[-71.89645692541976,-40.98471095428022],[-71.89558330868532,-40.985125899947946],[-71.89430241583952,-40.98568341052756],[-71.89367051640808,-40.986170105206504],[-71.89301473280584,-40.986831009881335],[-71.89252468089296,-40.987071915755635],[-71.89211152410232,-40.98721456934832],[-71.89186907580678,-40.98762555898022],[-71.89096604470971,-40.98790178606306],[-71.88995725582066,-40.98801261326098],[-71.88926075443709,-40.988253310012404],[-71.88884107971188,-40.98877139503877],[-71.88832116716951,-40.989258108143005],[-71.88790700966335,-40.989954995255495],[-71.88780007768831,-40.990406303383146],[-71.88748633797611,-40.99107202796535],[-71.88693638804706,-40.99186711998178],[-71.88662337120391,-40.99207238244029],[-71.88613349016659,-40.99221493493849],[-71.88564876501391,-40.99276870918656],[-71.88533556594217,-40.99311703876367],[-71.88512848527392,-40.99342970825934],[-71.88432594460888,-40.99360321684374],[-71.88331622953851,-40.99408943625435],[-71.88314415878301,-40.994683755758224],[-71.88283068579048,-40.9951303969953],[-71.88092315286949,-40.99627716126455],[-71.87984828889458,-40.99687050584956],[-71.87890939702504,-40.99735677958606],[-71.87730998126035,-40.99770373130439],[-71.87633543645688,-40.998292697231115],[-71.87550229413911,-40.9989890705011],[-71.87525947104986,-40.9994581164517],[-71.87482213569585,-40.999868878024756],[-71.87447934179362,-41.00017244236171],[-71.87443048752519,-41.0010707808258],[-71.87403431531463,-41.00152627517074],[-71.87295816104765,-41.00274982408428],[-71.87228460149142,-41.00323179196357],[-71.87156969492047,-41.00375399164527],[-71.8713504819103,-41.004182841086696],[-71.87139671297886,-41.004683481154565],[-71.87183278651865,-41.004992398582104],[-71.8722807112171,-41.005238704575426],[-71.87244573118275,-41.00532380006593],[-71.87335967242106,-41.00563774391872],[-71.87340065586484,-41.005834473912955],[-71.87393154025409,-41.005893104316286],[-71.87431414195889,-41.0063807448918],[-71.8745552468363,-41.00683248161373],[-71.87448332251145,-41.00742236833102],[-71.8744832320406,-41.00743576595848],[-71.87417481672921,-41.00828916098726],[-71.87389589467062,-41.00912474442686],[-71.87420774815274,-41.00957652986579],[-71.8743840759631,-41.00995664705296],[-71.87445419089342,-41.010341079269594],[-71.87434752572223,-41.01058233555622],[-71.87389851833045,-41.010863470264326],[-71.87358539794437,-41.011037431122205],[-71.87333732603776,-41.011175739693364],[-71.87288831719597,-41.0114523942347],[-71.87226261691734,-41.01155891312779],[-71.87170739282027,-41.01183547665191],[-71.87091060787914,-41.0119373463093],[-71.87049117990566,-41.01214695501692],[-71.87021370211741,-41.01224948881316],[-71.86962319020544,-41.01242308376749],[-71.86938081491576,-41.01266869201447],[-71.86903195340058,-41.01301690948721],[-71.86858158129527,-41.01399080486955],[-71.86816142642122,-41.01458038250332],[-71.8671217125839,-41.01510211519269],[-71.86656675079274,-41.01524001774533],[-71.86608808828238,-41.015501451104676]]]},"id":"36,779","properties":{"area_m2":7583922.316338025,"cell_size_m":7000,"grid_id":"36,779"}},{"type":"Feature","geometry":{"type":"Polygon","coordinates":[[[-71.83690406043452,-41.03932218328412],[-71.7839080167571,-41.04061554224142],[-71.78125626846966,-40.9776324793213],[-71.86435841709347,-40.97559608083277],[-71.86608808828238,-41.015501451104676],[-71.86573376342353,-41.01569497177095],[-71.86521354101566,-41.01614133610304],[-71.86510651080279,-41.016525600034754],[-71.86521155059783,-41.01711574874983],[-71.86559325822175,-41.018054857149274],[-71.86555679742825,-41.018542034366426],[-71.86527859148222,-41.01895737194792],[-71.86490023099954,-41.01926982394972],[-71.8646164151011,-41.01955104712422],[-71.86434390816954,-41.02007374804321],[-71.86399458867898,-41.02058733595905],[-71.8637147528158,-41.0218072679718],[-71.86333512380963,-41.02270967325219],[-71.86288537684018,-41.0232991560725],[-71.86260716852493,-41.023683231806025],[-71.86222075259886,-41.02504154733692],[-71.86209598837598,-41.02544818920693],[-71.86170360050035,-41.02677517208812],[-71.86168523416629,-41.027083610004446],[-71.86157693610559,-41.02806679619207],[-71.86155160322052,-41.028916025388384],[-71.86155078894917,-41.02930490789603],[-71.86155069847459,-41.02933617515133],[-71.86153287497915,-41.029412158799786],[-71.86138404422914,-41.02998408008043],[-71.86134242589128,-41.030140439123194],[-71.86127710318465,-41.03035045024519],[-71.8610987775548,-41.030922416852015],[-71.86107498270155,-41.03102066662651],[-71.86096786060227,-41.031418354848675],[-71.86089656648214,-41.03164176586225],[-71.86058895207267,-41.03197660980256],[-71.86028721823413,-41.03231151042506],[-71.86013920116868,-41.032521426366316],[-71.86000891714136,-41.03270450225176],[-71.85980191018677,-41.03289196079922],[-71.85968374968738,-41.03296782061175],[-71.85957137955407,-41.033039182885304],[-71.85933505833738,-41.03314614138186],[-71.85917564093842,-41.033154906740904],[-71.8589098244599,-41.03327524997987],[-71.85877972087344,-41.03339132269826],[-71.85857244168251,-41.03370399678196],[-71.85830635326707,-41.0338913189376],[-71.85809364522855,-41.03398497415502],[-71.85780439463633,-41.03402033266909],[-71.85755640071987,-41.03403348913157],[-71.85724950684639,-41.03401966041858],[-71.85708429793313,-41.03398369147833],[-71.85680110830148,-41.03389841525029],[-71.85658306115889,-41.03375958759678],[-71.85635922339543,-41.03352240783249],[-71.8550636031379,-41.032162036906556],[-71.85481614991878,-41.031942689461175],[-71.85428577603801,-41.03153971822453],[-71.85358376665538,-41.031377968242005],[-71.85281733601273,-41.03097465791853],[-71.851920616125,-41.030772430418125],[-71.85018525548132,-41.03074335664831],[-71.8488220225599,-41.03063874989435],[-71.84762345483435,-41.03077572147727],[-71.84685574298472,-41.03094010989531],[-71.84615851242994,-41.03124313730245],[-71.84575615197275,-41.03167610752162],[-71.84561889509492,-41.03230620360048],[-71.84552343955139,-41.03277090076564],[-71.84529190318882,-41.033306957872306],[-71.84465890959277,-41.03390508605782],[-71.84409060765648,-41.0346060488279],[-71.84388919997409,-41.03491418510147],[-71.84379437726508,-41.035070510590415],[-71.84305542870844,-41.03550305597614],[-71.8421283701934,-41.03564038186075],[-71.84116068323561,-41.03546920903199],[-71.840393317585,-41.03543683106961],[-71.83983233691794,-41.03553440701822],[-71.83935939324942,-41.0358376590432],[-71.83893349904359,-41.03617230382599],[-71.83889214918254,-41.03620356415974],[-71.83832944670637,-41.036971554805575],[-71.83796218304487,-41.03747163798284],[-71.83746444464475,-41.0382397306578],[-71.83696019078197,-41.03923579247926],[-71.83690406043452,-41.03932218328412]]]},"id":"37,779","properties":{"area_m2":4.671995357339379E7,"cell_size_m":7000,"grid_id":"37,779"}},{"type":"Feature","geometry":{"type":"Polygon","coordinates":[[[-71.7839080167571,-41.04061554224142],[-71.70071847882548,-41.04259647625031],[-71.69814573266528,-40.97960904923561],[-71.78125626846966,-40.9776324793213],[-71.7839080167571,-41.04061554224142]]]},"id":"38,779","properties":{"area_m2":4.891181590883496E7,"cell_size_m":7000,"grid_id":"38,779"}},{"type":"Feature","geometry":{"type":"Polygon","coordinates":[[[-71.70071847882548,-41.04259647625031],[-71.61752077348797,-41.04451743263517],[-71.61502705887783,-40.981525773411896],[-71.69814573266528,-40.97960904923561],[-71.70071847882548,-41.04259647625031]]]},"id":"39,779","properties":{"area_m2":4.89156199937862E7,"cell_size_m":7000,"grid_id":"39,779"}},{"type":"Feature","geometry":{"type":"Polygon","coordinates":[[[-71.61752077348797,-41.04451743263517],[-71.53431515099358,-41.04637839468922],[-71.53190049645924,-40.983382635203],[-71.61502705887783,-40.981525773411896],[-71.61752077348797,-41.04451743263517]]]},"id":"40,779","properties":{"area_m2":4.89193071467604E7,"cell_size_m":7000,"grid_id":"40,779"}},{"type":"Feature","geometry":{"type":"Polygon","coordinates":[[[-71.53431515099358,-41.04637839468922],[-71.45110186174219,-41.048179346224565],[-71.44876629491124,-40.98517961847882],[-71.53190049645924,-40.983382635203],[-71.53431515099358,-41.04637839468922]]]},"id":"41,779","properties":{"area_m2":4.89228773325833E7,"cell_size_m":7000,"grid_id":"41,779"}},{"type":"Feature","geometry":{"type":"Polygon","coordinates":[[[-71.45110186174219,-41.048179346224565],[-71.36788115627962,-41.049920271572695],[-71.36562470388066,-40.98691670762674],[-71.44876629491124,-40.98517961847882],[-71.45110186174219,-41.048179346224565]]]},"id":"42,779","properties":{"area_m2":4.892633051722063E7,"cell_size_m":7000,"grid_id":"42,779"}},{"type":"Feature","geometry":{"type":"Polygon","coordinates":[[[-71.36788115627962,-41.049920271572695],[-71.284653285293,-41.05160115558477],[-71.28247597315469,-40.988593887552035],[-71.36562470388066,-40.98691670762674],[-71.36788115627962,-41.049920271572695]]]},"id":"43,779","properties":{"area_m2":4.8929666667757414E7,"cell_size_m":7000,"grid_id":"43,779"}},{"type":"Feature","geometry":{"type":"Polygon","coordinates":[[[-71.284653285293,-41.05160115558477],[-71.20141849960598,-41.05322198363209],[-71.19932035265627,-40.99021114367823],[-71.28247597315469,-40.988593887552035],[-71.284653285293,-41.05160115558477]]]},"id":"44,779","properties":{"area_m2":4.893288575236582E7,"cell_size_m":7000,"grid_id":"44,779"}},{"type":"Feature","geometry":{"type":"Polygon","coordinates":[[[-71.11798020489056,-41.04864425179318],[-71.11615809243926,-40.991768461947494],[-71.19932035265627,-40.99021114367823],[-71.20141849960598,-41.05322198363209],[-71.12201572794237,-41.05471208624712],[-71.12187256176547,-41.05447432470002],[-71.12089056884716,-41.05283988245573],[-71.11960448178357,-41.05098408403403],[-71.11811013137655,-41.04881384082187],[-71.11798020489056,-41.04864425179318]]]},"id":"45,779","properties":{"area_m2":4.882251995931624E7,"cell_size_m":7000,"grid_id":"45,779"}},{"type":"Feature","geometry":{"type":"Polygon","coordinates":[[[-71.04778509172276,-40.99300382407702],[-71.11615809243926,-40.991768461947494],[-71.11798020489056,-41.04864425179318],[-71.1166014501547,-41.04684454297474],[-71.11508696060598,-41.04487077669052],[-71.11188016607622,-41.040993232318336],[-71.10911099966451,-41.03796829867443],[-71.10844205208025,-41.03723008547205],[-71.1044943501499,-41.033637179742115],[-71.10041051426091,-41.03011011368448],[-71.09879649867511,-41.02856879980262],[-71.09665241664918,-41.026527263886685],[-71.09383001231205,-41.02273717644466],[-71.09497908723405,-41.01812458262554],[-71.09270033782519,-41.01431195737471],[-71.09234390805062,-41.014054342703375],[-71.08817861616772,-41.011004465052096],[-71.08314907210452,-41.00817544537385],[-71.07847110227344,-41.00597929645533],[-71.07787319308102,-41.00569741945434],[-71.07770889031015,-41.005633497156715],[-71.07228640830711,-41.00353838891083],[-71.06648110536808,-41.00184225245839],[-71.05994113182462,-41.0012169272615],[-71.05435156294085,-40.999736504937644],[-71.05410083261613,-40.99952880264253],[-71.05044604670685,-40.99643699169138],[-71.04848842322728,-40.9939089580499],[-71.04778509172276,-40.99300382407702]]]},"id":"46,779","properties":{"area_m2":1.422917485188225E7,"cell_size_m":7000,"grid_id":"46,779"}},{"type":"Feature","geometry":{"type":"MultiPolygon","coordinates":[[[[-71.86175969323621,-40.91547338896019],[-71.86163633324388,-40.91261667394222],[-71.86363988043713,-40.91256689635533],[-71.86363875467211,-40.91259236228945],[-71.8631071290475,-40.913217498026],[-71.86298770315362,-40.91400400541574],[-71.86257405493343,-40.91459354152072],[-71.86198940947187,-40.91523206297738],[-71.86175969323621,-40.91547338896019]]],[[[-71.86228953156827,-40.92774033735601],[-71.86197875297478,-40.9205456667534],[-71.8620783458604,-40.92061831888138],[-71.86239545861734,-40.92114164048932],[-71.86242386756196,-40.92166463871562],[-71.86243535780316,-40.92181216104443],[-71.86262083014226,-40.923282911979115],[-71.86293812329949,-40.92374371102505],[-71.86272505650132,-40.924168066335326],[-71.86270623785572,-40.92472680789071],[-71.862693571459,-40.925169319454476],[-71.86269239529358,-40.92575486314767],[-71.86283253989784,-40.92635398664685],[-71.86282023540312,-40.92659530981727],[-71.86263051089061,-40.927180637144446],[-71.8625061992022,-40.92741289918839],[-71.86228953156827,-40.92774033735601]]],[[[-71.9079714413791,-40.97450330578108],[-71.86435841709347,-40.97559608083277],[-71.86371157019536,-40.960641212793426],[-71.86425361531597,-40.96050495109712],[-71.8658998725184,-40.95992585711611],[-71.86726230757355,-40.959717350501926],[-71.86796989568552,-40.95971363767047],[-71.86917236658826,-40.95988932233196],[-71.86972669045863,-40.95988551165511],[-71.87025151945026,-40.959854843401416],[-71.87101202685395,-40.9598869804908],[-71.87126534796772,-40.96001685545401],[-71.87175434760933,-40.9602185596833],[-71.87248544814614,-40.960219372141395],[-71.87371169560097,-40.96034143663654],[-71.87466625453537,-40.96065981196391],[-71.87537907320606,-40.961027078395816],[-71.87625048481173,-40.96165829631352],[-71.8767040123368,-40.961958257658154],[-71.87808223257781,-40.962800058263866],[-71.88001999959025,-40.96397312190765],[-71.88142199850692,-40.96476577389538],[-71.88247641117216,-40.9653747388715],[-71.88330084992701,-40.96603711852732],[-71.88373066454896,-40.966421935316],[-71.88453184972683,-40.9668607807095],[-71.88510315429589,-40.96723681286943],[-71.88548574231278,-40.96766624161721],[-71.88598648047149,-40.967934944998085],[-71.88671754769183,-40.96806086513515],[-71.88720100464174,-40.968105970878334],[-71.8879678034602,-40.96797712993452],[-71.8884282798993,-40.96770942493196],[-71.88927830495219,-40.967164904282974],[-71.89002791004985,-40.96674094512989],[-71.89069518914934,-40.96617396834039],[-71.89113874440788,-40.96539663498716],[-71.89168199244068,-40.96495459674002],[-71.8918887973543,-40.96467770379855],[-71.89243195361198,-40.964293805826244],[-71.89352957144925,-40.96374952924722],[-71.89450949040605,-40.96309333389836],[-71.89567232597349,-40.962298773976954],[-71.8963155294016,-40.96199090682077],[-71.89713522736837,-40.96197828586596],[-71.89788454213655,-40.961625825573726],[-71.89860463527268,-40.96117055529352],[-71.89910046727675,-40.96084917728694],[-71.9003149402417,-40.96094850908296],[-71.90170644450426,-40.96097205576928],[-71.90302674849336,-40.96128164091121],[-71.90450607933846,-40.961729848562925],[-71.90557226424417,-40.96249059610941],[-71.90562400840388,-40.96344268632745],[-71.90590995805371,-40.965539281717895],[-71.90650275318137,-40.96747961416266],[-71.90652491626119,-40.96849425381154],[-71.9068481352004,-40.96929015955945],[-71.90766599611494,-40.97064069487911],[-71.90848349302595,-40.97223706520353],[-71.90838796622153,-40.973099641973874],[-71.90808546447971,-40.974315200424925],[-71.9079714413791,-40.97450330578108]]]]},"id":"36,780","properties":{"area_m2":4965427.044558262,"cell_size_m":7000,"grid_id":"36,780"}},{"type":"Feature","geometry":{"type":"Polygon","coordinates":[[[-71.86371157019536,-40.960641212793426],[-71.86435841709347,-40.97559608083277],[-71.78125626846966,-40.9776324793213],[-71.77861290738923,-40.914648584944636],[-71.86163633324388,-40.91261667394222],[-71.86175969323621,-40.91547338896019],[-71.86153468447114,-40.91570976740911],[-71.86067825075729,-40.91666524222143],[-71.85956278441338,-40.917531073713754],[-71.85930845861809,-40.91798668590192],[-71.85956622246968,-40.91868428154075],[-71.85988315681371,-40.919274679076864],[-71.86013612501866,-40.91948957008166],[-71.86060740894574,-40.91955718288705],[-71.86090760440537,-40.91968264520274],[-71.86136640167354,-40.92009895650952],[-71.86197875297478,-40.9205456667534],[-71.86228953156827,-40.92774033735601],[-71.86220473862959,-40.92786847937994],[-71.86199764264826,-40.92824370186649],[-71.86169048169042,-40.92858307319892],[-71.86105299734126,-40.92905160134015],[-71.86056208103494,-40.92990925023119],[-71.86060858511898,-40.93020873741669],[-71.86056615240446,-40.93077634417051],[-71.8607660113446,-40.931022430465426],[-71.86119585691836,-40.93119285200759],[-71.86140765810968,-40.931394242666215],[-71.86154816518597,-40.9318369169533],[-71.8621185165098,-40.93247678797716],[-71.86230625089556,-40.93290159685999],[-71.8622049195784,-40.933464704080464],[-71.86203301816197,-40.933933849974515],[-71.86177797057117,-40.934688894454865],[-71.86132921659159,-40.93507277590037],[-71.8611695287808,-40.93533634098047],[-71.86074954492697,-40.93603305893376],[-71.86042428776494,-40.936582496136765],[-71.8597378538113,-40.93784210247312],[-71.85947791869597,-40.93812340880442],[-71.85927118281721,-40.93833769757374],[-71.85900536641954,-40.93858768417982],[-71.85853281343226,-40.939069855145895],[-71.85828373438423,-40.93977132178104],[-71.85750365335669,-40.94070457772533],[-71.85746701067208,-40.94129896952481],[-71.85748881533183,-40.94213489370503],[-71.85744032031887,-40.94275166512062],[-71.85691456513659,-40.943251634283186],[-71.8560581188285,-40.94402831357678],[-71.85576868541077,-40.94433633676424],[-71.85546178979219,-40.94447451902509],[-71.8552955846992,-40.945001753220424],[-71.85489323591504,-40.9457030251521],[-71.85433146676064,-40.946475608531074],[-71.85428360459755,-40.94679736551955],[-71.85434784303784,-40.94707010503226],[-71.85446501030006,-40.94739655396976],[-71.85463510632509,-40.94779453723201],[-71.85489911688815,-40.94838041558704],[-71.85515751769076,-40.94883217231545],[-71.85567513294556,-40.949387133351365],[-71.85612778547569,-40.94995534230203],[-71.85617447116829,-40.95020120549151],[-71.85613837118566,-40.950536412200925],[-71.85624992826143,-40.9507198555209],[-71.85650868985823,-40.951024057535335],[-71.85645974231377,-40.95186879660571],[-71.85658848972028,-40.952298079427614],[-71.85654623741489,-40.952762863981114],[-71.85654515170246,-40.95326795714886],[-71.85653836599977,-40.953656824318415],[-71.85658957543255,-40.95452403568682],[-71.85653510886242,-40.955158717862204],[-71.85662187537085,-40.95593204298952],[-71.85685087007631,-40.95637039973661],[-71.85695048407827,-40.9566476421351],[-71.8568733081104,-40.956920218515876],[-71.85684897008142,-40.95727332746702],[-71.85696559355628,-40.95784557475227],[-71.85685267959525,-40.958274541753354],[-71.8567283656201,-40.95849337815705],[-71.85663354677631,-40.95872572279971],[-71.8563552424475,-40.95925275802924],[-71.85631914248565,-40.95962377922925],[-71.85643024711695,-40.96001726068156],[-71.85678916547434,-40.96039762260261],[-71.85716617859376,-40.960559000337426],[-71.85779688515541,-40.96065362666731],[-71.85875185445154,-40.960730824176224],[-71.85924720687497,-40.96072243085911],[-71.85950650885493,-40.9607898411047],[-71.8598010959109,-40.96089295034857],[-71.86003660250168,-40.961054185450806],[-71.86055538589386,-40.96110842135726],[-71.86138702989228,-40.96098878994553],[-71.86256075521126,-40.96079800380637],[-71.86349263914178,-40.96069624776935],[-71.86371157019536,-40.960641212793426]]]},"id":"37,780","properties":{"area_m2":4.7283252290605135E7,"cell_size_m":7000,"grid_id":"37,780"}},{"type":"Feature","geometry":{"type":"Polygon","coordinates":[[[-71.78125626846966,-40.9776324793213],[-71.69814573266528,-40.97960904923561],[-71.69558112451385,-40.91662079895188],[-71.77861290738923,-40.914648584944636],[-71.78125626846966,-40.9776324793213]]]},"id":"38,780","properties":{"area_m2":4.8912529856223196E7,"cell_size_m":7000,"grid_id":"38,780"}},{"type":"Feature","geometry":{"type":"Polygon","coordinates":[[[-71.69814573266528,-40.97960904923561],[-71.61502705887783,-40.981525773411896],[-71.61254123292377,-40.918533298861334],[-71.69558112451385,-40.91662079895188],[-71.69814573266528,-40.97960904923561]]]},"id":"39,780","properties":{"area_m2":4.891633410846957E7,"cell_size_m":7000,"grid_id":"39,780"}},{"type":"Feature","geometry":{"type":"Polygon","coordinates":[[[-71.61502705887783,-40.981525773411896],[-71.53190049645924,-40.983382635203],[-71.52949348107846,-40.92038606808518],[-71.61254123292377,-40.918533298861334],[-71.61502705887783,-40.981525773411896]]]},"id":"40,780","properties":{"area_m2":4.8920021423599094E7,"cell_size_m":7000,"grid_id":"40,780"}},{"type":"Feature","geometry":{"type":"Polygon","coordinates":[[[-71.53190049645924,-40.983382635203],[-71.44876629491124,-40.98517961847882],[-71.44643811758624,-40.92217909055085],[-71.52949348107846,-40.92038606808518],[-71.53190049645924,-40.983382635203]]]},"id":"41,780","properties":{"area_m2":4.892359176645798E7,"cell_size_m":7000,"grid_id":"41,780"}},{"type":"Feature","geometry":{"type":"Polygon","coordinates":[[[-71.44876629491124,-40.98517961847882],[-71.36562470388066,-40.98691670762674],[-71.36337539119965,-40.923912350701414],[-71.44643811758624,-40.92217909055085],[-71.44876629491124,-40.98517961847882]]]},"id":"42,780","properties":{"area_m2":4.8927045102989644E7,"cell_size_m":7000,"grid_id":"42,780"}},{"type":"Feature","geometry":{"type":"Polygon","coordinates":[[[-71.36562470388066,-40.98691670762674],[-71.28247597315469,-40.988593887552035],[-71.28030555081071,-40.925585833495994],[-71.36337539119965,-40.923912350701414],[-71.36562470388066,-40.98691670762674]]]},"id":"43,780","properties":{"area_m2":4.893038140026785E7,"cell_size_m":7000,"grid_id":"43,780"}},{"type":"Feature","geometry":{"type":"Polygon","coordinates":[[[-71.28247597315469,-40.988593887552035],[-71.19932035265627,-40.99021114367823],[-71.19722884544619,-40.92719952441009],[-71.28030555081071,-40.925585833495994],[-71.28247597315469,-40.988593887552035]]]},"id":"44,780","properties":{"area_m2":4.8933600626502514E7,"cell_size_m":7000,"grid_id":"44,780"}},{"type":"Feature","geometry":{"type":"Polygon","coordinates":[[[-71.19932035265627,-40.99021114367823],[-71.11615809243926,-40.991768461947494],[-71.1141455242632,-40.928753409436055],[-71.19722884544619,-40.92719952441009],[-71.19932035265627,-40.99021114367823]]]},"id":"45,780","properties":{"area_m2":4.893670275094941E7,"cell_size_m":7000,"grid_id":"45,780"}},{"type":"Feature","geometry":{"type":"Polygon","coordinates":[[[-71.03213262339186,-40.93022849486146],[-71.1141455242632,-40.928753409436055],[-71.11615809243926,-40.991768461947494],[-71.04778509172276,-40.99300382407702],[-71.0473069347337,-40.9923884558886],[-71.04441109926424,-40.988261288032895],[-71.04128309530059,-40.98430643123898],[-71.03835293915819,-40.98055877714768],[-71.03815615583001,-40.9803023529338],[-71.03780412201097,-40.979767507808596],[-71.03548479020989,-40.976221575977206],[-71.03485199559461,-40.974723420087166],[-71.03371191090714,-40.972023065356005],[-71.0332023540644,-40.96895706134888],[-71.03299686255293,-40.9676859713511],[-71.03298978914515,-40.96695735073495],[-71.03296122345868,-40.96325616862323],[-71.0333628658978,-40.95876749622235],[-71.03392356861043,-40.954275629789606],[-71.03439558122207,-40.949805480984956],[-71.03476076717098,-40.945370037804956],[-71.03524973677708,-40.94094019840833],[-71.03611041981856,-40.93687993693465],[-71.03460469941352,-40.93665729143807],[-71.0328395245438,-40.93523896888148],[-71.03182113356345,-40.934345479178845],[-71.03129053545399,-40.933143075035716],[-71.03159632545751,-40.93117002542565],[-71.03213262339186,-40.93022849486146]]]},"id":"46,780","properties":{"area_m2":4.664497300940394E7,"cell_size_m":7000,"grid_id":"46,780"}},{"type":"Feature","geometry":{"type":"MultiPolygon","coordinates":[[[[-71.86363988043713,-40.91256689635533],[-71.86163633324388,-40.91261667394222],[-71.86049273422445,-40.88608818878712],[-71.86052435300839,-40.886158434124866],[-71.86103426907016,-40.88735697535265],[-71.86190427298683,-40.88816260096423],[-71.86315200422013,-40.88860214364627],[-71.86446441923222,-40.889122189712616],[-71.86572960164771,-40.889691307277594],[-71.86709420879477,-40.89065393912067],[-71.86758837190138,-40.8909450174328],[-71.86866454462647,-40.89183130993387],[-71.86904606710013,-40.892502215126775],[-71.86904516237581,-40.8929625708417],[-71.86884910855603,-40.89381610794007],[-71.86775068015564,-40.89523181563208],[-71.86715989218192,-40.896098308487815],[-71.86664464816246,-40.897443086198784],[-71.86663062482788,-40.89859628358455],[-71.86658810245466,-40.89920862416532],[-71.86641104646844,-40.89937379594155],[-71.86585038359792,-40.899887143590426],[-71.86569024572127,-40.900409936139305],[-71.86531695225172,-40.9014688573502],[-71.86483680898012,-40.90296570026587],[-71.86471729327101,-40.903783545724544],[-71.86462130068136,-40.90460586354532],[-71.86476759663331,-40.905124535531336],[-71.86487878874904,-40.905482257283765],[-71.86520784118275,-40.90589835491947],[-71.86554892623903,-40.90620719933871],[-71.86574814869176,-40.90673488472108],[-71.86577628591263,-40.907409866159156],[-71.86566328464698,-40.90790581753986],[-71.86511981041701,-40.908647185865924],[-71.86491796383007,-40.909380026830085],[-71.86476370626565,-40.90992069491481],[-71.86432608483277,-40.91070239684567],[-71.86403104965409,-40.91093445195933],[-71.8638300166319,-40.91126055754997],[-71.86365232577054,-40.911734114828064],[-71.86366345407083,-40.912033632606175],[-71.86363988043713,-40.91256689635533]]],[[[-71.86015055069275,-40.87814629308729],[-71.85892285458989,-40.84963642797931],[-71.90907238122972,-40.848381598934054],[-71.90947756708564,-40.84882575571425],[-71.91006474683289,-40.84993918340411],[-71.91056345523963,-40.8511732459883],[-71.91057919534313,-40.85256341319367],[-71.91038977128567,-40.85337230643987],[-71.91001852150725,-40.853622325947235],[-71.90932903060579,-40.85415819623382],[-71.90909247571152,-40.85496258048534],[-71.9089971300166,-40.85577154435955],[-71.90898482734414,-40.856214054289936],[-71.90876039394695,-40.85672792339338],[-71.90851225961472,-40.85738477323864],[-71.90827588501851,-40.85802827274925],[-71.90757463027543,-40.858505988776386],[-71.9064905408714,-40.85905046245287],[-71.90627849890889,-40.85913520232978],[-71.9054594583276,-40.85962619701985],[-71.90504143379925,-40.85965716022668],[-71.90441127500505,-40.859772840494074],[-71.90398718809001,-40.85994238032492],[-71.90379197041156,-40.86057245982226],[-71.90340895260742,-40.860808999575696],[-71.90293773331373,-40.86094274310477],[-71.90264309650541,-40.86113917907318],[-71.90234845941724,-40.86133113046096],[-71.90167071163577,-40.86178200383352],[-71.90154107818216,-40.86187131105692],[-71.90120509841384,-40.86209444665143],[-71.90110423204192,-40.862630749147215],[-71.9008037133834,-40.8628271908049],[-71.90069750954946,-40.86293440310391],[-71.90063264739452,-40.862996902407154],[-71.90062088716971,-40.863010315472685],[-71.90053784187725,-40.86344385485634],[-71.90049650014932,-40.86347504515693],[-71.90031973479967,-40.86361798376017],[-71.90015463912886,-40.863747419381944],[-71.89941781381803,-40.86434131683578],[-71.89920576702026,-40.864381353351895],[-71.89856935436646,-40.86475174940933],[-71.89835124590599,-40.86488119465562],[-71.89832772528308,-40.86489016474611],[-71.89714924933222,-40.865488042078454],[-71.89667747774955,-40.86596587223898],[-71.89588736051664,-40.8666669478528],[-71.89525094106502,-40.86698373697322],[-71.89476731568931,-40.86747501027704],[-71.89460773543394,-40.86789051654796],[-71.89447737531194,-40.86840889991506],[-71.89398804942533,-40.86879286190842],[-71.89378169823362,-40.86893576292131],[-71.89329273311397,-40.86907827942066],[-71.89287957734338,-40.86969923879138],[-71.89229019390065,-40.87003838177372],[-71.89184202652629,-40.870462588653645],[-71.8914647838073,-40.87069024181072],[-71.89114028233038,-40.87110561714813],[-71.89066832069915,-40.871632618822105],[-71.89012425670013,-40.87301772790161],[-71.89002990030959,-40.87312943317521],[-71.8896702058873,-40.873401730307776],[-71.88936976664114,-40.8734863569908],[-71.88893977886283,-40.873544041381],[-71.88831546775802,-40.87360605012047],[-71.88767333339624,-40.87378422493863],[-71.88760267863289,-40.87380647430882],[-71.8872723832334,-40.8740877717703],[-71.88698325007917,-40.87445848330917],[-71.88630438319578,-40.875436725279535],[-71.8855086306328,-40.87586948555241],[-71.8849721569195,-40.876217613825254],[-71.8848713757513,-40.87658854277298],[-71.88472916025927,-40.877129240836865],[-71.88438040634486,-40.87785748597519],[-71.88360808014022,-40.87835284496488],[-71.88244682795677,-40.87900426319356],[-71.88217551264874,-40.879214101898924],[-71.88150405374309,-40.87928043707491],[-71.88120342568882,-40.87941420520641],[-71.8810736027712,-40.87960184122818],[-71.88087800883793,-40.880298894786],[-71.88085421548801,-40.880392722422606],[-71.88075397580378,-40.880477606765616],[-71.88011698261792,-40.88101781631173],[-71.87943303450375,-40.881446161089386],[-71.87890840185966,-40.88173167572798],[-71.87823105539232,-40.881744378394146],[-71.87749499243986,-40.881676549653235],[-71.87672364437319,-40.881626598586735],[-71.87612898311087,-40.881545518403115],[-71.87563483348794,-40.881205233714205],[-71.87424981713653,-40.88179373888687],[-71.87244175043898,-40.881818585226554],[-71.87177669410568,-40.881554099187106],[-71.87138866099285,-40.88124525333846],[-71.87106042929689,-40.88043590738783],[-71.87058481842558,-40.87969781161194],[-71.87024943859235,-40.8795588638848],[-71.86974912757195,-40.87941529636695],[-71.86939592379521,-40.87932102735156],[-71.86858384310939,-40.87900715517284],[-71.86808950062726,-40.878863576039855],[-71.86761243767906,-40.87886751974241],[-71.86687028805326,-40.87891580082468],[-71.86625208503027,-40.87884362071939],[-71.86549319459472,-40.87846277192896],[-71.86544026761815,-40.878409089053434],[-71.86488729327051,-40.878122319908336],[-71.8636391165681,-40.8779912601532],[-71.86339764139205,-40.87798647223335],[-71.8628678248432,-40.87791881615362],[-71.86263241085054,-40.87785153313127],[-71.86247344749734,-40.877833457845114],[-71.86220844808017,-40.87781073997599],[-71.86194326749029,-40.8778953779237],[-71.86125385119298,-40.878077773598775],[-71.86114781485124,-40.87812241662277],[-71.86073552132889,-40.87812189255467],[-71.86037036470914,-40.878161641986544],[-71.86015055069275,-40.87814629308729]]]]},"id":"36,781","properties":{"area_m2":1.2367724665957777E7,"cell_size_m":7000,"grid_id":"36,781"}},{"type":"Feature","geometry":{"type":"Polygon","coordinates":[[[-71.86049273422445,-40.88608818878712],[-71.86163633324388,-40.91261667394222],[-71.77861290738923,-40.914648584944636],[-71.7759779033558,-40.851663859893776],[-71.85892285458989,-40.84963642797931],[-71.86015055069275,-40.87814629308729],[-71.85932818221968,-40.87808886600209],[-71.8592456687956,-40.87812903126257],[-71.85916306487455,-40.87816910705392],[-71.85908643230188,-40.87821821585167],[-71.85900970923518,-40.878276196279394],[-71.85893895752264,-40.87833424857913],[-71.85886811531878,-40.87840124715078],[-71.85879736357435,-40.8784726660843],[-71.85873828314128,-40.87854859076959],[-71.8586850835994,-40.87862897850861],[-71.85863197452395,-40.87870938074363],[-71.85818276367142,-40.87947312818757],[-71.85816367332689,-40.88011678174911],[-71.85854466571767,-40.88095754103432],[-71.85871466906003,-40.881360107492995],[-71.85881907766642,-40.882102169115136],[-71.85876569718742,-40.88225861141592],[-71.85856420841633,-40.882861760132855],[-71.85867513130314,-40.883299910391514],[-71.8591921979138,-40.88386827142153],[-71.85980860534391,-40.88481210856313],[-71.85999091260831,-40.884973304140175],[-71.86049273422445,-40.88608818878712]]]},"id":"37,781","properties":{"area_m2":4.880756442770262E7,"cell_size_m":7000,"grid_id":"37,781"}},{"type":"Feature","geometry":{"type":"Polygon","coordinates":[[[-71.77861290738923,-40.914648584944636],[-71.69558112451385,-40.91662079895188],[-71.69302462510267,-40.85363172614761],[-71.7759779033558,-40.851663859893776],[-71.77861290738923,-40.914648584944636]]]},"id":"38,781","properties":{"area_m2":4.891324359463257E7,"cell_size_m":7000,"grid_id":"38,781"}},{"type":"Feature","geometry":{"type":"Polygon","coordinates":[[[-71.69558112451385,-40.91662079895188],[-71.61254123292377,-40.918533298861334],[-71.6100632672497,-40.85554000969912],[-71.69302462510267,-40.85363172614761],[-71.69558112451385,-40.91662079895188]]]},"id":"39,781","properties":{"area_m2":4.89170480141188E7,"cell_size_m":7000,"grid_id":"39,781"}},{"type":"Feature","geometry":{"type":"Polygon","coordinates":[[[-71.61254123292377,-40.918533298861334],[-71.52949348107846,-40.92038606808518],[-71.52709407736857,-40.857388694019534],[-71.6100632672497,-40.85554000969912],[-71.61254123292377,-40.918533298861334]]]},"id":"40,781","properties":{"area_m2":4.892073549136308E7,"cell_size_m":7000,"grid_id":"40,781"}},{"type":"Feature","geometry":{"type":"Polygon","coordinates":[[[-71.52949348107846,-40.92038606808518],[-71.44643811758624,-40.92217909055085],[-71.44411730317887,-40.85917776309361],[-71.52709407736857,-40.857388694019534],[-71.52949348107846,-40.92038606808518]]]},"id":"41,781","properties":{"area_m2":4.892430599121417E7,"cell_size_m":7000,"grid_id":"41,781"}},{"type":"Feature","geometry":{"type":"Polygon","coordinates":[[[-71.44643811758624,-40.92217909055085],[-71.36337539119965,-40.923912350701414],[-71.36113319254348,-40.86090720141984],[-71.44411730317887,-40.85917776309361],[-71.44643811758624,-40.92217909055085]]]},"id":"42,781","properties":{"area_m2":4.892775947960009E7,"cell_size_m":7000,"grid_id":"42,781"}},{"type":"Feature","geometry":{"type":"Polygon","coordinates":[[[-71.36337539119965,-40.923912350701414],[-71.28030555081071,-40.925585833495994],[-71.27814199346389,-40.86257699401093],[-71.36113319254348,-40.86090720141984],[-71.36337539119965,-40.923912350701414]]]},"id":"43,781","properties":{"area_m2":4.89310959236019E7,"cell_size_m":7000,"grid_id":"43,781"}},{"type":"Feature","geometry":{"type":"Polygon","coordinates":[[[-71.28030555081071,-40.925585833495994],[-71.19722884544619,-40.92719952441009],[-71.19514395407556,-40.86418712639419],[-71.27814199346389,-40.86257699401093],[-71.28030555081071,-40.925585833495994]]]},"id":"44,781","properties":{"area_m2":4.893431529142451E7,"cell_size_m":7000,"grid_id":"44,781"}},{"type":"Feature","geometry":{"type":"Polygon","coordinates":[[[-71.19722884544619,-40.92719952441009],[-71.1141455242632,-40.928753409436055],[-71.1121393226433,-40.865737584611885],[-71.19514395407556,-40.86418712639419],[-71.19722884544619,-40.92719952441009]]]},"id":"45,781","properties":{"area_m2":4.893741755229973E7,"cell_size_m":7000,"grid_id":"45,781"}},{"type":"Feature","geometry":{"type":"Polygon","coordinates":[[[-71.0556113527422,-40.86675922583701],[-71.1121393226433,-40.865737584611885],[-71.1141455242632,-40.928753409436055],[-71.03213262339186,-40.93022849486146],[-71.0321588442605,-40.93018246046372],[-71.0324648149926,-40.92779374966577],[-71.03476303427915,-40.925779295864054],[-71.03574922516215,-40.924017560346144],[-71.03447130269562,-40.92234409621495],[-71.0334621655602,-40.92082484202846],[-71.03217979247135,-40.91945978463653],[-71.03088390332027,-40.91861754635639],[-71.03173153680169,-40.91706470023764],[-71.03339641921106,-40.91603723579293],[-71.03444047000147,-40.914740810738266],[-71.0345232648485,-40.91391014120465],[-71.03542194607601,-40.913291881195384],[-71.03468531780342,-40.91208782221748],[-71.03449306694893,-40.911125213610354],[-71.03422772434925,-40.91073417237239],[-71.03374999841957,-40.910363628327126],[-71.03362476303812,-40.90966083776482],[-71.03352627957614,-40.90914153996665],[-71.0333307635361,-40.90840684000308],[-71.03314984763759,-40.907077848099966],[-71.03367708803556,-40.9060675824466],[-71.03358957742087,-40.90479297001205],[-71.03340349261187,-40.90341025725826],[-71.03390126022008,-40.90239981656298],[-71.03391150757027,-40.90169817104949],[-71.03491792308107,-40.900951165732906],[-71.03533860730364,-40.90038255705199],[-71.03713687110033,-40.89946340039147],[-71.03728024217375,-40.898914808598164],[-71.03742325046248,-40.898397555435416],[-71.037912670338,-40.897959145209754],[-71.0384762687539,-40.89686873010431],[-71.03903524154802,-40.896095672042144],[-71.03952511293024,-40.89521468872976],[-71.03912483672761,-40.89479124270452],[-71.03851771111711,-40.894008413670626],[-71.03846511468167,-40.892756426495026],[-71.03821301443264,-40.89145367020788],[-71.03836128204377,-40.89056991190284],[-71.03851480924499,-40.88932409128018],[-71.03867132894368,-40.887868244884906],[-71.03987206702305,-40.88548245767612],[-71.04291103144242,-40.884256238382264],[-71.04525262929981,-40.88360070729063],[-71.04683230711733,-40.883510940250005],[-71.05087786882713,-40.88354427923342],[-71.052188204068,-40.8829293011795],[-71.05302146629144,-40.88231037832633],[-71.05262927375884,-40.8809036796313],[-71.05209280817623,-40.88011703386752],[-71.0498295069467,-40.879839198960155],[-71.04777603023341,-40.87971497198383],[-71.04675522768589,-40.879031600515546],[-71.04615255671634,-40.87835167204701],[-71.04539110072616,-40.8739694815568],[-71.0461571814894,-40.8731041790601],[-71.04585448544897,-40.87245357671163],[-71.04631460510613,-40.87157236278558],[-71.04649841705255,-40.870662048363435],[-71.04740006469662,-40.87020021054209],[-71.04805061362607,-40.86999994583139],[-71.04867105534663,-40.869848619446586],[-71.04922085552248,-40.8696967531378],[-71.05032217660715,-40.86967894194125],[-71.05100917458142,-40.86939854106127],[-71.05158916828171,-40.86960891602887],[-71.05261748530697,-40.86975150691127],[-71.05296678606021,-40.86920455466012],[-71.0538643389182,-40.86861295906274],[-71.05442918502843,-40.86781307216982],[-71.05494995993978,-40.86721836231345],[-71.05553792789476,-40.86685667128381],[-71.0556113527422,-40.86675922583701]]]},"id":"46,781","properties":{"area_m2":4.366103352171116E7,"cell_size_m":7000,"grid_id":"46,781"}},{"type":"Feature","geometry":{"type":"Polygon","coordinates":[[[-71.90907238122972,-40.848381598934054],[-71.85892285458989,-40.84963642797931],[-71.8562179502438,-40.78665534376162],[-71.92186636460136,-40.78501036573372],[-71.92134849486519,-40.78575515611523],[-71.92137083779521,-40.78674298297901],[-71.92155808414932,-40.78754323777922],[-71.92221009858628,-40.788209728206716],[-71.92306808163227,-40.78878243713241],[-71.92488933156305,-40.790437502969716],[-71.92603522820899,-40.791332239868545],[-71.9270046418652,-40.7922491895304],[-71.92765040336062,-40.79331338671681],[-71.92739685688086,-40.7939525029619],[-71.92773163226362,-40.79441309081215],[-71.92807201550714,-40.79508380134989],[-71.92812972594268,-40.79610742056656],[-71.92818779818825,-40.79675558692113],[-71.92828114794317,-40.79750211588505],[-71.92811018761462,-40.797859660629676],[-71.92778617682676,-40.798337681786506],[-71.92706696573296,-40.79977654089547],[-71.92691888999174,-40.80073753900148],[-71.926935986095,-40.8012649781715],[-71.92714719977924,-40.80169869216403],[-71.92734095541698,-40.80206982585051],[-71.92737541894203,-40.802785017411416],[-71.92726886241381,-40.803428599304155],[-71.92710929891894,-40.8041034803568],[-71.92705574924679,-40.80468904007997],[-71.92710224338833,-40.805176241240254],[-71.9273956809602,-40.80585137921555],[-71.92768332911007,-40.8064013540006],[-71.92789445182646,-40.807009420737394],[-71.92798219344407,-40.80742518519786],[-71.9279813793467,-40.80817612434545],[-71.92782805763734,-40.80853360114441],[-71.92767491676234,-40.808721269607865],[-71.92718039694897,-40.8090159635583],[-71.92592659073225,-40.80973481902439],[-71.92575590046452,-40.80979730190838],[-71.92560266810337,-40.81004305179536],[-71.92550814160879,-40.8103737320148],[-71.92564898155231,-40.81068669497314],[-71.9260075487223,-40.81093729066782],[-71.92630759060717,-40.810959852591886],[-71.92688415504885,-40.81096019720094],[-71.92742535034154,-40.810969486316914],[-71.92801946101018,-40.8110637402865],[-71.92838996549968,-40.81113543430036],[-71.92901338171549,-40.811328039067874],[-71.92930157108326,-40.81145785989198],[-71.92974244782995,-40.81180234163974],[-71.93068290438474,-40.81256276315039],[-71.9311118391793,-40.81306361688582],[-71.93119360989469,-40.81368050559371],[-71.9308636323614,-40.81413178153755],[-71.93056305218954,-40.814681417560706],[-71.93037436403516,-40.81504780633296],[-71.93000313829687,-40.81565998157249],[-71.92957266422529,-40.8165269134916],[-71.92960748931965,-40.816991798516774],[-71.92959545883295,-40.81721971178582],[-71.92957166922254,-40.81749238479806],[-71.92960640386222,-40.81802431878848],[-71.92987071263272,-40.818467011838855],[-71.93020575668906,-40.81873987129774],[-71.93051149311762,-40.81895461182878],[-71.93088181369849,-40.81936610504221],[-71.93116982040783,-40.819616562872106],[-71.93143439919811,-40.81980895464402],[-71.93169327914802,-40.81985828634876],[-71.93221691790541,-40.819845141905546],[-71.93289369412523,-40.8197516534651],[-71.9332053978281,-40.81982333855172],[-71.93348752287467,-40.820109628475514],[-71.93396385139742,-40.82039151402521],[-71.93446360660248,-40.82077168700156],[-71.93482813341599,-40.821066930354185],[-71.93513386524876,-40.82136210585115],[-71.93513350343612,-40.82169738961762],[-71.9351333225298,-40.82190746232255],[-71.93475649443367,-40.822130706217],[-71.934315082154,-40.82225118664935],[-71.9340912099051,-40.82251473334462],[-71.93397940939977,-40.82254596478694],[-71.93373192852489,-40.82290790646866],[-71.93354333276822,-40.823184916154545],[-71.93341968263383,-40.82327875803427],[-71.93305479233499,-40.82330084688091],[-71.93256046207483,-40.82336312971859],[-71.93237783556178,-40.8236446856184],[-71.93244223878231,-40.82393522757067],[-71.9327303344844,-40.82416340146955],[-71.93292435796839,-40.82431545912095],[-71.9329829720318,-40.82454345731872],[-71.93286511071705,-40.82475351734283],[-71.93268836388714,-40.824923195531426],[-71.93239402682214,-40.82502141101905],[-71.93209996083758,-40.82486479707751],[-71.93183520171152,-40.824864609364866],[-71.93145276140997,-40.824828606189406],[-71.93086453690555,-40.82462264447995],[-71.93040566131134,-40.82450619057115],[-71.9300467374443,-40.82454620049104],[-71.93001136967165,-40.82460426597374],[-71.92959346882759,-40.82467998709495],[-71.92886367872023,-40.824791340868835],[-71.92813985692713,-40.824907090991154],[-71.92703349718434,-40.8249600341677],[-71.9262507843879,-40.82507575672133],[-71.92577381073554,-40.82540620738573],[-71.92553193153311,-40.825960316478685],[-71.92527250366597,-40.82638479128482],[-71.92486626523855,-40.82655439919076],[-71.92427775678297,-40.82667020306052],[-71.92400068885638,-40.82705443875035],[-71.92388807057802,-40.82781875791181],[-71.92387025065389,-40.82795732360741],[-71.92384591786244,-40.82861881515041],[-71.92401570462373,-40.82938325992376],[-71.92429756672313,-40.82993322627278],[-71.92443840721988,-40.830237272919184],[-71.9255088652567,-40.83073865771903],[-71.92607964202067,-40.83078812498496],[-71.92653843360698,-40.83105222294545],[-71.92667918262386,-40.831450065921295],[-71.92667882080129,-40.8317853558133],[-71.92710812299717,-40.83209402552099],[-71.92741377204673,-40.832357912348925],[-71.92770187245642,-40.832621880040556],[-71.92767799224433,-40.83292578385701],[-71.92752439901771,-40.83349781322238],[-71.92692947329388,-40.83393998184373],[-71.92687646632399,-40.83397567709463],[-71.92681767018634,-40.8340025140099],[-71.92606933005682,-40.83480210216942],[-71.92557987320015,-40.83570476225485],[-71.92497906407182,-40.83612449179169],[-71.92434894592272,-40.83651742979481],[-71.92311249587151,-40.83690999396795],[-71.92193547114182,-40.836877858635404],[-71.92100539047725,-40.83702925353529],[-71.92045758051854,-40.83745353408875],[-71.9199801456168,-40.83802528288986],[-71.9195559895872,-40.83841839452104],[-71.9190729449025,-40.838722013498405],[-71.91841359673371,-40.83890035775695],[-71.91781919618312,-40.83883282054849],[-71.9172600732696,-40.83883241711687],[-71.91614806605897,-40.838590293677],[-71.91530643685553,-40.838531534355724],[-71.91475925000138,-40.838468543096994],[-71.91439976516955,-40.838799047175144],[-71.9141570629191,-40.83988954588655],[-71.91391508415322,-40.84043020710505],[-71.9133142523201,-40.840760561428304],[-71.91264874059968,-40.84107739320337],[-71.91261934117706,-40.84109080412032],[-71.91246583091576,-40.841452768830045],[-71.91263589531384,-40.84194459362522],[-71.91311813592554,-40.84223095791254],[-71.91337078954177,-40.84258433140442],[-71.91341737620463,-40.8429106098803],[-71.91342868364603,-40.84327714874184],[-71.91307534852218,-40.84341100599534],[-71.91298045635283,-40.84398757526251],[-71.91271513805461,-40.84429132229887],[-71.91216731339517,-40.844621683413024],[-71.91163694655634,-40.84512637175039],[-71.91110097027531,-40.84536731091034],[-71.91073587265167,-40.84548325760108],[-71.91027633390063,-40.84578235268475],[-71.90996424518656,-40.84591179391383],[-71.90939325771606,-40.84591576631602],[-71.908551067367,-40.8462772064001],[-71.9082212465481,-40.84636633370734],[-71.90802114663705,-40.846379576511964],[-71.90782095613557,-40.8463928042457],[-71.90763252546398,-40.846437376066895],[-71.90754984389451,-40.84665186334223],[-71.90794950142953,-40.847112604344126],[-71.90833730805569,-40.84759563805855],[-71.908836923854,-40.84812349179492],[-71.90907238122972,-40.848381598934054]]]},"id":"36,782","properties":{"area_m2":3.973121557019571E7,"cell_size_m":7000,"grid_id":"36,782"}},{"type":"Feature","geometry":{"type":"Polygon","coordinates":[[[-71.85892285458989,-40.84963642797931],[-71.7759779033558,-40.851663859893776],[-71.7733512263675,-40.78867830495159],[-71.8562179502438,-40.78665534376162],[-71.85892285458989,-40.84963642797931]]]},"id":"37,782","properties":{"area_m2":4.8910035622787E7,"cell_size_m":7000,"grid_id":"37,782"}},{"type":"Feature","geometry":{"type":"Polygon","coordinates":[[[-71.7759779033558,-40.851663859893776],[-71.69302462510267,-40.85363172614761],[-71.69047620531671,-40.79064183157193],[-71.7733512263675,-40.78867830495159],[-71.7759779033558,-40.851663859893776]]]},"id":"38,782","properties":{"area_m2":4.891395712059864E7,"cell_size_m":7000,"grid_id":"38,782"}},{"type":"Feature","geometry":{"type":"Polygon","coordinates":[[[-71.69302462510267,-40.85363172614761],[-71.6100632672497,-40.85554000969912],[-71.60759313362841,-40.79254590664164],[-71.69047620531671,-40.79064183157193],[-71.69302462510267,-40.85363172614761]]]},"id":"39,782","properties":{"area_m2":4.8917761707301505E7,"cell_size_m":7000,"grid_id":"39,782"}},{"type":"Feature","geometry":{"type":"Polygon","coordinates":[[[-71.6100632672497,-40.85554000969912],[-71.52709407736857,-40.857388694019534],[-71.52470225799111,-40.79439051369081],[-71.60759313362841,-40.79254590664164],[-71.6100632672497,-40.85554000969912]]]},"id":"40,782","properties":{"area_m2":4.892144934662339E7,"cell_size_m":7000,"grid_id":"40,782"}},{"type":"Feature","geometry":{"type":"Polygon","coordinates":[[[-71.52709407736857,-40.857388694019534],[-71.44411730317887,-40.85917776309361],[-71.4418038252403,-40.79617563676116],[-71.52470225799111,-40.79439051369081],[-71.52709407736857,-40.857388694019534]]]},"id":"41,782","properties":{"area_m2":4.892502000339771E7,"cell_size_m":7000,"grid_id":"41,782"}},{"type":"Feature","geometry":{"type":"Polygon","coordinates":[[[-71.44411730317887,-40.85917776309361],[-71.36113319254348,-40.86090720141984],[-71.35889808235383,-40.79790126040639],[-71.4418038252403,-40.79617563676116],[-71.44411730317887,-40.85917776309361]]]},"id":"42,782","properties":{"area_m2":4.892847364360742E7,"cell_size_m":7000,"grid_id":"42,782"}},{"type":"Feature","geometry":{"type":"Polygon","coordinates":[[[-71.36113319254348,-40.86090720141984],[-71.27814199346389,-40.86257699401093],[-71.27598527644736,-40.7995673696926],[-71.35889808235383,-40.79790126040639],[-71.36113319254348,-40.86090720141984]]]},"id":"43,782","properties":{"area_m2":4.89318102342804E7,"cell_size_m":7000,"grid_id":"43,782"}},{"type":"Feature","geometry":{"type":"Polygon","coordinates":[[[-71.27814199346389,-40.86257699401093],[-71.19514395407556,-40.86418712639419],[-71.19306565476961,-40.801173950198624],[-71.27598527644736,-40.7995673696926],[-71.27814199346389,-40.86257699401093]]]},"id":"44,782","properties":{"area_m2":4.8935029743627E7,"cell_size_m":7000,"grid_id":"44,782"}},{"type":"Feature","geometry":{"type":"Polygon","coordinates":[[[-71.11811828317407,-40.802574722743124],[-71.19306565476961,-40.801173950198624],[-71.19514395407556,-40.86418712639419],[-71.1121393226433,-40.865737584611885],[-71.11029318571846,-40.80756907221434],[-71.11831177199446,-40.80490133778163],[-71.11811828317407,-40.802574722743124]]]},"id":"45,782","properties":{"area_m2":4.866729312238389E7,"cell_size_m":7000,"grid_id":"45,782"}},{"type":"Feature","geometry":{"type":"Polygon","coordinates":[[[-71.11029318571846,-40.80756907221434],[-71.1121393226433,-40.865737584611885],[-71.0556113527422,-40.86675922583701],[-71.05588604732802,-40.86639466323115],[-71.05597228369317,-40.86446891240899],[-71.05601408701403,-40.86401331870405],[-71.05646594346206,-40.86370414149138],[-71.05698399540591,-40.86329270374079],[-71.05798110527012,-40.86314440024566],[-71.05867398456923,-40.8632751645911],[-71.05865820641212,-40.86272078088784],[-71.05864560202181,-40.862367566732296],[-71.0591077022939,-40.86174559117778],[-71.05960144896733,-40.85847329722048],[-71.06582315011244,-40.854773652469],[-71.06752670435404,-40.85041603041979],[-71.07111097306233,-40.84919340676145],[-71.07302532671574,-40.8495216307631],[-71.07383478948528,-40.85056958401695],[-71.07573480365495,-40.85193921002996],[-71.0806657859894,-40.85208140731118],[-71.08576381896648,-40.85035193626049],[-71.0866164166613,-40.84827571911501],[-71.08705273417591,-40.84650918197867],[-71.08942608649905,-40.84340799400204],[-71.09288530761756,-40.84093664466306],[-71.0952327845477,-40.839703538245],[-71.09865496259248,-40.8399403926822],[-71.09976222497184,-40.83901036740546],[-71.10073719726613,-40.83828942713924],[-71.10145919931722,-40.83538069789332],[-71.0912301876562,-40.831550369416675],[-71.09336876747953,-40.825322906518245],[-71.10164461844744,-40.82163743085417],[-71.09921757049439,-40.818811471030564],[-71.09884373780504,-40.81599702633855],[-71.09887755775455,-40.813498703758356],[-71.10303158710578,-40.810406625560134],[-71.11005140498631,-40.80764949922776],[-71.11029318571846,-40.80756907221434]]]},"id":"46,782","properties":{"area_m2":1.335990712354166E7,"cell_size_m":7000,"grid_id":"46,782"}},{"type":"Feature","geometry":{"type":"Polygon","coordinates":[[[-71.9386110346866,-40.77402353815827],[-71.93630181938943,-40.72159563702122],[-71.96340010230355,-40.72090251851839],[-71.96334382196929,-40.72126570496585],[-71.96297932911585,-40.721650015071184],[-71.96270283883689,-40.72228017071409],[-71.96217373505239,-40.72280297903733],[-71.96148589875999,-40.72348665268114],[-71.96092169999609,-40.72381278694361],[-71.95966432349157,-40.723879432431055],[-71.95885926334971,-40.72408923856764],[-71.95870062075693,-40.72409365026514],[-71.95855364564726,-40.72424105487053],[-71.95852406972435,-40.72459866280937],[-71.95876483755184,-40.72487592181006],[-71.95922873565917,-40.725188963521454],[-71.95999246109088,-40.72546639800291],[-71.96083849008684,-40.725426395961584],[-71.96185482521678,-40.725753107912],[-71.96241866047394,-40.72611533243246],[-71.96285912777905,-40.72645963694207],[-71.96326432095975,-40.72682185244857],[-71.96394582211468,-40.72698295720798],[-71.96399285332598,-40.72700535926389],[-71.96474480905289,-40.72714859137599],[-71.96503839145629,-40.727568927323894],[-71.96487378274986,-40.727720835290754],[-71.96441513901134,-40.72837777609372],[-71.96343372410982,-40.728681433036186],[-71.96233463696709,-40.72926661210639],[-71.96140594503903,-40.72979382664782],[-71.96117042513285,-40.73061621246423],[-71.96131115824765,-40.73115264362309],[-71.96139916163413,-40.73137614056444],[-71.96213312516842,-40.73229275452162],[-71.96288481414847,-40.733119941876254],[-71.96328982640534,-40.73387998923627],[-71.96322479655936,-40.73459961805102],[-71.96362989880924,-40.73536857401255],[-71.96415230716714,-40.73637447930503],[-71.96435182785143,-40.73699588744399],[-71.96407479614983,-40.73843506416302],[-71.96398643175716,-40.73880162314162],[-71.96391552315743,-40.739641930598935],[-71.96341545426046,-40.74056258829666],[-71.96326830053297,-40.741022926543245],[-71.96322117876502,-40.741192806661054],[-71.96326196939376,-40.74185435279925],[-71.96329082129857,-40.742810938790946],[-71.96363152681451,-40.74308818781922],[-71.96384886544084,-40.74336990659816],[-71.96403084006825,-40.743669441531694],[-71.9641069944278,-40.74413875548034],[-71.96427142265937,-40.74437570984171],[-71.96491773870983,-40.74474251494334],[-71.96502346814316,-40.744796152600344],[-71.96548762806135,-40.74506002158055],[-71.965681359447,-40.745583073148104],[-71.96512856442976,-40.74615507122043],[-71.96468176929476,-40.74647674974178],[-71.96405842567574,-40.74705316846886],[-71.96374693427751,-40.74703970089532],[-71.96318852816914,-40.74716017915113],[-71.96233635542441,-40.74703920264546],[-71.96199555801576,-40.74689162990522],[-71.961848765384,-40.74656969593764],[-71.96149033058329,-40.74638184405554],[-71.96093798019304,-40.74626990600183],[-71.96061490856617,-40.745983746317],[-71.96046223630094,-40.745751233590106],[-71.96029183659715,-40.745626005052095],[-71.95995094645819,-40.745585704390834],[-71.95996306619904,-40.74507162105105],[-71.95971045090418,-40.74490170208369],[-71.95914624885677,-40.744780807807],[-71.95865838237881,-40.7448611149787],[-71.95813515059353,-40.74514252616247],[-71.95787050440867,-40.7454061339718],[-71.95780565430034,-40.745768184593075],[-71.95765858831328,-40.74589326911508],[-71.95732945329219,-40.74603177807996],[-71.95695898377011,-40.746313222372876],[-71.95695310473354,-40.74632215852273],[-71.95682955449274,-40.74642489751056],[-71.95690552975655,-40.74709540929331],[-71.95700520203825,-40.74752460402903],[-71.95733415651566,-40.747779519256135],[-71.95775120552373,-40.748195368785886],[-71.95779199688387,-40.74881220355763],[-71.95765071946697,-40.749151888811376],[-71.95712739550798,-40.749428832711544],[-71.95583400545033,-40.74986644138669],[-71.95572818238503,-40.749991566931506],[-71.95548108086248,-40.750308800536594],[-71.95529276983153,-40.75062165225224],[-71.95521037241308,-40.75080931901553],[-71.95523370779839,-40.75109539819485],[-71.95523922507914,-40.75163629185328],[-71.95548008594379,-40.75174808870518],[-71.955732704739,-40.75193597030318],[-71.9559207441577,-40.75204779101813],[-71.95640237417547,-40.75254409695739],[-71.95641955908225,-40.753330838943235],[-71.95641946863539,-40.75343368643664],[-71.95666032856938,-40.753706434233635],[-71.95708895567266,-40.75430550870285],[-71.9571357166011,-40.75485092387884],[-71.95725311634737,-40.7550878319406],[-71.95746467093791,-40.75519078287983],[-71.95764683026698,-40.755289147959616],[-71.95793481182466,-40.75530267276219],[-71.95812284988736,-40.755360810360365],[-71.9582520977238,-40.75549047746585],[-71.95830482793109,-40.755776629961986],[-71.95836325624614,-40.75630407488431],[-71.95845117003661,-40.75677345766154],[-71.95849187085697,-40.75753339386131],[-71.95835638232734,-40.75798033118356],[-71.95793273155684,-40.758673013456956],[-71.957326739894,-40.759441632347446],[-71.95672074702847,-40.76013425642671],[-71.95680278225242,-40.76059914305052],[-71.9568026013589,-40.760898604153184],[-71.95631436934818,-40.761300733257336],[-71.95571461532273,-40.761586607520115],[-71.9546620807927,-40.76190798570386],[-71.95433855028728,-40.762193963004236],[-71.9539736848892,-40.762676571683855],[-71.95367963960219,-40.762904418091914],[-71.9534967543256,-40.763856452590936],[-71.953190407675,-40.76475923579778],[-71.95272568636534,-40.76515686363962],[-71.95209046962175,-40.76545613116819],[-71.95142024804733,-40.765567575244596],[-71.95042033985112,-40.76610803663683],[-71.94977335997062,-40.766554773695205],[-71.94906161720776,-40.76705056353738],[-71.94859688962559,-40.767300704583846],[-71.94810873496134,-40.7675597138511],[-71.9479676339684,-40.76754176027297],[-71.94728573536874,-40.76746993999425],[-71.94207226785699,-40.765800178051244],[-71.94217791474175,-40.7660728770801],[-71.94236560068441,-40.76656469485871],[-71.9424887045102,-40.76695359103961],[-71.9425472262969,-40.767311265785125],[-71.94269945525078,-40.7679997265339],[-71.94280464966495,-40.76873732454599],[-71.94282762419257,-40.76935418805553],[-71.94251529710091,-40.77019882130449],[-71.94215629693181,-40.77066352520678],[-71.94185590871231,-40.77120869370807],[-71.94143232554686,-40.77155266271511],[-71.9406499207671,-40.7719903048927],[-71.94043808319907,-40.77216897405669],[-71.94003204570959,-40.77257555008048],[-71.9397315649582,-40.77321907874332],[-71.93933140590894,-40.773607732175165],[-71.93904304504095,-40.77386684198465],[-71.9386110346866,-40.77402353815827]]]},"id":"35,783","properties":{"area_m2":9835182.106506173,"cell_size_m":7000,"grid_id":"35,783"}},{"type":"Feature","geometry":{"type":"Polygon","coordinates":[[[-71.92186636460136,-40.78501036573372],[-71.8562179502438,-40.78665534376162],[-71.85352158947966,-40.72367342210702],[-71.93630181938943,-40.72159563702122],[-71.9386110346866,-40.77402353815827],[-71.93837840296214,-40.77410791595191],[-71.93810776984714,-40.77427312167238],[-71.93719040141052,-40.774478286566946],[-71.93651987589264,-40.77471480157316],[-71.93639043797741,-40.774754984459726],[-71.93593193244267,-40.77465191602031],[-71.93539075211567,-40.77483482967241],[-71.93514354373673,-40.77509397107908],[-71.93333221392787,-40.77544162293498],[-71.93187337335226,-40.776008409736804],[-71.93104987794796,-40.77636550553423],[-71.93067286393848,-40.776977659603034],[-71.93036613267009,-40.77792962609883],[-71.93008319066865,-40.77855072720796],[-71.92991214088624,-40.77906918619713],[-71.92907688109088,-40.77936365575326],[-71.92880605887727,-40.77960038455026],[-71.92800019404089,-40.77992621968354],[-71.92686506891974,-40.78012662592425],[-71.92638266887451,-40.78024704080983],[-71.92458105677753,-40.78225729563746],[-71.92349856479363,-40.782667845216295],[-71.92314551256253,-40.782873231615675],[-71.92282782852864,-40.782971353189424],[-71.92265668426086,-40.78349870643465],[-71.9223734638078,-40.784285222159234],[-71.92214379362949,-40.78461136477054],[-71.92186636460136,-40.78501036573372]]]},"id":"36,783","properties":{"area_m2":4.7854005536613904E7,"cell_size_m":7000,"grid_id":"36,783"}},{"type":"Feature","geometry":{"type":"Polygon","coordinates":[[[-71.8562179502438,-40.78665534376162],[-71.7733512263675,-40.78867830495159],[-71.77073284657962,-40.725691920901376],[-71.85352158947966,-40.72367342210702],[-71.8562179502438,-40.78665534376162]]]},"id":"37,783","properties":{"area_m2":4.891074876057613E7,"cell_size_m":7000,"grid_id":"37,783"}},{"type":"Feature","geometry":{"type":"Polygon","coordinates":[[[-71.7733512263675,-40.78867830495159],[-71.69047620531671,-40.79064183157193],[-71.68793583619349,-40.72765111597466],[-71.77073284657962,-40.725691920901376],[-71.7733512263675,-40.78867830495159]]]},"id":"38,783","properties":{"area_m2":4.89146704306502E7,"cell_size_m":7000,"grid_id":"38,783"}},{"type":"Feature","geometry":{"type":"Polygon","coordinates":[[[-71.69047620531671,-40.79064183157193],[-71.60759313362841,-40.79254590664164],[-71.60513080398057,-40.729550990406224],[-71.68793583619349,-40.72765111597466],[-71.69047620531671,-40.79064183157193]]]},"id":"39,783","properties":{"area_m2":4.891847518450747E7,"cell_size_m":7000,"grid_id":"39,783"}},{"type":"Feature","geometry":{"type":"Polygon","coordinates":[[[-71.60759313362841,-40.79254590664164],[-71.52470225799111,-40.79439051369081],[-71.52231799575085,-40.73139152778476],[-71.60513080398057,-40.729550990406224],[-71.60759313362841,-40.79254590664164]]]},"id":"40,783","properties":{"area_m2":4.8922162985854715E7,"cell_size_m":7000,"grid_id":"40,783"}},{"type":"Feature","geometry":{"type":"Polygon","coordinates":[[[-71.52470225799111,-40.79439051369081],[-71.4418038252403,-40.79617563676116],[-71.4394976574603,-40.73317271220873],[-71.52231799575085,-40.73139152778476],[-71.52470225799111,-40.79439051369081]]]},"id":"41,783","properties":{"area_m2":4.89257337995357E7,"cell_size_m":7000,"grid_id":"41,783"}},{"type":"Feature","geometry":{"type":"Polygon","coordinates":[[[-71.4418038252403,-40.79617563676116],[-71.35889808235383,-40.79790126040639],[-71.35667003520639,-40.73489452828679],[-71.4394976574603,-40.73317271220873],[-71.4418038252403,-40.79617563676116]]]},"id":"42,783","properties":{"area_m2":4.89291875915204E7,"cell_size_m":7000,"grid_id":"42,783"}},{"type":"Feature","geometry":{"type":"Polygon","coordinates":[[[-71.35889808235383,-40.79790126040639],[-71.27598527644736,-40.7995673696926],[-71.2738353752235,-40.73655696113817],[-71.35667003520639,-40.73489452828679],[-71.35889808235383,-40.79790126040639]]]},"id":"43,783","properties":{"area_m2":4.8932524328829005E7,"cell_size_m":7000,"grid_id":"43,783"}},{"type":"Feature","geometry":{"type":"Polygon","coordinates":[[[-71.27598527644736,-40.7995673696926],[-71.19306565476961,-40.801173950198624],[-71.19099392387831,-40.73815999639304],[-71.2738353752235,-40.73655696113817],[-71.27598527644736,-40.7995673696926]]]},"id":"44,783","properties":{"area_m2":4.893574397967513E7,"cell_size_m":7000,"grid_id":"44,783"}},{"type":"Feature","geometry":{"type":"Polygon","coordinates":[[[-71.10845804527358,-40.749577814000666],[-71.10814592766515,-40.739703620192884],[-71.19099392387831,-40.73815999639304],[-71.19306565476961,-40.801173950198624],[-71.11811828317407,-40.802574722743124],[-71.11724626700602,-40.79208709664033],[-71.1194685742806,-40.7894802830008],[-71.11786061910468,-40.78655363881197],[-71.11817550139014,-40.783641765777666],[-71.1182168449716,-40.780517639089325],[-71.12164834736338,-40.77981519222902],[-71.12329427580154,-40.779412008379346],[-71.12214355911014,-40.77346727691632],[-71.11971318961966,-40.77095012093447],[-71.11756722438867,-40.76739361746822],[-71.1186964664711,-40.76469350168556],[-71.12014566337113,-40.75867026059463],[-71.11061771434194,-40.754636899442794],[-71.11229070683713,-40.75215113230687],[-71.11039140829743,-40.75088940653691],[-71.10845804527358,-40.749577814000666]]]},"id":"45,783","properties":{"area_m2":4.4581681940410994E7,"cell_size_m":7000,"grid_id":"45,783"}},{"type":"Feature","geometry":{"type":"Polygon","coordinates":[[[-71.10156809190232,-40.73982361886664],[-71.10814592766515,-40.739703620192884],[-71.10845804527358,-40.749577814000666],[-71.10821873685568,-40.74941546144375],[-71.10298235374417,-40.747189051879985],[-71.10063682591299,-40.7441715584629],[-71.10156809190232,-40.73982361886664]]]},"id":"46,783","properties":{"area_m2":536914.116798662,"cell_size_m":7000,"grid_id":"46,783"}},{"type":"Feature","geometry":{"type":"Polygon","coordinates":[[[-71.96340010230355,-40.72090251851839],[-71.93630181938943,-40.72159563702122],[-71.93558384701376,-40.70525715492858],[-71.93568119683222,-40.705318094341486],[-71.93577517748363,-40.705353926565806],[-71.93626253770572,-40.7055284842452],[-71.93673207797531,-40.70584168840863],[-71.93699619971477,-40.70612791163836],[-71.93708981815352,-40.706507859463755],[-71.93751847265014,-40.706673543998576],[-71.93787069431876,-40.70685252528903],[-71.93826995074986,-40.70702702679759],[-71.9387101814688,-40.707425094151134],[-71.93925633080315,-40.707537118946654],[-71.939490782157,-40.708051315192506],[-71.93992513176133,-40.70846280934977],[-71.94072924675301,-40.70915161492674],[-71.94149799318674,-40.71005937849934],[-71.94195558589574,-40.71069432614581],[-71.94218433676868,-40.71111460915909],[-71.94239544952254,-40.711561786709545],[-71.94291780371937,-40.71211179353981],[-71.94403939240766,-40.712505700661715],[-71.94463853616716,-40.71265800249643],[-71.94452655860302,-40.713104933916696],[-71.94454401552807,-40.71328371497705],[-71.94457305010067,-40.71360556917338],[-71.94447889124304,-40.713900599346815],[-71.94450810672261,-40.713998946478455],[-71.94452538274793,-40.71445486345194],[-71.94457205514652,-40.71483933191588],[-71.94464830480568,-40.71500923089085],[-71.94491829899785,-40.71525515138942],[-71.94523532705047,-40.7155458806967],[-71.94537624840194,-40.715671142852116],[-71.94568748717765,-40.71578744841222],[-71.94595169165602,-40.71597085665752],[-71.94612770724844,-40.716248069062644],[-71.94635075666682,-40.71644484333871],[-71.94642691543346,-40.71678910817436],[-71.9464972853934,-40.716865094060196],[-71.94670857607574,-40.71711555235687],[-71.94728401682677,-40.71750019946047],[-71.94748372942819,-40.7176075896336],[-71.94766571380482,-40.71771946335549],[-71.94786542615726,-40.71773291966525],[-71.94812383999967,-40.71792976819819],[-71.94828230718332,-40.718126465241774],[-71.94839952943076,-40.71843943615283],[-71.94844041248798,-40.71875680809855],[-71.94859300031042,-40.718975925609115],[-71.94869864494672,-40.71914583069426],[-71.948704524142,-40.71915029860285],[-71.94907455142193,-40.719204081159575],[-71.94927417240625,-40.719387480336195],[-71.94939745435371,-40.71947243753755],[-71.94957346796522,-40.71985247643011],[-71.94989067209578,-40.719852577476544],[-71.95026087883888,-40.71973208181058],[-71.95085431216805,-40.719763653173],[-71.95118942375889,-40.71936589200495],[-71.9516712421288,-40.71932591743396],[-71.9525173846226,-40.71908935467314],[-71.95284064571187,-40.71892854837388],[-71.9531638160115,-40.718794617116146],[-71.95341643672148,-40.718852766302895],[-71.95359262891552,-40.718933359623875],[-71.95379233739865,-40.71896920132423],[-71.9539744989176,-40.7189692570611],[-71.95410962760083,-40.71891117395195],[-71.95430363755361,-40.71875036465218],[-71.95462671585896,-40.718799635713594],[-71.95493224704403,-40.71877738937065],[-71.95529647816707,-40.718732836425225],[-71.95546697110626,-40.71863902325159],[-71.9556373735032,-40.71853628090698],[-71.95582541298059,-40.71850956381449],[-71.95603099905884,-40.71857668562407],[-71.95618955259178,-40.71863488330423],[-71.95637171268149,-40.71861261162247],[-71.9565303564844,-40.71860370587011],[-71.95683000672652,-40.718505448083],[-71.95705919871446,-40.71838932410051],[-71.95762313327998,-40.71844763883003],[-71.95808721401521,-40.718492491021806],[-71.95829288901702,-40.718492579871196],[-71.95879233318948,-40.71834079549972],[-71.95892158074244,-40.718336365394684],[-71.95963257697413,-40.71812650557626],[-71.96053142723629,-40.718198360067944],[-71.96116563152303,-40.718690309266826],[-71.96144745947367,-40.71888707982326],[-71.96213457229135,-40.71937001081684],[-71.96278053109303,-40.71985297623882],[-71.96340270154319,-40.720885745092225],[-71.96340010230355,-40.72090251851839]]]},"id":"35,784","properties":{"area_m2":1475777.5255851145,"cell_size_m":7000,"grid_id":"35,784"}},{"type":"Feature","geometry":{"type":"Polygon","coordinates":[[[-71.93558384701376,-40.70525715492858],[-71.93630181938943,-40.72159563702122],[-71.85352158947966,-40.72367342210702],[-71.85083374173229,-40.6606906638338],[-71.86584317300972,-40.66031879697539],[-71.86596627994237,-40.660955952041625],[-71.86638734249131,-40.6617520937615],[-71.86687173562223,-40.66315624394635],[-71.86798554746946,-40.66390851109875],[-71.8689530614273,-40.66447728238602],[-71.86968018772671,-40.664840140984346],[-71.87073011640204,-40.6652838679796],[-71.87161574501327,-40.665687204046186],[-71.87226650719187,-40.666134898074745],[-71.87299362579539,-40.66653797873725],[-71.87347502315974,-40.666538525270475],[-71.87380424750465,-40.66629753411328],[-71.87388150977664,-40.66577014962422],[-71.87428663880158,-40.66573031741126],[-71.87501474788722,-40.665650697919254],[-71.87642961604928,-40.66556727619481],[-71.87727515029255,-40.66544749696937],[-71.87792137720069,-40.6651620479122],[-71.87881349925759,-40.665243474116686],[-71.87998118827689,-40.66553076973333],[-71.88079079670236,-40.66580878245106],[-71.88123599449594,-40.666336664179134],[-71.88188139898901,-40.66653848962007],[-71.88256850813666,-40.666378278910166],[-71.88418264325149,-40.666496149036355],[-71.88469288263292,-40.666782686378994],[-71.88516711501147,-40.667507353486094],[-71.88534841235742,-40.66791428723644],[-71.88663956485756,-40.66812118509269],[-71.88670406806176,-40.66816144605852],[-71.88678033200127,-40.66821072912933],[-71.88686238582756,-40.66825997387321],[-71.88699130166313,-40.66839864470476],[-71.88725510400675,-40.66863137904438],[-71.88742491081554,-40.66890865248223],[-71.88751854425871,-40.66908756322429],[-71.88759435566355,-40.669369275001706],[-71.8876699861159,-40.66977612610824],[-71.88778062728282,-40.67033494004676],[-71.88854796747523,-40.6713414698606],[-71.88911094175249,-40.67174877480278],[-71.88912731621006,-40.67248637502256],[-71.88953712970172,-40.67315274049773],[-71.89006472985305,-40.673680750451126],[-71.89046866180631,-40.6743650382683],[-71.89115475689468,-40.67484843262578],[-71.89179986944897,-40.67529604203425],[-71.89279680137854,-40.67603456770089],[-71.89294905485752,-40.67630289885831],[-71.89309524707619,-40.67664721728837],[-71.893259260913,-40.676902158019544],[-71.89385750811304,-40.67726475435631],[-71.89454929502517,-40.67794928312296],[-71.8951766694279,-40.67850865514735],[-71.89608014062215,-40.678969874836476],[-71.89697202975553,-40.67933276344971],[-71.89791674734263,-40.679731384601524],[-71.89815123009066,-40.679986380932846],[-71.89845600312013,-40.68030406879919],[-71.89917736142284,-40.680908119279025],[-71.89956997358965,-40.68139122353342],[-71.89979875588831,-40.6815567863761],[-71.90072573408128,-40.68204034037008],[-71.90153565040204,-40.682322719834175],[-71.90233995591714,-40.682403798042834],[-71.90293275787101,-40.682551796720354],[-71.90327334935554,-40.68256552515396],[-71.90339655925064,-40.68261930136726],[-71.90403042906055,-40.682803079601456],[-71.90437653753212,-40.68303134853499],[-71.90482821483872,-40.683340141769996],[-71.90522706172692,-40.683684687843396],[-71.90541477016647,-40.683778705074495],[-71.90634806388613,-40.684020798955565],[-71.90852564783751,-40.68470648729914],[-71.90909446584905,-40.68523441143656],[-71.90993918761528,-40.68587874812048],[-71.91062569196608,-40.686281558391805],[-71.91127103542368,-40.68672904851702],[-71.9120398553721,-40.68704704690501],[-71.91288493093653,-40.687414219735686],[-71.91341312460656,-40.687633632984046],[-71.91420536819024,-40.68803205559332],[-71.91493347425612,-40.68808178296467],[-71.91620188900076,-40.68808271572382],[-71.91647787842555,-40.68807391174373],[-71.91681845500621,-40.688109928238326],[-71.91762841968716,-40.688445767698035],[-71.91821540303856,-40.68865179085464],[-71.91869103151001,-40.68869236404157],[-71.91907864374869,-40.688603252885315],[-71.91963649696115,-40.6886662345532],[-71.92006508530187,-40.68872019168982],[-71.92042890549888,-40.68891259320137],[-71.92075753734693,-40.68914082914938],[-71.92080439426783,-40.68922579983805],[-71.92084537145345,-40.68931072077156],[-71.92097997197193,-40.68971761166448],[-71.92228798201663,-40.691019289237325],[-71.92255817676133,-40.69102392372162],[-71.9227518448274,-40.69112688667074],[-71.92292181310467,-40.69139515074312],[-71.92302728565535,-40.69161426594859],[-71.92359643879689,-40.69206166199082],[-71.92376658752157,-40.69216007791811],[-71.92398359259026,-40.6924284333469],[-71.92395971208998,-40.69278605455556],[-71.92423515183887,-40.693242173693086],[-71.92472822908009,-40.693488303948904],[-71.92490986511322,-40.69380579622083],[-71.92495075129716,-40.69401148489065],[-71.92501506561534,-40.69433334883248],[-71.92502619171965,-40.69485186289223],[-71.92563034762642,-40.69554510327619],[-71.9257651269679,-40.695826852090164],[-71.92578186131155,-40.69662251870152],[-71.92566372587152,-40.697194561513086],[-71.92569864186386,-40.69749405812074],[-71.92579805291886,-40.69785618250414],[-71.92624436202804,-40.697896719818175],[-71.92653825269561,-40.69773156790892],[-71.9268671493983,-40.6976735876881],[-71.92791281424954,-40.697473113010545],[-71.92876426865476,-40.697634591996305],[-71.92977410698933,-40.697876608549095],[-71.93086616508502,-40.69823932252859],[-71.93172918945231,-40.69858846312755],[-71.93286737206273,-40.699733482516166],[-71.93296687125624,-40.70008661915428],[-71.93303127435341,-40.70032357942256],[-71.93385286492759,-40.70095882158563],[-71.93414068794749,-40.70098583160988],[-71.93442245032217,-40.701102147511776],[-71.93481004276546,-40.701205184063554],[-71.93522079072318,-40.70163457657722],[-71.93504413570096,-40.7020680695933],[-71.93492057662354,-40.702246766495676],[-71.93478543947904,-40.70236290795758],[-71.93461493503189,-40.70248353507976],[-71.93447364692497,-40.7028320667041],[-71.93447328511155,-40.703243329936065],[-71.93456699477242,-40.70351160152931],[-71.93476047437758,-40.703873803770655],[-71.93499511007003,-40.704160003179695],[-71.93503590446089,-40.70451758382551],[-71.93528790694155,-40.705045200171874],[-71.93534661100733,-40.70510778446284],[-71.9353524904586,-40.70511232868888],[-71.93558384701376,-40.70525715492858]]]},"id":"36,784","properties":{"area_m2":3.575909953122075E7,"cell_size_m":7000,"grid_id":"36,784"}},{"type":"Feature","geometry":{"type":"Polygon","coordinates":[[[-71.85352158947966,-40.72367342210702],[-71.77073284657962,-40.725691920901376],[-71.76812273430365,-40.66270470852707],[-71.85083374173229,-40.6606906638338],[-71.85352158947966,-40.72367342210702]]]},"id":"37,784","properties":{"area_m2":4.891146167901017E7,"cell_size_m":7000,"grid_id":"37,784"}},{"type":"Feature","geometry":{"type":"Polygon","coordinates":[[[-71.77073284657962,-40.725691920901376],[-71.68793583619349,-40.72765111597466],[-71.68540348892209,-40.66465958010633],[-71.76812273430365,-40.66270470852707],[-71.77073284657962,-40.725691920901376]]]},"id":"38,784","properties":{"area_m2":4.8915383521316886E7,"cell_size_m":7000,"grid_id":"38,784"}},{"type":"Feature","geometry":{"type":"Polygon","coordinates":[[[-71.68793583619349,-40.72765111597466],[-71.60513080398057,-40.729550990406224],[-71.60267625037389,-40.66655526171101],[-71.68540348892209,-40.66465958010633],[-71.68793583619349,-40.72765111597466]]]},"id":"39,784","properties":{"area_m2":4.891918844227699E7,"cell_size_m":7000,"grid_id":"39,784"}},{"type":"Feature","geometry":{"type":"Polygon","coordinates":[[[-71.60513080398057,-40.729550990406224],[-71.52231799575085,-40.73139152778476],[-71.51994126359497,-40.668391736988134],[-71.60267625037389,-40.66655526171101],[-71.60513080398057,-40.729550990406224]]]},"id":"40,784","properties":{"area_m2":4.8922876405614704E7,"cell_size_m":7000,"grid_id":"40,784"}},{"type":"Feature","geometry":{"type":"Polygon","coordinates":[[[-71.52231799575085,-40.73139152778476],[-71.4394976574603,-40.73317271220873],[-71.43719877366645,-40.670168990092684],[-71.51994126359497,-40.668391736988134],[-71.52231799575085,-40.73139152778476]]]},"id":"41,784","properties":{"area_m2":4.892644737615012E7,"cell_size_m":7000,"grid_id":"41,784"}},{"type":"Feature","geometry":{"type":"Polygon","coordinates":[[[-71.4394976574603,-40.73317271220873],[-71.35667003520639,-40.73489452828679],[-71.35444902580997,-40.67188700568803],[-71.43719877366645,-40.670168990092684],[-71.4394976574603,-40.73317271220873]]]},"id":"42,784","properties":{"area_m2":4.892990131985445E7,"cell_size_m":7000,"grid_id":"42,784"}},{"type":"Feature","geometry":{"type":"Polygon","coordinates":[[[-71.35667003520639,-40.73489452828679],[-71.2738353752235,-40.73655696113817],[-71.27169226538325,-40.67354576894629],[-71.35444902580997,-40.67188700568803],[-71.35667003520639,-40.73489452828679]]]},"id":"43,784","properties":{"area_m2":4.893323820375966E7,"cell_size_m":7000,"grid_id":"43,784"}},{"type":"Feature","geometry":{"type":"Polygon","coordinates":[[[-71.2738353752235,-40.73655696113817],[-71.19099392387831,-40.73815999639304],[-71.18892873787547,-40.67514526554873],[-71.27169226538325,-40.67354576894629],[-71.2738353752235,-40.73655696113817]]]},"id":"44,784","properties":{"area_m2":4.893645799605662E7,"cell_size_m":7000,"grid_id":"44,784"}},{"type":"Feature","geometry":{"type":"Polygon","coordinates":[[[-71.14018141984891,-40.67605953690267],[-71.18892873787547,-40.67514526554873],[-71.19099392387831,-40.73815999639304],[-71.10814592766515,-40.739703620192884],[-71.10701573965314,-40.703878399222276],[-71.11491859297016,-40.69845205418895],[-71.12600649796005,-40.6881484612032],[-71.14018141984891,-40.67605953690267]]]},"id":"45,784","properties":{"area_m2":4.4469389183360994E7,"cell_size_m":7000,"grid_id":"45,784"}},{"type":"Feature","geometry":{"type":"Polygon","coordinates":[[[-71.10701573965314,-40.703878399222276],[-71.10814592766515,-40.739703620192884],[-71.10156809190232,-40.73982361886664],[-71.10186594258862,-40.738432877646616],[-71.09839029633174,-40.73731507243571],[-71.09761832941311,-40.7335588179505],[-71.09845775496349,-40.73231831022087],[-71.09601717791548,-40.73073472972756],[-71.09455474683975,-40.72765246950575],[-71.08487440614725,-40.72530984738088],[-71.08426734836347,-40.72501900119978],[-71.08227842303876,-40.72566918156213],[-71.08055389403887,-40.72631700524021],[-71.07977917291443,-40.726681866062854],[-71.07813352034874,-40.72501039043399],[-71.08033781735683,-40.723231070488545],[-71.08529866600718,-40.71878269123409],[-71.10701573965314,-40.703878399222276]]]},"id":"46,784","properties":{"area_m2":4710689.086202224,"cell_size_m":7000,"grid_id":"46,784"}},{"type":"Feature","geometry":{"type":"Polygon","coordinates":[[[-71.86584317300972,-40.66031879697539],[-71.85083374173229,-40.6606906638338],[-71.84970438356308,-40.634157435278226],[-71.85021782751056,-40.634523162790785],[-71.85056933377837,-40.63477837362654],[-71.85132500306752,-40.63532026617218],[-71.85186370585724,-40.63585287426736],[-71.85283525047947,-40.636985058237904],[-71.85316223455676,-40.637691734716846],[-71.8532090111665,-40.63779461575147],[-71.85342398443245,-40.63876484896953],[-71.85348749923294,-40.639229828083344],[-71.85353952345454,-40.639574097187314],[-71.85369568654461,-40.64065159570955],[-71.85391093090846,-40.641510109921896],[-71.85388469263744,-40.64274824764597],[-71.85387817830774,-40.64307454262376],[-71.8538770925861,-40.64356178971094],[-71.85439742424757,-40.64447432931293],[-71.85493630273102,-40.644904099285895],[-71.85622767113513,-40.64479850965653],[-71.85757413396519,-40.643557456707406],[-71.85833150546287,-40.6433974407459],[-71.85951175641547,-40.64307263600904],[-71.8600875399393,-40.64272019458594],[-71.86104385939271,-40.6428062813041],[-71.86129040296119,-40.64280653500814],[-71.86199348082287,-40.64333934978272],[-71.86209291224512,-40.64350038172269],[-71.86254275082457,-40.64446192529206],[-71.86320493158281,-40.644932093975825],[-71.86344504979645,-40.64517377958052],[-71.86436525998283,-40.64576488527798],[-71.86522530257528,-40.647057757093656],[-71.86523045956667,-40.64738855554729],[-71.86538245506429,-40.64769266392275],[-71.86571069270894,-40.64792101071977],[-71.86662573927892,-40.64813667732007],[-71.86754060223195,-40.648459518910514],[-71.86767540677282,-40.648566957373745],[-71.86807972957473,-40.648893754807546],[-71.86813084665172,-40.649752069631724],[-71.86733703821805,-40.65052002541489],[-71.86714261184311,-40.65089077420636],[-71.86719472427559,-40.65126184042272],[-71.86714134522137,-40.65152998934667],[-71.86669495121554,-40.6516993619015],[-71.86641294640546,-40.65187337480659],[-71.86613655068454,-40.65214575330065],[-71.8659536136773,-40.65261483037571],[-71.86610533740452,-40.65304414100128],[-71.86615790237578,-40.653205133423405],[-71.86619879628878,-40.6532766745912],[-71.86623978066972,-40.65333930922979],[-71.86629243609164,-40.65340195881377],[-71.86634518197793,-40.653460124948694],[-71.86640380861303,-40.653509422256],[-71.86646234476396,-40.65355862989452],[-71.8665327328877,-40.653598960695824],[-71.86659724024173,-40.653634741128144],[-71.86690692964011,-40.65429667072917],[-71.86694791392844,-40.65438164415463],[-71.86700002639328,-40.65473042398631],[-71.8670281635018,-40.65531153578306],[-71.86690964383155,-40.65588352129324],[-71.86632744922814,-40.65645053628703],[-71.86625706105829,-40.65645046183435],[-71.8661865823994,-40.656459368261274],[-71.86612198448759,-40.656477172660765],[-71.86605150579832,-40.65649942239582],[-71.86599278862404,-40.65652619966399],[-71.86592810019897,-40.656561830418326],[-71.8658751732958,-40.656601988705724],[-71.86582233685708,-40.65664665933413],[-71.86577520023212,-40.6567002735659],[-71.86572815407347,-40.65675382738958],[-71.86569286944986,-40.65681640650415],[-71.8656633751204,-40.65687894833636],[-71.86563976156015,-40.656932547018236],[-71.86562202877045,-40.65698612310039],[-71.86561017675228,-40.65705766752459],[-71.86560420550632,-40.657115771100614],[-71.86560420550632,-40.657124691594774],[-71.8655981437868,-40.65719619866154],[-71.86560972438517,-40.65726329025939],[-71.86562139545651,-40.65733032146846],[-71.8656271857553,-40.65735719560055],[-71.86563885682601,-40.65739739039334],[-71.86566807973755,-40.657464489152645],[-71.86569730264637,-40.657518169706066],[-71.86573240632272,-40.65757632537815],[-71.86577927153398,-40.657634510893416],[-71.86582025596975,-40.65768372350414],[-71.86583753638146,-40.657822275890986],[-71.86588937761087,-40.65833642955427],[-71.86571223075664,-40.65887265396575],[-71.86575194857382,-40.65951189173211],[-71.86579781857512,-40.660084056421475],[-71.86584317300972,-40.66031879697539]]]},"id":"36,785","properties":{"area_m2":2714720.162634257,"cell_size_m":7000,"grid_id":"36,785"}},{"type":"Feature","geometry":{"type":"Polygon","coordinates":[[[-71.84970438356308,-40.634157435278226],[-71.85083374173229,-40.6606906638338],[-71.76812273430365,-40.66270470852707],[-71.76552086000622,-40.59971666861312],[-71.84064123812637,-40.597892223538345],[-71.84067009784066,-40.59798547116774],[-71.840786455862,-40.5983968895306],[-71.84078582249808,-40.59864273624914],[-71.84078500817303,-40.59898248989655],[-71.84084164899865,-40.599849778129666],[-71.84088082707177,-40.600654426780416],[-71.84090236143783,-40.60144119984137],[-71.84099501348348,-40.60194193596177],[-71.84110331862345,-40.603274229558025],[-71.84036734963095,-40.60448459121437],[-71.84003727593841,-40.605154607188624],[-71.83966612358384,-40.60583798519731],[-71.8396425080731,-40.6059094782233],[-71.83935930276847,-40.606610925003636],[-71.83898697336355,-40.60778605908765],[-71.83862830617808,-40.608165499970426],[-71.83822874104416,-40.60847784302392],[-71.83794607736087,-40.60893785986406],[-71.83761057225124,-40.60940670908689],[-71.83756867932824,-40.60976426734362],[-71.8377086541486,-40.61009526919433],[-71.83807763725004,-40.61032379041707],[-71.83910097949767,-40.61163490717896],[-71.8394986434293,-40.61210480955033],[-71.8397262028829,-40.61263707561533],[-71.83996525323377,-40.61320510485575],[-71.84010468410814,-40.613781960740575],[-71.8397987685271,-40.614179362376774],[-71.83980971670886,-40.614501203914166],[-71.84007265391921,-40.61490386797097],[-71.84051157580171,-40.615333628408976],[-71.84066792630641,-40.616201012409306],[-71.84088408437093,-40.61655895482639],[-71.84114168234001,-40.61677382269849],[-71.84150957566808,-40.61748510767866],[-71.8418648013327,-40.61857625809791],[-71.8419629723896,-40.619242458547305],[-71.84207860609305,-40.619989110414174],[-71.84210665495057,-40.620525576879395],[-71.8423863290678,-40.621326099949414],[-71.84311822175947,-40.621926074049775],[-71.8433582648206,-40.62211857800609],[-71.84346159276129,-40.62309322669901],[-71.84340820967881,-40.62336132336259],[-71.84332505872388,-40.62377691701676],[-71.84330135300692,-40.623897572946056],[-71.84287103059881,-40.62475975693733],[-71.84287682131637,-40.624813418544534],[-71.8429748110987,-40.625564493387614],[-71.84324272206574,-40.626373920805335],[-71.84331863465572,-40.62653043962065],[-71.84394312585313,-40.6279393990275],[-71.84470433027333,-40.628584111264395],[-71.84534781937165,-40.629394069421984],[-71.84572647481504,-40.63057910067536],[-71.84636969039114,-40.631545491518516],[-71.84663922709505,-40.63170682580865],[-71.84728352655361,-40.632190446074674],[-71.84771646682067,-40.63273182521223],[-71.84818405973688,-40.633528148012616],[-71.84826006161593,-40.63364446991561],[-71.84944451234061,-40.63397232590969],[-71.84970438356308,-40.634157435278226]]]},"id":"37,785","properties":{"area_m2":4.649964365580923E7,"cell_size_m":7000,"grid_id":"37,785"}},{"type":"Feature","geometry":{"type":"Polygon","coordinates":[[[-71.76812273430365,-40.66270470852707],[-71.68540348892209,-40.66465958010633],[-71.68287913484222,-40.60166722471816],[-71.76552086000622,-40.59971666861312],[-71.76812273430365,-40.66270470852707]]]},"id":"38,785","properties":{"area_m2":4.891609638913133E7,"cell_size_m":7000,"grid_id":"38,785"}},{"type":"Feature","geometry":{"type":"Polygon","coordinates":[[[-71.68540348892209,-40.66465958010633],[-71.60267625037389,-40.66655526171101],[-71.60022944502202,-40.60355872127503],[-71.68287913484222,-40.60166722471816],[-71.68540348892209,-40.66465958010633]]]},"id":"39,785","properties":{"area_m2":4.891990147715171E7,"cell_size_m":7000,"grid_id":"39,785"}},{"type":"Feature","geometry":{"type":"Polygon","coordinates":[[[-71.60267625037389,-40.66655526171101],[-71.51994126359497,-40.668391736988134],[-71.51757203461213,-40.60539114198874],[-71.60022944502202,-40.60355872127503],[-71.60267625037389,-40.66655526171101]]]},"id":"40,785","properties":{"area_m2":4.892358960242563E7,"cell_size_m":7000,"grid_id":"40,785"}},{"type":"Feature","geometry":{"type":"Polygon","coordinates":[[[-71.51994126359497,-40.668391736988134],[-71.43719877366645,-40.670168990092684],[-71.43490714782321,-40.60716447107061],[-71.51757203461213,-40.60539114198874],[-71.51994126359497,-40.668391736988134]]]},"id":"41,785","properties":{"area_m2":4.8927160729775056E7,"cell_size_m":7000,"grid_id":"41,785"}},{"type":"Feature","geometry":{"type":"Polygon","coordinates":[[[-71.43719877366645,-40.670168990092684],[-71.35444902580997,-40.67188700568803],[-71.35223502900571,-40.608878693238445],[-71.43490714782321,-40.60716447107061],[-71.43719877366645,-40.670168990092684]]]},"id":"42,785","properties":{"area_m2":4.893061482515359E7,"cell_size_m":7000,"grid_id":"42,785"}},{"type":"Feature","geometry":{"type":"Polygon","coordinates":[[[-71.35444902580997,-40.67188700568803],[-71.27169226538325,-40.67354576894629],[-71.26955592264522,-40.61053379371704],[-71.35223502900571,-40.608878693238445],[-71.35444902580997,-40.67188700568803]]]},"id":"43,785","properties":{"area_m2":4.8933951855615E7,"cell_size_m":7000,"grid_id":"43,785"}},{"type":"Feature","geometry":{"type":"Polygon","coordinates":[[[-71.27169226538325,-40.67354576894629],[-71.18892873787547,-40.67514526554873],[-71.186870073358,-40.61212975823854],[-71.26955592264522,-40.61053379371704],[-71.27169226538325,-40.67354576894629]]]},"id":"44,785","properties":{"area_m2":4.893717178933255E7,"cell_size_m":7000,"grid_id":"44,785"}},{"type":"Feature","geometry":{"type":"Polygon","coordinates":[[[-71.14180882144626,-40.61297453043337],[-71.186870073358,-40.61212975823854],[-71.18892873787547,-40.67514526554873],[-71.14018141984891,-40.67605953690267],[-71.143431552988,-40.67328683466322],[-71.14993780631877,-40.66485992212019],[-71.14891671799651,-40.66344885023756],[-71.14964506982203,-40.660642625417175],[-71.15025928133053,-40.657571837086834],[-71.14723508505202,-40.65122452362177],[-71.12861434817081,-40.64029502357911],[-71.14180882144626,-40.61297453043337]]]},"id":"45,785","properties":{"area_m2":2.80237935180193E7,"cell_size_m":7000,"grid_id":"45,785"}},{"type":"Feature","geometry":{"type":"Polygon","coordinates":[[[-71.84763830212044,-40.585546444854444],[-71.8454834638249,-40.53472264070638],[-71.85849971424194,-40.53440108709824],[-71.8586254602926,-40.5345424163672],[-71.85897605241226,-40.534989836373846],[-71.85923734507178,-40.53614345807388],[-71.85932402035888,-40.53669335242501],[-71.85944028101439,-40.53715391246256],[-71.8600945065154,-40.538075590362745],[-71.86050372473295,-40.53852759007983],[-71.86056171913542,-40.53884500937454],[-71.86073660702684,-40.53927433104111],[-71.86083504362436,-40.539833237609734],[-71.86081016305346,-40.540499269586206],[-71.8603206034917,-40.54209001298656],[-71.86014282016866,-40.54303297659556],[-71.86005858793315,-40.544078936255694],[-71.86003949770262,-40.54480751536576],[-71.8600090076164,-40.545388615274454],[-71.86008319713855,-40.54632738967982],[-71.86026351379437,-40.547007102557785],[-71.86004537857944,-40.547623676542024],[-71.85925182111305,-40.54878943856814],[-71.85874072597719,-40.54938778568967],[-71.85863414593436,-40.54994645845604],[-71.85863315070458,-40.55039792992573],[-71.8587026358302,-40.550786910858484],[-71.85874325928845,-40.551006007445054],[-71.85871747379774,-40.552123454658236],[-71.85865776002166,-40.552624053980985],[-71.85851535166745,-40.553455339713906],[-71.85841383817605,-40.55436712187077],[-71.85840777631769,-40.55446098114326],[-71.85840759536669,-40.554536944238755],[-71.85841329532309,-40.55460845254893],[-71.85842487618652,-40.55468001155711],[-71.85844233795636,-40.55475605163296],[-71.85847147106244,-40.55482309254075],[-71.85850060416583,-40.55489020846821],[-71.8585356181716,-40.55495730001461],[-71.8585765130778,-40.55501993682835],[-71.85862328888211,-40.555078118918004],[-71.85867594558195,-40.555131846289434],[-71.85873448317432,-40.55518104385531],[-71.85879293028037,-40.555225796383205],[-71.85885734875002,-40.5552661088451],[-71.85892764810418,-40.555297536259374],[-71.85899785696732,-40.555324443552884],[-71.85907403718505,-40.555342405347766],[-71.85915021738433,-40.5553603670853],[-71.85922639756514,-40.55536496267442],[-71.85929081594588,-40.55536945672045],[-71.8593494438989,-40.555365053957765],[-71.85940807184099,-40.555356220818794],[-71.85949601373359,-40.555351831711576],[-71.86028712775918,-40.555352816327634],[-71.86193982946001,-40.55535475715237],[-71.86329956749454,-40.55535191754144],[-71.86445265764407,-40.55607299541492],[-71.8656589419234,-40.5565705587212],[-71.86575837218388,-40.55666458962979],[-71.86586956394828,-40.55675406546345],[-71.86598075567326,-40.55683468043811],[-71.86609782812221,-40.556915270494386],[-71.86622069081524,-40.55698696032979],[-71.86633785364779,-40.55705412350764],[-71.86646659700325,-40.557116852497415],[-71.86659543077896,-40.55716615480947],[-71.86672426450176,-40.55721553203969],[-71.86685897892067,-40.55726037891221],[-71.86699378375472,-40.557296304520975],[-71.86713437880177,-40.55732325479831],[-71.86726909304443,-40.55735022968607],[-71.86740968796796,-40.557363813546395],[-71.86755037330128,-40.55737741184306],[-71.86769105857145,-40.55737756880449],[-71.86783165330567,-40.55737771091941],[-71.86797233844955,-40.5573644263078],[-71.86864672153537,-40.55718194262429],[-71.86883490437512,-40.5568424105994],[-71.86914603912037,-40.55660589067398],[-71.86930445625633,-40.55648981786351],[-71.86936896303975,-40.55646308180234],[-71.86942758910907,-40.55644523146768],[-71.86949209586712,-40.55643193672126],[-71.86955660261188,-40.556423072342085],[-71.86962689956826,-40.55642310424132],[-71.86969140628526,-40.55643218672863],[-71.86975582251674,-40.5564456098708],[-71.87026599498316,-40.556289787722655],[-71.87051814056451,-40.55620959743682],[-71.87087052882829,-40.555865748911806],[-71.87140422213417,-40.55564283381845],[-71.87179705022446,-40.55555835804044],[-71.8722602646583,-40.555464988409746],[-71.87285276196496,-40.55513930622138],[-71.87479454211247,-40.55413569193028],[-71.87644743869708,-40.55398992409324],[-71.87698085107709,-40.55394579963751],[-71.87810005513138,-40.55402303822298],[-71.8786275841623,-40.553987791295526],[-71.8789558079151,-40.55393894573116],[-71.8794603562693,-40.55363105312348],[-71.87964201880868,-40.5536402185417],[-71.88048555403603,-40.553860086083354],[-71.88106573197237,-40.55386067173853],[-71.88197503409687,-40.553343099997676],[-71.8836986388114,-40.552987234280806],[-71.88528119484076,-40.55284127606018],[-71.88650015466092,-40.552842540573266],[-71.88667032375042,-40.552735381501336],[-71.88672903704045,-40.55265947862376],[-71.88679363069343,-40.55258798043201],[-71.88685822433304,-40.552520988169526],[-71.8869344882348,-40.55245851004829],[-71.88700496221523,-40.552395997431944],[-71.88708701598236,-40.5523424153369],[-71.88716916019506,-40.55229335382389],[-71.88725130438611,-40.552248723188136],[-71.88731580746368,-40.55220409584431],[-71.88738040099503,-40.55216842017627],[-71.88745078440748,-40.552137134654],[-71.88751528744376,-40.55211488750797],[-71.88758558035869,-40.55209259948731],[-71.8876559637248,-40.55207926319124],[-71.88769115540188,-40.552065873357975],[-71.887726347075,-40.55205248350506],[-71.88776732863278,-40.55204806509894],[-71.88780252029729,-40.552048118542764],[-71.88783762149083,-40.55205258839954],[-71.88787869350094,-40.55206162789626],[-71.88791379468591,-40.55207946595763],[-71.88794310598168,-40.552101850982666],[-71.88797232680771,-40.55212872751985],[-71.8880531137831,-40.55290661817211],[-71.88808776261384,-40.553170339464295],[-71.88840964373442,-40.55348362271883],[-71.88862604029856,-40.553747567765555],[-71.88894185959617,-40.55413677061413],[-71.88932833296144,-40.55428910588931],[-71.88983150753701,-40.55484390286296],[-71.89009485514335,-40.5550363469407],[-71.89024077730406,-40.5553941122159],[-71.89041555812814,-40.55604686744298],[-71.89024502921967,-40.55641328054362],[-71.88986914156104,-40.55690909779241],[-71.88901242358912,-40.55751173260537],[-71.88765053570226,-40.558802290649815],[-71.88732756819168,-40.55919090270445],[-71.88711469894632,-40.56028139065238],[-71.8867149241397,-40.56103198043468],[-71.8866913121697,-40.56111241654959],[-71.88659731660857,-40.561246432103275],[-71.88650332101909,-40.561380447166485],[-71.88625643545222,-40.56180483165351],[-71.88605007913579,-40.56251982212943],[-71.88601470633832,-40.56265392060863],[-71.88553341877193,-40.5630423643173],[-71.88547479572435,-40.563051211816685],[-71.88540441186562,-40.56305117547232],[-71.88534587926152,-40.56304216662603],[-71.88527549537366,-40.56303311966077],[-71.88521696274533,-40.56301074512324],[-71.88391603379581,-40.56282166864091],[-71.8821170699073,-40.562609817595],[-71.88100348932632,-40.562528177679184],[-71.88037608637995,-40.562679499077426],[-71.87939015199271,-40.56339817053999],[-71.87802378907017,-40.56375880212699],[-71.87716721950271,-40.56418704613485],[-71.87716712903264,-40.56422277150259],[-71.87711429449995,-40.564276398297594],[-71.87706145995834,-40.56432994990964],[-71.87701450596606,-40.564388056268015],[-71.87696746149662,-40.56445500776913],[-71.87693217813988,-40.564522058804364],[-71.87690277533954,-40.5645890844807],[-71.87687916262713,-40.564665005100274],[-71.87686143047411,-40.56473654552769],[-71.8768846813072,-40.56483040483269],[-71.87691381269879,-40.564919883936255],[-71.87694882464714,-40.5650092625849],[-71.87698971715035,-40.56509426105639],[-71.8770306096482,-40.56517925941253],[-71.87708317278472,-40.56525976265164],[-71.87713582638249,-40.565340280409984],[-71.87719427005622,-40.56541189844571],[-71.87725868474278,-40.5654835057613],[-71.87701703912963,-40.566198406892866],[-71.8761889649691,-40.56703793351307],[-71.87569490591147,-40.56796718623918],[-71.87554074412665,-40.56890573587833],[-71.87550401307985,-40.569737130502766],[-71.87533311413785,-40.5702331507945],[-71.87471049475656,-40.57089845803746],[-71.87421760948493,-40.57115718496236],[-71.8729986017163,-40.57101281447982],[-71.87220733882506,-40.57093596308477],[-71.87110955550702,-40.571775119163554],[-71.8702706995312,-40.57210052331082],[-71.86975419401666,-40.57240389174819],[-71.86919426090695,-40.573958856615604],[-71.86833169597082,-40.57439148949889],[-71.86746840487682,-40.575177259637826],[-71.86703829647915,-40.57625401385582],[-71.86721146177376,-40.57760415195966],[-71.86725190318458,-40.577908173913954],[-71.86732645288572,-40.578766574400184],[-71.86746496690711,-40.57984848666566],[-71.86742959200609,-40.57996015914359],[-71.8668931777364,-40.581425764716215],[-71.86617536371539,-40.58271681227347],[-71.86552811734703,-40.58386927734965],[-71.86401910710192,-40.58494484802181],[-71.86279725494849,-40.586092207112145],[-71.86206830319723,-40.58698532148298],[-71.86179724164504,-40.587633188616955],[-71.86143127198847,-40.58882179557845],[-71.86013874879367,-40.59004500839026],[-71.8597687058243,-40.59037091988465],[-71.85908208948727,-40.59060250360433],[-71.8584003573267,-40.59135710651208],[-71.85733799219797,-40.591838595016924],[-71.85715586434597,-40.59197690475267],[-71.85599388073753,-40.59241357440139],[-71.85497312666354,-40.59262680576685],[-71.85437552889678,-40.59239361224635],[-71.85388984981502,-40.5919236956557],[-71.85288781767143,-40.59162289913033],[-71.85217431455436,-40.59076374969381],[-71.85130853615549,-40.58982836958662],[-71.85080638540288,-40.588893481909366],[-71.8493886873625,-40.58829268518692],[-71.84847024290742,-40.587379571760394],[-71.84792112928538,-40.58645354793063],[-71.84790439075988,-40.58607357069381],[-71.84763830212044,-40.585546444854444]]]},"id":"36,786","properties":{"area_m2":1.1444450163135855E7,"cell_size_m":7000,"grid_id":"36,786"}},{"type":"Feature","geometry":{"type":"Polygon","coordinates":[[[-71.84064123812637,-40.597892223538345],[-71.76552086000622,-40.59971666861312],[-71.76292719430822,-40.53672780194451],[-71.8454834638249,-40.53472264070638],[-71.84763830212044,-40.585546444854444],[-71.84728569804233,-40.58484791680965],[-71.84685257622601,-40.58450765008239],[-71.84632001743869,-40.58409123164252],[-71.84626165849548,-40.58394360982402],[-71.84583034485482,-40.58285236635872],[-71.84545576110112,-40.58258363819803],[-71.84491559968755,-40.582904783087585],[-71.84486104061897,-40.58366011192529],[-71.8450227272508,-40.58473760392496],[-71.84475653690404,-40.58576091459333],[-71.8441633532568,-40.58619374089308],[-71.84303081817208,-40.58657211218577],[-71.84211543152806,-40.58689274618383],[-71.84153509112649,-40.58683382599535],[-71.84026809230956,-40.58703772457008],[-71.83892752729157,-40.58614633282868],[-71.83802561047784,-40.58570694949467],[-71.83029705153015,-40.581346456303],[-71.82629303822306,-40.578944554678166],[-71.82518079830528,-40.57830364185728],[-71.82445483615848,-40.57792260827957],[-71.82432607565418,-40.57785534056695],[-71.82420301567154,-40.57781496540244],[-71.82418546152306,-40.5778148949495],[-71.82398612233595,-40.57781460805166],[-71.8238217103929,-40.577903744374744],[-71.8238151954435,-40.57818540779035],[-71.82390224239546,-40.57849395448382],[-71.82404231374,-40.57874445543969],[-71.8245158231957,-40.57928162259195],[-71.82464440265267,-40.57942488576027],[-71.8257492246925,-40.58067812123483],[-71.8273342439903,-40.582173561218],[-71.82929974016162,-40.58390641221556],[-71.82999537919727,-40.58473882699139],[-71.83050796863847,-40.58607165651181],[-71.83100408927953,-40.58697539844401],[-71.83143008464312,-40.587785061133445],[-71.83204953227391,-40.58859508816211],[-71.83381204688308,-40.589581048889244],[-71.83403445292687,-40.58974677477628],[-71.83484671321618,-40.59087880326801],[-71.83505572716743,-40.591741856641754],[-71.83518973127738,-40.59209516993481],[-71.83549257492786,-40.59292704537266],[-71.83549194155333,-40.59319527085631],[-71.83549167010712,-40.59328466929976],[-71.83549049384014,-40.59378533879886],[-71.83543647603629,-40.59427248548467],[-71.83592227401091,-40.59464867373785],[-71.83602759498577,-40.59473822985731],[-71.83646073165033,-40.595078565062686],[-71.83715753121054,-40.59551310966034],[-71.83834139023291,-40.59577853623155],[-71.83834727151475,-40.59578301606536],[-71.83910876086722,-40.59613716702889],[-71.83999185458639,-40.59714864468767],[-71.84027261634493,-40.59747086477756],[-71.84048895564128,-40.597717064895456],[-71.84064105356893,-40.59789162722035],[-71.84064123812637,-40.597892223538345]]]},"id":"37,786","properties":{"area_m2":4.713166740608562E7,"cell_size_m":7000,"grid_id":"37,786"}},{"type":"Feature","geometry":{"type":"Polygon","coordinates":[[[-71.76552086000622,-40.59971666861312],[-71.68287913484222,-40.60166722471816],[-71.6803627454433,-40.53867405056214],[-71.76292719430822,-40.53672780194451],[-71.76552086000622,-40.59971666861312]]]},"id":"38,786","properties":{"area_m2":4.8916809030630805E7,"cell_size_m":7000,"grid_id":"38,786"}},{"type":"Feature","geometry":{"type":"Polygon","coordinates":[[[-71.68287913484222,-40.60166722471816],[-71.60022944502202,-40.60355872127503],[-71.5977903602839,-40.54056136981814],[-71.6803627454433,-40.53867405056214],[-71.68287913484222,-40.60166722471816]]]},"id":"39,786","properties":{"area_m2":4.8920614285658345E7,"cell_size_m":7000,"grid_id":"39,786"}},{"type":"Feature","geometry":{"type":"Polygon","coordinates":[[[-71.60022944502202,-40.60355872127503],[-71.51757203461213,-40.60539114198874],[-71.51521028203153,-40.54238974347543],[-71.5977903602839,-40.54056136981814],[-71.60022944502202,-40.60355872127503]]]},"id":"40,786","properties":{"area_m2":4.892430257281199E7,"cell_size_m":7000,"grid_id":"40,786"}},{"type":"Feature","geometry":{"type":"Polygon","coordinates":[[[-71.51757203461213,-40.60539114198874],[-71.43490714782321,-40.60716447107061],[-71.43262275403107,-40.54415915580127],[-71.51521028203153,-40.54238974347543],[-71.51757203461213,-40.60539114198874]]]},"id":"41,786","properties":{"area_m2":4.8927873856927365E7,"cell_size_m":7000,"grid_id":"41,786"}},{"type":"Feature","geometry":{"type":"Polygon","coordinates":[[[-71.43490714782321,-40.60716447107061],[-71.35223502900571,-40.608878693238445],[-71.3500280197662,-40.545869591567715],[-71.43262275403107,-40.54415915580127],[-71.43490714782321,-40.60716447107061]]]},"id":"42,786","properties":{"area_m2":4.8931328103948586E7,"cell_size_m":7000,"grid_id":"42,786"}},{"type":"Feature","geometry":{"type":"Polygon","coordinates":[[[-71.35223502900571,-40.608878693238445],[-71.26955592264522,-40.61053379371704],[-71.26742632285496,-40.547521036052025],[-71.3500280197662,-40.545869591567715],[-71.35223502900571,-40.608878693238445]]]},"id":"43,786","properties":{"area_m2":4.8934665280911274E7,"cell_size_m":7000,"grid_id":"43,786"}},{"type":"Feature","geometry":{"type":"Polygon","coordinates":[[[-71.26955592264522,-40.61053379371704],[-71.186870073358,-40.61212975823854],[-71.18481790704517,-40.54911347503695],[-71.26742632285496,-40.547521036052025],[-71.26955592264522,-40.61053379371704]]]},"id":"44,786","properties":{"area_m2":4.893788535600481E7,"cell_size_m":7000,"grid_id":"44,786"}},{"type":"Feature","geometry":{"type":"Polygon","coordinates":[[[-71.13587524079367,-40.55002901537166],[-71.18481790704517,-40.54911347503695],[-71.186870073358,-40.61212975823854],[-71.14180882144626,-40.61297453043337],[-71.14376726688295,-40.60891733741305],[-71.14304987414003,-40.60492927052917],[-71.14295567828242,-40.600360272009624],[-71.14238941474464,-40.59648951009687],[-71.12184717558796,-40.58664420155155],[-71.11901234542123,-40.58105740080176],[-71.11465230540196,-40.57246401682323],[-71.13587524079367,-40.55002901537166]]]},"id":"45,786","properties":{"area_m2":3.3416651680858787E7,"cell_size_m":7000,"grid_id":"45,786"}},{"type":"Feature","geometry":{"type":"MultiPolygon","coordinates":[[[[-71.85849971424194,-40.53440108709824],[-71.8454834638249,-40.53472264070638],[-71.84509996627378,-40.52565771692246],[-71.84533451892129,-40.52569686498138],[-71.84593711019106,-40.52605972147082],[-71.84662248850148,-40.52606066087847],[-71.84767692768199,-40.52606208705837],[-71.84877244047216,-40.526063466728836],[-71.84957516265585,-40.52597513122272],[-71.85010273965887,-40.52581489378396],[-71.85054264284001,-40.52557412120203],[-71.85126890699006,-40.525655495888536],[-71.85195906900279,-40.526143612359014],[-71.85240295058854,-40.52674766156478],[-71.852887365286,-40.52755734556058],[-71.85299204725843,-40.52791956162089],[-71.85306759559202,-40.52819232021276],[-71.85309084818924,-40.52828180016568],[-71.85313138189548,-40.52848300600507],[-71.85303004762011,-40.529283032385486],[-71.85302905237259,-40.52976582831101],[-71.85316268694179,-40.53025764467211],[-71.85358331427095,-40.53079907207119],[-71.85373486302028,-40.53114797326379],[-71.85414399904055,-40.53159551125392],[-71.85458217751865,-40.532163730133306],[-71.855189998729,-40.53284841849551],[-71.85599740930907,-40.53336799589139],[-71.85660622302021,-40.53357433209088],[-71.85765465736249,-40.533736586894655],[-71.85826310596167,-40.53413515488936],[-71.85849971424194,-40.53440108709824]]],[[[-71.84326670334644,-40.482290048438124],[-71.84282097332922,-40.47173737749068],[-71.84514672314639,-40.47168010277286],[-71.84512478793602,-40.47171946018498],[-71.84506606685432,-40.47183567512129],[-71.8450130459607,-40.47195627154107],[-71.8449601155375,-40.47208139383879],[-71.84492473810441,-40.47220650055933],[-71.84488338902796,-40.4723316175745],[-71.84485389274693,-40.472456698420636],[-71.84483018714482,-40.47259076209008],[-71.8448181533843,-40.47272039917865],[-71.84481200078476,-40.47285452222098],[-71.84480584818509,-40.4729841334744],[-71.84481154838772,-40.47305566102703],[-71.84481136742892,-40.473118265983004],[-71.84481697715204,-40.47324790138407],[-71.84483416823844,-40.473382043389904],[-71.84486312164498,-40.47351169840307],[-71.84489216552824,-40.473641367800575],[-71.84493279076855,-40.47376659614084],[-71.8450496900946,-40.4738471799078],[-71.84517247053206,-40.47393232485352],[-71.84528927929003,-40.47401740499562],[-71.84540029733361,-40.47411139726603],[-71.8455054341897,-40.4742099259814],[-71.84561057101075,-40.47431732689206],[-71.84570394550747,-40.474424702903434],[-71.84579731997654,-40.47454110145346],[-71.84588490375573,-40.474657389297505],[-71.84596660637082,-40.4747827248967],[-71.84604233734727,-40.474907920477314],[-71.84604821848565,-40.47491691791069],[-71.84610648698931,-40.475037706987564],[-71.8461705461393,-40.47517183953766],[-71.84622293348535,-40.475301600862586],[-71.8462753208227,-40.47544023417799],[-71.84631594588487,-40.475583353856656],[-71.84635078028813,-40.47572192665167],[-71.84636190920055,-40.47596778904013],[-71.84637891924483,-40.476209264279206],[-71.84639592928819,-40.476455099425436],[-71.84643040176684,-40.47673676790539],[-71.84645899311111,-40.47701846035363],[-71.8464935560618,-40.47730014091286],[-71.84654549095963,-40.477613053044074],[-71.84660330697695,-40.47792608874109],[-71.84666112298366,-40.478239047692874],[-71.84672482010556,-40.47854310804869],[-71.84680607010884,-40.4788516628432],[-71.84672961548495,-40.4790304031088],[-71.84665895149065,-40.47920459177374],[-71.84657661570267,-40.47937440900956],[-71.84648839876311,-40.47954410041504],[-71.84639439114602,-40.479704959361605],[-71.84629450236717,-40.479865692479436],[-71.84618873242106,-40.4800220143241],[-71.84607717178075,-40.480178300141496],[-71.84595972996105,-40.48032566374111],[-71.84583649743449,-40.48046855556243],[-71.84570738371515,-40.48061147187443],[-71.84557826994296,-40.4807453657307],[-71.8454374842979,-40.48087481294937],[-71.84529669858999,-40.48099982384692],[-71.84515003166423,-40.48111583749244],[-71.84499757399175,-40.48123181509484],[-71.84483932556417,-40.48133896047687],[-71.84468098657774,-40.48144150461179],[-71.84451685682454,-40.481535141402276],[-71.84435272698593,-40.481624342013724],[-71.84418271588889,-40.4817090563001],[-71.84400691400353,-40.481784788108506],[-71.84383111202024,-40.4818918693489],[-71.8436610101624,-40.48200784202446],[-71.84349099869272,-40.482119393091885],[-71.84332677784069,-40.482244360978484],[-71.84326670334644,-40.482290048438124]]],[[[-71.8448555374193,-40.51987874915129],[-71.8436400081652,-40.4911254971799],[-71.84376270936929,-40.49116739068958],[-71.84391480571982,-40.49122569657788],[-71.84406690199702,-40.491292947200755],[-71.84421311702845,-40.491364657272506],[-71.84435933199214,-40.49144087717012],[-71.84450554688802,-40.491525966608116],[-71.84463999938718,-40.4916155403123],[-71.84477436134964,-40.49171404405749],[-71.844903023054,-40.49181260167637],[-71.84503159422654,-40.49192008930594],[-71.84514840303666,-40.49202747601366],[-71.84526521180354,-40.49214831738151],[-71.84537622985559,-40.49226919796138],[-71.8454812762405,-40.49239452330702],[-71.8455805319226,-40.49252875754351],[-71.84567390642822,-40.49266294116133],[-71.84576728090617,-40.49280163445635],[-71.84584310240959,-40.49294477631616],[-71.84590137095117,-40.493056662839926],[-71.84591883341574,-40.49309241316024],[-71.84599465488272,-40.49324006430643],[-71.84605283291724,-40.49338763937957],[-71.84611101094102,-40.493544158810465],[-71.84616339829695,-40.49370071737632],[-71.84620402337355,-40.493861684873536],[-71.84623876731017,-40.49402267682885],[-71.84627351124297,-40.49418359320875],[-71.84629658338373,-40.494344573555296],[-71.84631377438947,-40.494510013043126],[-71.84617208428259,-40.49500600284568],[-71.84611897309584,-40.49519365502025],[-71.84603627525065,-40.49550196294054],[-71.84582491610793,-40.495760948783996],[-71.8453617531762,-40.49600621650848],[-71.84511555904562,-40.49611314133238],[-71.84498662598988,-40.49619343063513],[-71.84473445992434,-40.496362973521755],[-71.84468741061818,-40.496421045653804],[-71.84461692712524,-40.49654161511193],[-71.84464008986663,-40.49662210570915],[-71.84468677726208,-40.496720536034736],[-71.84472170232472,-40.496801052147234],[-71.84480349572048,-40.49686375349182],[-71.84491460441441,-40.49695773374151],[-71.84510171570953,-40.49704297623281],[-71.84529479852537,-40.497123698611105],[-71.84543522231722,-40.49718642323029],[-71.84555773116703,-40.497356432131845],[-71.84580844890851,-40.497830630303156],[-71.84611101094102,-40.498675863193334],[-71.84616357925499,-40.498760887198415],[-71.84622193821635,-40.49884594683237],[-71.84628608782187,-40.498926457406526],[-71.84635620902596,-40.49900703290935],[-71.84643221134567,-40.49907863965191],[-71.84651400429784,-40.499145772510786],[-71.84659579722882,-40.49920847091265],[-71.84668356174399,-40.499262215233216],[-71.84677711688067,-40.49931156083613],[-71.84687076246841,-40.49935641148735],[-71.84697028914952,-40.499347574178515],[-71.84708157803757,-40.499343271815135],[-71.8471869857693,-40.499347862824116],[-71.84729230298707,-40.49935694857639],[-71.84739771064834,-40.49937491756669],[-71.84749714668446,-40.499401915642444],[-71.84759667316783,-40.49943336261876],[-71.84770199024874,-40.499469204354924],[-71.84779554508317,-40.49951403951928],[-71.84788919036839,-40.49956332358031],[-71.84797686404498,-40.499617127244406],[-71.84805874707489,-40.49967532949867],[-71.8481464207043,-40.49974251113466],[-71.84822233211398,-40.49981861104574],[-71.84829245288739,-40.49989467519765],[-71.84835669254996,-40.49997076410766],[-71.84836257364516,-40.49997524871675],[-71.84842093219945,-40.50006023101603],[-71.8484792907429,-40.500149722660154],[-71.84853176818362,-40.500243673348486],[-71.84857257391164,-40.5003420474324],[-71.84860740806553,-40.50044043159028],[-71.84864233269388,-40.500543264527735],[-71.84866558561787,-40.50064616169694],[-71.84868286697271,-40.50074899376586],[-71.84868856710526,-40.50082499851177],[-71.84869435771597,-40.50085629944581],[-71.84869996737002,-40.50095461098999],[-71.84869390532451,-40.501061930403736],[-71.84868775280061,-40.501169159812136],[-71.84867001905454,-40.50127195865579],[-71.84864631373935,-40.50137476751233],[-71.84869281958501,-40.50152231298163],[-71.84874520651188,-40.501669908408715],[-71.84880347451704,-40.50181747863712],[-71.84887341420465,-40.5019561909547],[-71.84894335387672,-40.50209482780962],[-71.84902505569909,-40.50223348978968],[-71.84910675750028,-40.502363283149585],[-71.8492001309614,-40.50248850254776],[-71.84929359487299,-40.502609377338224],[-71.84939284935471,-40.50273021234819],[-71.84949798487922,-40.50284651293746],[-71.84960900144058,-40.50295399530742],[-71.8497258990326,-40.503061377395234],[-71.85008726793974,-40.50385308306758],[-71.85027256660767,-40.50476973609829],[-71.85210826612419,-40.506233786929066],[-71.85351219942966,-40.50696868412442],[-71.8541197512771,-40.50763553355111],[-71.85479226411329,-40.50812809674966],[-71.85516602247544,-40.5085800414134],[-71.85539972301217,-40.50885751463865],[-71.85565043291868,-40.50939421997762],[-71.85559153284673,-40.50954167121438],[-71.85554439468596,-40.509693580621594],[-71.85549716604179,-40.509845474919096],[-71.85545581835324,-40.509997418801326],[-71.85542035162263,-40.51014933713841],[-71.85539664681575,-40.51030578881361],[-71.85537285153072,-40.51046222539795],[-71.85536081817297,-40.51062312016304],[-71.85534878481474,-40.51077958085214],[-71.85535430387384,-40.510940535164096],[-71.85535394196832,-40.511097005365315],[-71.85536525151534,-40.511257919114925],[-71.8553825325024,-40.51141438844625],[-71.85541148493934,-40.51157086776381],[-71.85543455641063,-40.511727371747945],[-71.85547527076757,-40.511879366629515],[-71.85551028511033,-40.51194199336023],[-71.85554520897287,-40.5120091140618],[-71.85556855186329,-40.51208067247795],[-71.85559180427566,-40.512156724837645],[-71.85560338524304,-40.51222825805775],[-71.85560899477397,-40.51230423512016],[-71.8556146947811,-40.51238022673095],[-71.85560872334504,-40.51245620785096],[-71.85559687094894,-40.51252770528066],[-71.85557325663169,-40.51260368619932],[-71.85554964231265,-40.512675158374556],[-71.85552023750678,-40.512742161507866],[-71.85548495173612,-40.512809189578434],[-71.85543799451207,-40.512871698497875],[-71.85539094680466,-40.51292975920146],[-71.8551854749077,-40.513179868378],[-71.85497991240001,-40.51342094390762],[-71.8547626782835,-40.51366208223337],[-71.85454544401698,-40.51390321869114],[-71.85449830569944,-40.51404617316173],[-71.85444528639334,-40.514189152155105],[-71.85438638609571,-40.51432764717048],[-71.85432169527992,-40.514466181337255],[-71.85425112346572,-40.51460466484861],[-71.85417467064913,-40.514734155930064],[-71.8540924273026,-40.514863686142974],[-71.85400430294484,-40.51499324081864],[-71.85391617856239,-40.51511385335748],[-71.85381629216889,-40.51523436496889],[-71.85376915374209,-40.51537739038356],[-71.8537102533179,-40.51551588159303],[-71.85364556236308,-40.51565433674682],[-71.85358078091808,-40.51579285196002],[-71.85351020893768,-40.51592689788385],[-71.85343981789532,-40.51597591538146],[-71.8533694268372,-40.516025007899444],[-71.85309989589197,-40.51608281535868],[-71.85287062702442,-40.516484811477724],[-71.85287026511607,-40.51662789099226],[-71.85285198874293,-40.516936303576365],[-71.85285723641455,-40.5172402574474],[-71.85272767318664,-40.517566416847025],[-71.85272713032383,-40.51779887686082],[-71.85286628412398,-40.51843827043922],[-71.85283063614722,-40.518666171358944],[-71.85275391155413,-40.51895218824643],[-71.85264226276142,-40.519108502503784],[-71.85242493655379,-40.51939429597814],[-71.85228343014975,-40.51980987072973],[-71.85210120889383,-40.520109156045706],[-71.85192504951586,-40.52031001949675],[-71.8516845605911,-40.52043938426957],[-71.85153210607977,-40.52052409622777],[-71.85134445573718,-40.52062670129509],[-71.85125017813617,-40.520872447846564],[-71.8511094855025,-40.52092142121194],[-71.85097467385242,-40.520961504126475],[-71.85083398109566,-40.52099259551945],[-71.85069337875376,-40.52101919339212],[-71.85054689529476,-40.521036950014306],[-71.85040629282469,-40.521045666039434],[-71.85026569029185,-40.521049949074985],[-71.85011920663395,-40.52104974851779],[-71.84997869445085,-40.521040672340376],[-71.84983809172715,-40.521022565520326],[-71.84969169834838,-40.52099555698836],[-71.84955706704754,-40.52096406650726],[-71.84941655461374,-40.520928167562026],[-71.84932309073864,-40.520843086802586],[-71.84922365527864,-40.520766956385785],[-71.84912421978726,-40.520690825820516],[-71.84901890318164,-40.5206281681752],[-71.84891358654083,-40.520569868044795],[-71.84880247925618,-40.520511606883424],[-71.84868540036497,-40.52046680400129],[-71.84856832143026,-40.52042192584527],[-71.84845133293042,-40.520386002909994],[-71.84832837281299,-40.52035903032284],[-71.84820541264762,-40.520336490376046],[-71.84808236195578,-40.52032295147059],[-71.84788321878581,-40.52032271089933],[-71.84768407549004,-40.520313454077396],[-71.84748502254706,-40.52029977871609],[-71.84728587899971,-40.520277222740376],[-71.8470868258053,-40.52024566519868],[-71.84689356312906,-40.52020963549795],[-71.84670039081318,-40.520169112170805],[-71.84650712790004,-40.52012414104519],[-71.84642533494606,-40.52006145856925],[-71.84633757035903,-40.52000321843133],[-71.84624980574756,-40.51995399402904],[-71.84615625045443,-40.51990465822079],[-71.84606260465449,-40.51986875629469],[-71.84596307768686,-40.51983287856442],[-71.84586943182957,-40.51980591716773],[-71.84576990480099,-40.51978348788329],[-71.84566449659556,-40.51976994835328],[-71.8455649695023,-40.5197608172396],[-71.84545947074918,-40.519756203550145],[-71.84535994359123,-40.51976059598683],[-71.84525444476952,-40.519773863473716],[-71.84516070822251,-40.5197870823555],[-71.84505520933416,-40.519813798191834],[-71.8449555915693,-40.51984048965419],[-71.8448617644541,-40.51987608278194],[-71.8448555374193,-40.51987874915129]]]]},"id":"36,787","properties":{"area_m2":2741486.257074037,"cell_size_m":7000,"grid_id":"36,787"}},{"type":"Feature","geometry":{"type":"Polygon","coordinates":[[[-71.84509996627378,-40.52565771692246],[-71.8454834638249,-40.53472264070638],[-71.76292719430822,-40.53672780194451],[-71.76034170798373,-40.473738109306865],[-71.84282097332922,-40.47173737749068],[-71.84326670334644,-40.482290048438124],[-71.84316255690322,-40.482369252985755],[-71.84300421707546,-40.482503140826104],[-71.84285166788625,-40.482641499098385],[-71.84269911862333,-40.48278436734298],[-71.84255824121364,-40.48293168111295],[-71.84241745422116,-40.48308351947662],[-71.8422823674142,-40.48323973840255],[-71.84215325224062,-40.48340053219848],[-71.84201246506754,-40.48350756270723],[-71.8418775590478,-40.48361915367924],[-71.84174844370868,-40.48373965071594],[-71.84161941879707,-40.48386467246745],[-71.84150197531837,-40.48399412536232],[-71.84139041302119,-40.48412806351187],[-71.8412788506846,-40.48426651167781],[-71.84117905076695,-40.48440942030654],[-71.84107916033732,-40.48455682426133],[-71.84099103234144,-40.48470417815547],[-71.84090281384046,-40.484860537869984],[-71.84082635778634,-40.485016922717186],[-71.84074981123315,-40.48517772765501],[-71.84068502713816,-40.485342993058815],[-71.84062612426933,-40.48550387307155],[-71.8405730121493,-40.48567365890318],[-71.84053166250283,-40.48584346995289],[-71.84049610361214,-40.486013241110165],[-71.84046054471746,-40.48618752212368],[-71.84043674830478,-40.486361828400035],[-71.84041874265294,-40.486536169979885],[-71.84040661824356,-40.48671499671959],[-71.84040625632089,-40.4868893384163],[-71.84041168516096,-40.487068150624054],[-71.84042299524415,-40.48724250250121],[-71.84044009608918,-40.48741237944058],[-71.84046895941809,-40.487586716915395],[-71.84049782274437,-40.48776112907535],[-71.84053844855022,-40.48793549146637],[-71.84058486511043,-40.48810545416717],[-71.84064295366157,-40.48827091740428],[-71.84070113268257,-40.48843639486743],[-71.84068330800697,-40.48856152313904],[-71.84068303656521,-40.48868220269672],[-71.84068267464286,-40.488807377557606],[-71.84068828443935,-40.488928107153875],[-71.84069968499323,-40.48905323224254],[-71.84071705726501,-40.48915609689487],[-71.84072284802205,-40.48917845816345],[-71.84074592056861,-40.48930366917949],[-71.84078075558668,-40.48942883069819],[-71.8408214718367,-40.48954960753518],[-71.84086218808146,-40.48967481911617],[-71.84092045754264,-40.48979114716405],[-71.8409728457602,-40.48990742445339],[-71.84104287766438,-40.49001926786733],[-71.84111281907258,-40.490126661477305],[-71.84118873217469,-40.49022960998163],[-71.84127043600554,-40.490332519012576],[-71.84135802104106,-40.49042653336895],[-71.84144569653267,-40.4905160521219],[-71.84154504396432,-40.49060107185428],[-71.84165018210477,-40.49068169237389],[-71.84174952947208,-40.49075784196458],[-71.84186063924113,-40.49082507228166],[-71.84197174897108,-40.49088779237826],[-71.84208873987411,-40.49094605275811],[-71.84221152146355,-40.49099540386168],[-71.84232851227775,-40.4910402089187],[-71.84245726545933,-40.49108067989138],[-71.8425801373855,-40.49111208011115],[-71.84270309974383,-40.49113462505048],[-71.84283764349091,-40.491152656210375],[-71.84296648694477,-40.49116630632514],[-71.84309523986616,-40.4911709214926],[-71.84322408321488,-40.49116660617621],[-71.84334704532237,-40.491157880525094],[-71.84347588856829,-40.49113567489935],[-71.84360482224137,-40.49111348372026],[-71.8436400081652,-40.4911254971799],[-71.8448555374193,-40.51987874915129],[-71.84476793731098,-40.519916258799235],[-71.84467420061942,-40.51994292564253],[-71.84458625458618,-40.51997406140113],[-71.84449830852842,-40.52000970492688],[-71.84441615313546,-40.520054325249696],[-71.84433408820064,-40.52010339283926],[-71.84425781393666,-40.520161437201374],[-71.84418733034776,-40.520223875324724],[-71.84411693722271,-40.52028640308258],[-71.84405233477794,-40.52035783245309],[-71.843993523017,-40.52043373070004],[-71.84394068290243,-40.52051412712832],[-71.84389363347792,-40.52059899242285],[-71.84385825592524,-40.5206838697474],[-71.84382287836858,-40.52077317960091],[-71.8437933819884,-40.520862540285435],[-71.84376976678634,-40.520956459613565],[-71.8437578234651,-40.521050315872884],[-71.84361703700768,-40.52113502355973],[-71.84347625048744,-40.52122423860354],[-71.84334134509328,-40.52131342912054],[-71.84304837127542,-40.5213353944551],[-71.84290767498149,-40.52139329383056],[-71.8427610069453,-40.52148696372341],[-71.84269034206207,-40.52164335560171],[-71.84269007062204,-40.52177298389454],[-71.84271323350485,-40.5218803381787],[-71.8429119275392,-40.522081711635316],[-71.84291753729609,-40.522193509641994],[-71.8429348189659,-40.52230975238544],[-71.84295210063476,-40.522412547010376],[-71.84295210063476,-40.522425994911345],[-71.84297526349836,-40.522537780640256],[-71.8430101887504,-40.52264959321927],[-71.84303280873026,-40.52298486970943],[-71.84314337516832,-40.52332026580307],[-71.84310103057959,-40.52389240668413],[-71.84305977174408,-40.523972794760326],[-71.84304719503656,-40.52434383209288],[-71.84298856404816,-40.52437497800997],[-71.84293572376534,-40.52441066785762],[-71.84288876467096,-40.524450841167614],[-71.84284180556959,-40.52449552192911],[-71.84280072766016,-40.52454911853048],[-71.84276544046497,-40.52460267641136],[-71.84273603446597,-40.52466522524099],[-71.84271241918479,-40.524723302978636],[-71.84269468510273,-40.52479037165242],[-71.84269459462271,-40.52485293596258],[-71.84268853246179,-40.52491994187712],[-71.84269423270267,-40.52498705002401],[-71.84271169534473,-40.52504960268902],[-71.84270563318411,-40.52510774369695],[-71.84271142390469,-40.52516141903066],[-71.84272300534553,-40.52521948803006],[-71.84274046798599,-40.52527317580412],[-71.8427696025446,-40.52532687606889],[-71.84279294638156,-40.52537160001443],[-71.84282796213375,-40.52541633646038],[-71.8428688590797,-40.52545661658251],[-71.84292151841383,-40.525492491534735],[-71.84296250582763,-40.52551933905166],[-71.8430151651461,-40.52554619906119],[-71.84307370564967,-40.52555973811755],[-71.8431263649496,-40.525573225999686],[-71.84318490543252,-40.52557324267573],[-71.84324353638445,-40.525568916778674],[-71.8432962861359,-40.52556003227143],[-71.84335491706713,-40.5255421839678],[-71.84340766679996,-40.52551992729424],[-71.84345462581715,-40.5254932017859],[-71.84350158482734,-40.525457461327086],[-71.84436249877584,-40.52553462636709],[-71.84509996627378,-40.52565771692246]]]},"id":"37,787","properties":{"area_m2":4.862518626689786E7,"cell_size_m":7000,"grid_id":"37,787"}},{"type":"Feature","geometry":{"type":"Polygon","coordinates":[[[-71.76292719430822,-40.53672780194451],[-71.6803627454433,-40.53867405056214],[-71.67785429236345,-40.47568005839097],[-71.76034170798373,-40.473738109306865],[-71.76292719430822,-40.53672780194451]]]},"id":"38,787","properties":{"area_m2":4.8917521442334875E7,"cell_size_m":7000,"grid_id":"38,787"}},{"type":"Feature","geometry":{"type":"Polygon","coordinates":[[[-71.6803627454433,-40.53867405056214],[-71.5977903602839,-40.54056136981814],[-71.59535896866258,-40.47756320806124],[-71.67785429236345,-40.47568005839097],[-71.6803627454433,-40.53867405056214]]]},"id":"39,787","properties":{"area_m2":4.89213268643134E7,"cell_size_m":7000,"grid_id":"39,787"}},{"type":"Feature","geometry":{"type":"Polygon","coordinates":[[[-71.5977903602839,-40.54056136981814],[-71.51521028203153,-40.54238974347543],[-71.51285597922218,-40.47938754213811],[-71.59535896866258,-40.47756320806124],[-71.5977903602839,-40.54056136981814]]]},"id":"40,787","properties":{"area_m2":4.892501531330538E7,"cell_size_m":7000,"grid_id":"40,787"}},{"type":"Feature","geometry":{"type":"Polygon","coordinates":[[[-71.51521028203153,-40.54238974347543],[-71.43262275403107,-40.54415915580127],[-71.43034556652573,-40.481153044944634],[-71.51285597922218,-40.47938754213811],[-71.51521028203153,-40.54238974347543]]]},"id":"41,787","properties":{"area_m2":4.892858675414255E7,"cell_size_m":7000,"grid_id":"41,787"}},{"type":"Feature","geometry":{"type":"Polygon","coordinates":[[[-71.43262275403107,-40.54415915580127],[-71.3500280197662,-40.545869591567715],[-71.34782797319473,-40.48285970130687],[-71.43034556652573,-40.481153044944634],[-71.43262275403107,-40.54415915580127]]]},"id":"42,787","properties":{"area_m2":4.893204115274843E7,"cell_size_m":7000,"grid_id":"42,787"}},{"type":"Feature","geometry":{"type":"Polygon","coordinates":[[[-71.3500280197662,-40.545869591567715],[-71.26742632285496,-40.547521036052025],[-71.2653034419841,-40.48450749655428],[-71.34782797319473,-40.48285970130687],[-71.3500280197662,-40.545869591567715]]]},"id":"43,787","properties":{"area_m2":4.893537847619048E7,"cell_size_m":7000,"grid_id":"43,787"}},{"type":"Feature","geometry":{"type":"Polygon","coordinates":[[[-71.2070381863573,-40.48563534005221],[-71.2653034419841,-40.48450749655428],[-71.26742632285496,-40.547521036052025],[-71.18481790704517,-40.54911347503695],[-71.1830056943488,-40.49329466307768],[-71.20584748228849,-40.48714981141381],[-71.2070381863573,-40.48563534005221]]]},"id":"44,787","properties":{"area_m2":4.798857009183453E7,"cell_size_m":7000,"grid_id":"44,787"}},{"type":"Feature","geometry":{"type":"Polygon","coordinates":[[[-71.1830056943488,-40.49329466307768],[-71.18481790704517,-40.54911347503695],[-71.13587524079367,-40.55002901537166],[-71.14175506444691,-40.543810040349605],[-71.17909876766603,-40.53845361895238],[-71.17653077446428,-40.49503551029949],[-71.1830056943488,-40.49329466307768]]]},"id":"45,787","properties":{"area_m2":6170718.386284125,"cell_size_m":7000,"grid_id":"45,787"}},{"type":"Feature","geometry":{"type":"Polygon","coordinates":[[[-71.84274498482522,-40.4699356874812],[-71.84282097332922,-40.47173737749068],[-71.76034170798373,-40.473738109306865],[-71.75811443353844,-40.419310087031754],[-71.75840881422704,-40.419019265462055],[-71.75848058379154,-40.418563422834545],[-71.75860973276598,-40.418429596743294],[-71.75873146037868,-40.41710663236851],[-71.7588557220506,-40.41670460746052],[-71.75895609069323,-40.41642321384657],[-71.75918461250917,-40.41630742824022],[-71.75961685768891,-40.416478190705],[-71.76065058743326,-40.416896070463935],[-71.76136981594152,-40.416915477969866],[-71.76211266409207,-40.416916977872084],[-71.76266283037846,-40.4167839787912],[-71.76369772691774,-40.416875553458574],[-71.76481271449606,-40.417467849386036],[-71.76573040430776,-40.4176395850534],[-71.76652998694424,-40.418132942802444],[-71.76767401565836,-40.41880132934639],[-71.76867731129504,-40.41958111877361],[-71.76939987046376,-40.42038273750087],[-71.77045067350127,-40.42095256291445],[-71.77103983122966,-40.4214275387294],[-71.77163152188648,-40.422872630779636],[-71.7719935223648,-40.4230655485025],[-71.77216320994907,-40.42306589873996],[-71.77258430627236,-40.42306671685142],[-71.7728828653138,-40.42299126293773],[-71.7737028831313,-40.42266208745554],[-71.7746220861436,-40.4223956694368],[-71.77526698372795,-40.421923122742704],[-71.77608744797145,-40.421464278092074],[-71.77673189012764,-40.42112127166681],[-71.77770456909099,-40.42059120995128],[-71.7783857503104,-40.419769982556765],[-71.77914846884852,-40.41904730852547],[-71.7797002350358,-40.41845828068905],[-71.78010657036322,-40.41760076860269],[-71.78008466989763,-40.41712685901101],[-71.78020385547121,-40.41646555936144],[-71.7801867513939,-40.416331401815214],[-71.78018132152789,-40.41619725967681],[-71.78017589166178,-40.416063192486256],[-71.78018222650556,-40.41592456538272],[-71.78019435320616,-40.415790490828726],[-71.78021227176289,-40.41566089359863],[-71.78023616317034,-40.41552684878524],[-71.78027163828722,-40.41539724414226],[-71.78030711340017,-40.41526771441635],[-71.7803484708611,-40.41513816190509],[-71.78039571066775,-40.41501310142459],[-71.78045462466974,-40.414888056221706],[-71.78051933051202,-40.41477192794459],[-71.78058403634131,-40.41465135972601],[-71.78066041635239,-40.414539761226244],[-71.78074267869,-40.414432579530505],[-71.780824850509,-40.414325458049696],[-71.78091878698999,-40.414222806117415],[-71.78100684110382,-40.41412913093442],[-71.78110656937216,-40.41403547095162],[-71.78135380846663,-40.41351292753841],[-71.78162403370158,-40.41314686989982],[-71.781835887955,-40.412744912578255],[-71.78215416680798,-40.41196773034696],[-71.78250140442373,-40.4113023239734],[-71.7828832115228,-40.41078445084741],[-71.78326375121162,-40.41063322654123],[-71.78367922220978,-40.41055796133582],[-71.78450391833222,-40.41052373129047],[-71.78507133120196,-40.41048013874315],[-71.78568028083629,-40.41025327148481],[-71.78593173240942,-40.4100717931892],[-71.80946029891962,-40.40950204021513],[-71.80949519492344,-40.40963340154226],[-71.8099610344403,-40.41033596217454],[-71.81031647641095,-40.41080145061196],[-71.81073634625257,-40.41120445732571],[-71.81134995245498,-40.41137531992819],[-71.81184646497044,-40.411572797146384],[-71.8125066706814,-40.411801860334876],[-71.81320144160608,-40.4122455963501],[-71.8138090708349,-40.412461082625335],[-71.81440403057196,-40.41302085417758],[-71.81478932861909,-40.413271778551525],[-71.81541369506073,-40.413759996418214],[-71.8159736330827,-40.41431520267981],[-71.81666242426878,-40.414799103799325],[-71.81728705849658,-40.41522924906193],[-71.81754295638896,-40.41575712089652],[-71.81808515520338,-40.41639725249804],[-71.81910105159436,-40.417051481469606],[-71.8196383614753,-40.41733394592954],[-71.82046187894876,-40.41779118585376],[-71.82108632473893,-40.41830178966226],[-71.82186251430278,-40.41891539736859],[-71.82260413641346,-40.419385905923086],[-71.82290735403237,-40.41973952461234],[-71.82320468979886,-40.42009760593141],[-71.82409153776369,-40.42092590576909],[-71.8245930975554,-40.421489928366725],[-71.82495467615944,-40.42189279886181],[-71.82531589241155,-40.422461082818266],[-71.82544981015606,-40.422689270803595],[-71.82549007595331,-40.42295751443134],[-71.82542501728061,-40.423216664964414],[-71.82537226455008,-40.42327915124524],[-71.82531363028701,-40.42333270787473],[-71.8252549960131,-40.4233773850254],[-71.82501439630964,-40.423672046490836],[-71.82477388690891,-40.42396220514315],[-71.82452740530233,-40.424247932007304],[-71.8242810139896,-40.42452915617026],[-71.82402883142333,-40.42480597793996],[-71.82376488555185,-40.42508269666396],[-71.82251980367897,-40.42697616546835],[-71.82001587134347,-40.43150506762637],[-71.8199333476522,-40.43172846018503],[-71.819860505999,-40.43273414598111],[-71.81988946168921,-40.43283250840994],[-71.82027982033055,-40.433450048704245],[-71.82116531917035,-40.43485504585164],[-71.82196440148404,-40.43575029901596],[-71.82320360397186,-40.43615008060071],[-71.82430879296832,-40.43635742533951],[-71.82571827886954,-40.43649362795958],[-71.82732582894043,-40.43702355010983],[-71.82751847018706,-40.437175815904794],[-71.82771111131667,-40.43732808112741],[-71.82789796133761,-40.43748926273642],[-71.82807892977593,-40.437654982607754],[-71.8282598076268,-40.437825050645856],[-71.82843489439266,-40.43800418545554],[-71.82860409959903,-40.43818319414298],[-71.82876154179552,-40.438366690797224],[-71.82892495585466,-40.43855469034181],[-71.82907651643777,-40.438751601756756],[-71.82922228598096,-40.43894855215303],[-71.82936217400841,-40.43915432879787],[-71.82949627101168,-40.43936021963012],[-71.82962439603062,-40.4395704834243],[-71.82972329475629,-40.439780750432284],[-71.82976410291315,-40.43987018999584],[-71.82981640249452,-40.44000437196672],[-71.82990941972172,-40.44022353955581],[-71.82999076453129,-40.44044720957087],[-71.83006622788434,-40.44067526706186],[-71.83013001883424,-40.440903313203926],[-71.83019969120457,-40.441131408745164],[-71.83025180974691,-40.44135951794592],[-71.8303038377971,-40.44159648847546],[-71.83035007489192,-40.44182898417385],[-71.83038454912065,-40.4420659673989],[-71.83041911382917,-40.44230296438424],[-71.83044191567669,-40.44253986001559],[-71.8305814412318,-40.44287984440155],[-71.83068613059953,-40.44314821013607],[-71.830836966473,-40.44364461086462],[-71.8309361362703,-40.44376095305082],[-71.83133824414482,-40.44440976760204],[-71.83174116585718,-40.44470982097339],[-71.83219692914345,-40.44498315320343],[-71.8340393389814,-40.445227240635106],[-71.83477061762649,-40.44528191066121],[-71.83568267771062,-40.445582728285025],[-71.836470232239,-40.446549405817066],[-71.83670883264365,-40.447095125423594],[-71.83712251482986,-40.44779752532039],[-71.83782347507649,-40.44829468194929],[-71.83869879100777,-40.449301703152344],[-71.83881533071735,-40.4495208867657],[-71.83892010784194,-40.44974899622403],[-71.83919453688178,-40.44998186373246],[-71.83946905616425,-40.45020128048176],[-71.83975524723874,-40.45042521891445],[-71.840041438054,-40.45064012989022],[-71.84032762861,-40.450850601789],[-71.84062558138571,-40.45105665896004],[-71.84092362436087,-40.45124934079224],[-71.84122157657434,-40.451441931600925],[-71.84129160842338,-40.451531422991586],[-71.8413615497765,-40.45162089958907],[-71.84137322174723,-40.45163881094644],[-71.8414199096259,-40.451714894148864],[-71.8414722977606,-40.451813337220166],[-71.84152477636697,-40.45191171957035],[-71.84157128326255,-40.45201462562786],[-71.8416062086699,-40.45212197438332],[-71.84163516237255,-40.45222925857998],[-71.84165832533277,-40.45233658273574],[-71.84167560707151,-40.45244836997242],[-71.84168709807004,-40.45255568416181],[-71.8416927078487,-40.452667386191195],[-71.84168655518823,-40.452779138975814],[-71.84168040252764,-40.45289089154427],[-71.84166845912733,-40.4530026088066],[-71.84164484376629,-40.45310987849904],[-71.84161525670227,-40.45321715878819],[-71.8415035134844,-40.453480745853604],[-71.84139167974661,-40.45374431674773],[-71.84128572719635,-40.454007935908066],[-71.841191446588,-40.454276000933284],[-71.84110304718206,-40.454548551885],[-71.84102052898346,-40.454816638343246],[-71.8409496827497,-40.455089245928114],[-71.8408787460195,-40.455366274956894],[-71.84081957174516,-40.45564783971421],[-71.84083667256868,-40.45582668057725],[-71.84085386387186,-40.45600546036005],[-71.84085929270422,-40.45618429033179],[-71.84086472153653,-40.4563631197705],[-71.84085259714428,-40.45654640161246],[-71.84084047275158,-40.4567207327754],[-71.84082246712273,-40.45689945096289],[-71.84079867073734,-40.45707828377829],[-71.8407631118767,-40.45725257884605],[-71.8407217622551,-40.45743127549075],[-71.8406745313897,-40.457601122090004],[-71.8406214192778,-40.45777535557528],[-71.8405625163971,-40.45794511584578],[-71.84049194150253,-40.45811042821057],[-71.84043312907835,-40.458231090580014],[-71.84036843539913,-40.458351702682904],[-71.84029795094189,-40.458467766641846],[-71.84022158522208,-40.45857941823041],[-71.84013942871617,-40.458686596900584],[-71.8400513909389,-40.45878928800551],[-71.83995747188531,-40.45888749154973],[-71.83986364328463,-40.45898127216673],[-71.83976393340072,-40.45907056524408],[-71.83965843270889,-40.45915982267656],[-71.8395528415009,-40.459240115462066],[-71.8394356686967,-40.45931597522777],[-71.8393242866317,-40.45938284520101],[-71.83920711374272,-40.459449754746075],[-71.83908405954227,-40.45950766435987],[-71.83896100529391,-40.459561136505194],[-71.83874973189543,-40.45980668704501],[-71.83855022091197,-40.460052260670935],[-71.83835061932129,-40.460302330183026],[-71.83816857097911,-40.46055689545033],[-71.8379806412435,-40.46081592109577],[-71.83779859268826,-40.46107491982284],[-71.83762821613723,-40.46134287648492],[-71.83759292836424,-40.461432218737784],[-71.83754587799416,-40.461512586413505],[-71.83749891809858,-40.46159304378862],[-71.83744598641599,-40.46167343616461],[-71.83738735438803,-40.461744858271274],[-71.83731695974745,-40.46181625504045],[-71.83725244639345,-40.46187875263598],[-71.83717617041935,-40.46193678789273],[-71.83709998490845,-40.4619903254647],[-71.83701791807275,-40.46203937569763],[-71.83693585121573,-40.46207947663144],[-71.83684799350948,-40.46211510489591],[-71.83675425446745,-40.46214624582845],[-71.83666648719249,-40.46216850239353],[-71.83657274809666,-40.462181744818935],[-71.83647909945483,-40.462195076998256],[-71.83638545078527,-40.462194947788035],[-71.836291802088,-40.46219030632311],[-71.83622158816728,-40.462212548139654],[-71.8361570745898,-40.46223932300117],[-71.83609265148108,-40.462274986350124],[-71.83603401920217,-40.462315122189786],[-71.83597538691241,-40.46235977009215],[-71.8359226359387,-40.46240882993318],[-71.8358814666478,-40.46246239789737],[-71.83584038783353,-40.462524929492254],[-71.83580509986106,-40.46258749663173],[-71.8357756932143,-40.46265447569753],[-71.83575795874296,-40.462708079490945],[-71.83575207741295,-40.462721490317314],[-71.8357343429403,-40.46279299206192],[-71.83572837112781,-40.46286451913659],[-71.8357281901638,-40.46293608178049],[-71.83573389053025,-40.46300761945407],[-71.83574538174481,-40.463074680619776],[-71.83576275428888,-40.46314615371002],[-71.83579188949085,-40.463213290483004],[-71.83582093420816,-40.46328033732649],[-71.83586183206104,-40.46333855045814],[-71.83590263942665,-40.46339674887476],[-71.8359552094398,-40.46345046059941],[-71.83600768896228,-40.463499645552204],[-71.83606614028223,-40.463540021711346],[-71.83613047291449,-40.46357586087437],[-71.83619471505176,-40.46360724848036],[-71.83626492897842,-40.4636296768927],[-71.8363351428895,-40.463647668405294],[-71.83640535678498,-40.4636567109672],[-71.83647557066489,-40.46366124142749],[-71.83654578452919,-40.46365689813168],[-71.83664504301954,-40.463764345607224],[-71.83675009230858,-40.46386731643478],[-71.83686690418158,-40.463965800342244],[-71.83697792518588,-40.464055374759546],[-71.83709482745634,-40.46413597518625],[-71.83721752050486,-40.464216611020035],[-71.83734609480625,-40.4642883480622],[-71.83747466905535,-40.464360009708315],[-71.83760333373361,-40.46441830017648],[-71.83774357998293,-40.464472149587905],[-71.83787812584232,-40.464521541082796],[-71.83801846245109,-40.464561943926036],[-71.83815888947885,-40.46459792442016],[-71.83830510724557,-40.464624916237],[-71.83845141542591,-40.464643048878436],[-71.83859184226131,-40.46465661912155],[-71.83868539979615,-40.46468357878242],[-71.83877316651062,-40.46471501485857],[-71.83885496144731,-40.46475533486011],[-71.83893675636284,-40.46480016679325],[-71.83901864173825,-40.464849450106435],[-71.8390887645567,-40.464903220244395],[-71.83915879687855,-40.464965849249204],[-71.83922891966589,-40.46503300481531],[-71.83926393581322,-40.46507778001298],[-71.8392872799093,-40.465104647199226],[-71.83934554966095,-40.465180711620576],[-71.83939223783929,-40.4652567801786],[-71.8394388355298,-40.46534170753508],[-71.83947964243372,-40.465426749695396],[-71.83950868681222,-40.46551620343634],[-71.83953773118806,-40.46560565705205],[-71.83955510352374,-40.4656950249291],[-71.8395665041185,-40.46578891503037],[-71.83957220441572,-40.465882859359674],[-71.839571932973,-40.465976663551736],[-71.83955998949297,-40.466066095643],[-71.83955989901206,-40.46610631226112],[-71.83954813649339,-40.46615997895835],[-71.83953031175274,-40.46625379731393],[-71.83950669623185,-40.466338706609896],[-71.83947140866862,-40.46642360530806],[-71.83943023983984,-40.46650845369091],[-71.84066077833944,-40.46836524038479],[-71.84121008555888,-40.4687504716574],[-71.84182915211187,-40.46934137551426],[-71.84227865772883,-40.469820295486755],[-71.84274498482522,-40.4699356874812]]]},"id":"37,788","properties":{"area_m2":3.9931023272444524E7,"cell_size_m":7000,"grid_id":"37,788"}},{"type":"Feature","geometry":{"type":"Polygon","coordinates":[[[-71.75811443353844,-40.419310087031754],[-71.76034170798373,-40.473738109306865],[-71.67785429236345,-40.47568005839097],[-71.67535374738864,-40.41268524895816],[-71.70006816627014,-40.41211031171176],[-71.70042379254363,-40.412450879029464],[-71.7009957875806,-40.41271163277137],[-71.70152731934695,-40.41285609570639],[-71.70229872683218,-40.412996678726415],[-71.70399351775653,-40.4132647164495],[-71.70427394538729,-40.41333252550089],[-71.70456586866773,-40.4134539670101],[-71.70477587223179,-40.41357068973414],[-71.70507358826168,-40.41369217236406],[-71.70531862220153,-40.413826872860795],[-71.70595560096892,-40.41394030078021],[-71.70619511263197,-40.41400797260129],[-71.70641706357145,-40.41406660956056],[-71.70658651378004,-40.414111713840235],[-71.70679606346317,-40.41432239311693],[-71.70734967226444,-40.414797594193644],[-71.70769336908427,-40.41511140500947],[-71.7078211803989,-40.41531288015159],[-71.70777872749606,-40.415661474042516],[-71.7076473859646,-40.41626908237808],[-71.70744163858065,-40.41650993182294],[-71.70730052096482,-40.416683919215615],[-71.70720647269331,-40.41679547697024],[-71.70711839858983,-40.416871224354345],[-71.7066617344376,-40.41698627092608],[-71.706292510371,-40.417155227062246],[-71.70575365430267,-40.41734155727415],[-71.7056888430648,-40.41744426729966],[-71.70568295936243,-40.41744872321202],[-71.70561235492549,-40.417555828396466],[-71.70552898735932,-40.417899834152394],[-71.70536216164497,-40.41860565167731],[-71.70536080386616,-40.41890962707115],[-71.70544779221754,-40.419084195655266],[-71.70565761418167,-40.419254588513596],[-71.70583267692598,-40.419335511839584],[-71.7062420011382,-40.41935890768769],[-71.70658732844429,-40.41931062823248],[-71.70700805700243,-40.41939658571678],[-71.7072766241977,-40.419491185431276],[-71.70749169503918,-40.41980016112823],[-71.70750300978915,-40.419889564718225],[-71.707508531387,-40.419979000732006],[-71.70759207948733,-40.42093138283418],[-71.70794781493142,-40.42119154567745],[-71.70848331824804,-40.42178740686432],[-71.70872110823417,-40.42224840891179],[-71.70873758244839,-40.42251225439666],[-71.70876509981534,-40.42290569529386],[-71.70872065564588,-40.423714697908956],[-71.70869024170972,-40.423982845548856],[-71.70877750073325,-40.42409027634892],[-71.70877025932138,-40.42443004787615],[-71.70890938491883,-40.42471645420898],[-71.70906552776056,-40.42511921034224],[-71.7092100842847,-40.42551292808759],[-71.70943130904888,-40.425763836272274],[-71.70985176241477,-40.4259213419539],[-71.71018486609873,-40.425989229729055],[-71.71058839179386,-40.42601257173606],[-71.7110273996699,-40.42594211749036],[-71.71154235063474,-40.425898717604156],[-71.71219217071206,-40.42577517576462],[-71.71285909712633,-40.425754530658196],[-71.71330371398302,-40.42572875520848],[-71.71405807679145,-40.425775316745],[-71.71465982788177,-40.42595568385875],[-71.71531362448344,-40.42626119533372],[-71.71647530278364,-40.42682283344246],[-71.71717028024476,-40.427083827765806],[-71.7177368152225,-40.427308751968],[-71.71892989358878,-40.42734740184954],[-71.71976099985682,-40.42723765662647],[-71.72027041572537,-40.42711817044462],[-71.720943752222,-40.42696786945266],[-71.72109083791044,-40.42675364402867],[-71.72122099737531,-40.426387352911696],[-71.72133232983897,-40.42634292582754],[-71.72161907864421,-40.42631679558108],[-71.72201000882349,-40.42655917537893],[-71.72255291131721,-40.42682422513049],[-71.72283875391545,-40.427012611507884],[-71.72308947695157,-40.42721888891076],[-71.7234457386681,-40.42734489196168],[-71.72403000342285,-40.427511675205714],[-71.72453117593716,-40.427977806232605],[-71.72503153306508,-40.42863161128343],[-71.72559036083366,-40.429307952587486],[-71.72563507425492,-40.4298221066111],[-71.72586108511865,-40.430341215719494],[-71.72626920766419,-40.43067745665531],[-71.72645005222203,-40.430820882627025],[-71.72719687220673,-40.431296490572564],[-71.72785525990392,-40.43195074534888],[-71.72801736753179,-40.43236683646085],[-71.72807366619782,-40.43291677605307],[-71.72949461597172,-40.43453387942122],[-71.73010222194716,-40.434723006203136],[-71.73091854644335,-40.435413336607],[-71.73164770650253,-40.435924597653084],[-71.73212560595546,-40.43640408210558],[-71.7325159805006,-40.4368028170001],[-71.7328706932517,-40.437331108332216],[-71.73343014118295,-40.43790012643379],[-71.73427125725854,-40.43824181416261],[-71.73477847825747,-40.438689955112544],[-71.73568575382204,-40.440073378986696],[-71.73569154647517,-40.44007785731882],[-71.73620446739821,-40.44056624247955],[-71.73685297134477,-40.44081357865928],[-71.73827551204727,-40.440602230176744],[-71.73863990303532,-40.44016502124096],[-71.73877059856109,-40.43965123359171],[-71.73921744290917,-40.439084479645096],[-71.73988684844552,-40.4384467998311],[-71.74145400867306,-40.43712262488966],[-71.7423910428865,-40.436874372673586],[-71.74296006833445,-40.43645546869684],[-71.7433586661307,-40.43626414138694],[-71.7436809652177,-40.4361128831021],[-71.74459409897545,-40.43599864477939],[-71.74534350210561,-40.43584389774498],[-71.7461569826779,-40.43575177392006],[-71.74712785296472,-40.43582538766231],[-71.74781760625483,-40.43599680374682],[-71.74880648238268,-40.435945322799434],[-71.74948519033056,-40.43591998031549],[-71.74979598904248,-40.435719516507326],[-71.75028671371784,-40.43431686621544],[-71.75027540044985,-40.434209573835915],[-71.75027585298056,-40.434106753843295],[-71.75028789029768,-40.433999501428175],[-71.75030001812051,-40.43389226354101],[-71.75031793833548,-40.433789503459806],[-71.75034174144778,-40.43368672301514],[-71.75037721984766,-40.43358396250544],[-71.75041849063449,-40.433485755016044],[-71.75045396902598,-40.43339194474118],[-71.75050691508771,-40.43329819468548],[-71.75055995164686,-40.43320438393206],[-71.75062457297172,-40.43311960424721],[-71.75068928478973,-40.43303483908909],[-71.75076558136419,-40.43295895458067],[-71.7508419684267,-40.43288315981953],[-71.75091826496525,-40.432816300893776],[-71.75100623675256,-40.43274938660016],[-71.75109420851602,-40.4326914981158],[-71.75118218025563,-40.43263804724891],[-71.75127594434689,-40.43259351204813],[-71.75167444143237,-40.43238872212275],[-71.75206714566703,-40.43217952640172],[-71.75245405707187,-40.43196577446937],[-71.75283508516209,-40.431743088943435],[-71.7532162033099,-40.43151590201611],[-71.7535446469682,-40.43127517492653],[-71.7538672979646,-40.43102560439621],[-71.75418994863986,-40.43077595589874],[-71.7545009238535,-40.430517333928236],[-71.75481189876875,-40.430254195961346],[-71.75511708107882,-40.42998665242138],[-71.75541647080003,-40.42971019000487],[-71.75571576973998,-40.42943363479101],[-71.75540904941367,-40.42851655574465],[-71.75530487847256,-40.42819901133752],[-71.7552531097561,-40.42795746864603],[-71.7551662251784,-40.4277337557859],[-71.75512042975622,-40.42744759734742],[-71.75500404057104,-40.427277455776384],[-71.75495788310656,-40.42711197244939],[-71.75464862792496,-40.426901266706366],[-71.75452617473813,-40.42679370200775],[-71.75429258135395,-40.4266858787864],[-71.7541353740882,-40.4264933700855],[-71.75408369568999,-40.42622949384634],[-71.75408505326622,-40.42585403614886],[-71.75408595831705,-40.42560367954472],[-71.75414532964555,-40.425348994839986],[-71.75438571101084,-40.42520644049603],[-71.75472012680792,-40.42492105926488],[-71.75483325791961,-40.42437149817755],[-71.75487136046914,-40.42355800516257],[-71.75493625244937,-40.42339275369198],[-71.75506033456784,-40.423066662495586],[-71.75517265101774,-40.42273609664208],[-71.75500557915308,-40.42202949930842],[-71.7549825909266,-40.42191765098204],[-71.75497127782242,-40.42180138286015],[-71.75495996471784,-40.42168962842419],[-71.75495453442751,-40.42157785306319],[-71.75496086976622,-40.421461672587185],[-71.75497290690943,-40.42134995562553],[-71.75571866588803,-40.42054240802042],[-71.75686065124921,-40.420133500400176],[-71.75756957071145,-40.419804208065784],[-71.75788054268085,-40.41954114777945],[-71.75811443353844,-40.419310087031754]]]},"id":"38,788","properties":{"area_m2":3.9250056824827805E7,"cell_size_m":7000,"grid_id":"38,788"}},{"type":"Feature","geometry":{"type":"Polygon","coordinates":[[[-71.67785429236345,-40.47568005839097],[-71.59535896866258,-40.47756320806124],[-71.59293524280449,-40.41456423672602],[-71.67535374738864,-40.41268524895816],[-71.67785429236345,-40.47568005839097]]]},"id":"39,788","properties":{"area_m2":4.892203920965188E7,"cell_size_m":7000,"grid_id":"39,788"}},{"type":"Feature","geometry":{"type":"Polygon","coordinates":[[[-71.59535896866258,-40.47756320806124],[-71.51285597922218,-40.47938754213811],[-71.5105090996918,-40.41638453866775],[-71.59293524280449,-40.41456423672602],[-71.59535896866258,-40.47756320806124]]]},"id":"40,788","properties":{"area_m2":4.892572782043672E7,"cell_size_m":7000,"grid_id":"40,788"}},{"type":"Feature","geometry":{"type":"Polygon","coordinates":[[[-71.51285597922218,-40.47938754213811],[-71.43034556652573,-40.481153044944634],[-71.42807555967718,-40.4181461391619],[-71.5105090996918,-40.41638453866775],[-71.51285597922218,-40.47938754213811]]]},"id":"41,788","properties":{"area_m2":4.8929299417946056E7,"cell_size_m":7000,"grid_id":"41,788"}},{"type":"Feature","geometry":{"type":"Polygon","coordinates":[[[-71.43034556652573,-40.481153044944634],[-71.34782797319473,-40.48285970130687],[-71.34563486452434,-40.419849023088304],[-71.42807555967718,-40.4181461391619],[-71.43034556652573,-40.481153044944634]]]},"id":"42,788","properties":{"area_m2":4.893275396808844E7,"cell_size_m":7000,"grid_id":"42,788"}},{"type":"Feature","geometry":{"type":"Polygon","coordinates":[[[-71.34782797319473,-40.48285970130687],[-71.2653034419841,-40.48450749655428],[-71.26318725612964,-40.42149317582838],[-71.34563486452434,-40.419849023088304],[-71.34782797319473,-40.48285970130687]]]},"id":"43,788","properties":{"area_m2":4.893609143795456E7,"cell_size_m":7000,"grid_id":"43,788"}},{"type":"Feature","geometry":{"type":"Polygon","coordinates":[[[-71.18218088769754,-40.46783500131853],[-71.18073297651766,-40.423078583265564],[-71.26318725612964,-40.42149317582838],[-71.2653034419841,-40.48450749655428],[-71.2070381863573,-40.48563534005221],[-71.21750650750697,-40.47231708349666],[-71.20119017375022,-40.46665357583025],[-71.19453973166132,-40.46434103645243],[-71.18218088769754,-40.46783500131853]]]},"id":"44,788","properties":{"area_m2":4.358031368239815E7,"cell_size_m":7000,"grid_id":"44,788"}},{"type":"Feature","geometry":{"type":"Polygon","coordinates":[[[-71.09830022339844,-40.42550389687264],[-71.09827226783673,-40.42460523178556],[-71.18073297651766,-40.423078583265564],[-71.18218088769754,-40.46783500131853],[-71.15266181375927,-40.476173532898144],[-71.13297514266023,-40.47623759825196],[-71.12393491131549,-40.45658591812763],[-71.12065719671097,-40.44945358988308],[-71.09830022339844,-40.42550389687264]]]},"id":"45,788","properties":{"area_m2":3.0169660787537448E7,"cell_size_m":7000,"grid_id":"45,788"}},{"type":"Feature","geometry":{"type":"Polygon","coordinates":[[[-71.80946029891962,-40.40950204021513],[-71.78593173240942,-40.4100717931892],[-71.78636606045058,-40.40975832521619],[-71.78756694046342,-40.40909002230005],[-71.78792412674107,-40.40893866565769],[-71.78836330152048,-40.40875177960292],[-71.78848031213197,-40.40875196726469],[-71.78879695548298,-40.40846194436722],[-71.78921830150938,-40.408368863067665],[-71.78962218142705,-40.40825781641217],[-71.79032415120513,-40.408174173727346],[-71.79088015144437,-40.40802317415304],[-71.79117869349265,-40.4079477720379],[-71.79173442076616,-40.40787273382666],[-71.79224381396345,-40.407681494407896],[-71.79287591649421,-40.40749482011874],[-71.79336775203156,-40.407303506297794],[-71.79378836809815,-40.40742048476738],[-71.79458914789079,-40.4075515364326],[-71.79578764427055,-40.40766540876024],[-71.79665900370352,-40.40764458539731],[-71.79719725632509,-40.407569537416116],[-71.7979754044037,-40.407418949311655],[-71.79902339919094,-40.407018475057],[-71.79969050884077,-40.4068452576044],[-71.80035716463831,-40.40684642060241],[-71.80119349128368,-40.4068255135538],[-71.8017080274507,-40.40684872107317],[-71.80233929686075,-40.40692134901266],[-71.80313453527671,-40.406958485343125],[-71.8041582615605,-40.406826086822555],[-71.8047906120175,-40.4065634216914],[-71.8053988002207,-40.40652420572987],[-71.80597196745029,-40.40652070027221],[-71.80680809841134,-40.406539979231084],[-71.80751564085384,-40.40654117761369],[-71.80800691092705,-40.40654198778055],[-71.80845700739746,-40.40658744821122],[-71.8087018726411,-40.4068426506424],[-71.80874268349675,-40.4069052675395],[-71.80880086836618,-40.40699478728316],[-71.80884738005822,-40.40708873578359],[-71.8088938917435,-40.40718720004096],[-71.80893452159526,-40.4072855380363],[-71.80895768694275,-40.40738841911295],[-71.80898664362473,-40.40749133619163],[-71.80900944700996,-40.40768801293202],[-71.80904401404317,-40.40788027490336],[-71.80908437240703,-40.408072572462736],[-71.80913061258894,-40.408264845028064],[-71.80916536058817,-40.408385634320034],[-71.80918273458636,-40.40845716786666],[-71.80946029891962,-40.40950204021513]]]},"id":"37,789","properties":{"area_m2":506430.9498779751,"cell_size_m":7000,"grid_id":"37,789"}},{"type":"Feature","geometry":{"type":"Polygon","coordinates":[[[-71.70006816627014,-40.41211031171176],[-71.67535374738864,-40.41268524895816],[-71.67364885629061,-40.36961129910525],[-71.67380469672051,-40.36963459231956],[-71.67440615908276,-40.36974351602404],[-71.67528227885904,-40.36986224849876],[-71.67598367996487,-40.36986419603999],[-71.67643966231023,-40.36983416004729],[-71.6768013155217,-40.36998269166712],[-71.67743744400651,-40.370167796788834],[-71.67825398966943,-40.37052766224073],[-71.6790428324289,-40.370561116863335],[-71.67955557016391,-40.37089338365437],[-71.68022717935582,-40.37101591959314],[-71.68113225183652,-40.3711972215488],[-71.68213282568841,-40.370949691402366],[-71.68244758081177,-40.37113382560584],[-71.68246867310586,-40.37162114198314],[-71.68256019373122,-40.37204159972188],[-71.68271146070344,-40.37218953696783],[-71.68290373531892,-40.372324150222326],[-71.68328384850761,-40.37228492915619],[-71.68367500525353,-40.37237991858045],[-71.68395499752137,-40.37249686809776],[-71.68456096769069,-40.37289191136939],[-71.68528389390232,-40.3732872361997],[-71.6870137143123,-40.3733456186086],[-71.68774007505613,-40.37298550753539],[-71.68824899734885,-40.37289300906187],[-71.68883269096729,-40.37307339673124],[-71.68928784092131,-40.37322654100203],[-71.68976725037827,-40.37319658653723],[-71.69037529192391,-40.373162417973],[-71.69134524124772,-40.37322761442832],[-71.69216338201002,-40.37325664756013],[-71.69258268062842,-40.37359301657691],[-71.69309648365005,-40.373724030738906],[-71.69313577017661,-40.37407279675291],[-71.69313423130353,-40.37440360390916],[-71.69306244739288,-40.3747744274754],[-71.6925609553245,-40.37580124606099],[-71.69223607133802,-40.37654239424528],[-71.6920207189736,-40.37762808898186],[-71.69188774176044,-40.37859782568153],[-71.69199347177499,-40.37977376866827],[-71.69235990567313,-40.38016816596629],[-71.69263310143248,-40.38049961697541],[-71.69306489148593,-40.380679633691045],[-71.6934087842504,-40.38088616662966],[-71.69347749034281,-40.38121711573389],[-71.69329481719598,-40.38153403880725],[-71.69316030162284,-40.38156047089173],[-71.69280817109453,-40.38186801081048],[-71.69223308410567,-40.38235371958866],[-71.69199138976303,-40.38278224424314],[-71.69163283090128,-40.38322381826387],[-71.69100605350644,-40.38350380039043],[-71.69034025963656,-40.38337685882855],[-71.6898271765115,-40.38307149357758],[-71.68906949937477,-40.38259115648],[-71.68849621634433,-40.38267898502668],[-71.68819097191889,-40.38295087780043],[-71.68773844563451,-40.38346814893746],[-71.68730302768104,-40.384092818687144],[-71.68725007140436,-40.3841642461848],[-71.68676848573001,-40.38465018524802],[-71.68678233585412,-40.385441466531695],[-71.68710876410152,-40.38565245353967],[-71.68779194497344,-40.3858107038507],[-71.68819504546735,-40.3858788767686],[-71.68860973243781,-40.385951499351485],[-71.6890718529743,-40.38589015499448],[-71.69022248956836,-40.38610336171669],[-71.69095146841708,-40.38649424559745],[-71.69121905294803,-40.38679442446834],[-71.69146916643916,-40.38707225680076],[-71.69152501875642,-40.38764460636247],[-71.6912353469923,-40.388336700937806],[-71.69119397822276,-40.388434927799175],[-71.69103348183152,-40.38901114108189],[-71.69101881718277,-40.3896637665149],[-71.69117514954695,-40.389990540515846],[-71.69143657837287,-40.39036224437161],[-71.6915623139776,-40.39099737308844],[-71.6913788250697,-40.39149304913541],[-71.69128468173257,-40.391613505387895],[-71.6909962770732,-40.39203740835714],[-71.69046264631938,-40.39239364031751],[-71.69022837354663,-40.39248240316332],[-71.68961462878745,-40.392444999945276],[-71.68920374504421,-40.39281043151303],[-71.68898087728802,-40.39295290000172],[-71.68860647360312,-40.39300996518158],[-71.68840714148773,-40.39312120930404],[-71.68821939623375,-40.39327716211555],[-71.68821830995424,-40.393509655153935],[-71.68843375531935,-40.393693462178895],[-71.6889068293975,-40.393797595365776],[-71.6892049218435,-40.39382069845994],[-71.68947974962421,-40.393821489701665],[-71.68981848631763,-40.39389389549519],[-71.690034835868,-40.393894465237224],[-71.69043195913022,-40.393980468308875],[-71.69085823018388,-40.394093353367374],[-71.69103864161521,-40.39428159217805],[-71.69112011187303,-40.39436675985248],[-71.69130667868778,-40.39447902358597],[-71.69157507763244,-40.394595921911375],[-71.6918785990093,-40.394708471870935],[-71.69202415881911,-40.394847447785565],[-71.69208236462063,-40.3949012742712],[-71.69212889304556,-40.39495499971011],[-71.69216383462108,-40.39498192576861],[-71.69258295219471,-40.395389887127784],[-71.69258286167262,-40.39541666057814],[-71.69258847404257,-40.395470325774454],[-71.69259381484615,-40.39556871893912],[-71.69261526858166,-40.3960023362556],[-71.69262097147315,-40.396029227773816],[-71.6926251354891,-40.396395757847344],[-71.69263020472582,-40.39658357315734],[-71.69264342094978,-40.39753570912235],[-71.69275892710382,-40.39783553602742],[-71.6928336983074,-40.39810839356917],[-71.69290765479597,-40.39856907653905],[-71.69287207964503,-40.39868072281536],[-71.6928247366265,-40.3987967676178],[-71.69277160019037,-40.39891291947337],[-71.69271846374569,-40.39902004183075],[-71.69265953387965,-40.39912719601203],[-71.69258892665306,-40.399229809475806],[-71.69251243547386,-40.399332439948836],[-71.69243594427695,-40.399426040999906],[-71.69235375016635,-40.39951524932081],[-71.6922655815712,-40.3996044598705],[-71.69217171005339,-40.39968461265576],[-71.69207195456357,-40.39976034315039],[-71.69197219904362,-40.39983163410505],[-71.69186665006684,-40.39989392780388],[-71.69180781057115,-40.39998762584898],[-71.69175476449374,-40.40008136689911],[-71.69171339578924,-40.40017964823993],[-71.69167782050968,-40.400268943637265],[-71.69167193655721,-40.40028235383068],[-71.69164224522629,-40.40038502476553],[-71.69161255389268,-40.4004922852008],[-71.69159453994202,-40.400599496212756],[-71.69158231942218,-40.400706750267254],[-71.69157598285615,-40.40081398691595],[-71.69158132367609,-40.40092132466562],[-71.69187805587556,-40.401252914308394],[-71.69198034604729,-40.40189689404197],[-71.69200297661196,-40.402057915353815],[-71.69240154586312,-40.403131804948984],[-71.69251659949117,-40.40355680270491],[-71.69247450670507,-40.40380250042219],[-71.6923311196257,-40.40447713055218],[-71.69228866472723,-40.4048167345906],[-71.69242662049672,-40.40534462120341],[-71.69261816528845,-40.40564464173335],[-71.69303176044521,-40.405998903841905],[-71.69338660639141,-40.40640210157617],[-71.69401591387653,-40.406899995008835],[-71.69458692429075,-40.40735744233457],[-71.69491868559487,-40.407711494451554],[-71.69550209586512,-40.408003565664046],[-71.69602675688128,-40.40837150485673],[-71.6965867202545,-40.40869931273415],[-71.69718777913828,-40.408982518371644],[-71.69757303558173,-40.409144497821465],[-71.69780567377065,-40.409422242343084],[-71.69782269165506,-40.40954298365399],[-71.69785138670288,-40.4096592365072],[-71.69788596558998,-40.40978006084579],[-71.69792633779387,-40.409896414150076],[-71.6979726843537,-40.410008250770346],[-71.69802482422574,-40.41012013024552],[-71.69808275740719,-40.41022761396768],[-71.69815245825265,-40.41033054886591],[-71.69829720061064,-40.41065728219794],[-71.69848258660234,-40.41105564768302],[-71.69901267409716,-40.41152638354601],[-71.69948564249648,-40.41169748160717],[-71.69992303582647,-40.411971325497404],[-71.70006816627014,-40.41211031171176]]]},"id":"38,789","properties":{"area_m2":6825842.963187062,"cell_size_m":7000,"grid_id":"38,789"}},{"type":"Feature","geometry":{"type":"Polygon","coordinates":[[[-71.67364885629061,-40.36961129910525],[-71.67535374738864,-40.41268524895816],[-71.59293524280449,-40.41456423672602],[-71.5905191554985,-40.35156445653519],[-71.6561740391833,-40.35007429436341],[-71.65635004617009,-40.35065251463182],[-71.656591494853,-40.35144450370618],[-71.65683339602057,-40.3521380744047],[-71.65684489356421,-40.35216939482134],[-71.65713305628083,-40.3529570362821],[-71.65701355433617,-40.3534707745482],[-71.65671461822366,-40.35365316174585],[-71.65643912961897,-40.35383110127782],[-71.65633347881874,-40.35392471881253],[-71.6560752815211,-40.35413846195095],[-71.65620103051043,-40.35468425573061],[-71.65632741317624,-40.35511826956794],[-71.65698313565251,-40.3560187109509],[-71.65743706179275,-40.356377635930876],[-71.65758145978735,-40.356713324846936],[-71.65759304783688,-40.35674465785888],[-71.65760364003805,-40.356945901030855],[-71.6576091624676,-40.35702186536446],[-71.65765225552116,-40.357741725430415],[-71.65771354542179,-40.35832753530232],[-71.65771345489019,-40.35834536305092],[-71.65753049047099,-40.35986477627337],[-71.65737993629926,-40.360744965731065],[-71.65701328274078,-40.361593173405254],[-71.6566422832489,-40.36215978553469],[-71.6566245389974,-40.36220001775825],[-71.65659792261833,-40.36284366866354],[-71.65682099315809,-40.36379201398433],[-71.65765560519104,-40.36401347606082],[-71.65816412090423,-40.36398819417795],[-71.65868494810516,-40.363860060990504],[-71.65959134664267,-40.36374207760819],[-71.66074362440892,-40.363530834365186],[-71.66131605004378,-40.36359066599803],[-71.66174100052808,-40.363922672321124],[-71.66216640312281,-40.36416531864266],[-71.66285895992071,-40.36473952267179],[-71.66310909478696,-40.364986168569395],[-71.66346714129203,-40.365832056523594],[-71.66359270643547,-40.366440353995195],[-71.66364919715507,-40.36682943675352],[-71.66395165772005,-40.36713431427004],[-71.66447084634669,-40.36731911507129],[-71.66492086952175,-40.36731593033162],[-71.66549962504693,-40.36728629631755],[-71.66640736299476,-40.36689553192649],[-71.66701526630052,-40.366892860723766],[-71.66773814019396,-40.367256989205096],[-71.66801796484506,-40.36740534487505],[-71.6684956850014,-40.36771071392066],[-71.66889699837185,-40.36810521013497],[-71.66935072722998,-40.368531156715655],[-71.66989326373736,-40.36873834120455],[-71.67022658874822,-40.36871251744865],[-71.6706485404352,-40.368467826882075],[-71.67101191998283,-40.36825879842321],[-71.67195214235026,-40.36840896353648],[-71.67246525314638,-40.36865182430823],[-71.67295328704469,-40.369256649013316],[-71.67353021805003,-40.36959356629034],[-71.67364885629061,-40.36961129910525]]]},"id":"39,789","properties":{"area_m2":4.640366113948154E7,"cell_size_m":7000,"grid_id":"39,789"}},{"type":"Feature","geometry":{"type":"Polygon","coordinates":[[[-71.59293524280449,-40.41456423672602],[-71.5105090996918,-40.41638453866775],[-71.50816961708621,-40.35338073375641],[-71.5905191554985,-40.35156445653519],[-71.59293524280449,-40.41456423672602]]]},"id":"40,789","properties":{"area_m2":4.892644009074643E7,"cell_size_m":7000,"grid_id":"40,789"}},{"type":"Feature","geometry":{"type":"Polygon","coordinates":[[[-71.5105090996918,-40.41638453866775],[-71.42807555967718,-40.4181461391619],[-71.42581270798897,-40.35513843911548],[-71.50816961708621,-40.35338073375641],[-71.5105090996918,-40.41638453866775]]]},"id":"41,789","properties":{"area_m2":4.893001184487186E7,"cell_size_m":7000,"grid_id":"41,789"}},{"type":"Feature","geometry":{"type":"Polygon","coordinates":[[[-71.42807555967718,-40.4181461391619],[-71.34563486452434,-40.419849023088304],[-71.34344866911718,-40.35683755754576],[-71.42581270798897,-40.35513843911548],[-71.42807555967718,-40.4181461391619]]]},"id":"42,789","properties":{"area_m2":4.893346654652148E7,"cell_size_m":7000,"grid_id":"42,789"}},{"type":"Feature","geometry":{"type":"Polygon","coordinates":[[[-71.34563486452434,-40.419849023088304],[-71.26318725612964,-40.42149317582838],[-71.26107774151306,-40.35847807448044],[-71.34344866911718,-40.35683755754576],[-71.34563486452434,-40.419849023088304]]]},"id":"43,789","properties":{"area_m2":4.89368041627514E7,"cell_size_m":7000,"grid_id":"43,789"}},{"type":"Feature","geometry":{"type":"Polygon","coordinates":[[[-71.26318725612964,-40.42149317582838],[-71.18073297651766,-40.423078583265564],[-71.17870016634626,-40.360059975852884],[-71.26107774151306,-40.35847807448044],[-71.26318725612964,-40.42149317582838]]]},"id":"44,789","properties":{"area_m2":4.89400246617106E7,"cell_size_m":7000,"grid_id":"44,789"}},{"type":"Feature","geometry":{"type":"Polygon","coordinates":[[[-71.18073297651766,-40.423078583265564],[-71.09827226783673,-40.42460523178556],[-71.09631618490943,-40.361583248097055],[-71.17870016634626,-40.360059975852884],[-71.18073297651766,-40.423078583265564]]]},"id":"45,789","properties":{"area_m2":4.894312801269793E7,"cell_size_m":7000,"grid_id":"45,789"}},{"type":"Feature","geometry":{"type":"Polygon","coordinates":[[[-71.06158423425583,-40.36220780551541],[-71.09631618490943,-40.361583248097055],[-71.09827226783673,-40.42460523178556],[-71.09771884022766,-40.42461527806997],[-71.07954922263372,-40.39170590332659],[-71.06724950436313,-40.378505342366466],[-71.06158423425583,-40.36220780551541]]]},"id":"46,789","properties":{"area_m2":1.0809681664958853E7,"cell_size_m":7000,"grid_id":"46,789"}},{"type":"Feature","geometry":{"type":"Polygon","coordinates":[[[-71.75341406334479,-40.30396174512083],[-71.75263403527134,-40.28476408344486],[-71.75733788908894,-40.28465199210824],[-71.7573871143762,-40.28478851050597],[-71.75696292110017,-40.285887337084226],[-71.75651130443507,-40.28648545447025],[-71.75651130443507,-40.28649435202391],[-71.75647971839626,-40.28715592607355],[-71.75664117822993,-40.287706069209136],[-71.7571468257421,-40.288337501688815],[-71.75760622487356,-40.288821239165244],[-71.75787855159234,-40.28939399215404],[-71.75802924075506,-40.28969829824509],[-71.75823712833169,-40.29033347787012],[-71.75793140593728,-40.29095429110176],[-71.75748069566416,-40.291275193005184],[-71.75681377001469,-40.29166717002546],[-71.75605407585931,-40.29188459181584],[-71.75600719450804,-40.291947087393034],[-71.75563187193983,-40.29242905982662],[-71.75587569137652,-40.29279614554735],[-71.756299795572,-40.293364818758576],[-71.7567530416101,-40.29396921151073],[-71.7574497432489,-40.29503017797314],[-71.75790914195058,-40.295549682842605],[-71.7585142512236,-40.29612310397209],[-71.75935828898139,-40.29681776322118],[-71.7600220417688,-40.29733775158287],[-71.76059800504218,-40.297906639249284],[-71.76066199084224,-40.29796936110681],[-71.76090544447781,-40.29848841261646],[-71.76090363441429,-40.29899804800586],[-71.76063348231904,-40.299453428197985],[-71.76027056407383,-40.29969854532758],[-71.75970953329715,-40.299862828162404],[-71.75887400380748,-40.30003095355078],[-71.75787384538314,-40.30051613922297],[-71.75702636459327,-40.30078701090401],[-71.7561483815685,-40.30139312210904],[-71.7555449874637,-40.30193719959129],[-71.75499336100141,-40.302727289191026],[-71.75463387562183,-40.30363846238256],[-71.75436471385049,-40.30378992688896],[-71.75375697217615,-40.30394060135833],[-71.75341406334479,-40.30396174512083]]]},"id":"37,790","properties":{"area_m2":807389.7228943813,"cell_size_m":7000,"grid_id":"37,790"}},{"type":"Feature","geometry":{"type":"MultiPolygon","coordinates":[[[[-71.67263015684047,-40.34384001669081],[-71.67254272754026,-40.341625068934334],[-71.67304381449293,-40.34204651618616],[-71.67361965901375,-40.342566654900935],[-71.67364871826904,-40.342602506839036],[-71.67371751898794,-40.342870931810985],[-71.67379835981444,-40.34306337881786],[-71.67379709243322,-40.343331571645244],[-71.67368456706646,-40.34365312297076],[-71.67347336689865,-40.34382683234689],[-71.67322179138426,-40.34390214185023],[-71.6728071756912,-40.34386073561651],[-71.67263015684047,-40.34384001669081]]],[[[-71.71797163097462,-40.28558409608927],[-71.75263403527134,-40.28476408344486],[-71.75341406334479,-40.30396174512083],[-71.75284585530824,-40.303996778577186],[-71.7519059550719,-40.30397243350261],[-71.75081861788107,-40.30433220102129],[-71.74975408463246,-40.304817170516294],[-71.7489344586265,-40.305423369016815],[-71.74824126845355,-40.30654383124181],[-71.74739240488529,-40.30711870257096],[-71.7467851931948,-40.307121817943084],[-71.7461795189932,-40.30669584707705],[-71.74554433823062,-40.30633682734576],[-71.74514872986406,-40.30596937387246],[-71.74433226001072,-40.305699337137625],[-71.74339251614812,-40.30560784799053],[-71.74236524800801,-40.30551620191122],[-71.74148269989881,-40.30572879432486],[-71.74039053085468,-40.30581575509608],[-71.73930170698627,-40.3065151286707],[-71.73821396559076,-40.30696863851263],[-71.7373032576943,-40.30690849909493],[-71.7363010416197,-40.30636079593672],[-71.73578359533974,-40.305787386911575],[-71.73533710832321,-40.30499962954643],[-71.73485097712594,-40.303876471827905],[-71.73424256539758,-40.302694943691804],[-71.73381933752762,-40.301938447818465],[-71.73336687410537,-40.301186454244295],[-71.73281955454,-40.300787306848825],[-71.73203364656966,-40.30021324665801],[-71.73148587221098,-40.29993929547396],[-71.73135825115266,-40.299737829778564],[-71.73103322452982,-40.29924536371376],[-71.73078458935369,-40.29863680981558],[-71.73045920011303,-40.298242648371044],[-71.72951679139216,-40.2973955925129],[-71.72894194970077,-40.29660747921472],[-71.72869394651727,-40.295851402441514],[-71.72839525630178,-40.29463927680082],[-71.72804243944695,-40.29380700410084],[-71.72791065347425,-40.293185315054394],[-71.72699864964052,-40.29206111554978],[-71.72588081693675,-40.29130292842618],[-71.72415138191877,-40.29021704510452],[-71.72300348892833,-40.28970021936237],[-71.72188383228966,-40.2894248554232],[-71.72102729690114,-40.28903388028668],[-71.72021158131051,-40.28866982856634],[-71.71964061539401,-40.28839570916085],[-71.71945678008765,-40.28767110363796],[-71.71896881497054,-40.28709325464879],[-71.71836535200363,-40.286215591009544],[-71.71797163097462,-40.28558409608927]]],[[[-71.67212990393246,-40.33116456426937],[-71.67037626963148,-40.28669318132543],[-71.70076664889045,-40.28598726795842],[-71.70057831005379,-40.28639890798543],[-71.70049376445381,-40.287033447132366],[-71.7002791416395,-40.28803424319475],[-71.69985541731775,-40.288819912311716],[-71.6993106668979,-40.289243205214035],[-71.69857935297945,-40.289607860875634],[-71.69782604091945,-40.28966851831704],[-71.69669932835767,-40.289665532257985],[-71.6958239894377,-40.289609623736354],[-71.69463888365482,-40.28961095672904],[-71.69294848021892,-40.29036646853672],[-71.69182338040795,-40.29130223913092],[-71.69112626740281,-40.2918188532989],[-71.6902462065263,-40.292786574968716],[-71.68961336146671,-40.293303473203316],[-71.68885305866955,-40.29360983505318],[-71.6880712095718,-40.29351386135529],[-71.68727750004103,-40.29345808027271],[-71.68646604594724,-40.2934559272335],[-71.68582359811646,-40.29351678705259],[-71.68498063804532,-40.294001745781706],[-71.68434063148912,-40.29479124676984],[-71.68433438530873,-40.29487615156437],[-71.68427970859403,-40.29533641558455],[-71.68430822376921,-40.295479529669805],[-71.68437113819463,-40.29575684400384],[-71.68454983320251,-40.29624465508909],[-71.68452439587445,-40.29670056330505],[-71.68431103002442,-40.29739281608609],[-71.68403574532832,-40.29757540498828],[-71.68333915905909,-40.29797130051969],[-71.68197784692708,-40.298182209889056],[-71.68118765327239,-40.29860914532387],[-71.68085370558815,-40.298849590672546],[-71.68076290869418,-40.29954674478409],[-71.68082437538783,-40.300123605732786],[-71.6806116408325,-40.30066833906505],[-71.68003544634071,-40.301516124039686],[-71.67979944620247,-40.302034054797375],[-71.67961332553001,-40.30311975856251],[-71.6793119655232,-40.30387892454784],[-71.67879479164408,-40.304579314331164],[-71.6774008714043,-40.305482887345164],[-71.67628133140603,-40.30639175756308],[-71.67524842182445,-40.30748406851114],[-71.67446219533105,-40.30827311368617],[-71.6734892091791,-40.309030264814716],[-71.6729504806934,-40.30933270566832],[-71.67258656009956,-40.30972956268948],[-71.67222064749869,-40.31054209455722],[-71.67176882363982,-40.310978899607974],[-71.67164570583188,-40.31109033845926],[-71.67170101832328,-40.311725294660555],[-71.67181671283367,-40.311940180613284],[-71.67188623815389,-40.31206109755611],[-71.67197839539187,-40.31233399592948],[-71.67230936459379,-40.31272390277701],[-71.67254808588413,-40.312863124215134],[-71.67279857557855,-40.31299793897898],[-71.67306617476883,-40.31320878549563],[-71.673127642888,-40.313767724897794],[-71.67267591078974,-40.31420904232409],[-71.67236956546625,-40.31475804505853],[-71.67209888777349,-40.31518192249579],[-71.67182658036049,-40.31594110531149],[-71.6717725352789,-40.31625835439799],[-71.67170626893574,-40.316664918386856],[-71.67178448494595,-40.31740278327699],[-71.67243610326,-40.317905261022545],[-71.67258683168224,-40.318138208013416],[-71.67279558817094,-40.31845612714639],[-71.67279730819352,-40.31930103414867],[-71.67268297193748,-40.32000702620333],[-71.67267093177522,-40.3200651026374],[-71.67274833281076,-40.320977274480754],[-71.67306563160427,-40.32178730730925],[-71.67370339673627,-40.322754639235214],[-71.6739172220466,-40.32323804459283],[-71.67424719351914,-40.32384694670739],[-71.67424999985947,-40.3244817072157],[-71.67449351768866,-40.32484452405839],[-71.67482647597805,-40.32484544511265],[-71.67534066865657,-40.32478874376693],[-71.67591922499479,-40.32472334620943],[-71.67649090031108,-40.32487694258636],[-71.67670626277588,-40.32502949767716],[-71.67698454092825,-40.32545493906217],[-71.67703668410846,-40.32554451541112],[-71.67722090517432,-40.32612174615575],[-71.67718876833727,-40.32672509264081],[-71.67686015768403,-40.327054983938524],[-71.6766781090526,-40.32725567323561],[-71.67652548143086,-40.32742064117621],[-71.67649424979143,-40.32784521500356],[-71.6764997719076,-40.32790329175308],[-71.67655589832906,-40.32839072209203],[-71.676273002963,-40.32890847810871],[-71.67570558202688,-40.32909018094274],[-71.67527920094695,-40.32908898231722],[-71.67476537028111,-40.32906076177639],[-71.67436840929463,-40.32899702466053],[-71.6739476391837,-40.32905842975762],[-71.67358390073662,-40.329388199515996],[-71.67349409765403,-40.329843932927666],[-71.6733686267742,-40.33042474794263],[-71.6732199808365,-40.330965161851374],[-71.67288611566217,-40.331152012391414],[-71.67228474107588,-40.331087700691484],[-71.67212990393246,-40.33116456426937]]]]},"id":"38,790","properties":{"area_m2":8332547.413693616,"cell_size_m":7000,"grid_id":"38,790"}},{"type":"Feature","geometry":{"type":"Polygon","coordinates":[[[-71.6561740391833,-40.35007429436341],[-71.5905191554985,-40.35156445653519],[-71.58811067967501,-40.288563868212364],[-71.67037626963148,-40.28669318132543],[-71.67212990393246,-40.33116456426937],[-71.6719802964741,-40.33123883138742],[-71.67119161799305,-40.33127240197562],[-71.6706745219955,-40.33190118858903],[-71.67059530991504,-40.33257600279114],[-71.66997799820959,-40.3333878353616],[-71.66973710239385,-40.33366427463841],[-71.66928473198959,-40.33420839807245],[-71.66953848316463,-40.33487065090083],[-71.66957098285519,-40.335402734880844],[-71.66963734015224,-40.33616290894095],[-71.6694785533648,-40.3363859484002],[-71.66905804864992,-40.337551475811736],[-71.66902790265101,-40.33775253249268],[-71.6690441977859,-40.337994017055216],[-71.66949810750008,-40.33835290272464],[-71.66956183948854,-40.33846039983124],[-71.67017245287836,-40.33903430890248],[-71.67122493227343,-40.34005210090995],[-71.67179987466801,-40.34074660873907],[-71.67246778791899,-40.341562039120404],[-71.67254272754026,-40.341625068934334],[-71.67263015684047,-40.34384001669081],[-71.67241600613185,-40.34381495134065],[-71.67211780806085,-40.34386328361899],[-71.67139983219072,-40.34372710383839],[-71.67077337864544,-40.34399800311403],[-71.66964358660927,-40.34445523294451],[-71.66861943767593,-40.34480990278648],[-71.66772428927501,-40.34508007059922],[-71.6672317212528,-40.345440747420504],[-71.66662218881697,-40.34584133241548],[-71.66589560079586,-40.34626388490572],[-71.66542131702985,-40.34647263418915],[-71.6649473041774,-40.34662321572265],[-71.66434510047456,-40.34671533177918],[-71.66338077562159,-40.34677510816767],[-71.66325801683136,-40.34679268363406],[-71.66166260109729,-40.34686843741446],[-71.6603291742376,-40.347137239625695],[-71.65940430935142,-40.347478723037746],[-71.65861886022098,-40.34798154826851],[-71.65854254227817,-40.348061756447855],[-71.6577139980798,-40.348998080279436],[-71.65690582148576,-40.34937118321357],[-71.6568413628225,-40.34939783424545],[-71.65619722816587,-40.34969099417521],[-71.65611520615134,-40.349721999376285],[-71.65616617568371,-40.35004846086244],[-71.6561740391833,-40.35007429436341]]]},"id":"39,790","properties":{"area_m2":4.815476477141293E7,"cell_size_m":7000,"grid_id":"39,790"}},{"type":"Feature","geometry":{"type":"Polygon","coordinates":[[[-71.5905191554985,-40.35156445653519],[-71.50816961708621,-40.35338073375641],[-71.50583750518824,-40.29037612809727],[-71.58811067967501,-40.288563868212364],[-71.5905191554985,-40.35156445653519]]]},"id":"40,790","properties":{"area_m2":4.892715212076057E7,"cell_size_m":7000,"grid_id":"40,790"}},{"type":"Feature","geometry":{"type":"Polygon","coordinates":[[[-71.50816961708621,-40.35338073375641],[-71.42581270798897,-40.35513843911548],[-71.42355698609728,-40.29212994546907],[-71.50583750518824,-40.29037612809727],[-71.50816961708621,-40.35338073375641]]]},"id":"41,790","properties":{"area_m2":4.893072403143976E7,"cell_size_m":7000,"grid_id":"41,790"}},{"type":"Feature","geometry":{"type":"Polygon","coordinates":[[[-71.42581270798897,-40.35513843911548],[-71.34344866911718,-40.35683755754576],[-71.34126936246358,-40.293825305314414],[-71.42355698609728,-40.29212994546907],[-71.42581270798897,-40.35513843911548]]]},"id":"42,790","properties":{"area_m2":4.893417888454563E7,"cell_size_m":7000,"grid_id":"42,790"}},{"type":"Feature","geometry":{"type":"Polygon","coordinates":[[[-71.34344866911718,-40.35683755754576],[-71.26107774151306,-40.35847807448044],[-71.25897487447968,-40.295462193118],[-71.34126936246358,-40.293825305314414],[-71.34344866911718,-40.35683755754576]]]},"id":"43,790","properties":{"area_m2":4.8937516647107005E7,"cell_size_m":7000,"grid_id":"43,790"}},{"type":"Feature","geometry":{"type":"Polygon","coordinates":[[[-71.26107774151306,-40.35847807448044],[-71.17870016634626,-40.360059975852884],[-71.17667376246469,-40.29704059486301],[-71.25897487447968,-40.295462193118],[-71.26107774151306,-40.35847807448044]]]},"id":"44,790","properties":{"area_m2":4.894073728728229E7,"cell_size_m":7000,"grid_id":"44,790"}},{"type":"Feature","geometry":{"type":"Polygon","coordinates":[[[-71.12876411038022,-40.29793240382058],[-71.17667376246469,-40.29704059486301],[-71.17870016634626,-40.360059975852884],[-71.09631618490943,-40.361583248097055],[-71.0957085689288,-40.34195729008701],[-71.11590658449097,-40.330935947701356],[-71.12876411038022,-40.29793240382058]]]},"id":"45,790","properties":{"area_m2":3.942869812750191E7,"cell_size_m":7000,"grid_id":"45,790"}},{"type":"Feature","geometry":{"type":"Polygon","coordinates":[[[-71.0957085689288,-40.34195729008701],[-71.09631618490943,-40.361583248097055],[-71.06158423425583,-40.36220780551541],[-71.06092617424682,-40.3603142058058],[-71.09567181290386,-40.34197734006532],[-71.0957085689288,-40.34195729008701]]]},"id":"46,790","properties":{"area_m2":3579908.5019171666,"cell_size_m":7000,"grid_id":"46,790"}},{"type":"Feature","geometry":{"type":"Polygon","coordinates":[[[-71.75733788908894,-40.28465199210824],[-71.75263403527134,-40.28476408344486],[-71.75008097721377,-40.221771094799415],[-71.82762636141413,-40.219901240894785],[-71.8276274133297,-40.21992020528336],[-71.8276215318487,-40.21993359959912],[-71.82759085766142,-40.22052815239906],[-71.82739676870855,-40.22118942373717],[-71.82698723610402,-40.22171184767822],[-71.82674727110636,-40.22203784213845],[-71.82641374479374,-40.222493353484296],[-71.82641220655438,-40.223101276348814],[-71.82637673656218,-40.223266622505534],[-71.82629403355477,-40.22367778124279],[-71.82616400701048,-40.22434364135454],[-71.82604610537271,-40.22485758766847],[-71.82598122778361,-40.2251256795153],[-71.82583400899313,-40.22567979444216],[-71.82590947333556,-40.22581401530807],[-71.82607786552659,-40.226131714294425],[-71.82616464040365,-40.22640449165943],[-71.8262916809525,-40.22689200716156],[-71.82595833513045,-40.22725358492925],[-71.82568995710497,-40.227293415529836],[-71.82531933084084,-40.22852666293469],[-71.82501439630964,-40.22916097884469],[-71.82498915097479,-40.22989408669799],[-71.82498326944489,-40.229920916047476],[-71.82498697933299,-40.23073894983018],[-71.82448297706286,-40.231681476069596],[-71.82380442767959,-40.23243591235786],[-71.82326024794227,-40.23310119259706],[-71.82277551638643,-40.23334187853211],[-71.82232073490357,-40.23328304223006],[-71.8215913277472,-40.233407107731935],[-71.82071578358706,-40.233647155426546],[-71.81962370264587,-40.234132711448204],[-71.81880724097394,-40.234100136391994],[-71.81804905087178,-40.23407216075392],[-71.81735148542523,-40.23315903220651],[-71.81683941766431,-40.23273806765304],[-71.81623351348469,-40.232464425537856],[-71.81550391138586,-40.23264654065655],[-71.81419654131768,-40.23295291426179],[-71.81272049523658,-40.233102482913104],[-71.81086610763913,-40.23292064408974],[-71.8096534609895,-40.232735414788806],[-71.80874349790402,-40.23273833718766],[-71.80802039392262,-40.232705858981596],[-71.80773987510527,-40.23288421436179],[-71.80744189145906,-40.23307151342121],[-71.80686791245779,-40.23391993037575],[-71.80629447536626,-40.234558199054064],[-71.80559851301132,-40.23519184457103],[-71.80504923466837,-40.235526193517046],[-71.8043839460259,-40.23564571138238],[-71.80381131889163,-40.23598003808924],[-71.80370553478433,-40.23628390563609],[-71.8036289792836,-40.236525106365214],[-71.80377874209584,-40.23717804158634],[-71.80395212300405,-40.23773713067876],[-71.80395782394045,-40.23776847212995],[-71.8039750172401,-40.23787579505926],[-71.80407790554554,-40.238609048913524],[-71.80411220163998,-40.23885945274016],[-71.80426142127979,-40.23970911545364],[-71.80429273115291,-40.24101000740073],[-71.80416794409697,-40.24179658616672],[-71.8037176605948,-40.24218473329013],[-71.80302196409644,-40.24267528058923],[-71.80235458992587,-40.243492211683076],[-71.80150614042519,-40.244371462070156],[-71.8002316521083,-40.24531247359467],[-71.79938564026546,-40.24534231380249],[-71.79874984039583,-40.245309936370305],[-71.79825891805471,-40.24561755191678],[-71.79772048623359,-40.246188756067],[-71.79729236441949,-40.24694800911081],[-71.79708124432013,-40.24730973197122],[-71.79723146266487,-40.24779728489687],[-71.79745778547158,-40.24819997966722],[-71.79751009035976,-40.24828052803265],[-71.79810888117782,-40.24897898300354],[-71.79820100274266,-40.249399375170675],[-71.79850858722521,-40.24994525514107],[-71.79881155629397,-40.25008885813244],[-71.79889897204718,-40.25012921721637],[-71.79923578490192,-40.25064391091669],[-71.79920501748768,-40.25118924866257],[-71.79877210155693,-40.251586293686145],[-71.79871807751692,-40.25210030846201],[-71.79846578422432,-40.25256481342582],[-71.79835438780403,-40.25276127459846],[-71.79847519545545,-40.25334263891546],[-71.79874133409808,-40.25409862583581],[-71.79891037410017,-40.25415252089405],[-71.79932419595521,-40.254309715608706],[-71.79965503587218,-40.25488694231296],[-71.79919850203488,-40.25536901481933],[-71.7982629902247,-40.25603787297101],[-71.79759687301869,-40.25634069282448],[-71.79611305824847,-40.25694609745024],[-71.79450634614044,-40.25764063414217],[-71.79332024265199,-40.25819730548928],[-71.79308061428337,-40.258308653721194],[-71.79169044043083,-40.258797862248606],[-71.79029519283291,-40.2590054817547],[-71.78872066790227,-40.25873440455098],[-71.78778041971796,-40.25897401332468],[-71.78687419523199,-40.25954905477249],[-71.78673365509597,-40.259714182945864],[-71.78626506687014,-40.26028108171734],[-71.78540508171672,-40.260985811149844],[-71.78523540111604,-40.26112854886709],[-71.78523386267817,-40.26161128239],[-71.78559937720641,-40.262278058810395],[-71.78609891607191,-40.26301659527188],[-71.78656488015717,-40.26330359644404],[-71.78711129435605,-40.263975116582536],[-71.78747146749947,-40.26448989613043],[-71.78766313736425,-40.264767382375176],[-71.78780711592674,-40.26537116997979],[-71.78757164623912,-40.2660367948467],[-71.78696342415952,-40.26646034639124],[-71.78639004189645,-40.2669421220362],[-71.78571738428388,-40.26742814459605],[-71.78519033393343,-40.26800824328444],[-71.78399179794528,-40.26869893222568],[-71.78296339186093,-40.26909488696264],[-71.7815673823483,-40.26949013979792],[-71.77993263356652,-40.26970155497185],[-71.77817507026265,-40.27000667190448],[-71.77717569563144,-40.27042943411958],[-71.77629885337647,-40.27088376873673],[-71.77587206047255,-40.27109301923968],[-71.77539748347498,-40.27166432589453],[-71.77511413062831,-40.27264275001995],[-71.77469303761099,-40.272914609037976],[-71.77410850203303,-40.27319061808267],[-71.77296341014272,-40.27355048686642],[-71.7719641098411,-40.27394193722472],[-71.77123359239178,-40.274217664449154],[-71.77011772198344,-40.2745507062162],[-71.76930004806971,-40.274732383510226],[-71.7687222902885,-40.274731215948194],[-71.76793474974224,-40.27460892667372],[-71.76741590590309,-40.27442907220894],[-71.7668439368462,-40.274454779619035],[-71.76651071010262,-40.27461053379632],[-71.7664212945029,-40.27515570000607],[-71.7664201179817,-40.27549097609128],[-71.76620743907647,-40.2762460571572],[-71.7658741211743,-40.2764286360728],[-71.76526766814374,-40.276275414992035],[-71.76463143877424,-40.276274146286994],[-71.76381411297626,-40.27633952652678],[-71.76302610794941,-40.27636924080742],[-71.76244861045359,-40.276274180688205],[-71.76181147050572,-40.27654997928084],[-71.76151172468693,-40.27715286117918],[-71.76144538597632,-40.2777517400408],[-71.76147796706373,-40.278458168039144],[-71.76136013211543,-40.27876186458044],[-71.760990969968,-40.27918134349944],[-71.76032984376513,-40.279613615291325],[-71.76002466636808,-40.28009129344116],[-71.75978365566397,-40.28057803866053],[-71.75960111007315,-40.281033635741295],[-71.75941784035061,-40.28167250777646],[-71.75920642388992,-40.28203419216478],[-71.75832853728046,-40.28270288078363],[-71.7576900316582,-40.28333634149596],[-71.75730312650477,-40.28379148642985],[-71.75717904524538,-40.2842114604153],[-71.75733788908894,-40.28465199210824]]]},"id":"37,791","properties":{"area_m2":2.615682553132661E7,"cell_size_m":7000,"grid_id":"37,791"}},{"type":"Feature","geometry":{"type":"Polygon","coordinates":[[[-71.70076664889045,-40.28598726795842],[-71.67037626963148,-40.28669318132543],[-71.66789928115185,-40.22369592463648],[-71.75008097721377,-40.221771094799415],[-71.75263403527134,-40.28476408344486],[-71.71797163097462,-40.28558409608927],[-71.7179131387384,-40.285490278415075],[-71.71780280077934,-40.285346994068654],[-71.7174254428683,-40.28484987456859],[-71.71729265695171,-40.28449190121537],[-71.71715996149666,-40.28412052030414],[-71.71696942665996,-40.28361048360653],[-71.71691955267728,-40.28298003672831],[-71.71690832876725,-40.282881624694475],[-71.71690344093534,-40.282644685538436],[-71.71685483415853,-40.28169685941365],[-71.71698291345251,-40.280391841102976],[-71.71706292904258,-40.27939964214215],[-71.71679590861494,-40.27903243170363],[-71.71676115068564,-40.27897421278394],[-71.71624783719146,-40.278910393144464],[-71.71584983991224,-40.2791552814184],[-71.7155162893983,-40.27936459957378],[-71.71518681175976,-40.280003002061726],[-71.71467059928867,-40.28060967937161],[-71.71394275914301,-40.281577992390005],[-71.71333883434424,-40.28221573356415],[-71.71294029043685,-40.28260812529581],[-71.7118522803041,-40.2831552490247],[-71.71109347709321,-40.28315784021974],[-71.71051869358226,-40.283791165010044],[-71.70972847775914,-40.284307780143905],[-71.70918501092846,-40.28445839761338],[-71.70806304416703,-40.28473272347347],[-71.70700190176923,-40.284457395027],[-71.7061560086989,-40.28433898916316],[-71.70530522544856,-40.28400151968354],[-71.7048217652342,-40.28376337587436],[-71.7042150175867,-40.28369925846412],[-71.70360899297314,-40.283460798165024],[-71.70309629256327,-40.28324486790595],[-71.7024007422139,-40.28345764746909],[-71.70212402428609,-40.28400237725367],[-71.70167124554618,-40.2847611397482],[-71.7010379697991,-40.285394250027174],[-71.70076664889045,-40.28598726795842]]]},"id":"38,791","properties":{"area_m2":4.8500667467189305E7,"cell_size_m":7000,"grid_id":"38,791"}},{"type":"Feature","geometry":{"type":"Polygon","coordinates":[[[-71.67037626963148,-40.28669318132543],[-71.58811067967501,-40.288563868212364],[-71.5857097884051,-40.225562472482146],[-71.66789928115185,-40.22369592463648],[-71.67037626963148,-40.28669318132543]]]},"id":"39,791","properties":{"area_m2":4.892417481114238E7,"cell_size_m":7000,"grid_id":"39,791"}},{"type":"Feature","geometry":{"type":"Polygon","coordinates":[[[-71.58811067967501,-40.288563868212364],[-71.50583750518824,-40.29037612809727],[-71.50351273791705,-40.227370722384606],[-71.5857097884051,-40.225562472482146],[-71.58811067967501,-40.288563868212364]]]},"id":"40,791","properties":{"area_m2":4.89278639069926E7,"cell_size_m":7000,"grid_id":"40,791"}},{"type":"Feature","geometry":{"type":"Polygon","coordinates":[[[-71.50583750518824,-40.29037612809727],[-71.42355698609728,-40.29212994546907],[-71.42130836877011,-40.22912065888759],[-71.50351273791705,-40.227370722384606],[-71.50583750518824,-40.29037612809727]]]},"id":"41,791","properties":{"area_m2":4.8931435974204E7,"cell_size_m":7000,"grid_id":"41,791"}},{"type":"Feature","geometry":{"type":"Polygon","coordinates":[[[-71.42355698609728,-40.29212994546907],[-71.34126936246358,-40.293825305314414],[-71.33909692018128,-40.23081226703079],[-71.42130836877011,-40.22912065888759],[-71.42355698609728,-40.29212994546907]]]},"id":"42,791","properties":{"area_m2":4.89348909787142E7,"cell_size_m":7000,"grid_id":"42,791"}},{"type":"Feature","geometry":{"type":"Polygon","coordinates":[[[-71.34126936246358,-40.293825305314414],[-71.25897487447968,-40.295462193118],[-71.25687863149773,-40.23244553235024],[-71.33909692018128,-40.23081226703079],[-71.34126936246358,-40.293825305314414]]]},"id":"43,791","properties":{"area_m2":4.893822888754541E7,"cell_size_m":7000,"grid_id":"43,791"}},{"type":"Feature","geometry":{"type":"Polygon","coordinates":[[[-71.25897487447968,-40.295462193118],[-71.17667376246469,-40.29704059486301],[-71.17465374219248,-40.234020440878666],[-71.25687863149773,-40.23244553235024],[-71.25897487447968,-40.295462193118]]]},"id":"44,791","properties":{"area_m2":4.89414496688767E7,"cell_size_m":7000,"grid_id":"44,791"}},{"type":"Feature","geometry":{"type":"Polygon","coordinates":[[[-71.0950936887178,-40.23548863152671],[-71.17465374219248,-40.234020440878666],[-71.17667376246469,-40.29704059486301],[-71.12876411038022,-40.29793240382058],[-71.12983521949032,-40.295181490260134],[-71.12855859018316,-40.273214142798906],[-71.10021367016869,-40.25332359560688],[-71.0950936887178,-40.23548863152671]]]},"id":"45,791","properties":{"area_m2":3.5831099509869955E7,"cell_size_m":7000,"grid_id":"45,791"}},{"type":"Feature","geometry":{"type":"Polygon","coordinates":[[[-71.82762636141413,-40.219901240894785],[-71.75008097721377,-40.221771094799415],[-71.7475359546658,-40.15877728412231],[-71.81169852417996,-40.15723581003706],[-71.81189107595317,-40.15756507380123],[-71.81272854871892,-40.15810284854305],[-71.813853048125,-40.15810021289216],[-71.81459894185465,-40.158070125058174],[-71.81525724161378,-40.15810241277251],[-71.81623659006199,-40.15788941320013],[-71.81688918572813,-40.157890458367085],[-71.81751807240917,-40.15801214362691],[-71.81792978891531,-40.15875486319874],[-71.81810868183327,-40.15938105581215],[-71.81816496476388,-40.16012320987204],[-71.81828531247598,-40.160896811969145],[-71.8185570447742,-40.16166611547114],[-71.81885176049408,-40.16259194497888],[-71.81890958156889,-40.16277082116047],[-71.81953828328069,-40.16297748846335],[-71.81994420603385,-40.16372911388456],[-71.819953797604,-40.164524876329935],[-71.82024968835236,-40.16499923170607],[-71.82063651758492,-40.16633644973614],[-71.82140836491523,-40.16755806558699],[-71.82195933427154,-40.168537907096955],[-71.82304814970088,-40.168897230595356],[-71.82498706981806,-40.16950368681517],[-71.8260749700141,-40.170198279682936],[-71.82780340528751,-40.171108336695156],[-71.8286112478384,-40.171963352298484],[-71.82876823761133,-40.17213792028711],[-71.82889373888975,-40.17319317692324],[-71.82844285699262,-40.174037357900026],[-71.82795261381688,-40.17434961072335],[-71.82725280801456,-40.17452737564317],[-71.82625621094684,-40.1745303148286],[-71.82541144453774,-40.174439633563146],[-71.82494553716576,-40.174309303946195],[-71.8244199088589,-40.174746605358685],[-71.82332087326677,-40.17608162534502],[-71.82247275107059,-40.177260450388694],[-71.82189463681905,-40.1777155819592],[-71.82092480685407,-40.17859471509323],[-71.81953421138242,-40.17992922371153],[-71.81895572983699,-40.18047370335491],[-71.818564917135,-40.18059380190717],[-71.8179872482095,-40.18086557781223],[-71.81729357357985,-40.1808958375869],[-71.81656478829937,-40.1809840224242],[-71.81583563939859,-40.18122876124921],[-71.81477892250136,-40.1818663507858],[-71.81392679603613,-40.18231651948742],[-71.8129588420324,-40.1824714066219],[-71.81186926815104,-40.182348963169645],[-71.81138551461277,-40.18234812700101],[-71.81035357700114,-40.18244480166897],[-71.80971770848389,-40.18265389607792],[-71.80880738362306,-40.18305023062573],[-71.80814155987743,-40.18353194133887],[-71.80744089606833,-40.183986768775796],[-71.80686954128193,-40.184017118930996],[-71.8062285078645,-40.18398473017617],[-71.805325231318,-40.18395638417872],[-71.80468935277698,-40.18413861354572],[-71.80307996902627,-40.18438179113711],[-71.80201868527352,-40.18453192927021],[-71.80102119478092,-40.1848073698603],[-71.80047290397886,-40.18495843389509],[-71.79999365777407,-40.185382287218296],[-71.79990542789028,-40.185677180281104],[-71.79984054497564,-40.18592743365076],[-71.79985013715071,-40.18662932836188],[-71.80023337145836,-40.18713962184295],[-71.8011404630632,-40.18789661746433],[-71.802082481847,-40.188653746196614],[-71.80311254589333,-40.1892322052928],[-71.80377539392498,-40.189805535126325],[-71.80447163172742,-40.19095562785368],[-71.80529663626635,-40.19189572816893],[-71.80693053168959,-40.193351414368735],[-71.80737628615489,-40.194456325912284],[-71.8077241298482,-40.195145340064386],[-71.80819938289714,-40.19610726193927],[-71.8091704280044,-40.19701632932604],[-71.80943149032122,-40.19745930649022],[-71.80959391893384,-40.197741210830664],[-71.80959835291709,-40.19823301823549],[-71.80959744802256,-40.198559305473395],[-71.80972322833843,-40.199471512036375],[-71.81025847279668,-40.199865764049456],[-71.81071806744771,-40.200192850097814],[-71.81132271527802,-40.20080180401073],[-71.81162422436299,-40.201405831026186],[-71.81217005280895,-40.20219798298907],[-71.8126230390352,-40.20283348012251],[-71.81298978909759,-40.203044156480544],[-71.81344404099495,-40.203228220896484],[-71.81417274293403,-40.20325621815109],[-71.8154722406628,-40.20346833514842],[-71.81632300567703,-40.203648553478715],[-71.81643358143505,-40.20372921991906],[-71.81677689086763,-40.203984573332136],[-71.81682756381525,-40.20463729207267],[-71.81683896522733,-40.204744643289104],[-71.81645864647469,-40.20522235942152],[-71.81617198193237,-40.20558843548511],[-71.81626464120663,-40.2058300039436],[-71.81666703912852,-40.20579041985665],[-71.81726117913675,-40.20601486567366],[-71.81795566822073,-40.205743221397015],[-71.81877231305334,-40.20559254809438],[-71.81959556131093,-40.205164711018995],[-71.82153233084158,-40.20474297655391],[-71.82410936337335,-40.204742489253306],[-71.82547279333085,-40.205075324871316],[-71.8270753679995,-40.20537728777751],[-71.82789651358969,-40.205771867882724],[-71.82835029175558,-40.20616597644987],[-71.82889663437648,-40.20682836567225],[-71.8292043701748,-40.207338475160554],[-71.82932055144524,-40.20753082601385],[-71.82947057361464,-40.20816139278389],[-71.82935213030345,-40.208894341789566],[-71.82904765206962,-40.20937673430979],[-71.82868453990345,-40.21001539712669],[-71.82868408748334,-40.21022111307083],[-71.82868309215911,-40.21061893490532],[-71.82877484294302,-40.21122705165266],[-71.82904692819827,-40.21198290651199],[-71.82940714446724,-40.21252888268295],[-71.82971388444886,-40.21343675416363],[-71.82985811547623,-40.214071762446885],[-71.83001374737692,-40.21477385301637],[-71.83007509527957,-40.21589155268536],[-71.82974075811453,-40.216682348938136],[-71.82949491375484,-40.21704405621394],[-71.82871186607645,-40.21770898303569],[-71.828168147178,-40.218253528987574],[-71.8278348938126,-40.218588312145265],[-71.82759393412873,-40.219316622559994],[-71.82762636141413,-40.219901240894785]]]},"id":"37,792","properties":{"area_m2":4.125976375387935E7,"cell_size_m":7000,"grid_id":"37,792"}},{"type":"Feature","geometry":{"type":"Polygon","coordinates":[[[-71.75008097721377,-40.221771094799415],[-71.66789928115185,-40.22369592463648],[-71.66543008938085,-40.16069785370776],[-71.7475359546658,-40.15877728412231],[-71.75008097721377,-40.221771094799415]]]},"id":"38,792","properties":{"area_m2":4.892107993258416E7,"cell_size_m":7000,"grid_id":"38,792"}},{"type":"Feature","geometry":{"type":"Polygon","coordinates":[[[-71.66789928115185,-40.22369592463648],[-71.5857097884051,-40.225562472482146],[-71.5833164548996,-40.16256027007011],[-71.66543008938085,-40.16069785370776],[-71.66789928115185,-40.22369592463648]]]},"id":"39,792","properties":{"area_m2":4.89248861885882E7,"cell_size_m":7000,"grid_id":"39,792"}},{"type":"Feature","geometry":{"type":"Polygon","coordinates":[[[-71.5857097884051,-40.225562472482146],[-71.50351273791705,-40.227370722384606],[-71.50119528932714,-40.164364517313814],[-71.5833164548996,-40.16256027007011],[-71.5857097884051,-40.225562472482146]]]},"id":"40,792","properties":{"area_m2":4.892857544601045E7,"cell_size_m":7000,"grid_id":"40,792"}},{"type":"Feature","geometry":{"type":"Polygon","coordinates":[[[-71.50351273791705,-40.227370722384606],[-71.42130836877011,-40.22912065888759],[-71.41906683090656,-40.16611058003721],[-71.50119528932714,-40.164364517313814],[-71.50351273791705,-40.227370722384606]]]},"id":"41,792","properties":{"area_m2":4.893214766969927E7,"cell_size_m":7000,"grid_id":"41,792"}},{"type":"Feature","geometry":{"type":"Polygon","coordinates":[[[-71.42130836877011,-40.22912065888759],[-71.33909692018128,-40.23081226703079],[-71.33693131801468,-40.167798443332856],[-71.41906683090656,-40.16611058003721],[-71.42130836877011,-40.22912065888759]]]},"id":"42,792","properties":{"area_m2":4.893560282556046E7,"cell_size_m":7000,"grid_id":"42,792"}},{"type":"Feature","geometry":{"type":"Polygon","coordinates":[[[-71.33909692018128,-40.23081226703079],[-71.25687863149773,-40.23244553235024],[-71.25478898915773,-40.16942809278781],[-71.33693131801468,-40.167798443332856],[-71.33909692018128,-40.23081226703079]]]},"id":"43,792","properties":{"area_m2":4.8938940880620964E7,"cell_size_m":7000,"grid_id":"43,792"}},{"type":"Feature","geometry":{"type":"Polygon","coordinates":[[[-71.25687863149773,-40.23244553235024],[-71.17465374219248,-40.234020440878666],[-71.17264008296699,-40.17099951448417],[-71.25478898915773,-40.16942809278781],[-71.25687863149773,-40.23244553235024]]]},"id":"44,792","properties":{"area_m2":4.8942161803066574E7,"cell_size_m":7000,"grid_id":"44,792"}},{"type":"Feature","geometry":{"type":"Polygon","coordinates":[[[-71.09210000803394,-40.22505597298391],[-71.09048483819446,-40.17251269499925],[-71.17264008296699,-40.17099951448417],[-71.17465374219248,-40.234020440878666],[-71.0950936887178,-40.23548863152671],[-71.09210000803394,-40.22505597298391]]]},"id":"45,792","properties":{"area_m2":4.881306253875262E7,"cell_size_m":7000,"grid_id":"45,792"}},{"type":"Feature","geometry":{"type":"Polygon","coordinates":[[[-71.07095290994258,-40.172863837195486],[-71.09048483819446,-40.17251269499925],[-71.09210000803394,-40.22505597298391],[-71.09192944810381,-40.22446149068046],[-71.0742760171983,-40.21205522203191],[-71.06791180981924,-40.20757855458174],[-71.06788079827884,-40.199200995631486],[-71.0696206145967,-40.19815998786716],[-71.06954453689217,-40.19817725278601],[-71.07095290994258,-40.172863837195486]]]},"id":"46,792","properties":{"area_m2":8944685.02755171,"cell_size_m":7000,"grid_id":"46,792"}},{"type":"Feature","geometry":{"type":"Polygon","coordinates":[[[-71.81169852417996,-40.15723581003706],[-71.7475359546658,-40.15877728412231],[-71.7451136604158,-40.0986337241401],[-71.7454821595968,-40.09845076669826],[-71.74605398536157,-40.09808541338512],[-71.74690647271095,-40.097389893589344],[-71.74783996144127,-40.09681522519404],[-71.74866293895441,-40.09620904347309],[-71.7491087245882,-40.09568510665009],[-71.827021232793,-40.093808326752516],[-71.82706275431683,-40.094810339298284],[-71.8270232489349,-40.095002450974214],[-71.82643971389254,-40.09556936227809],[-71.82625774918695,-40.09617707686007],[-71.82622255063166,-40.09628880971583],[-71.8261345994687,-40.0965434827492],[-71.8259525441033,-40.097151171003844],[-71.82590992575963,-40.097902156747786],[-71.82635692041686,-40.09840351420834],[-71.82681015787858,-40.09870818267559],[-71.82719788396136,-40.09960282171975],[-71.82727408857026,-40.09990987703064],[-71.82766025740315,-40.10922623289619],[-71.82686345327721,-40.109844170068456],[-71.82653037950996,-40.110295142722734],[-71.82650006715572,-40.11078244978683],[-71.8262666166887,-40.11099665450714],[-71.82609695781126,-40.11131830069443],[-71.82588115158805,-40.1114878528471],[-71.8257003628654,-40.111585913780935],[-71.82541488296597,-40.11166144162079],[-71.82487993547076,-40.11138799584163],[-71.82450161701745,-40.11133375481],[-71.82414121420636,-40.11108733075458],[-71.8230883253172,-40.11071911678053],[-71.82239674299618,-40.110244221287736],[-71.82219912191758,-40.110105289677975],[-71.82158906559611,-40.10961710185646],[-71.82122874996533,-40.10937514211514],[-71.82060186132435,-40.10864995350663],[-71.82036931138406,-40.10853335325535],[-71.82008446009688,-40.10834520240217],[-71.81981716294526,-40.1081748685731],[-71.81960207634688,-40.10803597817712],[-71.81935812435366,-40.107807618783575],[-71.81905653210913,-40.10737794421504],[-71.81857414679916,-40.10708217750368],[-71.817643216186,-40.10686163145836],[-71.81745708402866,-40.106776439460525],[-71.81717241110672,-40.10654798835989],[-71.81695759418135,-40.10634642441973],[-71.81621939742374,-40.10588034431852],[-71.81550436382476,-40.10549478777564],[-71.81443479652052,-40.10490743158968],[-71.81354466403673,-40.104664556158625],[-71.81280555447805,-40.10459189187771],[-71.81220570536391,-40.10464903302906],[-71.81119286358842,-40.10459815975568],[-71.81104672381866,-40.10481702272802],[-71.81087714730835,-40.10509389272855],[-71.8108653837264,-40.105116194879265],[-71.81080638483179,-40.10541565487068],[-71.81073453646995,-40.106135281003255],[-71.81050469399457,-40.10713181626727],[-71.81012427718683,-40.10784646953144],[-71.80975064663092,-40.108203518905434],[-71.80938896025297,-40.10847558621659],[-71.80899261594007,-40.108635914779505],[-71.80781045728254,-40.10873231024989],[-71.80747872091356,-40.10867806320671],[-71.80673923532733,-40.108708158752414],[-71.8062266980563,-40.108778783290724],[-71.80588328676532,-40.10874245814187],[-71.80553317879995,-40.10902348952393],[-71.804658495397,-40.109478017221214],[-71.80426160226172,-40.10984396646801],[-71.80359703590732,-40.110115501358635],[-71.80289762900071,-40.11038705870125],[-71.80271447444841,-40.111298684986025],[-71.80235259911271,-40.11160205953931],[-71.80174576248345,-40.112057029775336],[-71.80108082892764,-40.112449257690045],[-71.80062565450642,-40.112801639794064],[-71.80040983102052,-40.11296218775545],[-71.80035562627306,-40.11357011422926],[-71.80065687424388,-40.114084733566244],[-71.80068004019202,-40.11413840328746],[-71.80077822397708,-40.11438891761491],[-71.80081297288547,-40.11447388404277],[-71.80098635540325,-40.114903344985606],[-71.80094445765313,-40.115305642479825],[-71.80092663074699,-40.11541740973503],[-71.80078021480006,-40.11571216745255],[-71.80077442331499,-40.11572113670366],[-71.80062230630251,-40.11596225524655],[-71.80071433665124,-40.116328990568896],[-71.80102743872092,-40.116812308592834],[-71.80150424009848,-40.11702325979695],[-71.80207940513311,-40.117480202681406],[-71.80227088527049,-40.11771299489953],[-71.80243910898268,-40.11793233864788],[-71.80257719895673,-40.11850035574625],[-71.80258869136995,-40.11854502200138],[-71.80259448282213,-40.11856743807315],[-71.80238354720696,-40.119023024488556],[-71.8024338604766,-40.11974288580006],[-71.80261185717805,-40.12061047043162],[-71.80302413588807,-40.121022400807334],[-71.80370987835828,-40.1215109145605],[-71.80380208879984,-40.12183287985577],[-71.80525464859095,-40.1229887027848],[-71.8058757760531,-40.12367377982655],[-71.80629909037616,-40.12429580701999],[-71.80716417732744,-40.12523158299692],[-71.80716852085432,-40.12575020180628],[-71.80719621083686,-40.126264354758746],[-71.8070328761012,-40.126353447028336],[-71.80685117176513,-40.126755494324165],[-71.80604128315221,-40.12691953647279],[-71.8055986939925,-40.126896474873554],[-71.80516207660608,-40.126833167413245],[-71.80488852306672,-40.126774568071696],[-71.80472573009496,-40.12670275423428],[-71.80459189412103,-40.12664440201141],[-71.80423101631335,-40.12658572136422],[-71.80374734168122,-40.12669218286884],[-71.80340944768689,-40.12674973983905],[-71.80304684920802,-40.127267651766246],[-71.80283663782254,-40.12747745963869],[-71.8023172169311,-40.12784315042586],[-71.80174476707496,-40.12845014854208],[-71.80123014047528,-40.12917341933318],[-71.800596063622,-40.130929225735],[-71.80054755990339,-40.13155951653312],[-71.80055923337365,-40.13356677068724],[-71.80032304912494,-40.13466607865196],[-71.80014106949474,-40.13513959639946],[-71.79999519614104,-40.135215306087254],[-71.79885770747099,-40.13580344620481],[-71.79901416896084,-40.13609877992591],[-71.7987851324798,-40.1367331744712],[-71.79842832028227,-40.137233225811215],[-71.79842759634131,-40.13747465645109],[-71.79863075220682,-40.137729845166355],[-71.79900892039852,-40.13787352939664],[-71.79977222334273,-40.13778099112561],[-71.79999365777407,-40.137745577844186],[-71.80023834852426,-40.137710227654296],[-71.80044865211111,-40.13751840336166],[-71.80086781099888,-40.13756832343926],[-71.80116444340293,-40.13772971146066],[-71.80157219939423,-40.13773045434977],[-71.80184068824158,-40.13753421780758],[-71.80215053151133,-40.137145843336256],[-71.80281555333241,-40.136771456899446],[-71.8032995913407,-40.13658004010945],[-71.80375439998795,-40.13641095115489],[-71.80409808504218,-40.13638913028881],[-71.80475631599593,-40.136372367573294],[-71.80517565021258,-40.1363730789471],[-71.80556584590731,-40.13637375634435],[-71.80625864116946,-40.13648665016877],[-71.80688754883671,-40.136545794727105],[-71.80778403421287,-40.136703765475865],[-71.80815069935385,-40.13681614714152],[-71.80847076184332,-40.13691500753227],[-71.80899478769108,-40.13699639334632],[-71.80952930945664,-40.13746664962288],[-71.80964486449278,-40.137793148698364],[-71.80998673341482,-40.13844192589517],[-71.81029403507627,-40.13893419527412],[-71.81063599379115,-40.139565057685],[-71.81135601521498,-40.14037990908838],[-71.81160567414241,-40.14064849991608],[-71.81183804951053,-40.14087686829944],[-71.81198871335604,-40.14117667805897],[-71.81223846227635,-40.14144527966097],[-71.81246386955769,-40.14207599412164],[-71.81249771230713,-40.14247837154932],[-71.81303259015063,-40.14283682968178],[-71.81329980251448,-40.14312337101827],[-71.81343327287978,-40.143315833794425],[-71.81357217248866,-40.143642379110005],[-71.81350186305252,-40.14377637066711],[-71.8133322878492,-40.14403543079233],[-71.81322695934237,-40.14420064269653],[-71.81316787039673,-40.14450457708296],[-71.81297449654237,-40.14491104805786],[-71.81297920194405,-40.14531337674347],[-71.81320524212012,-40.14574738187391],[-71.81335545287699,-40.1462035778216],[-71.81335445750474,-40.146570202004824],[-71.81331853361318,-40.14692776690585],[-71.81297386312289,-40.14727593299593],[-71.81282808612436,-40.147329283471024],[-71.81265317173575,-40.1473871381293],[-71.81216960036535,-40.14740423651717],[-71.81186555810986,-40.147806066707616],[-71.81150333119874,-40.14817208899241],[-71.81114083240873,-40.148658782025464],[-71.81041103766276,-40.149229761683884],[-71.80983253953666,-40.149863629125946],[-71.8093533073829,-40.15041272528184],[-71.80888601914353,-40.15087236099955],[-71.80883344464925,-40.15092597930265],[-71.80838316773055,-40.151497434099205],[-71.80843945238016,-40.152212754403045],[-71.80886258232184,-40.152977881999625],[-71.80930969142982,-40.15351960149961],[-71.80986828284253,-40.15375738163223],[-71.81052478259548,-40.15441115661273],[-71.81076132125158,-40.15527437924363],[-71.8111483429969,-40.15646413529388],[-71.81121222823397,-40.15654915535777],[-71.81159535840953,-40.157059395000324],[-71.81169852417996,-40.15723581003706]]]},"id":"37,793","properties":{"area_m2":3.831314014148061E7,"cell_size_m":7000,"grid_id":"37,793"}},{"type":"Feature","geometry":{"type":"Polygon","coordinates":[[[-71.7451136604158,-40.0986337241401],[-71.7475359546658,-40.15877728412231],[-71.66543008938085,-40.16069785370776],[-71.66296866682981,-40.097698969296864],[-71.66956116684158,-40.097547103504375],[-71.66974352990567,-40.09812992456206],[-71.67007133284366,-40.09895787887248],[-71.67079420009728,-40.099947924573435],[-71.6712821459211,-40.10016389896047],[-71.67170644999133,-40.10030816140718],[-71.67223585614525,-40.10037672322617],[-71.67258474954835,-40.10046262591004],[-71.67284211930452,-40.10020852873412],[-71.67309242772245,-40.10020030697721],[-71.67323183992411,-40.10027220821489],[-71.67331249981407,-40.10045126790191],[-71.67310166151944,-40.100709935091196],[-71.67282138850847,-40.10087454795134],[-71.67249440303021,-40.101079246699484],[-71.67225486695247,-40.10127084448672],[-71.67232882803498,-40.10162868857166],[-71.67239201631516,-40.1018032297767],[-71.67251848336711,-40.10213886681173],[-71.67256401873624,-40.10236247012409],[-71.6732497643458,-40.10260587570965],[-71.67354886667401,-40.10336663560813],[-71.67356461842354,-40.10371988333987],[-71.67425488832322,-40.10424483109628],[-71.67510231148047,-40.10477923765713],[-71.67626413136043,-40.10532342982597],[-71.67734809459749,-40.10631437061339],[-71.67769118895488,-40.10639129545884],[-71.67826575805123,-40.106786337510506],[-71.67933577378844,-40.107035162119445],[-71.68011963507206,-40.107497832602945],[-71.68179887895657,-40.108213241751166],[-71.68283330705934,-40.108605018383294],[-71.68375874043765,-40.10867461770496],[-71.68454539751198,-40.10853369259719],[-71.68565178361976,-40.10849646941447],[-71.68725686067108,-40.10888971186757],[-71.68850744122294,-40.10913893333675],[-71.69022194643189,-40.10981860512314],[-71.69053470236291,-40.110168092393344],[-71.69086465728623,-40.110602640512575],[-71.69095563245406,-40.11108123596561],[-71.69099537184788,-40.11130039156918],[-71.69080717545086,-40.111711161337325],[-71.69038090433136,-40.111987168629796],[-71.68973466214415,-40.11198544948034],[-71.68903528165664,-40.112126645675346],[-71.68855062079272,-40.112442714814726],[-71.6884363804931,-40.11322924789755],[-71.6884886123941,-40.11326513308048],[-71.6888948803476,-40.11355682550765],[-71.68961870231838,-40.114430484107245],[-71.69046536199969,-40.11519722674532],[-71.69149469375553,-40.11548601598713],[-71.6925655719517,-40.11558274165054],[-71.693694290106,-40.11578247815152],[-71.69450228663318,-40.1160975256861],[-71.69604821039368,-40.116749821976796],[-71.69739914521736,-40.116739966956914],[-71.69831304170286,-40.11680938575406],[-71.69947242654659,-40.116664862464255],[-71.70076025500803,-40.11644025178273],[-71.70161802001569,-40.116013241876345],[-71.70212139922124,-40.11541998565086],[-71.70277703115248,-40.11461700356149],[-71.70346217100939,-40.11372468191523],[-71.70417527978589,-40.113069308245144],[-71.70506698039893,-40.11288833804528],[-71.70577782273587,-40.11276945584914],[-71.70667205351565,-40.111967006029424],[-71.70795116409282,-40.11104485227943],[-71.70937745115152,-40.111075279569974],[-71.71065827102495,-40.11110528452277],[-71.71154932043484,-40.11104495909944],[-71.71221479988785,-40.110630855639585],[-71.71226539871925,-40.10967428568599],[-71.71321120620945,-40.10905076519929],[-71.7146433539647,-40.1090811544266],[-71.71630712489583,-40.109407076178215],[-71.71818151598168,-40.109496633889265],[-71.72027086829775,-40.10969388640314],[-71.72136238054625,-40.10902600615323],[-71.72263518839213,-40.10814389058719],[-71.72448066951306,-40.10672221760249],[-71.7255144204139,-40.10590206516878],[-71.72736079041154,-40.104234472560854],[-71.72824238111312,-40.10360176356413],[-71.72933250907695,-40.103237776177295],[-71.73045132559888,-40.102963214969904],[-71.73139056372321,-40.10247807629398],[-71.73209030658799,-40.10217570995127],[-71.73303044510472,-40.101449208302135],[-71.73363143721082,-40.10108848452214],[-71.73460551272711,-40.10059897040387],[-71.73511879740045,-40.100358739707794],[-71.73569561943432,-40.10020802172251],[-71.7366626290083,-40.10005827175074],[-71.7375136023004,-40.099783003766554],[-71.7388131379522,-40.09941940279824],[-71.73936062847085,-40.09933120190322],[-71.74029902634557,-40.09902488527579],[-71.74114935657406,-40.098932882704204],[-71.74217952482265,-40.098966461819195],[-71.74293608366492,-40.09902627771312],[-71.74378559242918,-40.09914884483628],[-71.7446306640958,-40.09887352540707],[-71.7451136604158,-40.0986337241401]]]},"id":"38,793","properties":{"area_m2":4.103040098256808E7,"cell_size_m":7000,"grid_id":"38,793"}},{"type":"Feature","geometry":{"type":"Polygon","coordinates":[[[-71.66543008938085,-40.16069785370776],[-71.5833164548996,-40.16256027007011],[-71.58093065250833,-40.09955726170281],[-71.66296866682981,-40.097698969296864],[-71.66543008938085,-40.16069785370776]]]},"id":"39,793","properties":{"area_m2":4.892559731536652E7,"cell_size_m":7000,"grid_id":"39,793"}},{"type":"Feature","geometry":{"type":"Polygon","coordinates":[[[-71.5833164548996,-40.16256027007011],[-71.50119528932714,-40.164364517313814],[-71.49888513360763,-40.10135751358146],[-71.58093065250833,-40.09955726170281],[-71.5833164548996,-40.16256027007011]]]},"id":"40,793","properties":{"area_m2":4.892928673432536E7,"cell_size_m":7000,"grid_id":"40,793"}},{"type":"Feature","geometry":{"type":"Polygon","coordinates":[[[-71.50119528932714,-40.164364517313814],[-71.41906683090656,-40.16611058003721],[-71.41683234753584,-40.10309970958548],[-71.49888513360763,-40.10135751358146],[-71.50119528932714,-40.164364517313814]]]},"id":"41,793","properties":{"area_m2":4.893285911442113E7,"cell_size_m":7000,"grid_id":"41,793"}},{"type":"Feature","geometry":{"type":"Polygon","coordinates":[[[-71.41906683090656,-40.16611058003721],[-71.33693131801468,-40.167798443332856],[-71.33477253183398,-40.10478383485999],[-71.41683234753584,-40.10309970958548],[-71.41906683090656,-40.16611058003721]]]},"id":"42,793","properties":{"area_m2":4.893631442158419E7,"cell_size_m":7000,"grid_id":"42,793"}},{"type":"Feature","geometry":{"type":"Polygon","coordinates":[[[-71.33693131801468,-40.167798443332856],[-71.25478898915773,-40.16942809278781],[-71.25270592417164,-40.10640987504297],[-71.33477253183398,-40.10478383485999],[-71.33693131801468,-40.167798443332856]]]},"id":"43,793","properties":{"area_m2":4.893965262283263E7,"cell_size_m":7000,"grid_id":"43,793"}},{"type":"Feature","geometry":{"type":"Polygon","coordinates":[[[-71.25478898915773,-40.16942809278781],[-71.17264008296699,-40.17099951448417],[-71.1706327623427,-40.107977816265596],[-71.25270592417164,-40.10640987504297],[-71.25478898915773,-40.16942809278781]]]},"id":"44,793","properties":{"area_m2":4.894287368634652E7,"cell_size_m":7000,"grid_id":"44,793"}},{"type":"Feature","geometry":{"type":"Polygon","coordinates":[[[-71.17264008296699,-40.17099951448417],[-71.09048483819446,-40.17251269499925],[-71.08855328426104,-40.1094876451526],[-71.1706327623427,-40.107977816265596],[-71.17264008296699,-40.17099951448417]]]},"id":"45,793","properties":{"area_m2":4.894597758135723E7,"cell_size_m":7000,"grid_id":"45,793"}},{"type":"Feature","geometry":{"type":"Polygon","coordinates":[[[-71.06130541392665,-40.10997596245963],[-71.08855328426104,-40.1094876451526],[-71.09048483819446,-40.17251269499925],[-71.07095290994258,-40.172863837195486],[-71.07122051002374,-40.16805198480627],[-71.06201431556616,-40.13625637025044],[-71.06130541392665,-40.10997596245963]]]},"id":"46,793","properties":{"area_m2":1.4679875218363764E7,"cell_size_m":7000,"grid_id":"46,793"}},{"type":"Feature","geometry":{"type":"Polygon","coordinates":[[[-71.82685765715223,-40.08985539407975],[-71.827021232793,-40.093808326752516],[-71.7491087245882,-40.09568510665009],[-71.74953994667736,-40.095178277220505],[-71.75047894870747,-40.09466170652006],[-71.75169009892767,-40.09457041689911],[-71.75256899908447,-40.09457234231036],[-71.75369253248579,-40.09453895785976],[-71.75444924551358,-40.09454053555809],[-71.75499661917523,-40.09448359905192],[-71.75563132891195,-40.09442238647572],[-71.75681485606653,-40.09390180108114],[-71.75817268953249,-40.09345314493204],[-71.7592676043525,-40.0932721484499],[-71.76005389897226,-40.09314859809369],[-71.76087458289325,-40.093150297216496],[-71.76153462194678,-40.092512332828825],[-71.762328332284,-40.091906040659694],[-71.76311507197596,-40.09163493852733],[-71.76435495463923,-40.09160169564073],[-71.76480900391067,-40.091602622866084],[-71.7658394589888,-40.0915420991965],[-71.76729517707577,-40.091388615680344],[-71.76811095554501,-40.09111748751085],[-71.76886926385725,-40.09063624312255],[-71.76980811929876,-40.090119525173286],[-71.77105521628648,-40.08966150581051],[-71.77166021043922,-40.089756567754556],[-71.77226420795684,-40.09017806214349],[-71.77275236454827,-40.090389051763005],[-71.77302594549603,-40.090389634626966],[-71.77399248168535,-40.09030207978112],[-71.77453375878483,-40.090298651651324],[-71.77526716472624,-40.09030013563565],[-71.77599432457049,-40.090422253310955],[-71.7767172293318,-40.090088310286966],[-71.77735225837688,-40.08990624450895],[-71.77805090652728,-40.089845024775435],[-71.77881389735361,-40.08969452056294],[-71.779624669278,-40.08915062643832],[-71.78035335773797,-40.08878542549914],[-71.78141299378532,-40.088693592832314],[-71.78202294582347,-40.08905684890271],[-71.78271968338966,-40.08960349384263],[-71.78335289064552,-40.089998125576294],[-71.78438310541472,-40.08999553812669],[-71.78523304821108,-40.089965832112604],[-71.78590299195373,-40.08978384251627],[-71.78710885096903,-40.089455241035736],[-71.78805253995226,-40.089206616148346],[-71.78944517294856,-40.08869504297777],[-71.79059880313653,-40.088299281249604],[-71.79238697602024,-40.08787778224498],[-71.79314432214508,-40.08762878100053],[-71.79337743489472,-40.08755321305705],[-71.79455367435665,-40.08736753638694],[-71.79506731626853,-40.086867772910615],[-71.79583651068434,-40.08657405198142],[-71.7967453341278,-40.08627615793832],[-71.79802056028132,-40.08607271821298],[-71.79887652990992,-40.08595797442288],[-71.79950527112723,-40.085900998442085],[-71.80025137938736,-40.08550436742942],[-71.80108535352099,-40.084911222005466],[-71.80163970621699,-40.084415938314834],[-71.80266488515433,-40.08412712515064],[-71.80296803126609,-40.08394883218567],[-71.80405682113737,-40.083807642812225],[-71.80491313656051,-40.083522932065414],[-71.80555951156543,-40.083407848505416],[-71.80618887306267,-40.083122770676844],[-71.80667833537335,-40.08289555018849],[-71.80738343487145,-40.08261069093251],[-71.80778557254234,-40.08239671644975],[-71.80812970570464,-40.08212907911361],[-71.80858477893754,-40.08173198603194],[-71.80917929598262,-40.081388714887],[-71.80976774912901,-40.08115721135063],[-71.81035574874286,-40.0810822018729],[-71.81123475999298,-40.081025537318496],[-71.81201486461086,-40.080932877072165],[-71.81237600507639,-40.08079933973719],[-71.81350512063293,-40.080783285490035],[-71.81412577957857,-40.08154431373552],[-71.81446882003664,-40.081652123015346],[-71.81500378505672,-40.081827315333236],[-71.81546934505369,-40.08183250525725],[-71.81562597937183,-40.082011626363865],[-71.81597336161978,-40.08268270450342],[-71.81654225691754,-40.08323796934788],[-71.81679815540912,-40.08330541027489],[-71.81714137396094,-40.083341726790735],[-71.81743826268632,-40.08332877314085],[-71.8176297335978,-40.08353917936542],[-71.81783875889413,-40.08372283656513],[-71.81785549900933,-40.084008944792565],[-71.8178434642239,-40.08416091807178],[-71.81779641092311,-40.08433968863162],[-71.81760982641956,-40.08448248697525],[-71.81721313038962,-40.084817093618845],[-71.81703812792352,-40.084977805836665],[-71.81693895378417,-40.08503568983057],[-71.81683977961389,-40.085120512956586],[-71.81665319454915,-40.085276700482176],[-71.81665283259935,-40.08538840938574],[-71.81669889070751,-40.08558519325665],[-71.8167161738073,-40.08564338162323],[-71.81677390478298,-40.08582676800436],[-71.81698274966705,-40.086072972103864],[-71.81867332042857,-40.087246852247326],[-71.81891139130501,-40.08745737040761],[-71.82003288280347,-40.08814754957271],[-71.82067298356782,-40.08822008532451],[-71.82181356139145,-40.08831123058163],[-71.82272149641548,-40.088312669225076],[-71.82373973060304,-40.088430387865],[-71.82464575993025,-40.08919622008423],[-71.82593173259862,-40.08935911614833],[-71.82614645297049,-40.08960087520829],[-71.82685765715223,-40.08985539407975]]]},"id":"37,794","properties":{"area_m2":4609378.768535164,"cell_size_m":7000,"grid_id":"37,794"}},{"type":"Feature","geometry":{"type":"Polygon","coordinates":[[[-71.66956116684158,-40.097547103504375],[-71.66296866682981,-40.097698969296864],[-71.66051498615245,-40.03469927216216],[-71.68934211668216,-40.03403330720736],[-71.68940986590191,-40.034837634064026],[-71.68942244859393,-40.03591059844133],[-71.68924873498327,-40.03702774183659],[-71.68889089733088,-40.03771078900869],[-71.68853948643878,-40.03823735147114],[-71.68806586869516,-40.03879492949026],[-71.68706676115042,-40.039793588294],[-71.68618324956387,-40.04093117968315],[-71.68621574762405,-40.04144981283867],[-71.68621945910147,-40.04191031179951],[-71.68630509464217,-40.042268206312244],[-71.68637244435415,-40.04280484720522],[-71.68632926450005,-40.043336710472595],[-71.68618750418474,-40.04381018876358],[-71.68580169132046,-40.0442293440002],[-71.68509542268298,-40.04477290060621],[-71.68484476122644,-40.04487947027234],[-71.68422032460231,-40.045333799491964],[-71.68357117359582,-40.04607411150718],[-71.68340189261939,-40.04621218225326],[-71.68306776611735,-40.04676120143785],[-71.68267570340625,-40.047274201671094],[-71.68247066465287,-40.04758209405407],[-71.68246297003934,-40.04799337968727],[-71.68246106901715,-40.04840462337836],[-71.68247645824411,-40.04884729082556],[-71.68234709819056,-40.049133003922],[-71.68195512515166,-40.04962820649666],[-71.68148249376465,-40.04993982079177],[-71.68118439436465,-40.0502340314082],[-71.68094486455838,-40.05046135598782],[-71.6803436856239,-40.050888894528676],[-71.67975382130021,-40.051379037961794],[-71.6795125704726,-40.05196394265977],[-71.67953981869869,-40.052366438831626],[-71.6794965474283,-40.05291612039757],[-71.67909696685291,-40.053759943256644],[-71.6789914137705,-40.05393849374142],[-71.6783902312945,-40.05436598454495],[-71.6778535928621,-40.05466400222534],[-71.67731559566766,-40.05525713672091],[-71.67686586084692,-40.05562690235103],[-71.67645505181663,-40.056399141766136],[-71.6761275267561,-40.05676037836255],[-71.6760204337765,-40.05725624189881],[-71.67589061857146,-40.057649345471596],[-71.67578307288197,-40.058230176290905],[-71.67545563768527,-40.058582407042124],[-71.67540231740841,-40.05878791894498],[-71.67503939529645,-40.059247322854176],[-71.67373924552778,-40.05983384335303],[-71.67300298661682,-40.06050228088133],[-71.67297374625015,-40.06052906138217],[-71.67211989019768,-40.061456501627816],[-71.6711592089888,-40.06281726451325],[-71.67085793183736,-40.06375968789932],[-71.67055095114175,-40.064666284888766],[-71.67018648475182,-40.065452118122955],[-71.6691147194993,-40.06689296931292],[-71.66887445675842,-40.0672364887096],[-71.66847631186457,-40.06776288708887],[-71.66808975417898,-40.0682803507669],[-71.66810532512956,-40.06866485815851],[-71.66808432245186,-40.06939350578525],[-71.66809853547096,-40.07006411973707],[-71.66808468456699,-40.07052006813282],[-71.66782595319619,-40.071069184298416],[-71.66752756995199,-40.071408101824815],[-71.6671306003244,-40.071679634405164],[-71.6670307467723,-40.07186266594973],[-71.66680234184378,-40.07216602108399],[-71.66650332397755,-40.072634556604584],[-71.66643678499715,-40.073139523760474],[-71.66626686158136,-40.07338040189261],[-71.66638798973638,-40.07360426533484],[-71.6666179339453,-40.07417713821929],[-71.66676124161408,-40.07462913051807],[-71.66709094860015,-40.0750324240299],[-71.6674729809982,-40.07546263717729],[-71.6680184174891,-40.075777159875365],[-71.66854683369836,-40.07602006645237],[-71.66916858395584,-40.07620513335768],[-71.67042756129838,-40.07700447904043],[-71.67064048343525,-40.07750132302354],[-71.67118618631658,-40.077775552191724],[-71.6719583887638,-40.078144304080595],[-71.67278327643025,-40.07845954627968],[-71.67328724267892,-40.07894381352685],[-71.67368474812098,-40.07978534650825],[-71.67388526594418,-40.08046099651061],[-71.67389712500805,-40.08162782817312],[-71.67381791369563,-40.0823786045242],[-71.67377518484268,-40.082780821629164],[-71.6734125325348,-40.08316872334789],[-71.67295663656074,-40.08356976687434],[-71.67198192597316,-40.0841437438418],[-71.67175442972197,-40.08425485777043],[-71.67149751176287,-40.08444186934964],[-71.67125752232712,-40.08472731720517],[-71.67032970035557,-40.08522533883506],[-71.66991372313113,-40.08578298912814],[-71.66893076552486,-40.086866506691884],[-71.66858539890538,-40.087267837284806],[-71.66820608364681,-40.08746797167422],[-71.66801407210646,-40.087467408693534],[-71.66755925507859,-40.087627005229194],[-71.66704658935963,-40.08772391328664],[-71.6667902109395,-40.0877812827086],[-71.66660263451271,-40.08806685748992],[-71.6666533308547,-40.08841121895839],[-71.66668555923951,-40.088952216178996],[-71.66717441637951,-40.090165114531786],[-71.66796011693424,-40.0937661068934],[-71.66938232165455,-40.096975515389325],[-71.66956116684158,-40.097547103504375]]]},"id":"38,794","properties":{"area_m2":7907469.400472411,"cell_size_m":7000,"grid_id":"38,794"}},{"type":"Feature","geometry":{"type":"Polygon","coordinates":[[[-71.66296866682981,-40.097698969296864],[-71.58093065250833,-40.09955726170281],[-71.57855235471908,-40.03655344810784],[-71.66051498615245,-40.03469927216216],[-71.66296866682981,-40.097698969296864]]]},"id":"39,794","properties":{"area_m2":4.8926308188048206E7,"cell_size_m":7000,"grid_id":"39,794"}},{"type":"Feature","geometry":{"type":"Polygon","coordinates":[[[-71.58093065250833,-40.09955726170281],[-71.49888513360763,-40.10135751358146],[-71.49658224508134,-40.03834971188524],[-71.57855235471908,-40.03655344810784],[-71.58093065250833,-40.09955726170281]]]},"id":"40,794","properties":{"area_m2":4.892999776847852E7,"cell_size_m":7000,"grid_id":"40,794"}},{"type":"Feature","geometry":{"type":"Polygon","coordinates":[[[-71.49888513360763,-40.10135751358146],[-71.41683234753584,-40.10309970958548],[-71.41460489381663,-40.04008804820112],[-71.49658224508134,-40.03834971188524],[-71.49888513360763,-40.10135751358146]]]},"id":"41,794","properties":{"area_m2":4.893357030494524E7,"cell_size_m":7000,"grid_id":"41,794"}},{"type":"Feature","geometry":{"type":"Polygon","coordinates":[[[-71.41683234753584,-40.10309970958548],[-71.33477253183398,-40.10478383485999],[-71.33262053763445,-40.041768442252994],[-71.41460489381663,-40.04008804820112],[-71.41683234753584,-40.10309970958548]]]},"id":"42,794","properties":{"area_m2":4.893702576335758E7,"cell_size_m":7000,"grid_id":"42,794"}},{"type":"Feature","geometry":{"type":"Polygon","coordinates":[[[-71.33477253183398,-40.10478383485999],[-71.25270592417164,-40.10640987504297],[-71.25062941337212,-40.04339087972948],[-71.33262053763445,-40.041768442252994],[-71.33477253183398,-40.10478383485999]]]},"id":"43,794","properties":{"area_m2":4.89403641107503E7,"cell_size_m":7000,"grid_id":"43,794"}},{"type":"Feature","geometry":{"type":"Polygon","coordinates":[[[-71.25270592417164,-40.10640987504297],[-71.1706327623427,-40.107977816265596],[-71.16863175799045,-40.04495534681066],[-71.25062941337212,-40.04339087972948],[-71.25270592417164,-40.10640987504297]]]},"id":"44,794","properties":{"area_m2":4.894358531527628E7,"cell_size_m":7000,"grid_id":"44,794"}},{"type":"Feature","geometry":{"type":"Polygon","coordinates":[[[-71.1706327623427,-40.107977816265596],[-71.08855328426104,-40.1094876451526],[-71.08662780856945,-40.046461830168454],[-71.16863175799045,-40.04495534681066],[-71.1706327623427,-40.107977816265596]]]},"id":"45,794","properties":{"area_m2":4.894668934619114E7,"cell_size_m":7000,"grid_id":"45,794"}},{"type":"Feature","geometry":{"type":"Polygon","coordinates":[[[-71.06328452074403,-40.0468800194164],[-71.08662780856945,-40.046461830168454],[-71.08855328426104,-40.1094876451526],[-71.06130541392665,-40.10997596245963],[-71.06034483356217,-40.074332881026],[-71.06328452074403,-40.0468800194164]]]},"id":"46,794","properties":{"area_m2":1.5711424015207788E7,"cell_size_m":7000,"grid_id":"46,794"}},{"type":"Feature","geometry":{"type":"MultiPolygon","coordinates":[[[[-71.65867593414234,-39.98734183962081],[-71.65860309065233,-39.98546469285796],[-71.65900977439225,-39.9859207189194],[-71.6592971204596,-39.98658764775233],[-71.65925529505498,-39.98680209005915],[-71.65908002663575,-39.98699384147915],[-71.65867593414234,-39.98734183962081]]],[[[-71.68934211668216,-40.03403330720736],[-71.66051498615245,-40.03469927216216],[-71.65873566113126,-39.988880902546654],[-71.65922143639024,-39.98894338530407],[-71.65990739053986,-39.98890960770925],[-71.66061660969947,-39.98888492468829],[-71.66145284179052,-39.989021479771736],[-71.66230545777962,-39.98938158558616],[-71.66369491479773,-39.99047193568677],[-71.66491607145046,-39.991535023154],[-71.66584626227943,-39.992677712589334],[-71.66642809419054,-39.99375680042348],[-71.6666359492526,-39.99403453474267],[-71.6668295911122,-39.99486211858935],[-71.66651328219118,-39.99536191693233],[-71.66616890888567,-39.9956470220461],[-71.66574903369539,-39.99593199869934],[-71.66543254268892,-39.99646303278235],[-71.66522043198623,-39.997056990776635],[-71.6653859199895,-39.99767892865449],[-71.66568068397547,-39.99802846768026],[-71.66571535674905,-39.99807328228784],[-71.66599219563165,-39.99852554913965],[-71.66679908279491,-39.998751424205764],[-71.66853452180034,-39.99927943016694],[-71.66968993712727,-39.99955101041886],[-71.6703625620815,-39.999892647084565],[-71.6708237122398,-40.000703132175],[-71.67087006259332,-40.00073901872884],[-71.67088101648453,-40.00088659900913],[-71.67089740205664,-40.00110572716893],[-71.67112517047816,-40.002085415255394],[-71.67125553071283,-40.00278761273954],[-71.67147868196804,-40.00352591719177],[-71.67172871982945,-40.00472473600497],[-71.67192299241886,-40.005427106757956],[-71.67189592462313,-40.00622725644895],[-71.67144726879837,-40.00764760599872],[-71.67139421946187,-40.0077994964079],[-71.67097860568109,-40.008397345319004],[-71.67111150075615,-40.008567601767],[-71.67119822653262,-40.008679588952724],[-71.67129563458025,-40.010177517199445],[-71.67134026483792,-40.01056660359699],[-71.67123968832591,-40.01093737623934],[-71.67036392000396,-40.01291527962576],[-71.67026705485254,-40.013706285435845],[-71.67021128948154,-40.01442145111464],[-71.67046938530031,-40.01515086223426],[-71.67089595360832,-40.015934402891254],[-71.67117133973377,-40.01669069614118],[-71.67130043255956,-40.017661166401645],[-71.67133501421968,-40.01893087349317],[-71.67151253938678,-40.01950361336529],[-71.67197939119684,-40.02035878800242],[-71.67230139816174,-40.02112869305755],[-71.67245176453469,-40.021298967936644],[-71.67295428284675,-40.02199329727821],[-71.67351528104466,-40.022634167049596],[-71.67373499074719,-40.02289857575456],[-71.67396646883863,-40.023122732466746],[-71.67414028098737,-40.02325283838286],[-71.67419233408717,-40.02331561303595],[-71.67429634973514,-40.023454472262024],[-71.67455688661121,-40.02369661556935],[-71.67464822836546,-40.02405447720487],[-71.67471096356964,-40.02430947673616],[-71.67467927912456,-40.024859326333576],[-71.674684077055,-40.025069441144154],[-71.67470037191262,-40.02531534747389],[-71.67494741996137,-40.02594191964589],[-71.67582281409621,-40.02651660883373],[-71.67664090268154,-40.02690781868971],[-71.67718596202178,-40.027244651367745],[-71.67797580310776,-40.0274568927637],[-71.6786444281437,-40.02748560923156],[-71.67900997156187,-40.02764757496234],[-71.6801407275143,-40.02835259335703],[-71.68079730831793,-40.028461624852596],[-71.6818145397894,-40.02856283599291],[-71.6826052750982,-40.028596297051],[-71.68294836401549,-40.0285837963592],[-71.6837674307907,-40.02879167534437],[-71.68436009422442,-40.02890056028432],[-71.68482475537432,-40.029022566831536],[-71.68563331672442,-40.02895769235216],[-71.68598246760592,-40.028918385555784],[-71.68601713825929,-40.028963177228476],[-71.68629604226047,-40.029022040781115],[-71.68660925452295,-40.02919278717762],[-71.68716543186763,-40.029659247968304],[-71.68752354295736,-40.030183281932295],[-71.6881187343179,-40.03102083571363],[-71.68855206916395,-40.03164788711809],[-71.6889272876183,-40.03224789703892],[-71.68920220615283,-40.033178495874225],[-71.6893160840959,-40.03372424016726],[-71.68934211668216,-40.03403330720736]]]]},"id":"38,795","properties":{"area_m2":5617831.85088208,"cell_size_m":7000,"grid_id":"38,795"}},{"type":"Feature","geometry":{"type":"Polygon","coordinates":[[[-71.65873566113126,-39.988880902546654],[-71.66051498615245,-40.03469927216216],[-71.57855235471908,-40.03655344810784],[-71.57618153515695,-39.9735488300138],[-71.6199663444691,-39.97256678898377],[-71.62019044132647,-39.97284886313815],[-71.62094818411938,-39.97347720396489],[-71.62143366737638,-39.973957140861636],[-71.62198859507092,-39.97447305271579],[-71.623303251265,-39.97527306200113],[-71.62369067548471,-39.97561861385978],[-71.62404360326029,-39.9759014024006],[-71.62444451717627,-39.97590265416946],[-71.62507277765943,-39.97578396823028],[-71.6254453512367,-39.97565558473635],[-71.62583096219224,-39.975272367389096],[-71.6261472189816,-39.97481735005995],[-71.6262722548649,-39.974258937171534],[-71.62672866713437,-39.97367478058757],[-71.62744103482154,-39.97302882785566],[-71.62801261192416,-39.97264621276292],[-71.62834471108484,-39.97247292929262],[-71.62845413779424,-39.97237450843137],[-71.65153435123531,-39.97184851871432],[-71.65163012846092,-39.97195956136189],[-71.65203354438277,-39.9726090635571],[-71.65205083621237,-39.972635904930485],[-71.65225906236225,-39.972824315391414],[-71.65268438650382,-39.973746504902714],[-71.65200158618231,-39.9754879857798],[-71.65153271466897,-39.9762733771161],[-71.65125016019194,-39.976978869149235],[-71.65119448217487,-39.977653743879785],[-71.65144082338014,-39.97833845686395],[-71.65163574152243,-39.97886211237229],[-71.65190272396771,-39.97893896488364],[-71.65215666943257,-39.97927050952316],[-71.65273662402072,-39.97950922094823],[-71.65346079631294,-39.97994950700145],[-71.65406944747133,-39.98024638082249],[-71.65496073963388,-39.98095984751241],[-71.65534215220171,-39.98138567252124],[-71.65558342054877,-39.9819541426346],[-71.65592916276562,-39.98253186044375],[-71.6560900382444,-39.98290341537468],[-71.6562335315014,-39.98326144922143],[-71.65739206754593,-39.98401592552549],[-71.65792466505246,-39.98443330200984],[-71.65831032921322,-39.985167579163225],[-71.65842611890596,-39.98526624705306],[-71.65860309065233,-39.98546469285796],[-71.65867593414234,-39.98734183962081],[-71.65862474475914,-39.98738592276468],[-71.65829276611322,-39.987528001913994],[-71.6580530387592,-39.98782678947415],[-71.65797509111945,-39.988291512300066],[-71.65810129205086,-39.98864055875812],[-71.6586522662901,-39.9888701756844],[-71.65873566113126,-39.988880902546654]]]},"id":"39,795","properties":{"area_m2":4.8160504128265284E7,"cell_size_m":7000,"grid_id":"39,795"}},{"type":"Feature","geometry":{"type":"Polygon","coordinates":[[[-71.57855235471908,-40.03655344810784],[-71.49658224508134,-40.03834971188524],[-71.49428659820401,-39.97534111292402],[-71.57618153515695,-39.9735488300138],[-71.57855235471908,-40.03655344810784]]]},"id":"40,795","properties":{"area_m2":4.893070854501551E7,"cell_size_m":7000,"grid_id":"40,795"}},{"type":"Feature","geometry":{"type":"Polygon","coordinates":[[[-71.49658224508134,-40.03834971188524],[-71.41460489381663,-40.04008804820112],[-71.41238444503617,-39.97707559655425],[-71.49428659820401,-39.97534111292402],[-71.49658224508134,-40.03834971188524]]]},"id":"41,795","properties":{"area_m2":4.8934281237788595E7,"cell_size_m":7000,"grid_id":"41,795"}},{"type":"Feature","geometry":{"type":"Polygon","coordinates":[[[-71.41460489381663,-40.04008804820112],[-71.33262053763445,-40.041768442252994],[-71.33047531153568,-39.978752266154125],[-71.41238444503617,-39.97707559655425],[-71.41460489381663,-40.04008804820112]]]},"id":"42,795","properties":{"area_m2":4.893773684740988E7,"cell_size_m":7000,"grid_id":"42,795"}},{"type":"Feature","geometry":{"type":"Polygon","coordinates":[[[-71.33262053763445,-40.041768442252994],[-71.25062941337212,-40.04339087972948],[-71.24855943371183,-39.98037110746271],[-71.33047531153568,-39.978752266154125],[-71.33262053763445,-40.041768442252994]]]},"id":"43,795","properties":{"area_m2":4.8941075340885274E7,"cell_size_m":7000,"grid_id":"43,795"}},{"type":"Feature","geometry":{"type":"Polygon","coordinates":[[[-71.25062941337212,-40.04339087972948],[-71.16863175799045,-40.04495534681066],[-71.16663704769665,-39.981932106708804],[-71.24855943371183,-39.98037110746271],[-71.25062941337212,-40.04339087972948]]]},"id":"44,795","properties":{"area_m2":4.8944296686371766E7,"cell_size_m":7000,"grid_id":"44,795"}},{"type":"Feature","geometry":{"type":"Polygon","coordinates":[[[-71.16863175799045,-40.04495534681066],[-71.08662780856945,-40.046461830168454],[-71.08470838974065,-39.98343525061127],[-71.16663704769665,-39.981932106708804],[-71.16863175799045,-40.04495534681066]]]},"id":"45,795","properties":{"area_m2":4.894740085314473E7,"cell_size_m":7000,"grid_id":"45,795"}},{"type":"Feature","geometry":{"type":"Polygon","coordinates":[[[-71.05719621130828,-39.98392698799246],[-71.08470838974065,-39.98343525061127],[-71.08662780856945,-40.046461830168454],[-71.06328452074403,-40.0468800194164],[-71.06536105742012,-40.02747448210473],[-71.05699324470828,-39.9847990118522],[-71.05719621130828,-39.98392698799246]]]},"id":"46,795","properties":{"area_m2":1.4082082136248073E7,"cell_size_m":7000,"grid_id":"46,795"}},{"type":"Feature","geometry":{"type":"MultiPolygon","coordinates":[[[[-71.65153435123531,-39.97184851871432],[-71.62845413779424,-39.97237450843137],[-71.62889944633011,-39.971973983861666],[-71.62955495081219,-39.97109095037141],[-71.63006939418216,-39.97050690415706],[-71.63078157372782,-39.969892288779874],[-71.63118555794668,-39.96932130218664],[-71.63166975892211,-39.96896518350835],[-71.63245599552184,-39.96861903177963],[-71.63334037369343,-39.9683938480645],[-71.63403815077591,-39.968275293857324],[-71.63449763080726,-39.96819181158817],[-71.63536353393238,-39.96814982232977],[-71.63624066146589,-39.96819285249415],[-71.6367806261214,-39.96826154570022],[-71.63749514542177,-39.9682906451398],[-71.63806453255994,-39.968292387345],[-71.63879688486338,-39.96824998710254],[-71.6394531848847,-39.96829229009614],[-71.64057991023697,-39.96838068681564],[-71.64110782661595,-39.96853437157708],[-71.64283144834553,-39.96891521470925],[-71.64378261431335,-39.969253423440826],[-71.64391026916367,-39.96928511095464],[-71.6448489382299,-39.969779775761],[-71.64531220593518,-39.97008517474967],[-71.6464628127537,-39.97006186532981],[-71.64661400558194,-39.97003549132993],[-71.6473864459606,-39.970091486524126],[-71.64842052826391,-39.97011701216002],[-71.64896020171206,-39.970261667683076],[-71.64955808753597,-39.970375214460205],[-71.65025927117017,-39.970748463991086],[-71.65112757800881,-39.9713769071709],[-71.65153435123531,-39.97184851871432]]],[[[-71.6199663444691,-39.97256678898377],[-71.57618153515695,-39.9735488300138],[-71.5738181675833,-39.910543408150296],[-71.5942463279792,-39.91008787511359],[-71.59420451461928,-39.91011925081663],[-71.5935008602927,-39.91032688895289],[-71.59283713663233,-39.910650857513524],[-71.59266110929457,-39.91095430040059],[-71.59268184502993,-39.91137458905222],[-71.59286710835619,-39.91146908018001],[-71.59306966643292,-39.911572621147435],[-71.59330590857951,-39.911868512667425],[-71.59397578863938,-39.91247442086242],[-71.5950019756922,-39.912706015351304],[-71.59563336940116,-39.91295408439222],[-71.59645156263326,-39.91301057066862],[-71.5970777018758,-39.91316473368631],[-71.59755253468508,-39.91337206682496],[-71.59859917468695,-39.91407754308761],[-71.59943827720537,-39.914536493673296],[-71.60027167318961,-39.914990862763354],[-71.60052113019525,-39.91503200485909],[-71.60117578418875,-39.915257764123886],[-71.60181857531308,-39.91554162951028],[-71.60239101061673,-39.91594590623696],[-71.60269524663993,-39.9165460282157],[-71.60276415243946,-39.91668036699505],[-71.60282083446647,-39.91691749060719],[-71.60262090804156,-39.91735493448584],[-71.6023514418044,-39.917769769420836],[-71.60195412358901,-39.91821098255398],[-71.60157246948744,-39.918951813710464],[-71.60117424489316,-39.91954055787958],[-71.60111692876374,-39.92039868072271],[-71.60083107234688,-39.92064362655825],[-71.60039508878369,-39.92072259414386],[-71.60006920994627,-39.920855598578605],[-71.59979983223299,-39.921256990519275],[-71.59966853881637,-39.921860061302844],[-71.59936475282014,-39.92317785762894],[-71.5986068712232,-39.924686306462384],[-71.59791861910072,-39.92620837965435],[-71.59779176179525,-39.927057358194396],[-71.59796805812344,-39.92768829022619],[-71.59800708416012,-39.92796114246925],[-71.59820710384624,-39.92852067490488],[-71.59799051394091,-39.9288194379162],[-71.5980642197185,-39.929119189555806],[-71.59818528187624,-39.929276145099536],[-71.59864345240477,-39.929371559566114],[-71.59950111699986,-39.92966064622715],[-71.60031739944209,-39.930101610397],[-71.6012055740846,-39.93014491547276],[-71.60221462603563,-39.9303763649121],[-71.60352818190556,-39.9311855561857],[-71.6047834211799,-39.93203028475286],[-71.60654371825376,-39.93291255489915],[-71.60809702049319,-39.933440877326056],[-71.60996749298904,-39.93436810264509],[-71.61038435939986,-39.934597473131525],[-71.61077179842134,-39.934884942052875],[-71.61154088031701,-39.93547310020761],[-71.61207961688937,-39.93571186708675],[-71.61250743649815,-39.93604413814134],[-71.61285458115486,-39.93628225193031],[-71.61326646411614,-39.93636404297112],[-71.61396672738059,-39.936795608848335],[-71.61434872970663,-39.93702933811548],[-71.61472593281287,-39.93707975370684],[-71.61516742108009,-39.93705442369784],[-71.61533619330895,-39.93699683364559],[-71.61556390892423,-39.936769616769084],[-71.61584966237811,-39.93656940238594],[-71.6162220650436,-39.9364409695208],[-71.61673408408566,-39.9362682880992],[-71.61707796487454,-39.93604141772039],[-71.61735203706957,-39.93584117903186],[-71.6176798912271,-39.93536835451272],[-71.61810580236705,-39.9350121542861],[-71.61857607862734,-39.9350270651437],[-71.61923214641789,-39.935069479918155],[-71.61977729921195,-39.93520093780658],[-71.62011837011079,-39.93547025789217],[-71.6203947939235,-39.93589584723924],[-71.62099064808747,-39.936326977993666],[-71.62146010545985,-39.93648501097268],[-71.62190692686572,-39.936553531367956],[-71.62238869655792,-39.9365997934329],[-71.6228469249018,-39.93669966255241],[-71.62334571493687,-39.93682640154399],[-71.62366396595357,-39.93702860525972],[-71.62387791376564,-39.937212616202935],[-71.62435895631955,-39.937384052600116],[-71.62454447395916,-39.937438339136826],[-71.62490337651164,-39.93765408313459],[-71.62517517884648,-39.93786506026277],[-71.62526037733471,-39.938227451936434],[-71.62513054243544,-39.93859811828376],[-71.62464551719873,-39.93915531613194],[-71.62398665316447,-39.939622606561656],[-71.62330261747881,-39.940451954428745],[-71.62262962641674,-39.94136616195895],[-71.62218869114429,-39.94235278231222],[-71.62168962777562,-39.94332570680064],[-71.62127349962778,-39.94400839335481],[-71.62069376236511,-39.94486030993442],[-71.62041842529693,-39.945288599876044],[-71.6195651596393,-39.94623353719246],[-71.61866426667108,-39.94738847304296],[-71.61800683964366,-39.94863359515722],[-71.61749500361368,-39.949803219172374],[-71.61700625516542,-39.95099076213911],[-71.61678180005595,-39.951656175056826],[-71.61650645980089,-39.95207097936243],[-71.61595143256127,-39.95264137397812],[-71.61572235906313,-39.95308768311818],[-71.6154763538728,-39.95345793818437],[-71.61528069043396,-39.954159170788884],[-71.61515610319692,-39.954628167597974],[-71.61508403090804,-39.955043690043624],[-71.61493771324922,-39.95524435655517],[-71.6147504700143,-39.95548515643128],[-71.61449269349578,-39.955873242805204],[-71.61424098318285,-39.956216624694754],[-71.6142108322587,-39.95641772709625],[-71.61431966531158,-39.95668180648601],[-71.61442849832945,-39.95696384362628],[-71.61499004717157,-39.957301007689445],[-71.61519150553421,-39.957641388652576],[-71.61519720974678,-39.9576592955151],[-71.61542764174546,-39.958004339226896],[-71.61563561893915,-39.958210677507104],[-71.61584803260622,-39.95866734029986],[-71.61595713676104,-39.95889568989351],[-71.61669515074631,-39.95989956692816],[-71.6174076301471,-39.960268524914625],[-71.61803255365692,-39.960722112478656],[-71.61834311359212,-39.961290890845625],[-71.61853977122279,-39.961434596476465],[-71.61922979232652,-39.962728808677944],[-71.61933744671884,-39.963216492355954],[-71.61955266485876,-39.965269169763694],[-71.6196073521556,-39.965877351124156],[-71.61962165777152,-39.96644959988467],[-71.61946339054391,-39.96669494929284],[-71.61908881844043,-39.96719448434446],[-71.61890773436433,-39.96736374196346],[-71.61853307110282,-39.967876586880344],[-71.61828082054345,-39.96830944430097],[-71.61833650401047,-39.96874774708231],[-71.61839227801052,-39.96916371203416],[-71.61854837272796,-39.9692937989306],[-71.61882018017874,-39.969522743116016],[-71.61923585863886,-39.97000689830596],[-71.61946013103501,-39.97043685873732],[-71.61946320946008,-39.97092411983285],[-71.61951844002279,-39.97143392382822],[-71.61960834811622,-39.97199303330393],[-71.61986240852079,-39.97228898963413],[-71.6199019752879,-39.97248576599711],[-71.6199663444691,-39.97256678898377]]]]},"id":"39,796","properties":{"area_m2":2.236418231348041E7,"cell_size_m":7000,"grid_id":"39,796"}},{"type":"Feature","geometry":{"type":"Polygon","coordinates":[[[-71.57618153515695,-39.9735488300138],[-71.49428659820401,-39.97534111292402],[-71.49199816756347,-39.91233171739785],[-71.5738181675833,-39.910543408150296],[-71.57618153515695,-39.9735488300138]]]},"id":"40,796","properties":{"area_m2":4.893141906047517E7,"cell_size_m":7000,"grid_id":"40,796"}},{"type":"Feature","geometry":{"type":"Polygon","coordinates":[[[-71.49428659820401,-39.97534111292402],[-71.41238444503617,-39.97707559655425],[-71.4101709766095,-39.91406235531624],[-71.49199816756347,-39.91233171739785],[-71.49428659820401,-39.97534111292402]]]},"id":"41,796","properties":{"area_m2":4.893499190950433E7,"cell_size_m":7000,"grid_id":"41,796"}},{"type":"Feature","geometry":{"type":"Polygon","coordinates":[[[-71.41238444503617,-39.97707559655425],[-71.33047531153568,-39.978752266154125],[-71.32833682978072,-39.915735307207086],[-71.4101709766095,-39.91406235531624],[-71.41238444503617,-39.97707559655425]]]},"id":"42,796","properties":{"area_m2":4.8938447670270704E7,"cell_size_m":7000,"grid_id":"42,796"}},{"type":"Feature","geometry":{"type":"Polygon","coordinates":[[[-71.33047531153568,-39.978752266154125],[-71.24855943371183,-39.98037110746271],[-71.24649596226263,-39.917350558859624],[-71.32833682978072,-39.915735307207086],[-71.33047531153568,-39.978752266154125]]]},"id":"43,796","properties":{"area_m2":4.8941786309785545E7,"cell_size_m":7000,"grid_id":"43,796"}},{"type":"Feature","geometry":{"type":"Polygon","coordinates":[[[-71.24855943371183,-39.98037110746271],[-71.16663704769665,-39.981932106708804],[-71.16464860936273,-39.918908096551164],[-71.24649596226263,-39.917350558859624],[-71.24855943371183,-39.98037110746271]]]},"id":"44,796","properties":{"area_m2":4.894500779619738E7,"cell_size_m":7000,"grid_id":"44,796"}},{"type":"Feature","geometry":{"type":"Polygon","coordinates":[[[-71.16663704769665,-39.981932106708804],[-71.08470838974065,-39.98343525061127],[-71.0827950065063,-39.920407907047334],[-71.16464860936273,-39.918908096551164],[-71.16663704769665,-39.981932106708804]]]},"id":"45,796","properties":{"area_m2":4.894811209876547E7,"cell_size_m":7000,"grid_id":"45,796"}},{"type":"Feature","geometry":{"type":"Polygon","coordinates":[[[-71.05624150549077,-39.92088199784852],[-71.0827950065063,-39.920407907047334],[-71.08470838974065,-39.98343525061127],[-71.05719621130828,-39.98392698799246],[-71.06117962075405,-39.96680812590749],[-71.05866636752793,-39.94756474786343],[-71.0553213845818,-39.92978080273309],[-71.05624150549077,-39.92088199784852]]]},"id":"46,796","properties":{"area_m2":1.5205619446793674E7,"cell_size_m":7000,"grid_id":"46,796"}},{"type":"Feature","geometry":{"type":"Polygon","coordinates":[[[-71.65355212065025,-39.85482631221505],[-71.65320012401659,-39.84569531201243],[-71.68886726428076,-39.84487348539252],[-71.68881087489369,-39.845086937452194],[-71.6887851663238,-39.84564125062358],[-71.68873981422907,-39.84669169733886],[-71.68853396452329,-39.8473125710048],[-71.68833345556179,-39.848058605802265],[-71.68798919542249,-39.84850028442075],[-71.68752227562861,-39.84914279051377],[-71.68686272087672,-39.85007092187752],[-71.68679763435654,-39.85033450048242],[-71.68633134654768,-39.85084291571593],[-71.68620714785914,-39.851370124572426],[-71.6860639391094,-39.852237036425066],[-71.68602582855304,-39.85297459030494],[-71.68597694564774,-39.85351092986867],[-71.6858818955334,-39.85400694825301],[-71.68563557982439,-39.85459191060909],[-71.68534952386466,-39.85499797660824],[-71.68487173744141,-39.85547052656637],[-71.684492712367,-39.855889760949175],[-71.6840735845405,-39.856219402817636],[-71.68388737574413,-39.85633962680835],[-71.68360258561776,-39.856468545119014],[-71.68342823527969,-39.85653952908296],[-71.68319513434685,-39.85678034089342],[-71.68292220236648,-39.85683769749731],[-71.68257368193203,-39.85694856364875],[-71.6821832480852,-39.857318542592246],[-71.68174076187098,-39.85768391039903],[-71.68108807552156,-39.85833039238456],[-71.68052962483557,-39.858659624002556],[-71.67976812434564,-39.8590062570425],[-71.67949546112018,-39.85901444997639],[-71.67901386417162,-39.859030966811595],[-71.67855553168938,-39.859043148327714],[-71.67826014543841,-39.85893497853413],[-71.67804587029495,-39.858862872333084],[-71.67783729815929,-39.85881317870397],[-71.6775303239138,-39.858718377898406],[-71.6772632714787,-39.858748962903995],[-71.67696725039274,-39.858788340264354],[-71.67677524391414,-39.858917465205664],[-71.67668200168973,-39.85899769802397],[-71.67636162844921,-39.8592784595261],[-71.67586681005902,-39.859661517850824],[-71.67538059097735,-39.8606616194314],[-71.67499603291232,-39.86101821852045],[-71.67466434217084,-39.86123183363349],[-71.67419930467555,-39.86143168793975],[-71.6736888218477,-39.86142130068112],[-71.67332942843046,-39.861375639218174],[-71.67295835658244,-39.86132541651071],[-71.67274932861343,-39.86136058253192],[-71.67259805709955,-39.86146748268347],[-71.67208521809152,-39.861953304142716],[-71.67136959587619,-39.86239384655991],[-71.67085756972524,-39.86270534632484],[-71.67007332446505,-39.862931101616816],[-71.66898770798156,-39.86308897538314],[-71.66784514531318,-39.86302311604769],[-71.66716762670193,-39.8627663202665],[-71.66638572650518,-39.862504799965386],[-71.66537333638601,-39.86193409931707],[-71.66315997272086,-39.86138230977252],[-71.66139426849486,-39.8606350669109],[-71.66030753735345,-39.85984951566598],[-71.6596722814303,-39.85927983386476],[-71.65917526547825,-39.85889840203501],[-71.65854000739958,-39.858315348211626],[-71.6581656599394,-39.857777803124236],[-71.65781539345925,-39.857052505075146],[-71.65711685109538,-39.85637537902534],[-71.65700748870601,-39.856209664066945],[-71.65630822039626,-39.85567558029434],[-71.65614046458842,-39.85559014318057],[-71.65539366504542,-39.85528385593171],[-71.65462857628104,-39.85517430665666],[-71.65423475994025,-39.85504348628435],[-71.65374832821948,-39.85488556094799],[-71.65355212065025,-39.85482631221505]]]},"id":"38,797","properties":{"area_m2":4494164.078129592,"cell_size_m":7000,"grid_id":"38,797"}},{"type":"Feature","geometry":{"type":"Polygon","coordinates":[[[-71.5942463279792,-39.91008787511359],[-71.5738181675833,-39.910543408150296],[-71.57146222589503,-39.84753718324805],[-71.65320012401659,-39.84569531201243],[-71.65355212065025,-39.85482631221505],[-71.65292592836805,-39.854637218249515],[-71.65208587253449,-39.854424628291085],[-71.65150093748723,-39.85424401684661],[-71.65089291538816,-39.854032078663906],[-71.65037207604374,-39.853806957999424],[-71.64951472183755,-39.853580821488016],[-71.64868108535687,-39.85326092381326],[-71.64838015004442,-39.853116922756065],[-71.6480852802536,-39.85293724426679],[-71.64779647600047,-39.85269941765753],[-71.64761187653703,-39.852497650124626],[-71.64725308876505,-39.85233114670454],[-71.64641817916919,-39.85227497613587],[-71.64551328401876,-39.85228116438892],[-71.64497831284014,-39.852534319773284],[-71.64450110225629,-39.85283242551636],[-71.64344428345727,-39.85306612794879],[-71.64290894683486,-39.853386311784654],[-71.6425046145662,-39.85418539112351],[-71.64223590445037,-39.8545421798689],[-71.64195017337681,-39.854827412219706],[-71.64149070353884,-39.855067425994434],[-71.64113018903042,-39.85523614436768],[-71.64035121562603,-39.855555612207645],[-71.64001840402946,-39.85597038581801],[-71.63944503659599,-39.856911914236896],[-71.63913594469795,-39.85723285468809],[-71.63881580703674,-39.857433044156195],[-71.63837398759134,-39.85762391300203],[-71.63798422630713,-39.85782828914667],[-71.63764136275479,-39.857943466476165],[-71.63726979858396,-39.85799596427908],[-71.63689823400225,-39.858066297940454],[-71.63663087745914,-39.85815045987672],[-71.63632866381299,-39.8582567850519],[-71.63593926230624,-39.858407543482606],[-71.63572396409283,-39.8585276048076],[-71.63539178167557,-39.85881711911498],[-71.63525651842225,-39.85916991143262],[-71.63520192420219,-39.859621265927316],[-71.63515249062213,-39.86019338373291],[-71.63541160941695,-39.86055630930537],[-71.63541097565354,-39.86066800758893],[-71.63570984023549,-39.8612054647371],[-71.6356670159721,-39.86162555903498],[-71.6355077603655,-39.86211232457396],[-71.63531907994711,-39.86269294732246],[-71.63538562511636,-39.863269861496946],[-71.63538218468615,-39.86391806755256],[-71.6354278156522,-39.864070254940806],[-71.6354002922131,-39.864892797943135],[-71.6354871177913,-39.86602407374643],[-71.63550178488362,-39.866538296759295],[-71.63577366920144,-39.86777748137744],[-71.63613056796218,-39.86831510328834],[-71.63654504808696,-39.868933310324934],[-71.63654369002712,-39.869192634422376],[-71.63651843011264,-39.8695725134724],[-71.63649977942191,-39.86981838605704],[-71.63639973565056,-39.870081851393806],[-71.63624708962165,-39.87042559006256],[-71.63618742546696,-39.870733894818805],[-71.63614378642752,-39.871296990623826],[-71.63595021734203,-39.87170324639397],[-71.63565271103725,-39.872010792515255],[-71.63518037623228,-39.872451872827384],[-71.63468622114877,-39.87263812509377],[-71.63419179372521,-39.872877980039966],[-71.63349166296966,-39.873600015550686],[-71.63315295959444,-39.87400575713194],[-71.6329188276313,-39.87438949683541],[-71.63283453646316,-39.874961465206205],[-71.63288569061176,-39.87517174417261],[-71.63293675421427,-39.875373053628145],[-71.63285880073283,-39.87586015047951],[-71.63285708050482,-39.87617303027165],[-71.63264060331943,-39.87651661346247],[-71.63263915470543,-39.876789317651074],[-71.63268985619192,-39.8770666702145],[-71.63289067021873,-39.877491999947814],[-71.63335639895213,-39.87829370997815],[-71.63358057141744,-39.87869674559101],[-71.63384512370654,-39.879144693056574],[-71.63399460199554,-39.87940440633549],[-71.63417821303129,-39.8797939803701],[-71.63413882901578,-39.880647754741965],[-71.63399125208913,-39.881125638331795],[-71.6335121245901,-39.881741013919374],[-71.6331918910342,-39.881954637843236],[-71.63267500790025,-39.882024523367434],[-71.63215839558781,-39.88205863788882],[-71.63102132058404,-39.88200139244748],[-71.63018030452061,-39.881931658585394],[-71.62952480125557,-39.88188039450733],[-71.62875304411891,-39.88188236047187],[-71.62770405275964,-39.88163317417775],[-71.62720554078955,-39.88153767174123],[-71.6265494884972,-39.88158918230971],[-71.62580198932524,-39.88140798949866],[-71.62448082394594,-39.881059433256816],[-71.62298635802267,-39.88057623578069],[-71.622326223173,-39.880323714943316],[-71.62169668999825,-39.87977626635347],[-71.62115950795038,-39.879336398621504],[-71.6208184381028,-39.87909831685875],[-71.61994597859783,-39.878420468812884],[-71.61949517075402,-39.87808811055803],[-71.61816483592658,-39.87732825113803],[-71.61787546273554,-39.87719762644401],[-71.61728422074599,-39.87707492845375],[-71.61696542046316,-39.877015820196526],[-71.61668772624851,-39.87687625175449],[-71.6160965727251,-39.876744684288866],[-71.61537784309499,-39.876612661806256],[-71.61490285414418,-39.87646798863714],[-71.61453280415066,-39.87623432487764],[-71.61423247211145,-39.87597852398808],[-71.61418095296187,-39.875857650560995],[-71.61381850782678,-39.87530654638238],[-71.61372307504368,-39.87473400294319],[-71.61349907047365,-39.87432640382348],[-71.61266335284337,-39.874363862783255],[-71.61241671162308,-39.87489055260925],[-71.61221651922298,-39.8753995667035],[-71.61195285542003,-39.87585464161348],[-71.61169516731537,-39.87628299469501],[-71.61126580743078,-39.8773007996924],[-71.61093124678922,-39.877970282142236],[-71.61019611765883,-39.87868310577466],[-71.60937161941206,-39.879798045827684],[-71.60877692186962,-39.880292235336285],[-71.6077179085597,-39.88081173528587],[-71.60706607408221,-39.881144818475526],[-71.6064076285377,-39.88162543514907],[-71.60603249871833,-39.882285770785295],[-71.60550552347078,-39.88309763517854],[-71.60486364478298,-39.88371687726823],[-71.60453025492211,-39.88417621991425],[-71.60378515184694,-39.88457599576765],[-71.6036341209113,-39.88459785926789],[-71.60233016337939,-39.88531315687941],[-71.60125854395375,-39.88597564556664],[-71.60014445457358,-39.88695082618906],[-71.59963376868927,-39.88794152871207],[-71.59923010898477,-39.88849451769072],[-71.59854303524095,-39.88889005113032],[-71.59778687221937,-39.88917800493954],[-71.59664135130915,-39.88955846450282],[-71.595993751346,-39.89013291985085],[-71.5956294758253,-39.890891651617494],[-71.59584715381196,-39.891384223824765],[-71.59597890144425,-39.891675219069285],[-71.596007514669,-39.891742405294046],[-71.59621360225465,-39.892239369144505],[-71.59636264442906,-39.89354533047109],[-71.59594032791595,-39.8942993689246],[-71.59591506496899,-39.89464352563713],[-71.59582478840127,-39.89519304771285],[-71.59583972885797,-39.895613332977845],[-71.59572717740141,-39.89599294472454],[-71.5955937092543,-39.89599695455645],[-71.59508075282865,-39.896375165742],[-71.59445334223295,-39.89646689687457],[-71.59397678467525,-39.896563530755955],[-71.59369110335722,-39.896795022516784],[-71.59343992091641,-39.89706242330143],[-71.59334882875261,-39.89774610015182],[-71.59335109247468,-39.898336223334475],[-71.59321363924394,-39.8990018269106],[-71.59272060002537,-39.89993446850312],[-71.59258359928573,-39.90052413458126],[-71.59249277854035,-39.901154119459406],[-71.59271571037665,-39.90174053226683],[-71.592760713252,-39.901986639642814],[-71.59288730078498,-39.90216587124991],[-71.5929851842457,-39.90230930824757],[-71.5933314433667,-39.90265025152733],[-71.59339509922853,-39.90268175880991],[-71.594488837278,-39.903244451509195],[-71.59496946879955,-39.90343835191283],[-71.59561218110409,-39.90372226503212],[-71.59603830104736,-39.90430491780281],[-71.59594078065692,-39.90509136136567],[-71.59618390246966,-39.90618753849522],[-71.5961942249562,-39.9064200650494],[-71.59640049352492,-39.90687675940676],[-71.59646840457157,-39.90716754908645],[-71.59605315094652,-39.907698095188735],[-71.5959550872712,-39.90857851058327],[-71.59537096039828,-39.9092023338371],[-71.59489250260678,-39.90960299621623],[-71.5942463279792,-39.91008787511359]]]},"id":"39,797","properties":{"area_m2":2.81668875769595E7,"cell_size_m":7000,"grid_id":"39,797"}},{"type":"Feature","geometry":{"type":"Polygon","coordinates":[[[-71.5738181675833,-39.910543408150296],[-71.49199816756347,-39.91233171739785],[-71.48971692787877,-39.84932152600796],[-71.57146222589503,-39.84753718324805],[-71.5738181675833,-39.910543408150296]]]},"id":"40,797","properties":{"area_m2":4.89321293113695E7,"cell_size_m":7000,"grid_id":"40,797"}},{"type":"Feature","geometry":{"type":"Polygon","coordinates":[[[-71.49199816756347,-39.91233171739785],[-71.4101709766095,-39.91406235531624],[-71.40796446407872,-39.85104832515987],[-71.48971692787877,-39.84932152600796],[-71.49199816756347,-39.91233171739785]]]},"id":"41,797","properties":{"area_m2":4.893570231660863E7,"cell_size_m":7000,"grid_id":"41,797"}},{"type":"Feature","geometry":{"type":"Polygon","coordinates":[[[-71.4101709766095,-39.91406235531624],[-71.32833682978072,-39.915735307207086],[-71.3262050687354,-39.85271756605705],[-71.40796446407872,-39.85104832515987],[-71.4101709766095,-39.91406235531624]]]},"id":"42,797","properties":{"area_m2":4.8939158228460774E7,"cell_size_m":7000,"grid_id":"42,797"}},{"type":"Feature","geometry":{"type":"Polygon","coordinates":[[[-71.32833682978072,-39.915735307207086],[-71.24649596226263,-39.917350558859624],[-71.24443897621485,-39.85432923453878],[-71.3262050687354,-39.85271756605705],[-71.32833682978072,-39.915735307207086]]]},"id":"43,797","properties":{"area_m2":4.8942497013963185E7,"cell_size_m":7000,"grid_id":"43,797"}},{"type":"Feature","geometry":{"type":"Polygon","coordinates":[[[-71.24649596226263,-39.917350558859624],[-71.16464860936273,-39.918908096551164],[-71.16266642100427,-39.855883316930615],[-71.24443897621485,-39.85432923453878],[-71.24649596226263,-39.917350558859624]]]},"id":"44,797","properties":{"area_m2":4.894571864124201E7,"cell_size_m":7000,"grid_id":"44,797"}},{"type":"Feature","geometry":{"type":"Polygon","coordinates":[[[-71.16464860936273,-39.918908096551164],[-71.0827950065063,-39.920407907047334],[-71.08088763770793,-39.85737980004479],[-71.16266642100427,-39.855883316930615],[-71.16464860936273,-39.918908096551164]]]},"id":"45,797","properties":{"area_m2":4.894882307957371E7,"cell_size_m":7000,"grid_id":"45,797"}},{"type":"Feature","geometry":{"type":"Polygon","coordinates":[[[-71.03486214371895,-39.85819661769598],[-71.08088763770793,-39.85737980004479],[-71.0827950065063,-39.920407907047334],[-71.05624150549077,-39.92088199784852],[-71.0572027141468,-39.91158334067067],[-71.03486214371895,-39.85819661769598]]]},"id":"46,797","properties":{"area_m2":2.048452370765821E7,"cell_size_m":7000,"grid_id":"46,797"}},{"type":"Feature","geometry":{"type":"Polygon","coordinates":[[[-71.68886726428076,-39.84487348539252],[-71.65320012401659,-39.84569531201243],[-71.6507771401878,-39.78269237158419],[-71.68160513993163,-39.78198361335191],[-71.68152060484383,-39.78226762151182],[-71.68090186504723,-39.783245009116754],[-71.68062865960196,-39.78343646026079],[-71.68046788651102,-39.78436593365565],[-71.68048970313436,-39.784647672276456],[-71.68054410889832,-39.78541674855621],[-71.6809114607281,-39.78618675525002],[-71.68107820827008,-39.786459932053255],[-71.68127374274012,-39.786791301736486],[-71.68131710430373,-39.78743960946123],[-71.68143659751857,-39.78790490104212],[-71.68143994694896,-39.788441419658966],[-71.68121671186493,-39.78909798761591],[-71.67949618532559,-39.790224325831986],[-71.67889156378257,-39.79062504036262],[-71.67848347303887,-39.791151455947336],[-71.6784060733403,-39.79159833761539],[-71.67836986294878,-39.791897724133676],[-71.67832767783773,-39.79224629430439],[-71.67828359167511,-39.793010709277205],[-71.6781896256663,-39.79326526942139],[-71.67816617942296,-39.79333227943378],[-71.67808416282125,-39.79351977994472],[-71.6779668410246,-39.79381901893031],[-71.67812707217169,-39.79426650322114],[-71.67827055592983,-39.794553037450314],[-71.67828784639745,-39.79458442693527],[-71.6783280399417,-39.79466499054034],[-71.67844635739618,-39.79539403906139],[-71.67848410672055,-39.79599764260726],[-71.6784836540908,-39.79609605516815],[-71.67848872354409,-39.79624354591235],[-71.67848664144721,-39.79668616409036],[-71.67856539901594,-39.79721390693757],[-71.67885426713386,-39.79741140912121],[-71.67909633317241,-39.79770273661083],[-71.67962853383791,-39.79791873442035],[-71.68054791096468,-39.79838622847633],[-71.68135711643046,-39.79886685546889],[-71.68183680894927,-39.79915423313244],[-71.6820159579493,-39.79926205026793],[-71.6824031330975,-39.799513464544646],[-71.68273146668322,-39.79996145531611],[-71.68277120706483,-39.80014034379941],[-71.68289042818103,-39.80068612490956],[-71.68312144726053,-39.80086560548487],[-71.6833756404816,-39.80105850853813],[-71.68341601445816,-39.80108992946306],[-71.68347331652855,-39.80122866516892],[-71.68363399763672,-39.8015912199374],[-71.68365690034608,-39.80165839769457],[-71.68362096210184,-39.80189965623664],[-71.68319196598351,-39.80192084655276],[-71.68198689942682,-39.80180131962824],[-71.68102144893703,-39.80252289980192],[-71.6809097407476,-39.802866855198495],[-71.68054845411703,-39.803272672138206],[-71.67957974051428,-39.803430947917576],[-71.67865103653497,-39.80371897289989],[-71.67775835936538,-39.803716520774906],[-71.67723692832854,-39.803679317320736],[-71.67582199935609,-39.803800514665156],[-71.67493311670816,-39.8042406401694],[-71.67436388294085,-39.80448497094881],[-71.67384108866442,-39.80472485638398],[-71.67314583889753,-39.804660379697495],[-71.67263517339597,-39.80478408355058],[-71.67215990343318,-39.8047827890857],[-71.67162072015351,-39.80480808189663],[-71.67135818936161,-39.80515151446577],[-71.66981142614966,-39.806179890805204],[-71.66960248673047,-39.80623291695119],[-71.66911987962409,-39.80655794719342],[-71.66865555860153,-39.806668355167446],[-71.66834260097822,-39.806671910061674],[-71.66763430355216,-39.80688896216312],[-71.66759365606978,-39.806906726640264],[-71.6672916514573,-39.80703552359842],[-71.66716382448243,-39.80708876901529],[-71.66696619953727,-39.807200005277764],[-71.666947369486,-39.80751291799627],[-71.6670097440268,-39.807799175860715],[-71.66716500135989,-39.80804556352153],[-71.66738534896082,-39.80804166127767],[-71.66781346021378,-39.80821277618213],[-71.6678308417544,-39.808221838545556],[-71.6682761528942,-39.80842424476288],[-71.66846671582442,-39.80857678041676],[-71.66876120549671,-39.80881903352757],[-71.6690731669126,-39.8090434674168],[-71.66969174769426,-39.809393986876984],[-71.67051265774698,-39.80986126702304],[-71.67087033417741,-39.810215459087395],[-71.67137837708158,-39.810659483871696],[-71.671777061668,-39.8109288810285],[-71.67238522674408,-39.81104680436244],[-71.67306264419906,-39.81121414432792],[-71.67473839324394,-39.81111152010944],[-71.6756611334091,-39.81090847448103],[-71.67646745394771,-39.81078552592455],[-71.67739978508934,-39.81098486165249],[-71.67809013754126,-39.81087947927448],[-71.67921736612543,-39.81155764662482],[-71.67953963764737,-39.812077136814764],[-71.67978079792968,-39.81256510464659],[-71.68006169874312,-39.8132499259169],[-71.6803073849185,-39.814019562992286],[-71.68034178458954,-39.814100071998375],[-71.68046806756185,-39.814382127215225],[-71.68087199169938,-39.814785590718515],[-71.68127501009279,-39.81539022293505],[-71.68170156451625,-39.815910026181136],[-71.68223901144506,-39.816286980135],[-71.68235280125906,-39.816747795885796],[-71.68244386929207,-39.81712802954282],[-71.68256372419992,-39.817530724617235],[-71.68252688058861,-39.817977715861645],[-71.68248370023302,-39.81854536936297],[-71.68240720671717,-39.81878656348416],[-71.68228364023118,-39.81919306410798],[-71.6823278163868,-39.8196715425123],[-71.68260536562303,-39.81983326523554],[-71.68309121201399,-39.820080482833205],[-71.68349612872443,-39.820278286097455],[-71.68398206433329,-39.82052103179323],[-71.68462478731084,-39.820683712146],[-71.685480150082,-39.82128961522942],[-71.68632401411908,-39.8218551996228],[-71.68717412213122,-39.82234028386496],[-71.68778108216421,-39.82274430468015],[-71.68838369596763,-39.82282636999598],[-71.68907167192819,-39.82327084045545],[-71.69003899991654,-39.823470143908594],[-71.69098206503544,-39.82391973385381],[-71.69178092544425,-39.8241990125778],[-71.69206371703991,-39.824485908900016],[-71.69209838705564,-39.82452170781515],[-71.6921425619007,-39.82500471599724],[-71.69226187016166,-39.82557279359098],[-71.6919010485364,-39.825871386182605],[-71.6912940960675,-39.82674601719285],[-71.69097228860149,-39.82739336432288],[-71.69028286823269,-39.828558362309764],[-71.68967690854357,-39.829205003953206],[-71.68890963561373,-39.829614222107494],[-71.68762076516306,-39.829972925657955],[-71.68664564506139,-39.83018042469681],[-71.68620316481004,-39.83058157060973],[-71.68608620798354,-39.83080033469268],[-71.68603307046433,-39.83101027225335],[-71.68601523725751,-39.83109964984001],[-71.68595033161849,-39.831349823112205],[-71.68597893717364,-39.83143483649413],[-71.6860008439579,-39.83172101590609],[-71.68612105967377,-39.8320522125472],[-71.68612649110568,-39.83213269260282],[-71.68617175303484,-39.83238765849905],[-71.68619411242557,-39.832579957839926],[-71.68621502343332,-39.83307619720544],[-71.6860682842557,-39.83345582229108],[-71.6858353662294,-39.83366982113801],[-71.68576566278507,-39.83370988938997],[-71.6856668106025,-39.83376769232628],[-71.68557257511524,-39.83407588688364],[-71.6865671609847,-39.83470899351131],[-71.68701253750523,-39.83495162406733],[-71.68806577817182,-39.83543728098386],[-71.68878896829553,-39.83580130331671],[-71.68911874391527,-39.835967614187865],[-71.68927498665515,-39.83604848854958],[-71.68967817586409,-39.836648626802784],[-71.68972895920284,-39.83697069941695],[-71.68979667030908,-39.83737769810246],[-71.69004461232969,-39.83769578655941],[-71.69060567211909,-39.838023602831726],[-71.69125281782776,-39.83854845181538],[-71.6912990748022,-39.83858430783289],[-71.69181903533729,-39.8390283024616],[-71.69189806130102,-39.839515807956296],[-71.69190041488041,-39.84028472549276],[-71.69173584532757,-39.84076712644928],[-71.69153579092026,-39.84141484047821],[-71.69121543204918,-39.84171353886804],[-71.69032161195753,-39.84188555125306],[-71.69017523669292,-39.84218469316874],[-71.69017958178519,-39.842515505704135],[-71.69032387502543,-39.842667861095585],[-71.69032749593403,-39.843150732644034],[-71.69030921034516,-39.84333843535587],[-71.69018048701275,-39.84359738647795],[-71.69005791917989,-39.843775933867924],[-71.68960485231304,-39.84392224591972],[-71.6893084801645,-39.844064524329006],[-71.68915730673048,-39.84414455475604],[-71.68899970608882,-39.84437214500626],[-71.68886726428076,-39.84487348539252]]]},"id":"38,798","properties":{"area_m2":1.840925211587018E7,"cell_size_m":7000,"grid_id":"38,798"}},{"type":"Feature","geometry":{"type":"Polygon","coordinates":[[[-71.65320012401659,-39.84569531201243],[-71.57146222589503,-39.84753718324805],[-71.56911368412378,-39.78453015603877],[-71.6507771401878,-39.78269237158419],[-71.65320012401659,-39.84569531201243]]]},"id":"39,798","properties":{"area_m2":4.892914906848881E7,"cell_size_m":7000,"grid_id":"39,798"}},{"type":"Feature","geometry":{"type":"Polygon","coordinates":[[[-71.57146222589503,-39.84753718324805],[-71.48971692787877,-39.84932152600796],[-71.48744285399948,-39.786310539456814],[-71.56911368412378,-39.78453015603877],[-71.57146222589503,-39.84753718324805]]]},"id":"40,798","properties":{"area_m2":4.893283929426858E7,"cell_size_m":7000,"grid_id":"40,798"}},{"type":"Feature","geometry":{"type":"Polygon","coordinates":[[[-71.48971692787877,-39.84932152600796],[-71.40796446407872,-39.85104832515987],[-71.4057648831121,-39.788033506759184],[-71.48744285399948,-39.786310539456814],[-71.48971692787877,-39.84932152600796]]]},"id":"41,798","properties":{"area_m2":4.8936412455650404E7,"cell_size_m":7000,"grid_id":"41,798"}},{"type":"Feature","geometry":{"type":"Polygon","coordinates":[[[-71.40796446407872,-39.85104832515987],[-71.3262050687354,-39.85271756605705],[-71.32408000488755,-39.78969904335067],[-71.4057648831121,-39.788033506759184],[-71.40796446407872,-39.85104832515987]]]},"id":"42,798","properties":{"area_m2":4.893986851855589E7,"cell_size_m":7000,"grid_id":"42,798"}},{"type":"Feature","geometry":{"type":"Polygon","coordinates":[[[-71.3262050687354,-39.85271756605705],[-71.24443897621485,-39.85432923453878],[-71.2423884528766,-39.791307135120306],[-71.32408000488755,-39.78969904335067],[-71.3262050687354,-39.85271756605705]]]},"id":"43,798","properties":{"area_m2":4.894320744998029E7,"cell_size_m":7000,"grid_id":"43,798"}},{"type":"Feature","geometry":{"type":"Polygon","coordinates":[[[-71.24443897621485,-39.85432923453878],[-71.16266642100427,-39.855883316930615],[-71.16069046075037,-39.792857768441756],[-71.2423884528766,-39.791307135120306],[-71.24443897621485,-39.85432923453878]]]},"id":"44,798","properties":{"area_m2":4.894642921808895E7,"cell_size_m":7000,"grid_id":"44,798"}},{"type":"Feature","geometry":{"type":"Polygon","coordinates":[[[-71.16266642100427,-39.855883316930615],[-71.08088763770793,-39.85737980004479],[-71.07898626229637,-39.7943509301736],[-71.16069046075037,-39.792857768441756],[-71.16266642100427,-39.855883316930615]]]},"id":"45,798","properties":{"area_m2":4.894953379212508E7,"cell_size_m":7000,"grid_id":"45,798"}},{"type":"Feature","geometry":{"type":"Polygon","coordinates":[[[-71.03190029242717,-39.79518525163259],[-71.07898626229637,-39.7943509301736],[-71.08088763770793,-39.85737980004479],[-71.03486214371895,-39.85819661769598],[-71.03356763175087,-39.85510047325346],[-71.02687179030745,-39.817447123868774],[-71.03190029242717,-39.79518525163259]]]},"id":"46,798","properties":{"area_m2":2.982935540026567E7,"cell_size_m":7000,"grid_id":"46,798"}},{"type":"Feature","geometry":{"type":"Polygon","coordinates":[[[-71.68160513993163,-39.78198361335191],[-71.6507771401878,-39.78269237158419],[-71.64836176360625,-39.71968862223754],[-71.70312730500304,-39.71842553478291],[-71.7031698846733,-39.71859927888927],[-71.70341202341861,-39.71884134868605],[-71.70368276600666,-39.719146049935766],[-71.70374042663607,-39.71920434961417],[-71.70385936862465,-39.71981264599321],[-71.70389630037491,-39.72065772449818],[-71.70390037372947,-39.72106007685529],[-71.70389937802058,-39.72130599568677],[-71.70389729608381,-39.721788836967974],[-71.70413871014263,-39.72219178606326],[-71.70463457243468,-39.72265799915799],[-71.7068026712912,-39.72337883497121],[-71.70944968409421,-39.724462925589805],[-71.71127849380777,-39.72464636518106],[-71.7113941744599,-39.72466006015371],[-71.71221823952241,-39.72421054864464],[-71.71228739427323,-39.72427778505711],[-71.71242579424778,-39.724412196227306],[-71.7124240744316,-39.7248190739093],[-71.71231337255936,-39.72500653252797],[-71.71228422618941,-39.72503778806185],[-71.71222032140649,-39.72510022435488],[-71.71165124242982,-39.725505626928204],[-71.7114651397224,-39.725692930580074],[-71.71137217884609,-39.7257866347087],[-71.7114921137595,-39.72616692792725],[-71.71165214759839,-39.72667699457129],[-71.71168437159723,-39.72728506509286],[-71.71149455771577,-39.728371014766246],[-71.71125278699066,-39.729425525275566],[-71.7109672058412,-39.729867355748794],[-71.71056612457464,-39.730232973956504],[-71.70995667200819,-39.7305935674086],[-71.70939265808815,-39.73115995589194],[-71.70911214430473,-39.73176730095024],[-71.70878637146255,-39.732133035175174],[-71.70838465390943,-39.73265958069032],[-71.70842276188228,-39.733218559652435],[-71.70838220993002,-39.73459543693652],[-71.70826182129235,-39.73568597264852],[-71.70817637248818,-39.73673636928689],[-71.70805589325727,-39.737826926595424],[-71.7077350073367,-39.73839393218988],[-71.70696759539383,-39.73912076115293],[-71.70617863829037,-39.73944508451612],[-71.70587621630136,-39.739748365214695],[-71.70568938617579,-39.74011447347482],[-71.7049057666106,-39.74053275212915],[-71.70446747471036,-39.74146598644596],[-71.70414097311571,-39.74198820834026],[-71.70361677761305,-39.742675374284346],[-71.70313367699514,-39.74323746387056],[-71.70268587820635,-39.74368342861197],[-71.7024861925182,-39.744331125946516],[-71.70252430117428,-39.744899042761745],[-71.70248691667321,-39.7455069364602],[-71.70224179010583,-39.74594444756316],[-71.7018757292645,-39.74622964497804],[-71.70123104842563,-39.74663482066859],[-71.70046452651644,-39.74712011985525],[-71.69981957135568,-39.747605777275915],[-71.6993009812309,-39.748328733792476],[-71.69812792717755,-39.74903652511306],[-71.69584118846679,-39.75012141440796],[-71.69402831534973,-39.75144892898523],[-71.69210209846703,-39.75349583165107],[-71.68981821474907,-39.75517969515646],[-71.68759795325144,-39.7555805784067],[-71.68713402018379,-39.755700067572654],[-71.68668755754227,-39.755806123277026],[-71.68624462472778,-39.75641296681242],[-71.6857960788353,-39.75697508643821],[-71.68535848574818,-39.75766688172935],[-71.68491419329209,-39.7585508700077],[-71.68486884066677,-39.75960135507154],[-71.68442545279689,-39.76028859336775],[-71.68381993500206,-39.76097543704563],[-71.68367735889143,-39.7617574602086],[-71.68330991960339,-39.762288453930324],[-71.68331326901486,-39.76409466184607],[-71.6829711762475,-39.76416527190812],[-71.68256372419992,-39.76457096223479],[-71.68236529369449,-39.76489228882181],[-71.68216631992053,-39.765338824221075],[-71.68220497407067,-39.76574131427029],[-71.6822842739056,-39.76614387932794],[-71.68232301856689,-39.766528436048475],[-71.68232292804198,-39.76655085013682],[-71.68232691113775,-39.766953163129116],[-71.68191873409774,-39.76751981411984],[-71.68156975998221,-39.76781843977846],[-71.6813603753365,-39.768005596414866],[-71.68087090539576,-39.76861229128109],[-71.68087027171865,-39.76875534670896],[-71.68086900436444,-39.76903704703589],[-71.68086873278854,-39.76909516301618],[-71.68095373603576,-39.769497722444896],[-71.68098759248815,-39.76968561983765],[-71.6810724146544,-39.770146305442594],[-71.68162479924456,-39.770961503398084],[-71.68427255716877,-39.77349019962618],[-71.68462858933037,-39.77418862990226],[-71.68518540367236,-39.775316709037334],[-71.68559439140239,-39.77583642741569],[-71.68560018493898,-39.77584094325056],[-71.68584115976176,-39.77636463241731],[-71.68579834193417,-39.77685185990799],[-71.68565802977533,-39.77712861040979],[-71.68559955127093,-39.77725364407454],[-71.68527429834812,-39.77741819273682],[-71.68487354792558,-39.77763620601611],[-71.68454820376517,-39.777818599434134],[-71.68427590657052,-39.777826805679425],[-71.68283176813833,-39.77939208199086],[-71.68199667612626,-39.78080703612384],[-71.68179715898066,-39.7813384879514],[-71.68160513993163,-39.78198361335191]]]},"id":"38,799","properties":{"area_m2":2.759037501408466E7,"cell_size_m":7000,"grid_id":"38,799"}},{"type":"Feature","geometry":{"type":"Polygon","coordinates":[[[-71.6507771401878,-39.78269237158419],[-71.56911368412378,-39.78453015603877],[-71.56677251643494,-39.7215223272553],[-71.64836176360625,-39.71968862223754],[-71.6507771401878,-39.78269237158419]]]},"id":"39,799","properties":{"area_m2":4.892985861871797E7,"cell_size_m":7000,"grid_id":"39,799"}},{"type":"Feature","geometry":{"type":"Polygon","coordinates":[[[-71.56911368412378,-39.78453015603877],[-71.48744285399948,-39.786310539456814],[-71.48517592090477,-39.72329875844806],[-71.56677251643494,-39.7215223272553],[-71.56911368412378,-39.78453015603877]]]},"id":"40,799","properties":{"area_m2":4.8933549005698815E7,"cell_size_m":7000,"grid_id":"40,799"}},{"type":"Feature","geometry":{"type":"Polygon","coordinates":[[[-71.48744285399948,-39.786310539456814],[-71.4057648831121,-39.788033506759184],[-71.40357220950331,-39.72501790078966],[-71.48517592090477,-39.72329875844806],[-71.48744285399948,-39.786310539456814]]]},"id":"41,799","properties":{"area_m2":4.8937122323162906E7,"cell_size_m":7000,"grid_id":"41,799"}},{"type":"Feature","geometry":{"type":"Polygon","coordinates":[[[-71.4057648831121,-39.788033506759184],[-71.32408000488755,-39.78969904335067],[-71.32196161484622,-39.726679739736085],[-71.40357220950331,-39.72501790078966],[-71.4057648831121,-39.788033506759184]]]},"id":"42,799","properties":{"area_m2":4.89405785370532E7,"cell_size_m":7000,"grid_id":"42,799"}},{"type":"Feature","geometry":{"type":"Polygon","coordinates":[[[-71.32408000488755,-39.78969904335067],[-71.2423884528766,-39.791307135120306],[-71.240344369673,-39.728284261225994],[-71.32196161484622,-39.726679739736085],[-71.32408000488755,-39.78969904335067]]]},"id":"43,799","properties":{"area_m2":4.894391761436824E7,"cell_size_m":7000,"grid_id":"43,799"}},{"type":"Feature","geometry":{"type":"Polygon","coordinates":[[[-71.2423884528766,-39.791307135120306],[-71.16069046075037,-39.792857768441756],[-71.15872070684297,-39.729831451680916],[-71.240344369673,-39.728284261225994],[-71.2423884528766,-39.791307135120306]]]},"id":"44,799","properties":{"area_m2":4.89471395232472E7,"cell_size_m":7000,"grid_id":"44,799"}},{"type":"Feature","geometry":{"type":"Polygon","coordinates":[[[-71.16069046075037,-39.792857768441756],[-71.07898626229637,-39.7943509301736],[-71.07709085933101,-39.7313212980056],[-71.15872070684297,-39.729831451680916],[-71.16069046075037,-39.792857768441756]]]},"id":"45,799","properties":{"area_m2":4.895024423294213E7,"cell_size_m":7000,"grid_id":"45,799"}},{"type":"Feature","geometry":{"type":"Polygon","coordinates":[[[-71.0719032161234,-39.731414030294346],[-71.07709085933101,-39.7313212980056],[-71.07898626229637,-39.7943509301736],[-71.03190029242717,-39.79518525163259],[-71.03712281511004,-39.77204892811106],[-71.04757934208295,-39.76075307417694],[-71.0680802876788,-39.747784796080374],[-71.0719032161234,-39.731414030294346]]]},"id":"46,799","properties":{"area_m2":1.6967603446764167E7,"cell_size_m":7000,"grid_id":"46,799"}},{"type":"Feature","geometry":{"type":"Polygon","coordinates":[[[-71.70312730500304,-39.71842553478291],[-71.64836176360625,-39.71968862223754],[-71.64595396776163,-39.65668406473631],[-71.7031872998975,-39.65536517856284],[-71.70304107584013,-39.65546275632677],[-71.70244509671784,-39.655505935406424],[-71.70201567245317,-39.65584909365346],[-71.70106313429599,-39.65675424364473],[-71.70041392586947,-39.65707439357915],[-71.69997245978794,-39.65752038085966],[-71.69944889129206,-39.65820749702531],[-71.69896107750345,-39.65865332500704],[-71.69847398715679,-39.658933753600046],[-71.69754787081837,-39.65909674867583],[-71.69685918834807,-39.65917539095606],[-71.69654263652518,-39.65881691819398],[-71.69583838230946,-39.65847974585063],[-71.69538767692679,-39.658380213128154],[-71.69478824415054,-39.65789585529327],[-71.69430820832896,-39.6578990219172],[-71.69407611080412,-39.65805041650485],[-71.69383124954896,-39.65848794728433],[-71.69394476380961,-39.658979996491986],[-71.69394575954857,-39.66006192396023],[-71.69334206962522,-39.66187105746677],[-71.69325471599113,-39.66331038302236],[-71.6929800723942,-39.66392215314582],[-71.6928566909017,-39.664364454508444],[-71.69272805908386,-39.66466812907029],[-71.6926929365239,-39.664752970945806],[-71.69253660487796,-39.664801733759035],[-71.69262830376206,-39.66498974756453],[-71.69266786191052,-39.665191065319966],[-71.69263735597035,-39.665562017148176],[-71.69282727124336,-39.66577711475451],[-71.69310372540646,-39.66604161649897],[-71.69319596726466,-39.666131321277916],[-71.69346608458935,-39.66652098147611],[-71.69354013145812,-39.666793852141396],[-71.69331274053201,-39.667177796695036],[-71.69302180302796,-39.66756145940245],[-71.69248111482023,-39.66817699326167],[-71.69199202341885,-39.6688776660949],[-71.69138000186125,-39.67121872588364],[-71.69122756206013,-39.671665380661054],[-71.69046002116171,-39.67383612459757],[-71.68951541566334,-39.67549226262258],[-71.68923479443943,-39.67613976279996],[-71.68910082035175,-39.67634511041114],[-71.68875112962255,-39.67690743292954],[-71.68822229297908,-39.67743360916015],[-71.68789686158766,-39.67775461256811],[-71.68765878501226,-39.67793731042056],[-71.68708984466947,-39.678360476842315],[-71.68612214596016,-39.67868421224715],[-71.68535658474259,-39.679084516273896],[-71.6847306101716,-39.679324251667495],[-71.68268928212714,-39.67908621818702],[-71.68119199848265,-39.678822834104906],[-71.67804587029495,-39.678519090680126],[-71.67368085544872,-39.677831780743965],[-71.67311397324835,-39.67779440540921],[-71.67271302707748,-39.67815992055694],[-71.67238767098968,-39.67844957056684],[-71.67230637718181,-39.67852092404895],[-71.67226265233033,-39.67920480602631],[-71.67198183544544,-39.679852293912724],[-71.67186460202065,-39.680178322452896],[-71.67157971104692,-39.68045916533943],[-71.67144038868013,-39.6805570793454],[-71.67129527246861,-39.6806640230542],[-71.67057005257345,-39.68106434442277],[-71.67000615250062,-39.68163054322606],[-71.6695172089922,-39.68223710295382],[-71.66947891547842,-39.68298363615493],[-71.66947882495003,-39.68300600332627],[-71.66959723608481,-39.68365463652696],[-71.66972153151963,-39.68429874021837],[-71.66999655650459,-39.68485387261145],[-71.6700596546998,-39.684974757576256],[-71.67024424174738,-39.686321025989876],[-71.67036826535589,-39.68700540558755],[-71.67036817482774,-39.6870143735132],[-71.6702848889059,-39.6874924987163],[-71.67000488510493,-39.687974522469766],[-71.67000334612445,-39.68829642355397],[-71.67000216925702,-39.688537844584324],[-71.67001918857025,-39.68862282753552],[-71.67012637401228,-39.68918645282726],[-71.67028669946966,-39.68955350280445],[-71.67049346578389,-39.689871477866994],[-71.67057937696859,-39.69005955284896],[-71.67073427052371,-39.690359489115565],[-71.67074477177906,-39.69056969184199],[-71.67077183966852,-39.690967637873186],[-71.67077138702824,-39.69105708068501],[-71.67076957646715,-39.69145047431363],[-71.67089396199184,-39.69205440236542],[-71.67121696581539,-39.692296751352366],[-71.67172527977326,-39.69247701241935],[-71.67226527763215,-39.69209846908844],[-71.6727514107463,-39.69209988988422],[-71.67347979433822,-39.69225842208231],[-71.67432549945832,-39.69209982894979],[-71.67521764269908,-39.691892228810914],[-71.67610317510105,-39.6918544321062],[-71.67662922476859,-39.69197217126014],[-71.67731487145748,-39.692617814553394],[-71.67733804618219,-39.69262683836623],[-71.67788066017224,-39.692905519113175],[-71.67828431588318,-39.693228567849744],[-71.67905324289575,-39.6933871901748],[-71.67977681480333,-39.693348890338534],[-71.68042552061598,-39.693225556758655],[-71.6809106460005,-39.6921807310371],[-71.68115017583149,-39.69169401162306],[-71.68175850478293,-39.69153029364237],[-71.68248388128274,-39.691094140861935],[-71.68343294255897,-39.691096754884754],[-71.68414383148752,-39.691286471527405],[-71.68442536227256,-39.691734274131484],[-71.68483471303843,-39.69207962504059],[-71.6849499503476,-39.69217829918999],[-71.68579933769769,-39.69245782618411],[-71.68697325025089,-39.69266217113668],[-71.68761542427913,-39.69269963366086],[-71.68836622498051,-39.69302803768236],[-71.68876986791328,-39.69335995978382],[-71.68963581114768,-39.6938316910946],[-71.6903273148886,-39.69447729951633],[-71.69081152053482,-39.69492568294894],[-71.69156620643976,-39.69568773850313],[-71.6924679891119,-39.69591369297605],[-71.69383984911555,-39.69585473111444],[-71.69441954990737,-39.69563270439143],[-71.6944833676244,-39.69561050066987],[-71.69520944038446,-39.69500440791364],[-71.69585920218573,-39.6946395339956],[-71.69650262623598,-39.694399756799235],[-71.69720543070038,-39.6938024837044],[-71.69824895316503,-39.6933849671577],[-71.70005456148043,-39.69338521622656],[-71.70173913524097,-39.694592128710056],[-71.70224088491139,-39.69500473101317],[-71.7029293750965,-39.695046734486304],[-71.70361650605585,-39.695406175823926],[-71.70374911646319,-39.695518311355],[-71.70376070289898,-39.69552727357221],[-71.70406059230196,-39.6957739242843],[-71.70405896296093,-39.69613600382033],[-71.70401696216736,-39.69649806756768],[-71.70369743009235,-39.69677887315623],[-71.70309366750614,-39.69722441877476],[-71.70272824124702,-39.69740230292341],[-71.70260649275008,-39.697469066720004],[-71.70228161865948,-39.69763367062113],[-71.70203721609532,-39.6979549125162],[-71.70208138960922,-39.69843791403124],[-71.702126468312,-39.698724139979],[-71.70219960804151,-39.69920720000199],[-71.70225038945306,-39.69952921136493],[-71.70228442476196,-39.69969025121765],[-71.70250773612953,-39.70023622444539],[-71.70256503488733,-39.700379426043355],[-71.70270787440123,-39.700804535283744],[-71.70272498255179,-39.70085823743565],[-71.70268786963146,-39.701425892444796],[-71.70263410114924,-39.70181470509073],[-71.70149708578514,-39.70241983499279],[-71.6995745333237,-39.70266077552147],[-71.69789022006013,-39.703984200219956],[-71.69773325723136,-39.70414926599882],[-71.6974349914426,-39.70485929504706],[-71.69687068450523,-39.705506122159036],[-71.6963201358056,-39.70567005872796],[-71.69487306277773,-39.705670722111265],[-71.69461670587846,-39.70605455982746],[-71.69396006198052,-39.706638463888225],[-71.69391932720437,-39.706687550483124],[-71.6936808023587,-39.70696415094475],[-71.69372008881572,-39.70724589120703],[-71.69403664334607,-39.70765353918827],[-71.69420365583699,-39.70785071533536],[-71.69452699902101,-39.70801250190659],[-71.69525497263373,-39.708336350540826],[-71.69630538087056,-39.709023123633614],[-71.69666701237058,-39.70971251706735],[-71.69698962897367,-39.710071056199304],[-71.69759720461522,-39.710112830591754],[-71.69778231943847,-39.71014467511346],[-71.69832607665819,-39.71023550725626],[-71.69904960639086,-39.71023288090877],[-71.69981776095345,-39.71063727620826],[-71.70005438044032,-39.71078981767059],[-71.70026221440189,-39.71092002350751],[-71.7003467600613,-39.71144784189195],[-71.7002231097641,-39.71193032300635],[-71.70015313779642,-39.712055323926045],[-71.70013566743219,-39.71208657777688],[-71.69997807203218,-39.71237678251356],[-71.70005682448159,-39.71290007020737],[-71.70042587450237,-39.713227400584174],[-71.70086480542135,-39.713465482862006],[-71.70151156892886,-39.713833686640115],[-71.7017180441773,-39.714272402085044],[-71.70234090888383,-39.71482833210919],[-71.7026436961989,-39.715763483624805],[-71.70268931794062,-39.715920126544624],[-71.70270615453418,-39.71604530430458],[-71.70276770766463,-39.71653730946841],[-71.70284736463987,-39.71687275475754],[-71.70300640697484,-39.71757958951422],[-71.70301210968658,-39.71758850643083],[-71.70305039932026,-39.71811172292891],[-71.70312730500304,-39.71842553478291]]]},"id":"38,800","properties":{"area_m2":2.6126999731320538E7,"cell_size_m":7000,"grid_id":"38,800"}},{"type":"Feature","geometry":{"type":"Polygon","coordinates":[[[-71.64836176360625,-39.71968862223754],[-71.56677251643494,-39.7215223272553],[-71.564438697127,-39.658513697631555],[-71.64595396776163,-39.65668406473631],[-71.64836176360625,-39.71968862223754]]]},"id":"39,800","properties":{"area_m2":4.8930567894084066E7,"cell_size_m":7000,"grid_id":"39,800"}},{"type":"Feature","geometry":{"type":"Polygon","coordinates":[[[-71.56677251643494,-39.7215223272553],[-71.48517592090477,-39.72329875844806],[-71.48291610370269,-39.660286183686615],[-71.564438697127,-39.658513697631555],[-71.56677251643494,-39.7215223272553]]]},"id":"40,800","properties":{"area_m2":4.893425844219843E7,"cell_size_m":7000,"grid_id":"40,800"}},{"type":"Feature","geometry":{"type":"Polygon","coordinates":[[[-71.48517592090477,-39.72329875844806],[-71.40357220950331,-39.72501790078966],[-71.40138641917088,-39.662001507928046],[-71.48291610370269,-39.660286183686615],[-71.48517592090477,-39.72329875844806]]]},"id":"41,800","properties":{"area_m2":4.89378319157091E7,"cell_size_m":7000,"grid_id":"41,800"}},{"type":"Feature","geometry":{"type":"Polygon","coordinates":[[[-71.40357220950331,-39.72501790078966],[-71.32196161484622,-39.726679739736085],[-71.31984987534094,-39.66365965586293],[-71.40138641917088,-39.662001507928046],[-71.40357220950331,-39.72501790078966]]]},"id":"42,800","properties":{"area_m2":4.894128828052219E7,"cell_size_m":7000,"grid_id":"42,800"}},{"type":"Feature","geometry":{"type":"Polygon","coordinates":[[[-71.32196161484622,-39.726679739736085],[-71.240344369673,-39.728284261225994],[-71.23830670414547,-39.66526061347924],[-71.31984987534094,-39.66365965586293],[-71.32196161484622,-39.726679739736085]]]},"id":"43,800","properties":{"area_m2":4.894462750366832E7,"cell_size_m":7000,"grid_id":"43,800"}},{"type":"Feature","geometry":{"type":"Polygon","coordinates":[[[-71.240344369673,-39.728284261225994],[-71.15872070684297,-39.729831451680916],[-71.15675713763605,-39.66680436724618],[-71.23830670414547,-39.66526061347924],[-71.240344369673,-39.728284261225994]]]},"id":"44,800","properties":{"area_m2":4.894784955326694E7,"cell_size_m":7000,"grid_id":"44,800"}},{"type":"Feature","geometry":{"type":"Polygon","coordinates":[[[-71.0764385486558,-39.70957381711316],[-71.07520140797915,-39.66829090411448],[-71.15675713763605,-39.66680436724618],[-71.15872070684297,-39.729831451680916],[-71.07709085933101,-39.7313212980056],[-71.07650254590848,-39.711708037895214],[-71.0768703285569,-39.71013176585053],[-71.0764385486558,-39.70957381711316]]]},"id":"45,800","properties":{"area_m2":4.8946741623153895E7,"cell_size_m":7000,"grid_id":"45,800"}},{"type":"Feature","geometry":{"type":"MultiPolygon","coordinates":[[[[-71.07650254590848,-39.711708037895214],[-71.07709085933101,-39.7313212980056],[-71.0719032161234,-39.731414030294346],[-71.07650254590848,-39.711708037895214]]],[[[-71.0325257388477,-39.6690458866939],[-71.07520140797915,-39.66829090411448],[-71.0764385486558,-39.70957381711316],[-71.05971370937682,-39.68795369588587],[-71.03628498654292,-39.67624073329729],[-71.0325257388477,-39.6690458866939]]]]},"id":"46,800","properties":{"area_m2":8170949.427712147,"cell_size_m":7000,"grid_id":"46,800"}},{"type":"Feature","geometry":{"type":"Polygon","coordinates":[[[-71.7031872998975,-39.65536517856284],[-71.64595396776163,-39.65668406473631],[-71.64355372628002,-39.59367869984531],[-71.69543514661949,-39.592485899921236],[-71.69523569158261,-39.59284661418708],[-71.69520591005076,-39.593052139386955],[-71.69520482379423,-39.59329358678633],[-71.69516780054862,-39.59383897991581],[-71.6956099067114,-39.594501782371],[-71.69593152861528,-39.594945244409146],[-71.69666284840564,-39.595550719455325],[-71.69756896214895,-39.59580793980415],[-71.69804157053704,-39.59610421831595],[-71.69860107788716,-39.596351556999046],[-71.69867593828731,-39.59640992061165],[-71.6991020176535,-39.59676420414111],[-71.69920575391039,-39.59684494596232],[-71.6992500183242,-39.59728763302326],[-71.6990297824396,-39.597443607719725],[-71.69900570403146,-39.59766704959],[-71.69865692899748,-39.59813562149039],[-71.69831430899022,-39.59850127162751],[-71.69807596836301,-39.598822560536405],[-71.69791194501323,-39.59934972009099],[-71.69791556583861,-39.599837018165225],[-71.69795394658519,-39.60031555019559],[-71.69795267929645,-39.60060161789841],[-71.69795249825522,-39.600641918268295],[-71.6979118544926,-39.60069546721461],[-71.69742919811354,-39.60136929033979],[-71.69685982199454,-39.60205630517476],[-71.69645329227544,-39.60250233158195],[-71.69605192176067,-39.603109282031774],[-71.69575302080302,-39.60404740991713],[-71.69609238471021,-39.60573825743],[-71.69623377869175,-39.606462932592976],[-71.69644016672504,-39.606843463633396],[-71.69665624037418,-39.60765328745712],[-71.69666194319585,-39.60767113679036],[-71.69706340348925,-39.6083964995343],[-71.69690345307691,-39.60929019682335],[-71.6966237433409,-39.609808142264974],[-71.69641337249645,-39.610335136901575],[-71.69637834084968,-39.61041550360079],[-71.69649737601668,-39.610943341243164],[-71.6968643480407,-39.611628385686295],[-71.69738764907865,-39.612237749567704],[-71.69781834666338,-39.612900586578704],[-71.69799631023423,-39.61317821357094],[-71.69816223447395,-39.613567606772385],[-71.69816178187112,-39.615011694872315],[-71.69767885429579,-39.61573468574025],[-71.69675364093388,-39.61712275122863],[-71.6960167090332,-39.61776906670775],[-71.6956093635838,-39.618376015612775],[-71.69504505352369,-39.61918372937744],[-71.69471872363731,-39.61979094134841],[-71.69472180136867,-39.62039451544255],[-71.69479050718785,-39.62186109719435],[-71.69485866986388,-39.623461837231474],[-71.69483341437201,-39.62393571397606],[-71.69487704572235,-39.62453936076486],[-71.69526348164185,-39.624750534217675],[-71.69589269502741,-39.62496229097421],[-71.69654317965127,-39.62560776560108],[-71.69658337097754,-39.62567046072144],[-71.69691685017158,-39.62610057434009],[-71.69693604060353,-39.626990270708205],[-71.69695133863577,-39.62747322870311],[-71.69751908522342,-39.6285297666039],[-71.69871929756815,-39.62908277950876],[-71.69920512026843,-39.6290438253503],[-71.69993272147518,-39.62924243017193],[-71.70041700354768,-39.62957006263275],[-71.70071608131693,-39.62993298680531],[-71.70077935469638,-39.63000910501802],[-71.70105969454472,-39.63069832782598],[-71.70106231961807,-39.63142259162802],[-71.70101977532354,-39.63190984152451],[-71.70082787333106,-39.63217310342093],[-71.70069408498902,-39.63236053709614],[-71.70081185132003,-39.633201401775096],[-71.70213488662327,-39.63344170588407],[-71.70517207255645,-39.63306499447933],[-71.70695972031508,-39.632841502816554],[-71.70820805372114,-39.63296535610073],[-71.70971064583375,-39.63316134125219],[-71.71023591782915,-39.6333638278102],[-71.71080210271155,-39.63348151310886],[-71.71148505344128,-39.633322263231435],[-71.71209251180333,-39.633243260315645],[-71.71298355732098,-39.633080062257186],[-71.71359065084478,-39.63308153569109],[-71.71439389169065,-39.63320423163967],[-71.71516110524877,-39.63364874392644],[-71.71557041783583,-39.633931445316726],[-71.71600788028152,-39.63441531394566],[-71.71653739642763,-39.6350201915431],[-71.71682351582177,-39.635749616738345],[-71.71720920183549,-39.636175308881086],[-71.71722069728119,-39.63618875700821],[-71.7173008938438,-39.636376727563],[-71.71746128691018,-39.63675708664377],[-71.71758701257158,-39.63712404471124],[-71.71751034617328,-39.63748146858281],[-71.7171799653852,-39.6376863857318],[-71.7170291668107,-39.63777986402045],[-71.7166175931574,-39.63805160636882],[-71.71633319337924,-39.63829682161587],[-71.71604825026056,-39.63869403435154],[-71.71575117778741,-39.63922528324819],[-71.71543147609277,-39.63963139757949],[-71.71508099867872,-39.64047550400583],[-71.71504388715375,-39.641083446562995],[-71.7150418052876,-39.64157523778815],[-71.71504090012839,-39.64180770606007],[-71.71516128628055,-39.64204942461724],[-71.71524157386273,-39.64221057473194],[-71.7154413423162,-39.64285482005191],[-71.71564572695145,-39.6437897119762],[-71.71551556527199,-39.64449581155182],[-71.71544469140116,-39.64487568835896],[-71.71544215695849,-39.64548363955781],[-71.71544016561067,-39.64597099254326],[-71.71558318055976,-39.64634238310685],[-71.71560608104899,-39.64641398298437],[-71.71568980812047,-39.647142963717286],[-71.71574158312048,-39.64721010769383],[-71.71584522361165,-39.64733557257936],[-71.71601204400157,-39.6475416123581],[-71.7165764991245,-39.64811084340019],[-71.7168186279886,-39.64829916408126],[-71.71689936774203,-39.64836194234893],[-71.7171817756918,-39.64859512080697],[-71.71734171624004,-39.64908283462934],[-71.7172242273786,-39.64952071348891],[-71.71697983592944,-39.649886718645554],[-71.71665470450426,-39.65020784619109],[-71.71663153254184,-39.65022114962634],[-71.71621416539124,-39.6504526426112],[-71.71556634462597,-39.65045550552569],[-71.71505212410236,-39.65032906104195],[-71.7144213180675,-39.6504258682167],[-71.71297930304601,-39.650909680128954],[-71.7116543200029,-39.65103156662578],[-71.71068850374466,-39.65102915494003],[-71.70960646030113,-39.651151609709444],[-71.70816279481599,-39.65199294962425],[-71.70623231567511,-39.6530745075331],[-71.7049079390597,-39.65440344814318],[-71.70429784237254,-39.65505464922239],[-71.7035282499531,-39.65513765509472],[-71.7031872998975,-39.65536517856284]]]},"id":"38,801","properties":{"area_m2":3.500841896495265E7,"cell_size_m":7000,"grid_id":"38,801"}},{"type":"Feature","geometry":{"type":"Polygon","coordinates":[[[-71.6238852400578,-39.594124798676866],[-71.64355372628002,-39.59367869984531],[-71.64595396776163,-39.65668406473631],[-71.564438697127,-39.658513697631555],[-71.56349353302159,-39.63292928789361],[-71.56383577206451,-39.633107603121125],[-71.56402548827843,-39.63327819674844],[-71.56459699076088,-39.63343233203471],[-71.56512900972719,-39.63341198956002],[-71.56572224386234,-39.633794273592265],[-71.56697481484728,-39.63413866492726],[-71.56737217374588,-39.63438605166049],[-71.56790889730786,-39.634553514833144],[-71.56910857602793,-39.63503186807359],[-71.5696387769044,-39.6353154637291],[-71.57026768192067,-39.63554134033808],[-71.57134184358988,-39.63576439761338],[-71.57223208580355,-39.635798928208835],[-71.57303657082919,-39.63567676751244],[-71.57485145458588,-39.635799629408496],[-71.57571171446025,-39.636008427129404],[-71.57663545005293,-39.636244284446626],[-71.57705226669958,-39.63615636464461],[-71.57824041321366,-39.63569572699972],[-71.57906380964015,-39.63531423129435],[-71.58025602402773,-39.635144172562605],[-71.58088771667542,-39.63490509322416],[-71.58127183884174,-39.63449062073363],[-71.58172351235059,-39.634371589909016],[-71.58237313154353,-39.63404304035059],[-71.58300083600871,-39.63350433872931],[-71.58386098484561,-39.63276524723078],[-71.58436635183874,-39.632378113405956],[-71.5849583755074,-39.63200027198647],[-71.58528227667347,-39.63198797299692],[-71.58649592989039,-39.632068330752794],[-71.58739319561833,-39.631892650412546],[-71.58746844304571,-39.63187951582497],[-71.58750321441447,-39.631870730172196],[-71.5877936095357,-39.631648201772435],[-71.58839187522572,-39.63118086033295],[-71.58869938356341,-39.631003169560074],[-71.58931439940723,-39.630652123984916],[-71.58972622035068,-39.630416608184156],[-71.59006225065978,-39.630306033263444],[-71.59059522610559,-39.630124598331584],[-71.59118035721062,-39.629929977667196],[-71.59283605004411,-39.62956919849707],[-71.59351951335371,-39.62936146059051],[-71.59428827211507,-39.629404330481094],[-71.59485338566449,-39.62964775873746],[-71.59546377243932,-39.63008802634277],[-71.59570417814507,-39.63049569330531],[-71.59580749368999,-39.63063019095122],[-71.59606564659286,-39.630979817818],[-71.59647401855082,-39.63134333199695],[-71.59716236414339,-39.631301058321505],[-71.59724349502392,-39.63125658022145],[-71.59760315088177,-39.6310611759959],[-71.59824821244982,-39.6304955958923],[-71.59861311899954,-39.63037614903005],[-71.59875890041491,-39.63017099590672],[-71.59905607699486,-39.629769678213904],[-71.59938213789788,-39.62936393543763],[-71.59938811401817,-39.629332613894015],[-71.59950175083058,-39.628675813703076],[-71.60002565679095,-39.62806959542718],[-71.60022286833114,-39.62794512637947],[-71.60067569384518,-39.627629247068604],[-71.6014804740337,-39.627421835058044],[-71.6020452134488,-39.62775018536569],[-71.60240948209733,-39.62774693306272],[-71.60334509749467,-39.62792006143595],[-71.60569657472897,-39.62719483089469],[-71.60687076796698,-39.62710043043931],[-71.60858578180155,-39.62746389763306],[-71.60956058596756,-39.62786954918077],[-71.61008492912582,-39.62819324498485],[-71.61028322135382,-39.62788541125545],[-71.61044656335767,-39.62762664089828],[-71.61069166676008,-39.62722063264644],[-71.6111384118479,-39.62694041455691],[-71.611782180081,-39.62657596036438],[-71.6119412657976,-39.626049008718525],[-71.61196562211302,-39.62582999949507],[-71.61198418361614,-39.62560653877077],[-71.61235025246764,-39.625281361316084],[-71.61271206536857,-39.62467451763729],[-71.61303449140424,-39.62387084672255],[-71.61346584100379,-39.623241891469966],[-71.61348322535899,-39.62322408346259],[-71.61388397071651,-39.622903554346756],[-71.61423328700127,-39.622457600242],[-71.61432645605832,-39.6223371980313],[-71.6144498665385,-39.62197099812],[-71.61440613414311,-39.621528288734446],[-71.61435452447668,-39.62144314045384],[-71.61420558074613,-39.62120122702587],[-71.61407393073154,-39.620968307589],[-71.6138049263128,-39.62047563035612],[-71.61356018733748,-39.619790797146635],[-71.61357286342637,-39.61958517093904],[-71.61360002647243,-39.618860988664785],[-71.6136414953852,-39.61764951782237],[-71.61352234015496,-39.61724223848553],[-71.61328692696287,-39.61695091460551],[-71.6129310000143,-39.61651152483209],[-71.61287359532766,-39.616435329442695],[-71.61254673249434,-39.61595587884488],[-71.61219044259227,-39.615588122494756],[-71.61180382008895,-39.615461598541046],[-71.61169996614694,-39.61543001106691],[-71.61181504754025,-39.614487056559575],[-71.61182120452949,-39.61441552272117],[-71.612351067362,-39.61372879099634],[-71.6127121559123,-39.61324712368443],[-71.61359812505927,-39.61296841688136],[-71.61468708978559,-39.61151902746865],[-71.61540672631315,-39.60995213766268],[-71.61601091921112,-39.60730297317397],[-71.61598312255872,-39.60605549475897],[-71.61600811238313,-39.6057113022151],[-71.61605220674275,-39.605067676123205],[-71.61606470165266,-39.60488437447709],[-71.6163471046018,-39.60399567880091],[-71.61635072631171,-39.60333841598365],[-71.61634574646057,-39.603186399373605],[-71.61627104868487,-39.603105692145576],[-71.61600684478339,-39.602809770986525],[-71.61590344484526,-39.60270212413856],[-71.61581543716726,-39.60189263221236],[-71.61578247955354,-39.60157058624569],[-71.6159821265874,-39.6010034482396],[-71.6165087233685,-39.599833837226676],[-71.6171537489824,-39.599187702572124],[-71.61800131656308,-39.598501975190466],[-71.61877110636469,-39.59829438324778],[-71.61933744671884,-39.59829626168545],[-71.62011746469342,-39.59832561360053],[-71.62094546787391,-39.59802879788649],[-71.62251047435474,-39.5971843853094],[-71.62305353941491,-39.597208510003796],[-71.62378166895625,-39.59720642211103],[-71.62455054017602,-39.59716867282912],[-71.62464434017191,-39.596923069619635],[-71.6247498198659,-39.596641716971824],[-71.62431929953416,-39.59610385629837],[-71.62426253056613,-39.59591585250677],[-71.62400141129834,-39.5950432564804],[-71.62396175447091,-39.59489554375633],[-71.62398719640868,-39.59446643620132],[-71.6238852400578,-39.594124798676866]]]},"id":"39,801","properties":{"area_m2":3.059137957159608E7,"cell_size_m":7000,"grid_id":"39,801"}},{"type":"Feature","geometry":{"type":"Polygon","coordinates":[[[-71.56349353302159,-39.63292928789361],[-71.564438697127,-39.658513697631555],[-71.48291610370269,-39.660286183686615],[-71.48110174280265,-39.60954378792706],[-71.48129294900407,-39.60970348050114],[-71.48204275405709,-39.609917018192185],[-71.48265306774618,-39.61023716002843],[-71.48354679768735,-39.61052272910066],[-71.48479422967448,-39.61066691941468],[-71.48593504819789,-39.61116372216526],[-71.486581404717,-39.61130963916217],[-71.48718672884132,-39.611522455245684],[-71.48807763942817,-39.61220152211331],[-71.48843287988616,-39.61262774148789],[-71.48878839171472,-39.613018281736544],[-71.48932650460522,-39.613736036359406],[-71.48943573933838,-39.61459483201055],[-71.49011288523694,-39.61527290499157],[-71.49057355384014,-39.615520859026915],[-71.49150711693363,-39.615913897272094],[-71.49232483175325,-39.6163421810555],[-71.4932536802987,-39.616592160261234],[-71.4941110628451,-39.61712793977961],[-71.49485975373346,-39.61752017803229],[-71.49564385764049,-39.61780521126027],[-71.49618205062353,-39.61851842109399],[-71.49650395158649,-39.618774606129854],[-71.4966821110529,-39.618909525343845],[-71.49713380422163,-39.619608959725234],[-71.49724910499162,-39.62044546253522],[-71.49746910926241,-39.62119749790319],[-71.49784327018217,-39.62221848507209],[-71.4981302987077,-39.62251035140687],[-71.49817042290385,-39.62254626639973],[-71.49843716264664,-39.62324488550207],[-71.49859938016365,-39.62399668210669],[-71.49862039325922,-39.62428289125049],[-71.49875453286111,-39.62492276307673],[-71.49890506623584,-39.625701329171164],[-71.49873025912196,-39.62669308540629],[-71.4983866225004,-39.627836172944285],[-71.49857718960881,-39.628672988453374],[-71.49896095014977,-39.62997116579699],[-71.49894700181551,-39.63030642605599],[-71.49894002764819,-39.63046290023743],[-71.49953346539091,-39.63156524994526],[-71.49998941183978,-39.6324792952588],[-71.50048584392096,-39.6333934344238],[-71.50085112546192,-39.63406116003659],[-71.50090248041128,-39.634155259755175],[-71.50135471158981,-39.63478762516759],[-71.50156629000638,-39.63592855960321],[-71.50159119755986,-39.63647856887221],[-71.50160940271601,-39.63716269243988],[-71.50173874081318,-39.637677396714686],[-71.50211987128722,-39.63774156095079],[-71.50240291111709,-39.63779196266729],[-71.50333499362719,-39.6376395333312],[-71.50432485873642,-39.63748722443121],[-71.50492082338903,-39.63743166542909],[-71.50560147174896,-39.63685780732089],[-71.50583460369765,-39.63659056820962],[-71.5061976153742,-39.63596175905821],[-71.50655492066164,-39.63531502338481],[-71.506991022819,-39.63497262043266],[-71.50743228700378,-39.634710705608974],[-71.50796375963112,-39.63396631729408],[-71.50862782756762,-39.633276135750954],[-71.50966260085812,-39.632480231458224],[-71.51055236758508,-39.63175977564587],[-71.51154040088885,-39.631035184473156],[-71.51263014159836,-39.630632860654366],[-71.51346392861439,-39.630466503109545],[-71.51422770330893,-39.63038923242961],[-71.51525693529776,-39.63036666744533],[-71.51609624076524,-39.63023157468686],[-71.51690873580607,-39.62979683440712],[-71.51765656286679,-39.62950932586372],[-71.51822506251673,-39.629243462717696],[-71.51889074119109,-39.629130014752434],[-71.52003271679133,-39.6286920615822],[-71.52045286215953,-39.62813947173357],[-71.52163459188,-39.62780008395193],[-71.52255729467387,-39.62730316345117],[-71.52277166785315,-39.62724589933545],[-71.52327132802147,-39.62688582966991],[-71.52389678525387,-39.626731920011004],[-71.52429618611363,-39.62665749890462],[-71.52496103809374,-39.62665581168856],[-71.52608886541927,-39.626597816621945],[-71.52661641529096,-39.62638981581347],[-71.52730426666943,-39.626406051950255],[-71.52776081085604,-39.62643024986235],[-71.52823573934438,-39.62631146683353],[-71.52888391968459,-39.62622019559816],[-71.52961279282289,-39.62616059018104],[-71.53000602866537,-39.62614430699634],[-71.5308616909331,-39.62614327005437],[-71.53130120418972,-39.62612269338153],[-71.53170014372405,-39.62611982924167],[-71.53218013847041,-39.62610390980952],[-71.53278737615693,-39.626066060353324],[-71.53339415995856,-39.626104292759535],[-71.53408208849078,-39.62612049402939],[-71.53471259788364,-39.62606931381082],[-71.53507222862603,-39.62589197718815],[-71.53550657439985,-39.62577746442062],[-71.53606236593686,-39.62566786478883],[-71.53657215015683,-39.62551347243709],[-71.5369766985864,-39.62553298356578],[-71.53739374432448,-39.62541836489579],[-71.53779367305638,-39.62526346474936],[-71.53811743748679,-39.62526477165612],[-71.53903348541932,-39.62487050920899],[-71.53973924368327,-39.62481068699431],[-71.53999961224235,-39.6247715066832],[-71.54103157544174,-39.624333009343935],[-71.54167900738835,-39.624348911603846],[-71.54253482199435,-39.62431656494015],[-71.54321693641744,-39.62433265965994],[-71.54388175216872,-39.62433525060402],[-71.54447728689433,-39.62433310577775],[-71.54500888408813,-39.62437546755524],[-71.54577168388157,-39.62442762154182],[-71.54639556103271,-39.624501554964766],[-71.54731430389556,-39.62458116368162],[-71.54803616510644,-39.62469574956593],[-71.54872315895743,-39.62484597411709],[-71.54957859389471,-39.62488502528457],[-71.55005213408992,-39.62496286077132],[-71.55035813724812,-39.625022225661816],[-71.55088764251651,-39.625399803138535],[-71.55149846980208,-39.62570166559476],[-71.55214524823477,-39.62581595434216],[-71.55260076354172,-39.62600994850764],[-71.55294172043078,-39.62602918189711],[-71.55323024304906,-39.62611964433461],[-71.55376653586244,-39.626331896256865],[-71.55439085137017,-39.62635215839425],[-71.55481276630195,-39.62637162593704],[-71.55517590795272,-39.626538440488645],[-71.55551650006122,-39.62661579663718],[-71.55583961398668,-39.62671534679494],[-71.5563361474921,-39.62682457009359],[-71.55663562485974,-39.62700006724972],[-71.55711422664432,-39.627207573453084],[-71.5575931899976,-39.62734346487826],[-71.55812368030088,-39.627569063381685],[-71.55838856291375,-39.62773995442425],[-71.5588848210727,-39.62788941234487],[-71.55918963914213,-39.628140875177095],[-71.55964387733333,-39.62853608526529],[-71.56000637998946,-39.62880567572948],[-71.56044277725984,-39.629281205279256],[-71.56082701287126,-39.629778957468304],[-71.56090145111358,-39.62989549335834],[-71.56118942372427,-39.630079829117975],[-71.56147676219284,-39.630349210279284],[-71.56158570262104,-39.63050163249133],[-71.56179814994043,-39.63072591988175],[-71.56206248638362,-39.63099518637384],[-71.5620610374691,-39.63122320719512],[-71.56218184069601,-39.631322048094304],[-71.56234611128286,-39.63185017157146],[-71.56250032995979,-39.63215928146493],[-71.56278757677677,-39.63244645995953],[-71.56295918218508,-39.63274668577096],[-71.56347273010138,-39.63291844898218],[-71.56349353302159,-39.63292928789361]]]},"id":"40,801","properties":{"area_m2":2.6299370511291895E7,"cell_size_m":7000,"grid_id":"40,801"}},{"type":"Feature","geometry":{"type":"Polygon","coordinates":[[[-71.48110174280265,-39.60954378792706],[-71.48291610370269,-39.660286183686615],[-71.40138641917088,-39.662001507928046],[-71.39920748815702,-39.598984328852545],[-71.47417125894353,-39.59741131423703],[-71.47471745829974,-39.59869363716666],[-71.47536066505289,-39.59922859434016],[-71.47618249335771,-39.599840321141265],[-71.47717252536177,-39.601136880305354],[-71.47728004285177,-39.60144578800704],[-71.47742723397084,-39.60185781129994],[-71.47774906147814,-39.60286963854294],[-71.47841635670204,-39.60327948377083],[-71.47856354734813,-39.603691495936886],[-71.4789893582199,-39.60471271242549],[-71.47926489861281,-39.60573775211986],[-71.47930266991226,-39.60610005939852],[-71.47936743364173,-39.6067084131153],[-71.47947821129414,-39.607352666634036],[-71.47950040305189,-39.6074779579025],[-71.47958319188281,-39.608001444100466],[-71.4798314676807,-39.60881172956839],[-71.480119869556,-39.60888454507264],[-71.48086786553392,-39.60934845568482],[-71.48110174280265,-39.60954378792706]]]},"id":"41,801","properties":{"area_m2":4.858646762424905E7,"cell_size_m":7000,"grid_id":"41,801"}},{"type":"Feature","geometry":{"type":"Polygon","coordinates":[[[-71.40138641917088,-39.662001507928046],[-71.31984987534094,-39.66365965586293],[-71.31774476322101,-39.60063879238233],[-71.39920748815702,-39.598984328852545],[-71.40138641917088,-39.662001507928046]]]},"id":"42,801","properties":{"area_m2":4.8941997745513424E7,"cell_size_m":7000,"grid_id":"42,801"}},{"type":"Feature","geometry":{"type":"Polygon","coordinates":[[[-71.31984987534094,-39.66365965586293],[-71.23830670414547,-39.66526061347924],[-71.23627543395104,-39.60223619250505],[-71.31774476322101,-39.60063879238233],[-71.31984987534094,-39.66365965586293]]]},"id":"43,801","properties":{"area_m2":4.894533711442501E7,"cell_size_m":7000,"grid_id":"43,801"}},{"type":"Feature","geometry":{"type":"Polygon","coordinates":[[[-71.23830670414547,-39.66526061347924],[-71.15675713763605,-39.66680436724618],[-71.15479973159509,-39.60377651573738],[-71.23627543395104,-39.60223619250505],[-71.23830670414547,-39.66526061347924]]]},"id":"44,801","properties":{"area_m2":4.894855930468355E7,"cell_size_m":7000,"grid_id":"44,801"}},{"type":"Feature","geometry":{"type":"Polygon","coordinates":[[[-71.0742132802415,-39.635237987916035],[-71.07331788751536,-39.605259749075834],[-71.15479973159509,-39.60377651573738],[-71.15675713763605,-39.66680436724618],[-71.07520140797915,-39.66829090411448],[-71.07440911127844,-39.641791056784],[-71.07978597349252,-39.63919169774695],[-71.0742132802415,-39.635237987916035]]]},"id":"45,801","properties":{"area_m2":4.878149620172875E7,"cell_size_m":7000,"grid_id":"45,801"}},{"type":"Feature","geometry":{"type":"MultiPolygon","coordinates":[[[[-71.07440911127844,-39.641791056784],[-71.07520140797915,-39.66829090411448],[-71.0325257388477,-39.6690458866939],[-71.02965312227145,-39.66354687672348],[-71.02949777807292,-39.663487515929816],[-71.04750842913522,-39.6547891108181],[-71.07440911127844,-39.641791056784]]],[[[-71.04745306501806,-39.60571858655372],[-71.07331788751536,-39.605259749075834],[-71.0742132802415,-39.635237987916035],[-71.06313582352632,-39.62737662981269],[-71.04410994353985,-39.61387657164256],[-71.04486342187194,-39.6120408179287],[-71.04745306501806,-39.60571858655372]]]]},"id":"46,801","properties":{"area_m2":1.2086474075391917E7,"cell_size_m":7000,"grid_id":"46,801"}},{"type":"Feature","geometry":{"type":"Polygon","coordinates":[[[-71.69543514661949,-39.592485899921236],[-71.64355372628002,-39.59367869984531],[-71.64331139479852,-39.58730271278409],[-71.64345768270559,-39.58738789905734],[-71.64394141331836,-39.58771571888707],[-71.6444204354029,-39.58783349471541],[-71.64510823061052,-39.58779529976052],[-71.64584283090974,-39.58763664453351],[-71.64668715753663,-39.587509506513726],[-71.6472016652023,-39.58746189395491],[-71.64753691409715,-39.58743165707423],[-71.64842143360508,-39.58734939919643],[-71.64894761748955,-39.587270514443276],[-71.64967650574023,-39.58710723565615],[-71.65044495557666,-39.587109585494865],[-71.65084828239421,-39.587347738443675],[-71.65141456872155,-39.58734947808065],[-71.65218301456602,-39.587347239985604],[-71.652707834541,-39.58755447382472],[-71.65315135521286,-39.58783751370628],[-71.65396035568227,-39.58783546378423],[-71.65453288347952,-39.587738784478994],[-71.65492606574249,-39.58767289790592],[-71.6556141109564,-39.58759448917317],[-71.65588000383909,-39.58756840649385],[-71.65605961947662,-39.58747055894436],[-71.65622384457684,-39.58698823003206],[-71.65678867328798,-39.58609574714077],[-71.65678541414123,-39.58559047960858],[-71.65703989908674,-39.584375164129916],[-71.65771318329537,-39.583755717411925],[-71.65787351472538,-39.582866468954464],[-71.65787650226683,-39.582262914375086],[-71.65771689509106,-39.58181534674763],[-71.65783621572086,-39.58104673079681],[-71.65836591551324,-39.580248001494084],[-71.66129794391823,-39.577305858586314],[-71.66217246865918,-39.576874756880315],[-71.66288955912904,-39.57672480118404],[-71.66324778693016,-39.57672133670406],[-71.66385696342124,-39.57620004919666],[-71.66393309908808,-39.575990147628325],[-71.66395654633514,-39.5759186966335],[-71.6640560386894,-39.57563725149957],[-71.66446459979261,-39.57478901155413],[-71.66490638477805,-39.574222455719486],[-71.66608888096872,-39.57340327613977],[-71.6674549657362,-39.57282594824637],[-71.6687000081562,-39.57220357735238],[-71.66947122056378,-39.57159324676327],[-71.66987814551194,-39.57107136451384],[-71.670319651728,-39.57054503316387],[-71.67111294920355,-39.570149366597924],[-71.67121135308345,-39.57010047054377],[-71.67155997597837,-39.5696766936538],[-71.67226292391328,-39.56884713614315],[-71.67270515118263,-39.568159878050764],[-71.67299022224655,-39.56650196237518],[-71.67314991263088,-39.56569770525964],[-71.67322885252041,-39.56488869301348],[-71.67359150502877,-39.56391948836108],[-71.67417631078601,-39.56363055117089],[-71.67488097319755,-39.56363699266407],[-71.6759365155849,-39.56396181297248],[-71.67633953997479,-39.56424016270338],[-71.67649524558288,-39.56429873925362],[-71.67722760412025,-39.56456900834241],[-71.6780407103088,-39.56485735990098],[-71.68013402862721,-39.56561425675343],[-71.68064079000092,-39.56596887253938],[-71.68126939753093,-39.56618075178538],[-71.6824802602883,-39.56666690813766],[-71.68340795776815,-39.56718802500555],[-71.68409277571823,-39.56775775000381],[-71.68437883276383,-39.56836203660434],[-71.68502218864036,-39.569168548676075],[-71.68554940096635,-39.57009994468521],[-71.68627576492459,-39.57171588209083],[-71.68692065601603,-39.572200440680334],[-71.68748995874374,-39.5727697993577],[-71.68862430667028,-39.57361333606733],[-71.68932015763049,-39.57431711068293],[-71.68934894394022,-39.57434405866326],[-71.68958892028006,-39.574948271005425],[-71.6896675846855,-39.575435812970625],[-71.68958747191338,-39.576562200931825],[-71.68958747191338,-39.576571200177305],[-71.68959109283006,-39.57704958565393],[-71.68954737025857,-39.577773697411715],[-71.68955044803812,-39.57838178438931],[-71.68948617675338,-39.57854254910571],[-71.6893458661588,-39.57890876055619],[-71.68934984917006,-39.57932457604986],[-71.68934966812408,-39.579351390620985],[-71.68944100580072,-39.579602033387985],[-71.68948662936812,-39.57973626959462],[-71.68950953167239,-39.57979444166218],[-71.68966876148312,-39.58036268244336],[-71.68983450886243,-39.5807655028291],[-71.68983324154252,-39.58105165153722],[-71.6898314310855,-39.581449506317576],[-71.6899335408451,-39.581878964172994],[-71.68995617154995,-39.58197743093154],[-71.68999075126399,-39.58200882564232],[-71.69048020771837,-39.5823811952912],[-71.69088339545718,-39.58266389555814],[-71.69173150025576,-39.58294781739326],[-71.69282066313512,-39.583594535988105],[-71.6932686563654,-39.584199292997866],[-71.69391326224837,-39.58476430768861],[-71.69504297153098,-39.58541110147068],[-71.69629497094668,-39.58582564742629],[-71.6971022369393,-39.586221238144084],[-71.69786985291528,-39.58641989661032],[-71.6983528707314,-39.58694871608289],[-71.6983873590454,-39.586989090155946],[-71.69868055482898,-39.587347526819435],[-71.69869702954571,-39.58753977041745],[-71.69871884496608,-39.587834908334855],[-71.69876193268006,-39.588563795754716],[-71.69856305929774,-39.58912656594865],[-71.69824325037081,-39.58958176792967],[-71.69811525429671,-39.589773717564746],[-71.6978311100763,-39.590014417395494],[-71.6977141573665,-39.59032703286755],[-71.69770836404233,-39.590340426841664],[-71.69734845357904,-39.59070164167608],[-71.69725594131906,-39.59072824577528],[-71.69690300047235,-39.59082119910546],[-71.69621820906295,-39.5915078974963],[-71.69604386537863,-39.59171312241841],[-71.69552698922065,-39.592319801276766],[-71.69543514661949,-39.592485899921236]]]},"id":"38,802","properties":{"area_m2":8235391.693836069,"cell_size_m":7000,"grid_id":"38,802"}},{"type":"Feature","geometry":{"type":"Polygon","coordinates":[[[-71.64331139479852,-39.58730271278409],[-71.64355372628002,-39.59367869984531],[-71.6238852400578,-39.594124798676866],[-71.62362394692332,-39.593249236253726],[-71.62378347977138,-39.592601423585904],[-71.62394192605547,-39.5921548949178],[-71.62455017801382,-39.59187519945502],[-71.62583929189104,-39.59179438169963],[-71.62596070628172,-39.59178140941726],[-71.62660824896021,-39.591716362780616],[-71.62719313683175,-39.59149023466075],[-71.62762736562298,-39.59132620030439],[-71.62778372768834,-39.59126861426598],[-71.628467754284,-39.590863953846466],[-71.62931674207958,-39.58985628954664],[-71.62997749701692,-39.58947830114352],[-71.63060683365329,-39.58956972847601],[-71.63101181400877,-39.589490548739455],[-71.63145436743733,-39.58884368764852],[-71.6316600712879,-39.58819608200219],[-71.63197912930035,-39.58795567402986],[-71.63250660649751,-39.58763542929886],[-71.63315531358859,-39.58735133643626],[-71.63404150068186,-39.586947308624154],[-71.63540382318075,-39.586102096380955],[-71.6362200189367,-39.58581409367014],[-71.63675092989864,-39.58593647437804],[-71.63758142723651,-39.586234091455],[-71.63788137633186,-39.58634237511837],[-71.63797960892335,-39.586342682512594],[-71.6384476845638,-39.586339692386225],[-71.63937794901136,-39.58634258074044],[-71.64013963223084,-39.586541592805254],[-71.64130003468836,-39.58672850384151],[-71.64163492734096,-39.586783234660345],[-71.64264566918372,-39.586862335231885],[-71.64268613862977,-39.586862449871425],[-71.6430486432488,-39.587149706496135],[-71.64331139479852,-39.58730271278409]]]},"id":"39,802","properties":{"area_m2":1040942.147408519,"cell_size_m":7000,"grid_id":"39,802"}},{"type":"Feature","geometry":{"type":"Polygon","coordinates":[[[-71.47905472299135,-39.552144925802175],[-71.47841771804806,-39.534258655731364],[-71.53418967540053,-39.533055372224396],[-71.5342148560048,-39.53379373290743],[-71.53411595960763,-39.534767993802355],[-71.53363895616829,-39.535302558370816],[-71.53313894863206,-39.53667314866204],[-71.53209364889999,-39.53756311991913],[-71.53158693731929,-39.538218306214105],[-71.53116816386634,-39.53866367752851],[-71.53072801648393,-39.5388630890139],[-71.53036892463666,-39.539022555259805],[-71.52965200774838,-39.53916727082584],[-71.52891217622637,-39.53926261588675],[-71.52733324786949,-39.53964513182701],[-71.52578954277605,-39.53994286879563],[-71.52501746124518,-39.54053881574777],[-71.52439291169514,-39.541519891963866],[-71.52343996429865,-39.54238331895855],[-71.52275572798463,-39.5428007653197],[-71.52156313393509,-39.54324293266068],[-71.51942264923808,-39.54381085735471],[-71.51752161538678,-39.5439907568605],[-71.51615502014887,-39.54452606089627],[-71.51490380509344,-39.54508866153014],[-71.51424998344217,-39.5461008176105],[-71.51389214259392,-39.54690403182731],[-71.51330117455946,-39.54717432773539],[-71.51216705655388,-39.54750040689384],[-71.511332723023,-39.547885825484684],[-71.51103193859485,-39.54877872789652],[-71.51109850788984,-39.54917249781928],[-71.51115013304869,-39.550035552123205],[-71.51126932373717,-39.55116716839741],[-71.51133752325418,-39.552142098896596],[-71.51121769859593,-39.5527586049728],[-71.51069374826649,-39.553355491912725],[-71.50986330576531,-39.55399582275338],[-71.50893504460474,-39.55459095049832],[-71.50812325560477,-39.55504355737811],[-71.50729416557714,-39.555496055063614],[-71.50662475138627,-39.556235420058016],[-71.50579638238648,-39.55740326091853],[-71.50524806008421,-39.55816094763273],[-71.50495958822799,-39.558924247936275],[-71.50476974916262,-39.55963428799309],[-71.5045298235937,-39.56006249381387],[-71.5039846693407,-39.560377593423205],[-71.50315113146827,-39.56063334897877],[-71.50252726742453,-39.56063515512803],[-71.50179426198453,-39.56056490414093],[-71.50101071524467,-39.56027991089402],[-71.49943700465393,-39.55984839954836],[-71.49882219137146,-39.559398703392674],[-71.49844214420187,-39.55844472377837],[-71.49808419663468,-39.557616107384085],[-71.49734411714523,-39.55692435088718],[-71.49693725843855,-39.55647998454367],[-71.49572392544712,-39.55654178754391],[-71.4946557795531,-39.55649692207525],[-71.49370637419598,-39.55599654474742],[-71.49287208733145,-39.555568137420416],[-71.49201252795685,-39.555425795120094],[-71.49113412675621,-39.55549799836888],[-71.48996787322989,-39.55544816677967],[-71.48886945741904,-39.5555909099881],[-71.48808479496361,-39.555471139424],[-71.48751461608207,-39.55525855297244],[-71.48704470466005,-39.554755759229614],[-71.48670821219105,-39.55418646437931],[-71.4863896536143,-39.55351887264196],[-71.48601149513495,-39.553110359476506],[-71.48537736547908,-39.552951054209686],[-71.48514077803367,-39.55292320795792],[-71.48411381277357,-39.55278453439427],[-71.48330495551245,-39.552830147573296],[-71.4820250913567,-39.5525248402301],[-71.48042693033918,-39.55231209169626],[-71.4790709696473,-39.55214060520814],[-71.47905472299135,-39.552144925802175]]]},"id":"40,802","properties":{"area_m2":8723492.050388783,"cell_size_m":7000,"grid_id":"40,802"}},{"type":"Feature","geometry":{"type":"Polygon","coordinates":[[[-71.47417125894353,-39.59741131423703],[-71.39920748815702,-39.598984328852545],[-71.39703539262727,-39.53596636424273],[-71.47841771804806,-39.534258655731364],[-71.47905472299135,-39.552144925802175],[-71.47826083273429,-39.552356047531],[-71.47747487859074,-39.55242405816897],[-71.4763602101941,-39.55242792377991],[-71.47507271219524,-39.55238192140002],[-71.47381328933173,-39.55242536944095],[-71.4730020534179,-39.552783822696846],[-71.47181146442936,-39.5529035944405],[-71.47076915229772,-39.5532610467641],[-71.47026959864259,-39.55363873969502],[-71.46983788951344,-39.554209095275695],[-71.4691483857185,-39.55525658966584],[-71.46865018850062,-39.55621106398223],[-71.46865181896541,-39.55675650614199],[-71.46854973374047,-39.55726124334263],[-71.46834003773377,-39.55749725453991],[-71.46783613274089,-39.557687202254485],[-71.46719372756696,-39.55785412028503],[-71.46740867798938,-39.55844525286606],[-71.46751592669762,-39.5587676488059],[-71.4675196405459,-39.55904487514539],[-71.46751918763755,-39.55910295896441],[-71.46751719484094,-39.55935782587415],[-71.46757045685608,-39.55995266822429],[-71.46765234265972,-39.5605655553533],[-71.46803160774489,-39.560826614484974],[-71.47019939838987,-39.561350631950134],[-71.47119651241793,-39.56163241395231],[-71.47207188346736,-39.56196717271447],[-71.47288819400798,-39.56248954121083],[-71.47318185519599,-39.562611568569395],[-71.47362524508482,-39.56278795827442],[-71.47392769192442,-39.564045655140696],[-71.47398421385681,-39.564211280527985],[-71.47413104402682,-39.56465014585761],[-71.4744074034229,-39.56554110323024],[-71.47477289314831,-39.56609261208809],[-71.47500133535755,-39.5664423824827],[-71.47543394399058,-39.567289363894105],[-71.4757184545307,-39.56786731870883],[-71.4757146501888,-39.56837252906161],[-71.47540577372088,-39.56872884409507],[-71.47505052015967,-39.569107247671205],[-71.47477234966944,-39.56999119531261],[-71.47479200548788,-39.57121182895427],[-71.47488955992546,-39.572075108031136],[-71.47468330970405,-39.573370708020484],[-71.47449209562333,-39.574210370549864],[-71.47390042733521,-39.57529412804122],[-71.47361754577587,-39.576035002339644],[-71.47291083908048,-39.5770466704515],[-71.4723238783334,-39.57750002792814],[-71.47165611872074,-39.5779396215502],[-71.47114089584817,-39.57807138884131],[-71.4701929671402,-39.57812964650312],[-71.46967719865424,-39.578337439121334],[-71.46923697416867,-39.578487482158195],[-71.46861214432069,-39.57860530583263],[-71.4681890384159,-39.57877324789258],[-71.46767752435217,-39.579177785349266],[-71.46701482856996,-39.57971127153207],[-71.46566198690653,-39.58058578915725],[-71.46472790266395,-39.58108217810884],[-71.4639840394056,-39.581651017470975],[-71.46322405085868,-39.582049941858756],[-71.4626328166898,-39.58229751384112],[-71.46120269081263,-39.582684348961415],[-71.46112044118897,-39.58285389443703],[-71.46117171133106,-39.582952473557185],[-71.4613655595047,-39.58329312824341],[-71.46169138724811,-39.58374618389673],[-71.46210788833238,-39.58443215063101],[-71.4623533682992,-39.58481330022447],[-71.46287104966612,-39.58511972957275],[-71.4635729754804,-39.58549855164824],[-71.4644656665859,-39.58587822746813],[-71.46511523269655,-39.586319349085784],[-71.46545944518668,-39.586638343411],[-71.46591788135608,-39.58713674797132],[-71.46623455614339,-39.58728572217657],[-71.46696038890792,-39.58757070390359],[-71.467571000346,-39.587823835869386],[-71.4677418372996,-39.588142084914104],[-71.46800724131144,-39.58820139627544],[-71.4681839658522,-39.588510708257616],[-71.46823324218207,-39.58886859665112],[-71.46844556511333,-39.58905737184769],[-71.46883044539297,-39.58936315804102],[-71.46920825991884,-39.589820837412546],[-71.4697593557148,-39.5902972858036],[-71.4702119891459,-39.5908090231011],[-71.47078663439837,-39.59122740008821],[-71.47099252456556,-39.59151452863141],[-71.47122694754036,-39.59184193048365],[-71.47156327358543,-39.592447033513864],[-71.47173709777502,-39.59314971468828],[-71.47175566679492,-39.593744481229905],[-71.4717779496175,-39.593856327577605],[-71.47183320376506,-39.59418294839889],[-71.4720436223497,-39.59463543774856],[-71.4723291319987,-39.59509274166085],[-71.47252252117659,-39.5954915335898],[-71.4729012375699,-39.59585096900203],[-71.47303185432345,-39.59616004570094],[-71.47335875831726,-39.59648337251455],[-71.47400196753883,-39.59701385533134],[-71.47417125894353,-39.59741131423703]]]},"id":"41,802","properties":{"area_m2":4.4890299800921515E7,"cell_size_m":7000,"grid_id":"41,802"}},{"type":"Feature","geometry":{"type":"Polygon","coordinates":[[[-71.39920748815702,-39.598984328852545],[-71.31774476322101,-39.60063879238233],[-71.3156462554548,-39.53761714994696],[-71.39703539262727,-39.53596636424273],[-71.39920748815702,-39.598984328852545]]]},"id":"42,802","properties":{"area_m2":4.894270692852658E7,"cell_size_m":7000,"grid_id":"42,802"}},{"type":"Feature","geometry":{"type":"Polygon","coordinates":[[[-71.31774476322101,-39.60063879238233],[-71.23627543395104,-39.60223619250505],[-71.23425053686162,-39.539210998930116],[-71.3156462554548,-39.53761714994696],[-71.31774476322101,-39.60063879238233]]]},"id":"43,802","properties":{"area_m2":4.894604644316012E7,"cell_size_m":7000,"grid_id":"43,802"}},{"type":"Feature","geometry":{"type":"Polygon","coordinates":[[[-71.23627543395104,-39.60223619250505],[-71.15479973159509,-39.60377651573738],[-71.15284846729628,-39.540747897756134],[-71.23425053686162,-39.539210998930116],[-71.23627543395104,-39.60223619250505]]]},"id":"44,802","properties":{"area_m2":4.894926877403699E7,"cell_size_m":7000,"grid_id":"44,802"}},{"type":"Feature","geometry":{"type":"Polygon","coordinates":[[[-71.15479973159509,-39.60377651573738],[-71.07331788751536,-39.605259749075834],[-71.07144027732078,-39.542227833467116],[-71.15284846729628,-39.540747897756134],[-71.15479973159509,-39.60377651573738]]]},"id":"45,802","properties":{"area_m2":4.895237389040081E7,"cell_size_m":7000,"grid_id":"45,802"}},{"type":"Feature","geometry":{"type":"Polygon","coordinates":[[[-70.99019436342996,-39.54953187482839],[-70.99002619760653,-39.5436507935837],[-71.07144027732078,-39.542227833467116],[-71.07331788751536,-39.605259749075834],[-71.04745306501806,-39.60571858655372],[-71.05277381828725,-39.592724948954796],[-71.02251883687713,-39.57123386963346],[-71.00414905356159,-39.5570799827026],[-70.99679748601051,-39.55141939694515],[-70.99019436342996,-39.54953187482839]]]},"id":"46,802","properties":{"area_m2":2.8257662675663278E7,"cell_size_m":7000,"grid_id":"46,802"}},{"type":"Feature","geometry":{"type":"Polygon","coordinates":[[[-70.9707778714795,-39.54397885328621],[-70.99002619760653,-39.5436507935837],[-70.99019436342996,-39.54953187482839],[-70.9707778714795,-39.54397885328621]]]},"id":"47,802","properties":{"area_m2":539926.6168970169,"cell_size_m":7000,"grid_id":"47,802"}},{"type":"Feature","geometry":{"type":"Polygon","coordinates":[[[-71.53418967540053,-39.533055372224396],[-71.47841771804806,-39.534258655731364],[-71.47701834710836,-39.494881093139355],[-71.47712098579515,-39.494900171089114],[-71.47809489211787,-39.49507893032248],[-71.47863546694,-39.4953227877233],[-71.4792755868946,-39.49537927745898],[-71.47993989014698,-39.49529285343091],[-71.48027022973686,-39.4951020736677],[-71.48060690950012,-39.494830840239345],[-71.48077538512887,-39.49468410413161],[-71.48106152177873,-39.49422928228565],[-71.48161015351045,-39.49417365373421],[-71.48215162873431,-39.49429227372482],[-71.48257625777032,-39.49462052548213],[-71.48303077693626,-39.49480588377211],[-71.48382016066533,-39.49495692894562],[-71.48488109323922,-39.49507789753166],[-71.48572934788564,-39.49507714085079],[-71.48651437789088,-39.495049351283924],[-71.4870907176026,-39.49514132232299],[-71.48782157985505,-39.49541274679264],[-71.48797728076374,-39.49542688778256],[-71.48844383961924,-39.49554514501569],[-71.48896311319277,-39.49556088386221],[-71.48923964213569,-39.49562471378419],[-71.48994097218267,-39.495985433331455],[-71.49054312038434,-39.496502226580155],[-71.49108938240047,-39.49677732856321],[-71.4920570910445,-39.49701850512349],[-71.49363563515199,-39.49738306812731],[-71.49569711541437,-39.4979911473261],[-71.49620877004503,-39.49826160630512],[-71.49673138340593,-39.49862153717596],[-71.49702946287951,-39.49890002288843],[-71.49760478906101,-39.49913949845563],[-71.4982724995628,-39.49937934089346],[-71.49854259045517,-39.499532510580806],[-71.49978716153139,-39.499806116613286],[-71.50197432079621,-39.500629213334165],[-71.50316670994064,-39.50092938812614],[-71.50354847287005,-39.50161951724423],[-71.5037546156219,-39.501843969767066],[-71.50406428238381,-39.50212692763325],[-71.50461342168714,-39.501999624111164],[-71.50519824549491,-39.501724957513275],[-71.50572963093964,-39.50166462533994],[-71.50662475138627,-39.501583424989235],[-71.50731119300842,-39.50162659746384],[-71.50770907312169,-39.501677489614764],[-71.50815848781174,-39.50178216450929],[-71.50860781135393,-39.50189140084435],[-71.5089570533621,-39.502295224400015],[-71.50924352936542,-39.50259153178574],[-71.50976250047206,-39.50265183872505],[-71.51037992111605,-39.50266336672389],[-71.51083041922323,-39.502616134033005],[-71.51137855164248,-39.50264077758926],[-71.51191518078127,-39.50265200836121],[-71.51221496817796,-39.50269792597133],[-71.51287821291598,-39.50275885006414],[-71.51324701376086,-39.50283188522455],[-71.51373708716953,-39.50290101248891],[-71.51401957419085,-39.50294690936793],[-71.51441128794164,-39.503046897055775],[-71.51473425899523,-39.50307951951795],[-71.5151199037938,-39.503237645021834],[-71.5155696712386,-39.503284202684505],[-71.51577127844732,-39.50334322570704],[-71.51638633368268,-39.503698922079124],[-71.51665124817198,-39.50378053907612],[-71.5169960442678,-39.50399658540372],[-71.51739889464659,-39.50416370585313],[-71.51767413320599,-39.504415188434216],[-71.51800715436462,-39.50467141860964],[-71.51820178638229,-39.5049002129436],[-71.51837332330555,-39.50512895640293],[-71.5184019429741,-39.50516485966815],[-71.51852140289431,-39.5054157325989],[-71.51857837049917,-39.50552770589092],[-71.51868669043442,-39.50572043853265],[-71.51910556946638,-39.5060708650765],[-71.51916280868097,-39.50613816861955],[-71.51929413279292,-39.50635329091556],[-71.5194480989302,-39.50661325357909],[-71.5194582425792,-39.506827875822836],[-71.51935318334301,-39.50699735099901],[-71.51903420157173,-39.50721963042693],[-71.51859331430497,-39.50753964017543],[-71.51841244892778,-39.50782508841293],[-71.51841063755646,-39.508088865415736],[-71.51837966310573,-39.50838821928052],[-71.51834262055726,-39.508745784153504],[-71.51825857290213,-39.509210388114845],[-71.5182733355844,-39.509585984434224],[-71.51811465935941,-39.509992178092865],[-71.517991304847,-39.51030017070157],[-71.51802916255076,-39.51067146185719],[-71.51804365353674,-39.51107836234099],[-71.51803061164938,-39.51130182968295],[-71.51802997766873,-39.51138679541553],[-71.51802318501885,-39.5115387299365],[-71.51803151733601,-39.51200374301388],[-71.51811610845769,-39.51229022270617],[-71.51837902912574,-39.512666917727174],[-71.51868225257823,-39.51305266402993],[-71.51880850503721,-39.51316492955798],[-71.51896908288353,-39.51330868973107],[-71.51921017593533,-39.513501897911894],[-71.51936396097301,-39.513802088190396],[-71.51967379505095,-39.51407164961477],[-71.51984080284085,-39.51413048014668],[-71.52001904100129,-39.514229528033155],[-71.52020869065126,-39.514351046630885],[-71.520462100099,-39.51444152111008],[-71.52082464374571,-39.514599487793106],[-71.5210542333945,-39.5147792827896],[-71.52142202935705,-39.515026684156545],[-71.52183112379481,-39.51512224684309],[-71.5221934848828,-39.515311534620956],[-71.52252650172642,-39.51557222340337],[-71.52296910480064,-39.51584676557027],[-71.52340029583692,-39.516098834968616],[-71.5237789573844,-39.51644024457985],[-71.52408851583712,-39.516749948386185],[-71.5245250489396,-39.517073685644675],[-71.5248003724407,-39.517325130460534],[-71.52505341628233,-39.51747374276137],[-71.52528807488453,-39.51776085721843],[-71.52584560352672,-39.5181163313219],[-71.52639271612969,-39.518297374030624],[-71.52683667278619,-39.51837963876818],[-71.52722882497173,-39.5184304433177],[-71.52763247861891,-39.51849915329383],[-71.5281227129437,-39.51855924834639],[-71.52856087117362,-39.51864147061504],[-71.52876228973656,-39.51873621603281],[-71.52909611538932,-39.5188805936572],[-71.52925134511437,-39.51897958947666],[-71.52940648420442,-39.51907857014913],[-71.52971676217686,-39.51929445861183],[-71.52993973467612,-39.519617254680085],[-71.5300356435991,-39.51994851071257],[-71.53010782432918,-39.52036902262756],[-71.53018036730629,-39.520735961012385],[-71.53031123443645,-39.521018168931356],[-71.53036702276209,-39.52131789417893],[-71.53042824500523,-39.52165352463747],[-71.53046691644616,-39.52190398217598],[-71.5304033395082,-39.52191270609304],[-71.53045378445852,-39.52214091028735],[-71.53047515790023,-39.52240477869206],[-71.53052496888219,-39.522722436449634],[-71.53050006339211,-39.52298611432975],[-71.53046347495979,-39.52327205779062],[-71.53029475152034,-39.52347256109293],[-71.53013146193014,-39.5237088923103],[-71.53007322829731,-39.52379363123397],[-71.52993873845486,-39.52404345527643],[-71.52991917629161,-39.52437864122106],[-71.5300616359089,-39.524651979459506],[-71.53032554378056,-39.5248989260469],[-71.53053810086716,-39.52505628727891],[-71.53073888432725,-39.525244824102245],[-71.530830536459,-39.525348033722715],[-71.53090498115695,-39.525433317980664],[-71.53109353809424,-39.52573358533621],[-71.53122449544584,-39.52599793783354],[-71.531258638537,-39.52607852060555],[-71.5312865326249,-39.52622169745462],[-71.5313656866154,-39.52646794325721],[-71.5314163125564,-39.52666038599174],[-71.53142681811745,-39.52681688220398],[-71.53145353484462,-39.527138894666145],[-71.53160794843079,-39.527363073921],[-71.53186633065937,-39.52756531917508],[-71.53197528041636,-39.527673039258694],[-71.53207888680362,-39.527731597990396],[-71.53217687813095,-39.52775437616692],[-71.53227477886571,-39.52779048836508],[-71.53244757676501,-39.52784040516871],[-71.53272416190289,-39.527930907404034],[-71.5329773811091,-39.528039241721345],[-71.53312735634591,-39.528066651051354],[-71.53339198640654,-39.52820629898317],[-71.53355862535562,-39.52832766986147],[-71.533633069469,-39.528412949603904],[-71.53373622253889,-39.52852963336615],[-71.53389081623945,-39.528722485602025],[-71.53415390612231,-39.52909910585886],[-71.53429011505737,-39.52944836442888],[-71.53437606069434,-39.5304009751658],[-71.53433521614244,-39.531330727651905],[-71.5341762755455,-39.53266244728634],[-71.53418967540053,-39.533055372224396]]]},"id":"40,803","properties":{"area_m2":1.5605033499309087E7,"cell_size_m":7000,"grid_id":"40,803"}},{"type":"Feature","geometry":{"type":"Polygon","coordinates":[[[-71.47701834710836,-39.494881093139355],[-71.47841771804806,-39.534258655731364],[-71.39703539262727,-39.53596636424273],[-71.39487010886948,-39.47294761477956],[-71.46355251300695,-39.4715120259218],[-71.46355531185903,-39.471513665655195],[-71.46356681585868,-39.47151823001509],[-71.46392851228792,-39.47173444510535],[-71.46407616186391,-39.472039168764994],[-71.46418866536469,-39.47241527567663],[-71.4642279781738,-39.47254959272038],[-71.4644150309962,-39.47299307081329],[-71.46447744230339,-39.47312302020433],[-71.46472726858731,-39.473642768758125],[-71.46505264033682,-39.4740957928244],[-71.46550537035421,-39.47449138095563],[-71.4661247707514,-39.4749636161036],[-71.46613618408581,-39.474977095230535],[-71.46665730205109,-39.47548917853032],[-71.46686564032477,-39.47615633396412],[-71.46688085807214,-39.476424596774045],[-71.46689535116427,-39.476791272512735],[-71.46716863642193,-39.47727539322982],[-71.46747253807717,-39.477518255129624],[-71.4678971847231,-39.47781975060198],[-71.46856268688065,-39.478305647113594],[-71.46864303257185,-39.47835519304548],[-71.46914258851851,-39.478670454380456],[-71.46932375097265,-39.479127271845385],[-71.46941143356722,-39.4797312720245],[-71.46956424398753,-39.48088548063764],[-71.46980446509608,-39.481154790912015],[-71.46995772825223,-39.4814908464133],[-71.47020121000946,-39.48209099410167],[-71.47035728100326,-39.48282046338646],[-71.47040936503987,-39.48279392477996],[-71.47044233649561,-39.48300868495458],[-71.47053590657173,-39.483608200631444],[-71.47062358886652,-39.48421658712466],[-71.47070148840776,-39.48459700975847],[-71.47074596360326,-39.48482075358216],[-71.47068500269232,-39.48524518328313],[-71.47059505589074,-39.48570086198823],[-71.4704136223434,-39.486035337161276],[-71.47055275461766,-39.4867155028991],[-71.4705916138173,-39.486912445970624],[-71.4708079208928,-39.48730684368207],[-71.47112241737679,-39.487683812954465],[-71.47117948324114,-39.48776455030557],[-71.47160802041466,-39.48832090811655],[-71.47163075614961,-39.488361276747185],[-71.47188039623508,-39.488930174892296],[-71.47192034225566,-39.48897955498857],[-71.4723032259931,-39.48947306920497],[-71.47257587302019,-39.49004658149256],[-71.4727910013403,-39.49059750373482],[-71.47291265068621,-39.491291079458726],[-71.47291029559877,-39.49160400894416],[-71.47291473403281,-39.491778413165626],[-71.47281998704081,-39.49210880327405],[-71.47280658115463,-39.4923501674003],[-71.47279924414913,-39.49256025145398],[-71.47279272236634,-39.49265410298797],[-71.47293257834875,-39.49324046729701],[-71.47294399146404,-39.493262870474815],[-71.47321355827081,-39.49347423811163],[-71.47382180385692,-39.493928557593385],[-71.47436836348196,-39.49414114426842],[-71.47468448724189,-39.49431689937134],[-71.47490858167895,-39.49444310547981],[-71.47578983122378,-39.49465273512568],[-71.47701834710836,-39.494881093139355]]]},"id":"41,803","properties":{"area_m2":4.7393356231547326E7,"cell_size_m":7000,"grid_id":"41,803"}},{"type":"Feature","geometry":{"type":"Polygon","coordinates":[[[-71.39703539262727,-39.53596636424273],[-71.3156462554548,-39.53761714994696],[-71.31355432912889,-39.474594729211006],[-71.39487010886948,-39.47294761477956],[-71.39703539262727,-39.53596636424273]]]},"id":"42,803","properties":{"area_m2":4.894341582614232E7,"cell_size_m":7000,"grid_id":"42,803"}},{"type":"Feature","geometry":{"type":"Polygon","coordinates":[[[-71.3156462554548,-39.53761714994696],[-71.23425053686162,-39.539210998930116],[-71.2322319907633,-39.47618503338277],[-71.31355432912889,-39.474594729211006],[-71.3156462554548,-39.53761714994696]]]},"id":"43,803","properties":{"area_m2":4.89467554864266E7,"cell_size_m":7000,"grid_id":"43,803"}},{"type":"Feature","geometry":{"type":"Polygon","coordinates":[[[-71.23425053686162,-39.539210998930116],[-71.15284846729628,-39.540747897756134],[-71.15090332342585,-39.47771851390581],[-71.2322319907633,-39.47618503338277],[-71.23425053686162,-39.539210998930116]]]},"id":"44,803","properties":{"area_m2":4.894997795786474E7,"cell_size_m":7000,"grid_id":"44,803"}},{"type":"Feature","geometry":{"type":"Polygon","coordinates":[[[-71.15284846729628,-39.540747897756134],[-71.07144027732078,-39.542227833467116],[-71.0695685568825,-39.47919515786767],[-71.15090332342585,-39.47771851390581],[-71.15284846729628,-39.540747897756134]]]},"id":"45,803","properties":{"area_m2":4.895308320970181E7,"cell_size_m":7000,"grid_id":"45,803"}},{"type":"Feature","geometry":{"type":"Polygon","coordinates":[[[-71.07144027732078,-39.542227833467116],[-70.99002619760653,-39.5436507935837],[-70.98822792100793,-39.48061495283269],[-71.0695685568825,-39.47919515786767],[-71.07144027732078,-39.542227833467116]]]},"id":"46,803","properties":{"area_m2":4.895607121226298E7,"cell_size_m":7000,"grid_id":"46,803"}},{"type":"Feature","geometry":{"type":"Polygon","coordinates":[[[-70.97878891441371,-39.48077601025545],[-70.98822792100793,-39.48061495283269],[-70.99002619760653,-39.5436507935837],[-70.9707778714795,-39.54397885328621],[-70.9666235255199,-39.54279019569971],[-70.96552225598111,-39.54112627546014],[-70.9600786302282,-39.53290068721876],[-70.96005885752614,-39.52261322631162],[-70.96003554750465,-39.510631389155094],[-70.97102721463854,-39.48385971501815],[-70.97878891441371,-39.48077601025545]]]},"id":"47,803","properties":{"area_m2":1.526287173327764E7,"cell_size_m":7000,"grid_id":"47,803"}},{"type":"Feature","geometry":{"type":"Polygon","coordinates":[[[-71.46355251300695,-39.4715120259218],[-71.39487010886948,-39.47294761477956],[-71.39271161329317,-39.40992808114542],[-71.44547496957568,-39.40883027979973],[-71.44550027740152,-39.40888065087036],[-71.4455059843992,-39.408889612400884],[-71.44572131026064,-39.40934670999874],[-71.44604805817532,-39.40957622202911],[-71.44687258124956,-39.409530976344996],[-71.44747634254439,-39.40971272881908],[-71.44841536370957,-39.40977081691155],[-71.44959343953934,-39.40946791217381],[-71.45056841777203,-39.409347315608876],[-71.45149185005543,-39.4091862128084],[-71.45256746357414,-39.40946851612856],[-71.4531706717232,-39.40971279505679],[-71.4536920804377,-39.410104202638706],[-71.45410859088165,-39.41064711154527],[-71.45453660513047,-39.41119909026577],[-71.45477556820597,-39.41158916042446],[-71.4547980332632,-39.411665283082975],[-71.4550058349755,-39.412372698782804],[-71.45502259317281,-39.41243535226251],[-71.45519914299835,-39.41270887640478],[-71.45553802058663,-39.41286250412562],[-71.45580868761884,-39.4128906164535],[-71.4564446818674,-39.412638717473904],[-71.45702107048943,-39.41263691175311],[-71.45846634070091,-39.4128180121509],[-71.45916709762041,-39.41313430309658],[-71.46025944591395,-39.41349705516255],[-71.46059714110035,-39.41380708839225],[-71.46065429923992,-39.41386546191439],[-71.46095730063465,-39.41419323978366],[-71.46138258915227,-39.415102799820865],[-71.46144083416416,-39.41577374046513],[-71.46144608799058,-39.415831901323266],[-71.46144581624095,-39.41586768608262],[-71.46153322903132,-39.41649849683252],[-71.46196250251565,-39.41688943218056],[-71.46201404428551,-39.416929919637234],[-71.46269033683367,-39.417433751835055],[-71.46320122400233,-39.417713352803176],[-71.46337858501431,-39.41788400631978],[-71.4635959834782,-39.41810410126414],[-71.46392751587952,-39.4184632867137],[-71.46410804691767,-39.41898280959022],[-71.46417299458935,-39.41952854202517],[-71.46397815153871,-39.420135661617955],[-71.46271696820423,-39.42148007954093],[-71.46195244779341,-39.422697146792636],[-71.46180977940674,-39.423255364313455],[-71.46162852253575,-39.42358983361236],[-71.4612622946029,-39.42398156206501],[-71.46081743993327,-39.42410919637714],[-71.45973234004525,-39.42429190345959],[-71.45774420454148,-39.42420219484347],[-71.4546715767129,-39.42420575036099],[-71.45268848574445,-39.424205376347494],[-71.45201896811828,-39.424313938583445],[-71.45156594918744,-39.42474105056854],[-71.45131593249454,-39.425008097290835],[-71.4511764303506,-39.4251639433875],[-71.45094915044213,-39.42547582207181],[-71.45080910463928,-39.425680841988274],[-71.45050772516039,-39.42588955002381],[-71.45023388359174,-39.42625486118533],[-71.4503511925263,-39.426738253013774],[-71.45047565771664,-39.42703393503071],[-71.45047565771664,-39.42703844137791],[-71.45068681362802,-39.42731218908801],[-71.45077549726183,-39.427768635519335],[-71.45080674940537,-39.4281934755198],[-71.45068880651891,-39.428523792024656],[-71.45045029363479,-39.428795382991105],[-71.45023488003844,-39.42907161443387],[-71.45011458172452,-39.42970589363773],[-71.4500196474843,-39.43004075134239],[-71.44996303115535,-39.43064853798994],[-71.44977923184317,-39.431287009506015],[-71.44977914125698,-39.432038122710054],[-71.44977941301553,-39.432740103289916],[-71.44990007378702,-39.43352306834409],[-71.44989617858258,-39.434010357904185],[-71.44984363861144,-39.43409953847401],[-71.4497268730272,-39.43427780812537],[-71.44971536858046,-39.43428225285014],[-71.44959688181595,-39.43467957120525],[-71.44990016437318,-39.43498060212456],[-71.4503232014404,-39.435434151009446],[-71.45064541584658,-39.43552507377521],[-71.45096174187967,-39.43561601902995],[-71.45127915466189,-39.43631495618199],[-71.45127906407609,-39.4363283819944],[-71.45133948479918,-39.436713140028886],[-71.45141258751941,-39.436950457050756],[-71.4513862270607,-39.437370640563245],[-71.4510477078694,-39.43788766011942],[-71.45092668514239,-39.43861581195195],[-71.45099181639054,-39.43913031109167],[-71.451350808022,-39.4396774509326],[-71.45156540567308,-39.44025075787254],[-71.45153324773867,-39.440675310349],[-71.45151975046392,-39.44093012425821],[-71.45150661553161,-39.44113123793969],[-71.45120342492557,-39.441554539639576],[-71.45079932135991,-39.441615231940744],[-71.45062612103652,-39.44164566913726],[-71.45011584992984,-39.442009900493346],[-71.44969181616862,-39.442401304930215],[-71.44935429181918,-39.44279763116891],[-71.44911170165753,-39.443583358406364],[-71.44889837074062,-39.44431112556964],[-71.44893197829481,-39.44516078435631],[-71.44938735581275,-39.445914031174446],[-71.44944940740886,-39.44608871740908],[-71.44965820868597,-39.44667537159951],[-71.44952731158729,-39.44718448330698],[-71.44932503244696,-39.44797930960636],[-71.44896395529085,-39.44842920730441],[-71.44845141714518,-39.4490661122776],[-71.44844561960804,-39.449070502272114],[-71.44811280458386,-39.44958757101279],[-71.4479028247765,-39.44989061731464],[-71.4478506468587,-39.44992165128971],[-71.4478506468587,-39.44992615595701],[-71.44732859550113,-39.450312644850555],[-71.44707821349307,-39.45061544473824],[-71.44720820562118,-39.45094690434307],[-71.44747661430469,-39.45127901438596],[-71.44786849243212,-39.45131216484704],[-71.448088165027,-39.45125511547687],[-71.44868340914,-39.451096978262726],[-71.44942177859734,-39.45106921498861],[-71.45091010792434,-39.451009166173165],[-71.45096201363731,-39.4510093896098],[-71.45223646410516,-39.4510064912908],[-71.45232297330091,-39.45100683700345],[-71.45335483162904,-39.451069885637814],[-71.45426620888705,-39.4510383448349],[-71.45517133346263,-39.4510694429721],[-71.45549888798664,-39.4512184899872],[-71.45577480895874,-39.45134048428412],[-71.45636804738345,-39.45143270325597],[-71.45721338099138,-39.451749650438444],[-71.45768813294448,-39.45225259724671],[-71.45796070060857,-39.45279479822897],[-71.45823489857653,-39.45313142562617],[-71.45871662412827,-39.45349136158577],[-71.45929554541695,-39.453945622808256],[-71.46005083201601,-39.45397592479488],[-71.46089878379348,-39.453948555388315],[-71.46138304206842,-39.45397761695764],[-71.46177997755875,-39.45410019001677],[-71.46200888105056,-39.45433376458967],[-71.46216912246545,-39.45449099179811],[-71.46253453421767,-39.45497553556751],[-71.46271579062666,-39.45540107000557],[-71.46283943624994,-39.45582193310249],[-71.46283916450136,-39.45585769532371],[-71.46285021560992,-39.45592479052255],[-71.46289849626872,-39.45639898532803],[-71.46332079323362,-39.456977618995246],[-71.46392959927887,-39.457306819397296],[-71.46417643672503,-39.457468971387634],[-71.46437725810974,-39.45759950338805],[-71.46468723117438,-39.45779318842041],[-71.46505236858994,-39.45831346722211],[-71.46507972444172,-39.4585058523901],[-71.46513978049308,-39.45894425418636],[-71.46525835266718,-39.45928013043921],[-71.46568309254421,-39.45955032947997],[-71.46589713806067,-39.46022201542878],[-71.46596244773338,-39.460731963811654],[-71.46577874726408,-39.46137049955135],[-71.46553299791763,-39.46182537365316],[-71.46498696816751,-39.46233703197224],[-71.46453215409343,-39.46297430353248],[-71.46422870283382,-39.46342890299748],[-71.4642478157417,-39.46395656784674],[-71.46426212777632,-39.46434114554368],[-71.46438251189274,-39.46518668904032],[-71.4643513515234,-39.46625064608556],[-71.46429573388065,-39.46673324500251],[-71.46424881214921,-39.46683140111484],[-71.46407860759257,-39.467215068068995],[-71.46402289932456,-39.46770214750166],[-71.4640677376873,-39.46787669460576],[-71.4641747156572,-39.46821703146483],[-71.46429102359127,-39.468852399052835],[-71.46432209338344,-39.469308555340106],[-71.46417390041452,-39.469826505947125],[-71.46387207933557,-39.47006659748632],[-71.46362288652885,-39.47021741441184],[-71.46360549465797,-39.470230734799166],[-71.46341409343917,-39.470368465699885],[-71.46320484731297,-39.47057317749284],[-71.46311181880084,-39.47067114346765],[-71.46314379452393,-39.47100652903516],[-71.46326245794702,-39.47133801044201],[-71.4635323038586,-39.47150018620086],[-71.46355251300695,-39.4715120259218]]]},"id":"41,804","properties":{"area_m2":3.790928843018903E7,"cell_size_m":7000,"grid_id":"41,804"}},{"type":"Feature","geometry":{"type":"Polygon","coordinates":[[[-71.39487010886948,-39.47294761477956],[-71.31355432912889,-39.474594729211006],[-71.31146896144745,-39.41157153083021],[-71.39271161329317,-39.40992808114542],[-71.39487010886948,-39.47294761477956]]]},"id":"42,804","properties":{"area_m2":4.894412443488864E7,"cell_size_m":7000,"grid_id":"42,804"}},{"type":"Feature","geometry":{"type":"Polygon","coordinates":[[[-71.31355432912889,-39.474594729211006],[-71.2322319907633,-39.47618503338277],[-71.2302197736556,-39.41315829649299],[-71.31146896144745,-39.41157153083021],[-71.31355432912889,-39.474594729211006]]]},"id":"43,804","properties":{"area_m2":4.8947464240775354E7,"cell_size_m":7000,"grid_id":"43,804"}},{"type":"Feature","geometry":{"type":"Polygon","coordinates":[[[-71.2322319907633,-39.47618503338277],[-71.15090332342585,-39.47771851390581],[-71.14896427877943,-39.41468836479159],[-71.2302197736556,-39.41315829649299],[-71.2322319907633,-39.47618503338277]]]},"id":"44,804","properties":{"area_m2":4.895068685273327E7,"cell_size_m":7000,"grid_id":"44,804"}},{"type":"Feature","geometry":{"type":"Polygon","coordinates":[[[-71.15090332342585,-39.47771851390581],[-71.0695685568825,-39.47919515786767],[-71.06770270579293,-39.41616172285875],[-71.14896427877943,-39.41468836479159],[-71.15090332342585,-39.47771851390581]]]},"id":"45,804","properties":{"area_m2":4.89537922399672E7,"cell_size_m":7000,"grid_id":"45,804"}},{"type":"Feature","geometry":{"type":"Polygon","coordinates":[[[-70.98703805870927,-39.43878717699],[-70.98643528377805,-39.41757835830235],[-71.06770270579293,-39.41616172285875],[-71.0695685568825,-39.47919515786767],[-70.98822792100793,-39.48061495283269],[-70.98812688132938,-39.47706501202266],[-70.9897299344692,-39.476427828284564],[-70.99387254912577,-39.474782713985284],[-71.00332675746749,-39.46877941804878],[-71.01657970252501,-39.46035294567645],[-71.00721249359756,-39.44699945576635],[-71.00342035075165,-39.441588594315654],[-70.98736716477843,-39.438843442487126],[-70.98703805870927,-39.43878717699]]]},"id":"46,804","properties":{"area_m2":4.223127670426338E7,"cell_size_m":7000,"grid_id":"46,804"}},{"type":"Feature","geometry":{"type":"MultiPolygon","coordinates":[[[[-70.98812688132938,-39.47706501202266],[-70.98822792100793,-39.48061495283269],[-70.97878891441371,-39.48077601025545],[-70.98812688132938,-39.47706501202266]]],[[[-70.95328234794326,-39.41813992531366],[-70.98643528377805,-39.41757835830235],[-70.98703805870927,-39.43878717699],[-70.95998012951068,-39.434157744295284],[-70.95168984299197,-39.42067083222571],[-70.95328234794326,-39.41813992531366]]]]},"id":"47,804","properties":{"area_m2":5643584.423500368,"cell_size_m":7000,"grid_id":"47,804"}},{"type":"Feature","geometry":{"type":"Polygon","coordinates":[[[-71.44547496957568,-39.40883027979973],[-71.39271161329317,-39.40992808114542],[-71.39055988242875,-39.34690776402409],[-71.39877259455422,-39.34673868255526],[-71.39906369378761,-39.34713397537376],[-71.39908634352292,-39.34717426100446],[-71.39936375736644,-39.347725668985724],[-71.39942436800489,-39.3480523667014],[-71.39966155572739,-39.34926522520774],[-71.39970006021316,-39.34947556890472],[-71.39975478187533,-39.34980671496178],[-71.40036423930022,-39.350596693576456],[-71.4010899335164,-39.35126218007002],[-71.40163234596072,-39.351810411251556],[-71.40230277278171,-39.35220284023371],[-71.40311761149515,-39.35253789396549],[-71.40402676059978,-39.35262748168194],[-71.40497096864581,-39.35265915741615],[-71.40602606522648,-39.35250803647422],[-71.40729985968197,-39.352384870500785],[-71.40848087875912,-39.352323836406214],[-71.4091431392277,-39.35232273233537],[-71.40924107394923,-39.352323210168976],[-71.40978610148044,-39.35256738605243],[-71.41057356334471,-39.35274579880222],[-71.41089372970076,-39.353020092625385],[-71.41111677694936,-39.353200077907154],[-71.41154384591137,-39.3537790145053],[-71.41157147763636,-39.353917751405234],[-71.41158805667031,-39.3540027518949],[-71.41163806555507,-39.35421765834183],[-71.41166026152523,-39.35432506869959],[-71.41204737714513,-39.354854592667174],[-71.41205879220274,-39.354868096139086],[-71.41243585128439,-39.35523211521122],[-71.4127214990966,-39.355506286481024],[-71.41275375110308,-39.355779194423],[-71.41281300056816,-39.3562668004077],[-71.4128178021299,-39.3563831132974],[-71.41284498077998,-39.357263973813126],[-71.41299536927355,-39.35787278832866],[-71.41313678875765,-39.35818654627355],[-71.4134195369645,-39.35880494530326],[-71.41390404058656,-39.35941539889227],[-71.41451247764773,-39.359659904004545],[-71.41502307115043,-39.359899435297905],[-71.41514926989463,-39.359953727222546],[-71.4158150513402,-39.36023428365682],[-71.41660204709201,-39.36047518868739],[-71.41719915530588,-39.360710700537524],[-71.41760094126597,-39.360869210665115],[-71.41869151384395,-39.361321758574874],[-71.4190866847849,-39.36159644518255],[-71.41954391206176,-39.362023476761316],[-71.41992214104317,-39.36224888569975],[-71.42014563568233,-39.362384113250606],[-71.42040083794437,-39.36287278680396],[-71.4205425263072,-39.36314169042],[-71.4206611132637,-39.363437364135436],[-71.42075714239775,-39.3636569233611],[-71.42120820720481,-39.364142016912716],[-71.42160310360691,-39.36444355178034],[-71.42196303059983,-39.3648075107843],[-71.42238899960931,-39.3655339236947],[-71.42287485007856,-39.36599239839453],[-71.42347711169334,-39.36629491986254],[-71.42390362246827,-39.36626124411139],[-71.4249063918812,-39.36619914643046],[-71.42550738180472,-39.36596067489705],[-71.4261437016668,-39.365624052717735],[-71.42705523877926,-39.36544071256695],[-71.42719964227999,-39.36539677368495],[-71.4275402676229,-39.365291135044735],[-71.4277832347581,-39.36517162168185],[-71.42823845797547,-39.36514250199564],[-71.42838141153553,-39.365268416985934],[-71.42890195044434,-39.36571806392288],[-71.42917580832503,-39.36603242634346],[-71.42960394298598,-39.366503919832454],[-71.42987553555133,-39.36710885639262],[-71.4302354542684,-39.36747721720584],[-71.43075137035076,-39.36777931079859],[-71.43147845293414,-39.36832388610835],[-71.43177051758934,-39.36853543466718],[-71.43202254093153,-39.368715542101334],[-71.43250973724315,-39.3697193835851],[-71.4327811464301,-39.370351092306464],[-71.43281176601174,-39.37083856101973],[-71.43282843465865,-39.37091018054078],[-71.43286177195012,-39.37106236300227],[-71.43293415372173,-39.37138020331314],[-71.43308543973048,-39.37189954143761],[-71.43356765213389,-39.37210754153333],[-71.4339312813479,-39.37201990501836],[-71.43418565851621,-39.371904946600914],[-71.43433014974056,-39.371838544918454],[-71.4345049885737,-39.37159796325264],[-71.435055866226,-39.371140147958585],[-71.43562929988391,-39.37074948652587],[-71.43608541905029,-39.370622031070546],[-71.43671999897099,-39.370504392505424],[-71.43680614956311,-39.37053165156904],[-71.43711650893792,-39.37062251143356],[-71.43780861118768,-39.37050516478336],[-71.43814496877482,-39.37022962741601],[-71.43871885043599,-39.36977632512898],[-71.43892204146519,-39.36957609076162],[-71.43893363684813,-39.36956722130175],[-71.43935632453577,-39.36929205168262],[-71.43983463319059,-39.369272038422935],[-71.44104172558201,-39.36886647272728],[-71.4426142460672,-39.368865055859736],[-71.44302026123678,-39.36923362940087],[-71.44362747137235,-39.36965680124859],[-71.44423477106463,-39.37007998319545],[-71.44532127692037,-39.37035346562875],[-71.44572212554552,-39.370654896694866],[-71.44635143433327,-39.371198877567195],[-71.44692702398282,-39.371259746812555],[-71.44747878838704,-39.37141438876202],[-71.44844797485752,-39.37195550561661],[-71.44905282052547,-39.371958340799075],[-71.44959452657406,-39.3719296067814],[-71.44999337750878,-39.371748169426915],[-71.4503514642844,-39.371629205005895],[-71.4511420983211,-39.37144510942589],[-71.45199034306388,-39.37126138777764],[-71.45253485280266,-39.370870432099615],[-71.453073020736,-39.37055556189915],[-71.45311351238236,-39.37053340294172],[-71.45362848963116,-39.370231759224005],[-71.45468915019035,-39.37014288744987],[-71.45550178669791,-39.37007963779909],[-71.456320218761,-39.37002085100687],[-71.45632601617012,-39.370016376735514],[-71.45674650924897,-39.370018345068495],[-71.45701871529661,-39.37056508522131],[-71.4570444412484,-39.370967614407704],[-71.45704887988073,-39.37114203511404],[-71.45710920904138,-39.37153121703147],[-71.45741139819664,-39.37193059418946],[-71.45768786119197,-39.37268297302268],[-71.4576815203,-39.37275004388902],[-71.45762390876195,-39.3735053334994],[-71.45734364117814,-39.37399136835366],[-71.45732606783166,-39.37401813834932],[-71.45732588666314,-39.37404945092254],[-71.45735695706381,-39.37450115056038],[-71.45768659301359,-39.37507947121728],[-71.45792890558772,-39.37577352954754],[-71.4579624217065,-39.37665897037964],[-71.45777871710327,-39.377319860157236],[-71.45733403924667,-39.378198550576016],[-71.45726374585367,-39.3783501865066],[-71.4570218857485,-39.37907785029558],[-71.45647394065536,-39.38065359424952],[-71.4555066782731,-39.38280403425738],[-71.45529543463132,-39.383290403871015],[-71.45493001544587,-39.384348337490714],[-71.45492775082408,-39.38538108332536],[-71.4549617201496,-39.386199427979655],[-71.45507821226532,-39.38677675555051],[-71.4548418763547,-39.38753119782806],[-71.45487376223605,-39.38788013880093],[-71.4548998506823,-39.38822896478075],[-71.45493019661562,-39.388770090458635],[-71.45489550260804,-39.3895300165798],[-71.4546906901342,-39.3899269743269],[-71.45435371402546,-39.390287509607134],[-71.45392959471745,-39.39074161260325],[-71.45362260159293,-39.39094581907532],[-71.45350683368329,-39.39101679683645],[-71.45305426956936,-39.391412559164436],[-71.45259572624033,-39.3918351492946],[-71.45214252687094,-39.3923159283695],[-71.4518050048397,-39.39274351880376],[-71.45168189889858,-39.39301121239045],[-71.45159982824757,-39.393194106287254],[-71.45141639212154,-39.39380133512452],[-71.45101989800986,-39.394407500095824],[-71.45066000018589,-39.39474113614191],[-71.44974788902347,-39.394955915257135],[-71.44905599104821,-39.3950062580956],[-71.44892917011654,-39.39501457577469],[-71.44870333816026,-39.39515660308777],[-71.44858168053295,-39.395232023381304],[-71.44844272083942,-39.395316287232475],[-71.44772029261756,-39.39559007836357],[-71.4472333887597,-39.395954440978215],[-71.44662491653133,-39.39638070245563],[-71.44608302480445,-39.397138242908575],[-71.44553995462154,-39.398047711547285],[-71.44538414450848,-39.3988070405823],[-71.44532290749198,-39.39925382155541],[-71.44511691188897,-39.39980276759622],[-71.4449330194958,-39.400468050439244],[-71.44474976112022,-39.40104395502387],[-71.44465772425355,-39.40174543404889],[-71.44447917628814,-39.40246887813371],[-71.44447700218757,-39.40347035788892],[-71.44465989835304,-39.40437882296173],[-71.44511600601535,-39.40501143871786],[-71.4454390404049,-39.40569258317796],[-71.44553542525875,-39.40589418750635],[-71.44562863953348,-39.406498215908364],[-71.44562936423135,-39.407133081776614],[-71.44561767847813,-39.40715545352558],[-71.4453529824777,-39.40782927949845],[-71.44520532514385,-39.40828460969332],[-71.44521655797384,-39.40831594947023],[-71.44547496957568,-39.40883027979973]]]},"id":"41,805","properties":{"area_m2":2.7659694142591245E7,"cell_size_m":7000,"grid_id":"41,805"}},{"type":"Feature","geometry":{"type":"Polygon","coordinates":[[[-71.39271161329317,-39.40992808114542],[-71.31146896144745,-39.41157153083021],[-71.30939012973151,-39.34854755546183],[-71.39055988242875,-39.34690776402409],[-71.39271161329317,-39.40992808114542]]]},"id":"42,805","properties":{"area_m2":4.894483275131557E7,"cell_size_m":7000,"grid_id":"42,805"}},{"type":"Feature","geometry":{"type":"Polygon","coordinates":[[[-71.31146896144745,-39.41157153083021],[-71.2302197736556,-39.41315829649299],[-71.22821386365088,-39.35013078889242],[-71.30939012973151,-39.34854755546183],[-71.31146896144745,-39.41157153083021]]]},"id":"43,805","properties":{"area_m2":4.894817270275829E7,"cell_size_m":7000,"grid_id":"43,805"}},{"type":"Feature","geometry":{"type":"Polygon","coordinates":[[[-71.2302197736556,-39.41315829649299],[-71.14896427877943,-39.41468836479159],[-71.14703131226139,-39.351657451020415],[-71.22821386365088,-39.35013078889242],[-71.2302197736556,-39.41315829649299]]]},"id":"44,805","properties":{"area_m2":4.895139545516519E7,"cell_size_m":7000,"grid_id":"44,805"}},{"type":"Feature","geometry":{"type":"Polygon","coordinates":[[[-71.14896427877943,-39.41468836479159],[-71.06770270579293,-39.41616172285875],[-71.06584270374906,-39.353127529023496],[-71.14703131226139,-39.351657451020415],[-71.14896427877943,-39.41468836479159]]]},"id":"45,805","properties":{"area_m2":4.895450097773532E7,"cell_size_m":7000,"grid_id":"45,805"}},{"type":"Feature","geometry":{"type":"Polygon","coordinates":[[[-71.06770270579293,-39.41616172285875],[-70.98643528377805,-39.41757835830235],[-70.9846482664072,-39.35454101055294],[-71.06584270374906,-39.353127529023496],[-71.06770270579293,-39.41616172285875]]]},"id":"46,805","properties":{"area_m2":4.8957489240858555E7,"cell_size_m":7000,"grid_id":"46,805"}},{"type":"Feature","geometry":{"type":"Polygon","coordinates":[[[-70.93573825807712,-39.35536507314897],[-70.9846482664072,-39.35454101055294],[-70.98643528377805,-39.41757835830235],[-70.95328234794326,-39.41813992531366],[-70.96506023346834,-39.39941540325616],[-70.9683587765873,-39.39416904697581],[-70.96942947338583,-39.3907136306042],[-70.97357255929296,-39.37731973719572],[-70.93900866427424,-39.36054794290336],[-70.93573825807712,-39.35536507314897]]]},"id":"47,805","properties":{"area_m2":1.5199289422082862E7,"cell_size_m":7000,"grid_id":"47,805"}},{"type":"Feature","geometry":{"type":"MultiPolygon","coordinates":[[[[-71.3893881802925,-39.31249651623186],[-71.3885495807313,-39.28784721649404],[-71.38915076572941,-39.28921399666085],[-71.38942057664003,-39.289939693495384],[-71.38969228997763,-39.29045525020727],[-71.38978307244804,-39.290598796343794],[-71.38990810216067,-39.290787251893924],[-71.38993754755778,-39.29136421577108],[-71.3903617422141,-39.292211406519016],[-71.39099594945,-39.2933906137537],[-71.3913315352318,-39.29384842719897],[-71.39178109647732,-39.29442307043627],[-71.39199174318182,-39.29468349423648],[-71.39215120039101,-39.294876624739274],[-71.39232080480048,-39.29522171683258],[-71.39248488249531,-39.29554454590275],[-71.39250082819777,-39.29569662218598],[-71.39254911830378,-39.296108235938384],[-71.39257068123835,-39.29627371062016],[-71.39275351312801,-39.29708843513578],[-71.39320941464497,-39.298271115616174],[-71.39341299369505,-39.298683546672315],[-71.3934808533531,-39.298818013463816],[-71.39363233708345,-39.29927487116226],[-71.39365897357017,-39.299516467646036],[-71.39372311857103,-39.300089062516186],[-71.39390803368676,-39.30066681311966],[-71.39442046822455,-39.30130433986384],[-71.39463564340305,-39.301712315664304],[-71.39468647002661,-39.3018154264395],[-71.3948450200545,-39.30212025044099],[-71.39486114685346,-39.30225451461454],[-71.39493661663909,-39.30284510007947],[-71.39475197384652,-39.303572870431765],[-71.39420991352661,-39.30436139399569],[-71.39384162371235,-39.30503014736636],[-71.39353820336129,-39.30551143670626],[-71.39314844056818,-39.30599675760667],[-71.39287455539888,-39.30638880453025],[-71.39254205145939,-39.306905673512944],[-71.39254341046792,-39.307419870894535],[-71.39242091847731,-39.3082732018644],[-71.39210988648443,-39.30896909608189],[-71.39190449469062,-39.30942406134501],[-71.39155513811338,-39.30988716415171],[-71.39145611140846,-39.310029717801875],[-71.39098281231131,-39.3108454580394],[-71.3907549508305,-39.311242226527625],[-71.39072016003917,-39.31127328148389],[-71.39020871690275,-39.311842949559775],[-71.38951353360994,-39.31236238919826],[-71.3893881802925,-39.31249651623186]]],[[[-71.39877259455422,-39.34673868255526],[-71.39055988242875,-39.34690776402409],[-71.38965003245941,-39.32018968681987],[-71.38996862377427,-39.32026509351395],[-71.39139323441991,-39.32060335058708],[-71.39181733677927,-39.32081569829265],[-71.3923032282788,-39.32120720862361],[-71.39326739889873,-39.32154310557722],[-71.39390685588376,-39.32215002708914],[-71.3946303886002,-39.32302567605391],[-71.39505657098401,-39.32366278319403],[-71.39532746471399,-39.324299040090715],[-71.39575165308558,-39.32584376948465],[-71.39583563906287,-39.32611247725915],[-71.3959981749767,-39.32663193662499],[-71.39615219444892,-39.32745989848438],[-71.39605344079483,-39.328237342667315],[-71.39563160837025,-39.32908910888712],[-71.39505838298287,-39.33081191035594],[-71.39500103321443,-39.331450985286494],[-71.39509054596121,-39.33241714106864],[-71.395243750419,-39.33334347269249],[-71.3952711115868,-39.33350904666547],[-71.39527065858734,-39.33423778321846],[-71.39509453235834,-39.33463032174734],[-71.3949358918393,-39.334996147373154],[-71.39469543943004,-39.33550906219395],[-71.39458608517322,-39.33617017029278],[-71.39468674182673,-39.33651500206978],[-71.39465512241291,-39.3368456482256],[-71.39487790785162,-39.337718706471684],[-71.39499958361512,-39.33829610425047],[-71.39514852991498,-39.339052424375105],[-71.39496950442792,-39.33978030058026],[-71.3947184518378,-39.340181386089164],[-71.39467070562007,-39.341044008248005],[-71.39475532604722,-39.34125013502479],[-71.39475532604722,-39.34125464654456],[-71.39496950442792,-39.341783278901794],[-71.39529983175079,-39.34220529129174],[-71.39546499529966,-39.34241629639262],[-71.39579505037293,-39.34286953365401],[-71.39636619080724,-39.34341355686057],[-71.3964083196267,-39.34387424704664],[-71.39643513710924,-39.344097970499476],[-71.39645126383763,-39.34423666035687],[-71.39647382313629,-39.34428595552886],[-71.39675640314807,-39.34490438033509],[-71.39709207421345,-39.34538452470205],[-71.39745247859098,-39.34565908896769],[-71.39784767272363,-39.34590261449096],[-71.39795648240357,-39.34597914013042],[-71.39827122395873,-39.34620434072841],[-71.39863063057653,-39.346590673980316],[-71.39875629144015,-39.346716543889464],[-71.39877259455422,-39.34673868255526]]]]},"id":"41,806","properties":{"area_m2":2057147.8950376206,"cell_size_m":7000,"grid_id":"41,806"}},{"type":"Feature","geometry":{"type":"Polygon","coordinates":[[[-71.38965003245941,-39.32018968681987],[-71.39055988242875,-39.34690776402409],[-71.30939012973151,-39.34854755546183],[-71.30731781141822,-39.285522803764714],[-71.37471170899416,-39.284167081913374],[-71.37491256630999,-39.2844572304367],[-71.37511787706221,-39.284664020411206],[-71.37548600457002,-39.284665971871135],[-71.37626928227081,-39.28457623550875],[-71.37690704757189,-39.2846646519626],[-71.37736260647819,-39.28454634365575],[-71.37784779239813,-39.284334354589134],[-71.37830280650779,-39.28427418995534],[-71.37887977300736,-39.28408944186021],[-71.37892620912554,-39.284081008923785],[-71.3814780410316,-39.284028818759516],[-71.38151525161484,-39.28403197849593],[-71.38229661373006,-39.28415233540147],[-71.38305441741235,-39.28433522674643],[-71.38405911190584,-39.28457746764935],[-71.38454338290516,-39.285121038290335],[-71.38484617653171,-39.285364110340154],[-71.38566440664523,-39.28587808107587],[-71.38637717408973,-39.285957851846945],[-71.38710334922565,-39.28647138601209],[-71.38853576281284,-39.28781580111294],[-71.3885495807313,-39.28784721649404],[-71.3893881802925,-39.31249651623186],[-71.38908942856705,-39.312816175541414],[-71.38850939775593,-39.31332729344077],[-71.38806046668317,-39.3139955968843],[-71.38751142005827,-39.314909284651876],[-71.38702706239853,-39.31566679655795],[-71.38651316782165,-39.3165135818904],[-71.38590531802966,-39.31757446838544],[-71.38579976642725,-39.31779753308608],[-71.3856355045166,-39.3181498122637],[-71.3857231169183,-39.31866001813221],[-71.38614559503978,-39.319060135370925],[-71.38654614697352,-39.31933049685199],[-71.38699961000908,-39.31948047602797],[-71.38784882108548,-39.31978443937036],[-71.38869340950502,-39.31996325959177],[-71.38965003245941,-39.32018968681987]]]},"id":"42,806","properties":{"area_m2":4.8657658891247064E7,"cell_size_m":7000,"grid_id":"42,806"}},{"type":"Feature","geometry":{"type":"Polygon","coordinates":[[[-71.30939012973151,-39.34854755546183],[-71.22821386365088,-39.35013078889242],[-71.22621423897357,-39.28710251121445],[-71.30731781141822,-39.285522803764714],[-71.30939012973151,-39.34854755546183]]]},"id":"43,806","properties":{"area_m2":4.8948880868909605E7,"cell_size_m":7000,"grid_id":"43,806"}},{"type":"Feature","geometry":{"type":"Polygon","coordinates":[[[-71.22821386365088,-39.35013078889242],[-71.14703131226139,-39.351657451020415],[-71.14510440288413,-39.288625773201034],[-71.22621423897357,-39.28710251121445],[-71.22821386365088,-39.35013078889242]]]},"id":"44,806","properties":{"area_m2":4.8952103761704385E7,"cell_size_m":7000,"grid_id":"44,806"}},{"type":"Feature","geometry":{"type":"Polygon","coordinates":[[[-71.14703131226139,-39.351657451020415],[-71.06584270374906,-39.353127529023496],[-71.06398853055191,-39.290092576946996],[-71.14510440288413,-39.288625773201034],[-71.14703131226139,-39.351657451020415]]]},"id":"45,806","properties":{"area_m2":4.8955209419573456E7,"cell_size_m":7000,"grid_id":"45,806"}},{"type":"Feature","geometry":{"type":"Polygon","coordinates":[[[-71.06584270374906,-39.353127529023496],[-70.9846482664072,-39.35454101055294],[-70.98286684948569,-39.29150291014676],[-71.06398853055191,-39.290092576946996],[-71.06584270374906,-39.353127529023496]]]},"id":"46,806","properties":{"area_m2":4.895819781289739E7,"cell_size_m":7000,"grid_id":"46,806"}},{"type":"Feature","geometry":{"type":"Polygon","coordinates":[[[-70.97049642823413,-39.29171298881716],[-70.98286684948569,-39.29150291014676],[-70.9846482664072,-39.35454101055294],[-70.93573825807712,-39.35536507314897],[-70.9346276842747,-39.35360486380583],[-70.92625644981464,-39.34030755654529],[-70.9378137157958,-39.32193532140963],[-70.94286360670692,-39.31799769475136],[-70.9544928054201,-39.308937366482326],[-70.97003987365521,-39.29581070574916],[-70.97049642823413,-39.29171298881716]]]},"id":"47,806","properties":{"area_m2":2.4416898403984588E7,"cell_size_m":7000,"grid_id":"47,806"}},{"type":"Feature","geometry":{"type":"MultiPolygon","coordinates":[[[[-71.3867730788193,-39.23550711085189],[-71.38627662155726,-39.22086478206229],[-71.39166010705522,-39.22075430851955],[-71.39166367787428,-39.220828751215095],[-71.39166458388216,-39.22138761719096],[-71.39166449328137,-39.221405528900725],[-71.39145257797567,-39.221981228354956],[-71.39105420585926,-39.22218035668881],[-71.39102539475911,-39.22219360749186],[-71.39081583470733,-39.22249650117417],[-71.39080867722829,-39.222652979782275],[-71.39078756719437,-39.22309995047885],[-71.39090335526244,-39.224343529337546],[-71.39069433874658,-39.22458391370776],[-71.39027385912428,-39.22534173579541],[-71.3897852468782,-39.22600986359565],[-71.38952404336334,-39.22629463752371],[-71.38941967062655,-39.22640144023876],[-71.38896756962448,-39.22682829997627],[-71.38869449672335,-39.227162201766305],[-71.38851030377165,-39.227858685813054],[-71.38860244555991,-39.228494045302654],[-71.388637145952,-39.229133633801396],[-71.38839206869949,-39.22955708672648],[-71.38820968762786,-39.23003898277935],[-71.38820570115533,-39.23049055968858],[-71.38822807976193,-39.23056671312015],[-71.38824973355403,-39.2307188082203],[-71.3883323622385,-39.231130592689205],[-71.38854427936,-39.23188732407346],[-71.38850178722369,-39.23215092739943],[-71.38845304357291,-39.23246359159489],[-71.38833281524657,-39.23307106970744],[-71.38830173889052,-39.23333463620226],[-71.38827030012527,-39.23364302582709],[-71.38799586767601,-39.23412892556087],[-71.38787699822481,-39.23458434352094],[-71.38763318888607,-39.23485577260568],[-71.38696826173347,-39.23528151817717],[-71.3867730788193,-39.23550711085189]]],[[[-71.38779561027717,-39.265646026293936],[-71.38717452232747,-39.247342670071745],[-71.38738919818053,-39.24770439388381],[-71.38778331602327,-39.248006047840015],[-71.38820642596852,-39.24828101052719],[-71.38875800838849,-39.24833756125275],[-71.38924182013899,-39.248246161657455],[-71.38984259746877,-39.24858466134096],[-71.39032849160427,-39.248918063874136],[-71.39081492869734,-39.24918883731235],[-71.3911531420726,-39.24931133195045],[-71.39187477765041,-39.249645941856826],[-71.3918976996359,-39.24965500696713],[-71.39196655618444,-39.24967777581662],[-71.39217856179148,-39.24976382550755],[-71.3924529910883,-39.24994854064424],[-71.39254241386168,-39.25024861209782],[-71.39243070334197,-39.25053418713197],[-71.39241901586469,-39.25055193887244],[-71.39226689742463,-39.250850755623624],[-71.39193548013849,-39.25127827022975],[-71.39148247625202,-39.251794531763906],[-71.39102294853352,-39.252400217453804],[-71.39069696617644,-39.2528544914451],[-71.39060183508336,-39.2538823822965],[-71.39051078101384,-39.25509798642322],[-71.39050996560417,-39.255191878388985],[-71.3904825134772,-39.255705947178704],[-71.39069633196924,-39.25624802696664],[-71.3910257571629,-39.25673268542978],[-71.39125044744303,-39.257341862056386],[-71.39131232784659,-39.25750765393311],[-71.39139087879765,-39.25773162952696],[-71.39151219332425,-39.258340280559906],[-71.39157651990523,-39.25888164143007],[-71.39143482021038,-39.25930562904318],[-71.39137565785343,-39.25949761426001],[-71.39132836420129,-39.25964041243492],[-71.3910947044773,-39.26006399834195],[-71.39063318304632,-39.260884245905395],[-71.39029732481734,-39.261155213942786],[-71.39002543072878,-39.26133712694467],[-71.38951579864303,-39.26239853526882],[-71.38923973630699,-39.26306774145495],[-71.38896729782009,-39.26397394724122],[-71.38887687755228,-39.26445190369772],[-71.38881635575729,-39.26479132268354],[-71.38866215197663,-39.265335992110025],[-71.38847669058646,-39.26549601198185],[-71.38841870556966,-39.26554937219872],[-71.38779561027717,-39.265646026293936]]]]},"id":"41,807","properties":{"area_m2":907418.0584914333,"cell_size_m":7000,"grid_id":"41,807"}},{"type":"Feature","geometry":{"type":"MultiPolygon","coordinates":[[[[-71.3814780410316,-39.284028818759516],[-71.37892620912554,-39.284081008923785],[-71.37935807102157,-39.28400258054526],[-71.38015203165861,-39.28400235447482],[-71.38078516940779,-39.28396998135486],[-71.3814780410316,-39.284028818759516]]],[[[-71.37471170899416,-39.284167081913374],[-71.30731781141822,-39.285522803764714],[-71.30525198406015,-39.22249727639927],[-71.38627662155726,-39.22086478206229],[-71.3867730788193,-39.23550711085189],[-71.38660241084933,-39.235704367665356],[-71.3860245505326,-39.23604114313555],[-71.38566694350908,-39.23616886194724],[-71.38560352190763,-39.23619087090948],[-71.38487752498978,-39.23637482620233],[-71.38433544997297,-39.23655979258395],[-71.38427202814,-39.23658180031349],[-71.38333093744602,-39.237037365704936],[-71.38254577221622,-39.23740430452343],[-71.38235967349391,-39.237644710468984],[-71.38238114642824,-39.23782371609226],[-71.38242472651473,-39.23810110799955],[-71.3824494611561,-39.23855283938665],[-71.38251116184757,-39.23872753010207],[-71.3825782987115,-39.23894700136004],[-71.38272099848244,-39.239059469187296],[-71.3827438304406,-39.23907748239306],[-71.3829666231639,-39.23924858381181],[-71.38305622947092,-39.23952184870448],[-71.38307833658475,-39.23962030992546],[-71.38310053430014,-39.23971426743241],[-71.38315045650414,-39.23992024923152],[-71.38299697515103,-39.24037096896015],[-71.38298537797415,-39.240388813714496],[-71.38279357148741,-39.24062030079389],[-71.38272960576842,-39.24070493751654],[-71.38272534742696,-39.24118778361651],[-71.382905919182,-39.24158219809488],[-71.3832695087017,-39.242084853347386],[-71.38329215941984,-39.24211623787335],[-71.38338874206616,-39.24225088044143],[-71.38354059240397,-39.24264522019203],[-71.38384737338295,-39.2430671181154],[-71.38427220934527,-39.24379360661829],[-71.38475439620407,-39.24455183667954],[-71.38511916171328,-39.24491590138117],[-71.38518792894055,-39.24494754333318],[-71.38575428409648,-39.24527242799993],[-71.38614804129813,-39.24561431558323],[-71.38660204844118,-39.24630975054978],[-71.38681686583263,-39.24673115167576],[-71.38703784402946,-39.24711236817379],[-71.38717452232747,-39.247342670071745],[-71.38779561027717,-39.265646026293936],[-71.38755472772641,-39.26568339086118],[-71.38688083083491,-39.265791584245264],[-71.38614831310458,-39.266033713825905],[-71.38555387184621,-39.2662585871814],[-71.38513266147302,-39.26641727385804],[-71.38288788919142,-39.26659770106887],[-71.38096039651887,-39.26732069155554],[-71.38003143818216,-39.26765105002646],[-71.3796646743067,-39.268154366462674],[-71.37918103106428,-39.26821436998828],[-71.3788186153264,-39.26821691895335],[-71.37851400462075,-39.26818843983289],[-71.37845656164545,-39.268183701119874],[-71.37815294728374,-39.26803451348146],[-71.37763668450461,-39.26787975990732],[-71.3774533920158,-39.267793841962316],[-71.37727508267507,-39.26779287483235],[-71.37714778352448,-39.26788162645227],[-71.3770261924083,-39.26797484154704],[-71.37675528508154,-39.26803153418952],[-71.37633488000331,-39.268096378017326],[-71.37602446852989,-39.26807229207169],[-71.3758158965163,-39.268245602198355],[-71.37539250039934,-39.26864124896176],[-71.37522895864801,-39.26891308407037],[-71.37518211592791,-39.269006697354854],[-71.37515040421847,-39.26933742736724],[-71.37532028834418,-39.26964687103053],[-71.37533152334491,-39.2696692410724],[-71.37557380061553,-39.27024285954968],[-71.37560451563577,-39.27066778754745],[-71.37560650894082,-39.271092485661256],[-71.37551454508248,-39.27173137475009],[-71.37536232899032,-39.27203461159962],[-71.37518238774256,-39.27221692092305],[-71.37515067603313,-39.272552073411546],[-71.37500072491275,-39.273244286980265],[-71.37503008090731,-39.27382121218254],[-71.37512249791186,-39.27442982566188],[-71.37512231670208,-39.27509149112078],[-71.37511742403773,-39.27564138901782],[-71.3749389323486,-39.276306657101166],[-71.37463540567231,-39.27745404231224],[-71.3746650335112,-39.27800418619388],[-71.37445546406717,-39.27827579543583],[-71.37418138365776,-39.27869908007668],[-71.37390639699122,-39.27921175673409],[-71.37390848091071,-39.27962753222229],[-71.37390621578082,-39.279882400533005],[-71.37401240505517,-39.280227276645235],[-71.37415229941054,-39.28067062986722],[-71.37433051966796,-39.28133330145839],[-71.37412375879185,-39.28194026121742],[-71.3739986330691,-39.28242692148665],[-71.37408996307227,-39.28315619297613],[-71.37421300484606,-39.28354585130425],[-71.37451490098178,-39.28388278014668],[-71.37471170899416,-39.284167081913374]]]]},"id":"42,807","properties":{"area_m2":4.6473446581714995E7,"cell_size_m":7000,"grid_id":"42,807"}},{"type":"Feature","geometry":{"type":"Polygon","coordinates":[[[-71.30731781141822,-39.285522803764714],[-71.22621423897357,-39.28710251121445],[-71.22422087795952,-39.22407346409409],[-71.30525198406015,-39.22249727639927],[-71.30731781141822,-39.285522803764714]]]},"id":"43,807","properties":{"area_m2":4.894958873577414E7,"cell_size_m":7000,"grid_id":"43,807"}},{"type":"Feature","geometry":{"type":"Polygon","coordinates":[[[-71.22621423897357,-39.28710251121445],[-71.14510440288413,-39.288625773201034],[-71.14318352976741,-39.22559333194402],[-71.22422087795952,-39.22407346409409],[-71.22621423897357,-39.28710251121445]]]},"id":"44,807","properties":{"area_m2":4.895281176890995E7,"cell_size_m":7000,"grid_id":"44,807"}},{"type":"Feature","geometry":{"type":"Polygon","coordinates":[[[-71.14510440288413,-39.288625773201034],[-71.06398853055191,-39.290092576946996],[-71.0621401661059,-39.227056867216234],[-71.14318352976741,-39.22559333194402],[-71.14510440288413,-39.288625773201034]]]},"id":"45,807","properties":{"area_m2":4.8955917562024385E7,"cell_size_m":7000,"grid_id":"45,807"}},{"type":"Feature","geometry":{"type":"Polygon","coordinates":[[[-70.9849021029356,-39.22839914846957],[-71.0621401661059,-39.227056867216234],[-71.06398853055191,-39.290092576946996],[-70.98286684948569,-39.29150291014676],[-70.98117117574462,-39.231312104834316],[-70.9849021029356,-39.22839914846957]]]},"id":"46,807","properties":{"area_m2":4.890690168352055E7,"cell_size_m":7000,"grid_id":"46,807"}},{"type":"Feature","geometry":{"type":"Polygon","coordinates":[[[-70.98117117574462,-39.231312104834316],[-70.98286684948569,-39.29150291014676],[-70.97049642823413,-39.29171298881716],[-70.97684418991963,-39.23468998766253],[-70.98117117574462,-39.231312104834316]]]},"id":"47,807","properties":{"area_m2":4643207.311165745,"cell_size_m":7000,"grid_id":"47,807"}},{"type":"Feature","geometry":{"type":"MultiPolygon","coordinates":[[[[-71.39166010705522,-39.22075430851955],[-71.38627662155726,-39.22086478206229],[-71.38613584877633,-39.21670614895583],[-71.38633114821829,-39.2166784605356],[-71.38696971136478,-39.21661472286278],[-71.38757348230075,-39.21658661272653],[-71.38806200691181,-39.216589209954215],[-71.38860153954441,-39.21667698673621],[-71.38899783051068,-39.21671033328244],[-71.38953781476388,-39.21674002937542],[-71.38984431889236,-39.21652703226744],[-71.39047997664687,-39.2161324256705],[-71.39093796483432,-39.21567877949424],[-71.39127237285807,-39.21555978596601],[-71.391679080008,-39.21571390103409],[-71.3919025014746,-39.2158000139553],[-71.39194580862052,-39.2161132383055],[-71.39196709978872,-39.216310051787886],[-71.39196655618444,-39.21703888081682],[-71.3917818212834,-39.21779800115534],[-71.39166086924982,-39.218494848589515],[-71.3916618658585,-39.21904034272484],[-71.39166213766086,-39.21967971527136],[-71.3916344138184,-39.22022053890275],[-71.39164909114702,-39.22052465323846],[-71.39166010705522,-39.22075430851955]]],[[[-71.38563349891079,-39.201861983908735],[-71.38414504520892,-39.15784211859662],[-71.41802426042149,-39.157143688488944],[-71.41742591302899,-39.157555531789235],[-71.41688189356196,-39.15806694306851],[-71.41633751089633,-39.1586097290753],[-71.416000408155,-39.159095367725996],[-71.41560686454032,-39.159464494719444],[-71.415123178557,-39.15961408971059],[-71.41472890922594,-39.16006821436153],[-71.41449091601835,-39.16037106485541],[-71.4142447690909,-39.16097341984389],[-71.4141743766557,-39.161151863421225],[-71.41397452366965,-39.16170531265044],[-71.41378699152872,-39.16215595363899],[-71.41375745747251,-39.162947172605485],[-71.4135825179675,-39.16326376003025],[-71.4134834066826,-39.163433172491594],[-71.41337713833688,-39.163785833120144],[-71.41283954505012,-39.16419898082462],[-71.41237324971974,-39.1643262524956],[-71.41183855400358,-39.16439962120861],[-71.41067385317605,-39.164255129256325],[-71.41012828340546,-39.1642434195541],[-71.4087131683419,-39.164513467395295],[-71.40819948564048,-39.16481487812627],[-71.40723209320501,-39.16511401285319],[-71.40682920855413,-39.165214813643075],[-71.4062023673436,-39.1653010340011],[-71.40535763843465,-39.16535933010528],[-71.4047316100552,-39.16535611127401],[-71.40380216882079,-39.1652305907465],[-71.40278756307968,-39.1650018509148],[-71.40194554415822,-39.16472930619029],[-71.40141699373108,-39.164744429733915],[-71.40116359003923,-39.164828123205844],[-71.40103004794378,-39.165001805440454],[-71.40106112321192,-39.16539990902826],[-71.40136942959076,-39.165620556165905],[-71.4014198022801,-39.16577730723065],[-71.40150496472464,-39.16588948915663],[-71.401675380152,-39.16610949664738],[-71.40178799381151,-39.16637833140822],[-71.40162201775405,-39.166985569872885],[-71.4014173561245,-39.16741375042859],[-71.40133590819288,-39.16754294860939],[-71.4012650602553,-39.16777065900561],[-71.4011797165576,-39.168351450131595],[-71.40084241849866,-39.16883704445216],[-71.40045429431679,-39.169228534862626],[-71.40014988290326,-39.16989765049735],[-71.40014997350194,-39.170563803358945],[-71.40017606591881,-39.17087249411184],[-71.40020777545067,-39.171199053665234],[-71.40032718446297,-39.172013357485795],[-71.40039096589197,-39.17262174805332],[-71.40020406090566,-39.17298748550981],[-71.39990282023795,-39.173289909070725],[-71.39939338319547,-39.17374785024808],[-71.39868933875759,-39.17413767592911],[-71.39814655951814,-39.174470197491225],[-71.39757832106089,-39.175084254433266],[-71.39739123342785,-39.1754723233669],[-71.39734955771924,-39.17564201622368],[-71.39717696587503,-39.176347564556266],[-71.39715277583049,-39.17715668281986],[-71.39714516547905,-39.17738020739188],[-71.39730081525396,-39.17798459677176],[-71.39763222764913,-39.17886265830845],[-71.39824232283132,-39.18007749553517],[-71.39828780360129,-39.18013137178368],[-71.39843575196304,-39.180297579836385],[-71.39850977142083,-39.18037846798889],[-71.39863307675093,-39.18074123402406],[-71.39861441334583,-39.180906580392175],[-71.39857681473556,-39.18127747330711],[-71.39857047280091,-39.18134902467248],[-71.39866659839846,-39.18152830640045],[-71.39881364061578,-39.18180183808207],[-71.39884181690572,-39.18186458971643],[-71.39896938027455,-39.18239278908724],[-71.39899148642198,-39.182504750931315],[-71.3990857999293,-39.18289415727173],[-71.39914405504213,-39.18347125468214],[-71.39939329259661,-39.18389285916207],[-71.39973285697195,-39.184498145404994],[-71.39982907286046,-39.1846640958511],[-71.39987437223415,-39.184740322245226],[-71.39989104240226,-39.1848074606585],[-71.39999613692265,-39.18528647814844],[-71.40002621569357,-39.18580080787771],[-71.3990540902994,-39.186618457969374],[-71.39878256515522,-39.18679592130223],[-71.39848213869966,-39.18698663262454],[-71.39791127338981,-39.18722957619952],[-71.39651006297053,-39.187830420944394],[-71.39508547236483,-39.188471299752145],[-71.394894668849,-39.188613378227544],[-71.39472116983863,-39.18874213571902],[-71.39460366158458,-39.18904560958005],[-71.39475568844729,-39.189408543123],[-71.39477281185037,-39.18942202042973],[-71.3950234114032,-39.189682704856],[-71.3955369315668,-39.19010117002791],[-71.39554263935565,-39.19010563684677],[-71.39590440426606,-39.190800535327114],[-71.39584324944171,-39.19122496650859],[-71.395777927018,-39.19147502647656],[-71.39575418987914,-39.1915598698896],[-71.39538889142469,-39.19195139833564],[-71.39541969537599,-39.192376342144456],[-71.39551246961356,-39.192953599665536],[-71.39557099709891,-39.193499377087896],[-71.3954254031667,-39.19372661253344],[-71.39536125846615,-39.193833608677956],[-71.39502567640199,-39.19410462917506],[-71.39460438638503,-39.19431706263663],[-71.393905768681,-39.19471131782037],[-71.39388148781848,-39.19485875919272],[-71.39378545155537,-39.195345617552974],[-71.39369430768221,-39.195921951845214],[-71.39365906417045,-39.1960022081259],[-71.39354173677381,-39.1962877378992],[-71.39314635675855,-39.196831140478025],[-71.39235912886282,-39.1974977608843],[-71.39160741478021,-39.198043768790356],[-71.38996844257186,-39.19886233001595],[-71.38879207455525,-39.19933458023588],[-71.38840094765642,-39.1993772038978],[-71.38816438680108,-39.19949674267782],[-71.38779971494036,-39.1997988434951],[-71.38767006381326,-39.20016928815971],[-71.38736863155957,-39.200471698426895],[-71.3870614005329,-39.20077859006103],[-71.38675996777587,-39.201085515444],[-71.3863936636722,-39.201570940748155],[-71.38578889415747,-39.201737622639094],[-71.38563349891079,-39.201861983908735]]]]},"id":"41,808","properties":{"area_m2":6578067.907295407,"cell_size_m":7000,"grid_id":"41,808"}},{"type":"Feature","geometry":{"type":"Polygon","coordinates":[[[-71.38613584877633,-39.21670614895583],[-71.38627662155726,-39.22086478206229],[-71.30525198406015,-39.22249727639927],[-71.3031926253246,-39.159470974027506],[-71.38414504520892,-39.15784211859662],[-71.38563349891079,-39.201861983908735],[-71.38551690610267,-39.2019552915482],[-71.38524256218301,-39.20243671573008],[-71.38518013713416,-39.2030087295847],[-71.38524247158061,-39.203769137981965],[-71.38517886870054,-39.20447075333016],[-71.38518122436297,-39.2048597215848],[-71.38524020652098,-39.2053473768026],[-71.38514896990694,-39.20592372914376],[-71.38484436448203,-39.20658831731768],[-71.38453939639255,-39.207288619932235],[-71.38412117473585,-39.20780058167087],[-71.38375459617374,-39.20831730232656],[-71.38318443259188,-39.209114651443606],[-71.38272679707512,-39.20952354102185],[-71.38236230098383,-39.20979884280431],[-71.3815165200612,-39.210567838808224],[-71.38106730857223,-39.2113210424682],[-71.38121734780789,-39.21190756821796],[-71.3811385228548,-39.212381082485805],[-71.3812651863918,-39.21366049041671],[-71.38129816601798,-39.213830580288345],[-71.38112022096672,-39.21446454981151],[-71.38099727212045,-39.21537596654936],[-71.38092397393083,-39.21586293019017],[-71.38087541047446,-39.21616221031254],[-71.3808852862525,-39.21635008557552],[-71.38091029280852,-39.216766003743395],[-71.3811150565724,-39.21701300749221],[-71.38153835545835,-39.217247732896766],[-71.38181859137299,-39.21740575564047],[-71.38208877012102,-39.21740268920594],[-71.38245091080535,-39.217404608198066],[-71.3829347309239,-39.21728196145454],[-71.38360827269528,-39.217164875668445],[-71.38441952918596,-39.21707073735528],[-71.38509324942139,-39.21692677810817],[-71.38526602820006,-39.21688748272395],[-71.38590531802966,-39.216738831818006],[-71.38613584877633,-39.21670614895583]]]},"id":"42,808","properties":{"area_m2":4.8522699360925324E7,"cell_size_m":7000,"grid_id":"42,808"}},{"type":"Feature","geometry":{"type":"Polygon","coordinates":[[[-71.30525198406015,-39.22249727639927],[-71.22422087795952,-39.22407346409409],[-71.22223375905531,-39.16104364816809],[-71.3031926253246,-39.159470974027506],[-71.30525198406015,-39.22249727639927]]]},"id":"43,808","properties":{"area_m2":4.895029629989344E7,"cell_size_m":7000,"grid_id":"43,808"}},{"type":"Feature","geometry":{"type":"Polygon","coordinates":[[[-71.22422087795952,-39.22407346409409],[-71.14318352976741,-39.22559333194402],[-71.14126867213781,-39.16256012786176],[-71.22223375905531,-39.16104364816809],[-71.22422087795952,-39.22407346409409]]]},"id":"44,808","properties":{"area_m2":4.8953519473313704E7,"cell_size_m":7000,"grid_id":"44,808"}},{"type":"Feature","geometry":{"type":"Polygon","coordinates":[[[-71.06075192924895,-39.179574323498585],[-71.06029759041816,-39.16402040042011],[-71.14126867213781,-39.16256012786176],[-71.14318352976741,-39.22559333194402],[-71.0621401661059,-39.227056867216234],[-71.06159494120826,-39.20841593025797],[-71.07187374142461,-39.20736331463375],[-71.11544173827406,-39.2072730581446],[-71.12576913959,-39.2072482278598],[-71.10978284750111,-39.1925604645725],[-71.09711927930691,-39.18090531686338],[-71.06075192924895,-39.179574323498585]]]},"id":"45,808","properties":{"area_m2":3.5943511529381365E7,"cell_size_m":7000,"grid_id":"45,808"}},{"type":"Feature","geometry":{"type":"MultiPolygon","coordinates":[[[[-71.06159494120826,-39.20841593025797],[-71.0621401661059,-39.227056867216234],[-70.9849021029356,-39.22839914846957],[-71.00278886775142,-39.214428876599314],[-71.03733302012753,-39.21089680085842],[-71.06159494120826,-39.20841593025797]]],[[[-70.98032766122147,-39.16540733909506],[-71.06029759041816,-39.16402040042011],[-71.06075192924895,-39.179574323498585],[-71.05644953046311,-39.179416110685736],[-71.01578173541554,-39.17792166805879],[-70.99549740572954,-39.177171856595564],[-70.98032766122147,-39.16540733909506]]]]},"id":"46,808","properties":{"area_m2":1.9788809920074727E7,"cell_size_m":7000,"grid_id":"46,808"}},{"type":"Feature","geometry":{"type":"Polygon","coordinates":[[[-71.41802426042149,-39.157143688488944],[-71.38414504520892,-39.15784211859662],[-71.3825353414689,-39.11010959045388],[-71.41424187004621,-39.11004242525993],[-71.41454500127955,-39.110862184635025],[-71.41498647078853,-39.11161107085438],[-71.41521839381116,-39.112014635915486],[-71.41572617787767,-39.112379331569],[-71.41636822247145,-39.11316497063487],[-71.41718302950152,-39.11388893148832],[-71.41775640105742,-39.11464744025325],[-71.41804557783392,-39.11508258737138],[-71.41818735771642,-39.115288953520576],[-71.41819261217744,-39.115351597199634],[-71.41827478106667,-39.115830416450656],[-71.41803416296558,-39.11646861571539],[-71.41800508222786,-39.11651317569716],[-71.41754033367178,-39.11719490751598],[-71.41751714152542,-39.11722608506654],[-71.41660875108899,-39.11810683769136],[-71.41591026641191,-39.11859075963654],[-71.41545955735874,-39.118950616612956],[-71.41543065760327,-39.11898177388726],[-71.41524511930615,-39.11919994664586],[-71.41508875248367,-39.11937349991604],[-71.4149993352726,-39.11977101974891],[-71.41512888603728,-39.12007573535384],[-71.41594442062274,-39.12071021411648],[-71.41614391013981,-39.120876646160646],[-71.41652014960559,-39.12119602044752],[-71.41807175955444,-39.12236177324788],[-71.41900397251695,-39.122782297886836],[-71.41972881399184,-39.12398860091958],[-71.4197837138117,-39.124288456928724],[-71.41994324937944,-39.12513429843393],[-71.41988164564785,-39.12564816822282],[-71.41976260546612,-39.12616178992633],[-71.41942595889466,-39.1266161181971],[-71.41905570165936,-39.12696308860666],[-71.41900370073509,-39.127007551861546],[-71.41827541522561,-39.12761640353037],[-71.41803651841462,-39.12803999465354],[-71.41774706984805,-39.12903563232411],[-71.4177293133713,-39.12910260881191],[-71.41745200420014,-39.13000884370441],[-71.41692900269062,-39.130779792864246],[-71.41685344689283,-39.13089119173607],[-71.41600231064382,-39.13176769958308],[-71.41575915437397,-39.13201239768305],[-71.41542621845566,-39.132708253569284],[-71.41541371636622,-39.13283340155612],[-71.41533852263075,-39.133588627377776],[-71.41533906619995,-39.13422350736608],[-71.41506320471134,-39.134950977878944],[-71.41480337832834,-39.13513299574409],[-71.41454925924782,-39.13531050450747],[-71.41418533867034,-39.13558593519698],[-71.41348485620799,-39.13628436950037],[-71.41306250050255,-39.136675678759566],[-71.41254800861911,-39.13710236973317],[-71.41218299887784,-39.137493979684145],[-71.41175910152282,-39.13807304735538],[-71.41142552774713,-39.13882700381939],[-71.41137225738183,-39.139027968844644],[-71.4113368343965,-39.13914403460025],[-71.41121833497267,-39.13958610806662],[-71.41134824947653,-39.13984155026152],[-71.41157972185552,-39.140312245077574],[-71.41199872725262,-39.141011806821794],[-71.41257736158305,-39.141859767013905],[-71.41327503734784,-39.14288717846908],[-71.41393928212982,-39.14379822585316],[-71.41472809387072,-39.14491547726168],[-71.41521785024176,-39.145405261215785],[-71.41597078368514,-39.14600816746977],[-71.41745725867187,-39.14679363633918],[-71.4177015915232,-39.14709887379082],[-71.4180316263281,-39.147462705459645],[-71.4183054924769,-39.147678683032424],[-71.41867004305828,-39.14803822030967],[-71.41896963740781,-39.148611962352405],[-71.41960932079063,-39.149035492985384],[-71.42003393367693,-39.14906886569586],[-71.4206066665452,-39.149250567952954],[-71.42072498170003,-39.14952385374912],[-71.42088179904681,-39.15000758321855],[-71.42100663683962,-39.15019150640802],[-71.42105202415416,-39.15026325325199],[-71.42112576720392,-39.15037096145935],[-71.42118320342631,-39.15107319268875],[-71.42105990578304,-39.15139898101553],[-71.42105401720976,-39.15141680386556],[-71.42087944361633,-39.15170208999657],[-71.42027246679005,-39.15219095178682],[-71.42020316265459,-39.15224420418483],[-71.42009381610262,-39.15227054048502],[-71.41999017692085,-39.15230126750129],[-71.41988644711554,-39.15234103010326],[-71.41978851528071,-39.15238527502663],[-71.41969040223171,-39.15243838719173],[-71.41960379456884,-39.15249607734104],[-71.41951718688517,-39.15255829262407],[-71.41943039799303,-39.15263382369329],[-71.41934940708737,-39.152704939861344],[-71.41927992158666,-39.152785082615736],[-71.41920454746909,-39.152869701623544],[-71.41914638618007,-39.15295884092927],[-71.41908822488169,-39.15304798003646],[-71.41906322095616,-39.153289225207224],[-71.41905053780485,-39.15344122579708],[-71.4190441056351,-39.15352169791673],[-71.41903640515001,-39.15376310484094],[-71.41903441208326,-39.154000004691426],[-71.41905660759875,-39.15409400837706],[-71.41908460112448,-39.15418359740666],[-71.41912410007622,-39.15427323931638],[-71.41916350842969,-39.154362866199605],[-71.41920880538241,-39.15444356820054],[-71.41925980974435,-39.15452428914428],[-71.41931670270084,-39.15459608523688],[-71.41937930306138,-39.154667976977464],[-71.419447610823,-39.15473981096419],[-71.41952171657627,-39.154802781904934],[-71.41959591290812,-39.15486131922798],[-71.41967590722682,-39.15491091682438],[-71.41972691152269,-39.154987112024614],[-71.41978942121825,-39.155067961910504],[-71.4199684344314,-39.15564557766777],[-71.41986225858896,-39.1559937899429],[-71.41981524043716,-39.156127708593196],[-71.41921469398584,-39.15652262791406],[-71.41875973114185,-39.156676906003526],[-71.4180901501736,-39.157098336003855],[-71.41802426042149,-39.157143688488944]]]},"id":"41,809","properties":{"area_m2":1.5174452299597172E7,"cell_size_m":7000,"grid_id":"41,809"}},{"type":"Feature","geometry":{"type":"Polygon","coordinates":[[[-71.3825353414689,-39.11010959045388],[-71.38414504520892,-39.15784211859662],[-71.3031926253246,-39.159470974027506],[-71.30158883308441,-39.11024211158353],[-71.3825353414689,-39.11010959045388]]]},"id":"42,809","properties":{"area_m2":3.765181619961558E7,"cell_size_m":7000,"grid_id":"42,809"}},{"type":"Feature","geometry":{"type":"Polygon","coordinates":[[[-71.30158883308441,-39.11024211158353],[-71.3031926253246,-39.159470974027506],[-71.22223375905531,-39.16104364816809],[-71.22063931726515,-39.11031865844943],[-71.30158883308441,-39.11024211158353]]]},"id":"43,809","properties":{"area_m2":3.881429376319472E7,"cell_size_m":7000,"grid_id":"43,809"}},{"type":"Feature","geometry":{"type":"Polygon","coordinates":[[[-71.22063931726515,-39.11031865844943],[-71.22223375905531,-39.16104364816809],[-71.14126867213781,-39.16256012786176],[-71.13968701945122,-39.110339225044946],[-71.22063931726515,-39.11031865844943]]]},"id":"44,809","properties":{"area_m2":3.9976618437630944E7,"cell_size_m":7000,"grid_id":"44,809"}},{"type":"Feature","geometry":{"type":"Polygon","coordinates":[[[-71.13968701945122,-39.110339225044946],[-71.14126867213781,-39.16256012786176],[-71.06029759041816,-39.16402040042011],[-71.05873216512626,-39.11030380583185],[-71.13968701945122,-39.110339225044946]]]},"id":"45,809","properties":{"area_m2":4.113878324438372E7,"cell_size_m":7000,"grid_id":"45,809"}},{"type":"Feature","geometry":{"type":"Polygon","coordinates":[[[-71.05873216512626,-39.11030380583185],[-71.06029759041816,-39.16402040042011],[-70.98032766122147,-39.16540733909506],[-70.9792978781785,-39.164608502531856],[-70.97777497981362,-39.110212395740504],[-71.05873216512626,-39.11030380583185]]]},"id":"46,809","properties":{"area_m2":4.2296841246921726E7,"cell_size_m":7000,"grid_id":"46,809"}},{"type":"Feature","geometry":{"type":"Polygon","coordinates":[[[-70.97777497981362,-39.110212395740504],[-70.9792978781785,-39.164608502531856],[-70.96475856714359,-39.15332697674212],[-70.95465280310856,-39.110176008669036],[-70.97777497981362,-39.110212395740504]]]},"id":"47,809","properties":{"area_m2":8493405.0909508,"cell_size_m":7000,"grid_id":"47,809"}}]}